{
  "0": {
    "BLEU_1": 1.180916381262079e-16,
    "BLEU_2": 1.3636047811673833e-16,
    "ROUGE_L": 0.0,
    "CIDEr": 0.0,
    "METEOR": 0.0,
    "SPICE": 0.0,
    "BLEU_4": 2.1341568158302036e-16
  },
  "1": {
    "BLEU_1": 0.1410802874347424,
    "BLEU_2": 4.887164515586444e-09,
    "ROUGE_L": 0.13926940639269406,
    "CIDEr": 0.0,
    "METEOR": 0.12000000000000002,
    "SPICE": 0.06451612903225806,
    "BLEU_4": 1.0928032073484179e-12
  },
  "2": {
    "BLEU_1": 0.13406400915350244,
    "BLEU_2": 4.7398784991563485e-09,
    "ROUGE_L": 0.1476997578692494,
    "CIDEr": 0.0,
    "METEOR": 0.0718562874251497,
    "SPICE": 0.06451612903225806,
    "BLEU_4": 1.138903415829333e-12
  },
  "3": {
    "BLEU_1": 0.2681280183070047,
    "BLEU_2": 6.703200457507537e-09,
    "ROUGE_L": 0.1476997578692494,
    "CIDEr": 0.0,
    "METEOR": 0.20512820512820518,
    "SPICE": 0.06451612903225806,
    "BLEU_4": 1.3543920454051452e-12
  },
  "4": {
    "BLEU_1": 0.1410802874347424,
    "BLEU_2": 4.887164515586444e-09,
    "ROUGE_L": 0.13926940639269406,
    "CIDEr": 0.0,
    "METEOR": 0.0712166172106825,
    "SPICE": 0.06451612903225806,
    "BLEU_4": 1.0928032073484179e-12
  },
  "5": {
    "BLEU_1": 0.1410802874347424,
    "BLEU_2": 4.887164515586444e-09,
    "ROUGE_L": 0.13926940639269406,
    "CIDEr": 0.0,
    "METEOR": 0.09667673716012085,
    "SPICE": 0.0625,
    "BLEU_4": 1.0928032073484179e-12
  },
  "6": {
    "BLEU_1": 0.1410802874347424,
    "BLEU_2": 4.887164515586444e-09,
    "ROUGE_L": 0.13926940639269406,
    "CIDEr": 0.0,
    "METEOR": 0.09667673716012085,
    "SPICE": 0.0,
    "BLEU_4": 1.0928032073484179e-12
  },
  "7": {
    "BLEU_1": 0.11809163812620803,
    "BLEU_2": 4.31209693678441e-09,
    "ROUGE_L": 0.15721649484536082,
    "CIDEr": 0.0,
    "METEOR": 0.10031347962382448,
    "SPICE": 0.06666666666666668,
    "BLEU_4": 1.2001245719779727e-12
  },
  "8": {
    "BLEU_1": 0.3749999999062502,
    "BLEU_2": 7.319250545218839e-09,
    "ROUGE_L": 0.25,
    "CIDEr": 0.0,
    "METEOR": 0.09169054441260746,
    "SPICE": 0.060606060606060615,
    "BLEU_4": 1.1559871144628244e-12
  },
  "9": {
    "BLEU_1": 0.2857142856326532,
    "BLEU_2": 6.900655591369778e-09,
    "ROUGE_L": 0.13174946004319654,
    "CIDEr": 0.0,
    "METEOR": 0.09248554913294799,
    "SPICE": 0.0625,
    "BLEU_4": 1.2421889947162098e-12
  }
}