{
  "0": {
    "BLEU_1": 0.355883290106163,
    "BLEU_2": 5.968344215460995e-09,
    "ROUGE_L": 0.1856925418569254,
    "CIDEr": 0.0,
    "METEOR": 0.1095890410958904,
    "SPICE": 0.11764705882352941,
    "BLEU_4": 8.587359927651722e-13
  },
  "1": {
    "BLEU_1": 0.19999999998666673,
    "BLEU_2": 0.11952286092518667,
    "ROUGE_L": 0.15117719950433703,
    "CIDEr": 0.0,
    "METEOR": 0.17683153569741936,
    "SPICE": 0.15,
    "BLEU_4": 3.0934588292006376e-09
  },
  "2": {
    "BLEU_1": 0.1333333333244445,
    "BLEU_2": 0.09759000728811504,
    "ROUGE_L": 0.15117719950433703,
    "CIDEr": 0.0,
    "METEOR": 0.17683153569741936,
    "SPICE": 0.15,
    "BLEU_4": 2.7952555961502613e-09
  },
  "3": {
    "BLEU_1": 0.14285714284693884,
    "BLEU_2": 0.10482848366441617,
    "ROUGE_L": 0.15601023017902813,
    "CIDEr": 0.0,
    "METEOR": 0.1797251426451953,
    "SPICE": 0.15384615384615383,
    "BLEU_4": 3.020620524999948e-09
  },
  "4": {
    "BLEU_1": 0.27272727267768604,
    "BLEU_2": 0.1651445647381773,
    "ROUGE_L": 0.17256011315417258,
    "CIDEr": 0.0,
    "METEOR": 0.15705536242182308,
    "SPICE": 0.18181818181818182,
    "BLEU_4": 4.4116293584506874e-09
  },
  "5": {
    "BLEU_1": 0.17647058822491354,
    "BLEU_2": 0.10502100629573005,
    "ROUGE_L": 0.1423570595099183,
    "CIDEr": 0.0,
    "METEOR": 0.14207128190808022,
    "SPICE": 0.14285714285714282,
    "BLEU_4": 2.69205088078134e-09
  },
  "6": {
    "BLEU_1": 0.24999999998958336,
    "BLEU_2": 3.2969023668385782e-09,
    "ROUGE_L": 0.17732558139534885,
    "CIDEr": 0.0,
    "METEOR": 0.1831553884838913,
    "SPICE": 0.16666666666666666,
    "BLEU_4": 3.916449664827752e-13
  },
  "7": {
    "BLEU_1": 0.27272727271487607,
    "BLEU_2": 3.603749850614529e-09,
    "ROUGE_L": 0.18635437881873726,
    "CIDEr": 0.0,
    "METEOR": 0.1859211577730776,
    "SPICE": 0.1818181818181818,
    "BLEU_4": 4.299633317430035e-13
  },
  "8": {
    "BLEU_1": 0.27272727271487607,
    "BLEU_2": 3.603749850614529e-09,
    "ROUGE_L": 0.18635437881873726,
    "CIDEr": 0.0,
    "METEOR": 0.18686173698609485,
    "SPICE": 0.17391304347826086,
    "BLEU_4": 4.299633317430035e-13
  },
  "9": {
    "BLEU_1": 0.19047619046712022,
    "BLEU_2": 3.0860669990912095e-09,
    "ROUGE_L": 0.13246471226927253,
    "CIDEr": 0.0,
    "METEOR": 0.2120663149095609,
    "SPICE": 0.1818181818181818,
    "BLEU_4": 4.085038450534026e-13
  }
}