{
  "0": {
    "BLEU_1": 0.4444444443456792,
    "BLEU_2": 0.23570226034150096,
    "ROUGE_L": 0.2946859903381642,
    "CIDEr": 0.0,
    "METEOR": 0.1942410748703757,
    "SPICE": 0.23076923076923078,
    "BLEU_4": 6.030725358915047e-09
  },
  "1": {
    "BLEU_1": 0.33333333330555565,
    "BLEU_2": 5.504818825152218e-09,
    "ROUGE_L": 0.18484848484848485,
    "CIDEr": 0.0,
    "METEOR": 0.16484695559812126,
    "SPICE": 0.20689655172413793,
    "BLEU_4": 7.61747236997849e-13
  },
  "2": {
    "BLEU_1": 0.23076923075147937,
    "BLEU_2": 4.385290096183762e-09,
    "ROUGE_L": 0.1781021897810219,
    "CIDEr": 0.0,
    "METEOR": 0.12683681361175558,
    "SPICE": 0.06896551724137931,
    "BLEU_4": 6.466227686450042e-13
  },
  "3": {
    "BLEU_1": 0.357142857117347,
    "BLEU_2": 5.241424183220805e-09,
    "ROUGE_L": 0.2577464788732394,
    "CIDEr": 0.0,
    "METEOR": 0.17832817337461304,
    "SPICE": 0.13333333333333333,
    "BLEU_4": 6.754312828130983e-13
  },
  "4": {
    "BLEU_1": 0.4374999999726563,
    "BLEU_2": 5.400617248324428e-09,
    "ROUGE_L": 0.24078947368421053,
    "CIDEr": 0.0,
    "METEOR": 0.2290748898678414,
    "SPICE": 0.1875,
    "BLEU_4": 6.32708767488779e-13
  },
  "5": {
    "BLEU_1": 0.4999999999642858,
    "BLEU_2": 6.201736729000405e-09,
    "ROUGE_L": 0.2577464788732394,
    "CIDEr": 0.0,
    "METEOR": 0.23853211009174313,
    "SPICE": 0.1935483870967742,
    "BLEU_4": 7.34705312538535e-13
  },
  "6": {
    "BLEU_1": 0.4166666666319445,
    "BLEU_2": 6.154574548430443e-09,
    "ROUGE_L": 0.2074829931972789,
    "CIDEr": 0.0,
    "METEOR": 0.2146905259595542,
    "SPICE": 0.14285714285714285,
    "BLEU_4": 8.054496384067745e-13
  },
  "7": {
    "BLEU_1": 0.38461538458579886,
    "BLEU_2": 5.661385170269343e-09,
    "ROUGE_L": 0.2538141470180305,
    "CIDEr": 0.0,
    "METEOR": 0.20021609508183602,
    "SPICE": 0.13793103448275862,
    "BLEU_4": 7.347053125332871e-13
  },
  "8": {
    "BLEU_1": 0.3157894736675901,
    "BLEU_2": 0.18731716230620618,
    "ROUGE_L": 0.21916167664670658,
    "CIDEr": 0.0,
    "METEOR": 0.1936136911915059,
    "SPICE": 0.22857142857142856,
    "BLEU_4": 3.3701292644797776e-09
  },
  "9": {
    "BLEU_1": 0.42857142854081637,
    "BLEU_2": 0.2567762954875012,
    "ROUGE_L": 0.34366197183098596,
    "CIDEr": 0.0,
    "METEOR": 0.26100295248772676,
    "SPICE": 0.27586206896551724,
    "BLEU_4": 4.727526605930294e-09
  }
}