{
  "0": {
    "BLEU_1": 0.32206169694024794,
    "BLEU_2": 6.3511423138542446e-09,
    "ROUGE_L": 0.24448897795591182,
    "CIDEr": 0.0,
    "METEOR": 0.20402234975202768,
    "SPICE": 0.0,
    "BLEU_4": 1.0330619227359553e-12
  },
  "1": {
    "BLEU_1": 0.22062422559099293,
    "BLEU_2": 5.273927726724911e-09,
    "ROUGE_L": 0.232824427480916,
    "CIDEr": 0.0,
    "METEOR": 0.15774647887323945,
    "SPICE": 0.0,
    "BLEU_4": 9.218141453123176e-13
  },
  "2": {
    "BLEU_1": 0.33093633838648934,
    "BLEU_2": 6.459215935396237e-09,
    "ROUGE_L": 0.232824427480916,
    "CIDEr": 0.0,
    "METEOR": 0.11573236889692587,
    "SPICE": 0.06896551724137932,
    "BLEU_4": 1.0201550479411466e-12
  },
  "3": {
    "BLEU_1": 0.3333333332592594,
    "BLEU_2": 6.454972242199766e-09,
    "ROUGE_L": 0.2573839662447257,
    "CIDEr": 0.0,
    "METEOR": 0.11387900355871888,
    "SPICE": 0.0,
    "BLEU_4": 9.980099401403394e-13
  },
  "4": {
    "BLEU_1": 0.3076923076449706,
    "BLEU_2": 5.063696834623075e-09,
    "ROUGE_L": 0.22564734895191124,
    "CIDEr": 0.0,
    "METEOR": 0.16494845360824745,
    "SPICE": 0.11764705882352941,
    "BLEU_4": 6.94841384364963e-13
  },
  "5": {
    "BLEU_1": 0.24999999997916675,
    "BLEU_2": 4.767312945812628e-09,
    "ROUGE_L": 0.232824427480916,
    "CIDEr": 0.0,
    "METEOR": 0.10977701543739281,
    "SPICE": 0.12121212121212122,
    "BLEU_4": 7.08885680157797e-13
  },
  "6": {
    "BLEU_1": 0.24999999997916675,
    "BLEU_2": 4.767312945812628e-09,
    "ROUGE_L": 0.232824427480916,
    "CIDEr": 0.0,
    "METEOR": 0.10977701543739281,
    "SPICE": 0.12121212121212122,
    "BLEU_4": 7.08885680157797e-13
  },
  "7": {
    "BLEU_1": 0.38461538455621314,
    "BLEU_2": 0.17902871848174168,
    "ROUGE_L": 0.22564734895191124,
    "CIDEr": 0.0,
    "METEOR": 0.12483619847412152,
    "SPICE": 0.1764705882352941,
    "BLEU_4": 4.131551590425773e-09
  },
  "8": {
    "BLEU_1": 0.36363636357024803,
    "BLEU_2": 6.030226890431458e-09,
    "ROUGE_L": 0.28818897637795277,
    "CIDEr": 0.0,
    "METEOR": 0.14649549999317973,
    "SPICE": 0.0,
    "BLEU_4": 8.430118944817767e-13
  },
  "9": {
    "BLEU_1": 0.18181818178512404,
    "BLEU_2": 4.2640143263175525e-09,
    "ROUGE_L": 0.1018363939899833,
    "CIDEr": 0.0,
    "METEOR": 0.14893617021276595,
    "SPICE": 0.0625,
    "BLEU_4": 7.088856800859686e-13
  }
}