{
  "0": {
    "BLEU_1": 0.22222222217283966,
    "BLEU_2": 5.270462765739487e-09,
    "ROUGE_L": 0.1111111111111111,
    "CIDEr": 0.0,
    "METEOR": 0.09696969696969698,
    "SPICE": 0.06060606060606061,
    "BLEU_4": 9.018037815333522e-13
  },
  "1": {
    "BLEU_1": 0.1999999999800001,
    "BLEU_2": 4.714045207412725e-09,
    "ROUGE_L": 0.16991643454039,
    "CIDEr": 0.0,
    "METEOR": 0.08465608465608465,
    "SPICE": 0.05714285714285714,
    "BLEU_4": 7.93688092513584e-13
  },
  "2": {
    "BLEU_1": 0.4545454545041323,
    "BLEU_2": 0.21320071633525958,
    "ROUGE_L": 0.3055091819699499,
    "CIDEr": 0.0,
    "METEOR": 0.21786306192113508,
    "SPICE": 0.1875,
    "BLEU_4": 5.01257871520395e-09
  },
  "3": {
    "BLEU_1": 0.4545454545041323,
    "BLEU_2": 0.21320071633525958,
    "ROUGE_L": 0.34512022630834516,
    "CIDEr": 0.0,
    "METEOR": 0.1386138613861386,
    "SPICE": 0.1875,
    "BLEU_4": 5.01257871520395e-09
  },
  "4": {
    "BLEU_1": 0.35714285709183685,
    "BLEU_2": 0.16574838600881542,
    "ROUGE_L": 0.31202046035805625,
    "CIDEr": 0.0,
    "METEOR": 0.1308411214953271,
    "SPICE": 0.12903225806451613,
    "BLEU_4": 3.798229226250051e-09
  },
  "5": {
    "BLEU_1": 0.4999999999500001,
    "BLEU_2": 7.453559924212536e-09,
    "ROUGE_L": 0.31881533101045295,
    "CIDEr": 0.0,
    "METEOR": 0.1375921375921376,
    "SPICE": 0.13793103448275865,
    "BLEU_4": 9.98009940267863e-13
  },
  "6": {
    "BLEU_1": 0.3999999999600001,
    "BLEU_2": 6.666666665962964e-09,
    "ROUGE_L": 0.25487465181058494,
    "CIDEr": 0.0,
    "METEOR": 0.14177215189873418,
    "SPICE": 0.13333333333333333,
    "BLEU_4": 9.43859526710092e-13
  },
  "7": {
    "BLEU_1": 0.3833518393649928,
    "BLEU_2": 0.17906340131213663,
    "ROUGE_L": 0.2932692307692307,
    "CIDEr": 0.0,
    "METEOR": 0.13365155131264914,
    "SPICE": 0.125,
    "BLEU_4": 4.167227246945333e-09
  },
  "8": {
    "BLEU_1": 0.4999999999500001,
    "BLEU_2": 0.23570226037063632,
    "ROUGE_L": 0.31881533101045295,
    "CIDEr": 0.0,
    "METEOR": 0.1396508728179551,
    "SPICE": 0.12903225806451613,
    "BLEU_4": 5.612222323633712e-09
  },
  "9": {
    "BLEU_1": 0.3999999999600001,
    "BLEU_2": 6.666666665962964e-09,
    "ROUGE_L": 0.3577712609970674,
    "CIDEr": 0.0,
    "METEOR": 0.1396508728179551,
    "SPICE": 0.0625,
    "BLEU_4": 9.43859526710092e-13
  }
}