{
  "0": {
    "BLEU_1": 0.23884377011164867,
    "BLEU_2": 5.85045365006396e-09,
    "ROUGE_L": 0.2573839662447257,
    "CIDEr": 0.0,
    "METEOR": 0.11296753526943903,
    "SPICE": 0.09090909090909091,
    "BLEU_4": 1.1000617045598687e-12
  },
  "1": {
    "BLEU_1": 0.22222222217283966,
    "BLEU_2": 5.270462765739487e-09,
    "ROUGE_L": 0.19645732689210954,
    "CIDEr": 0.0,
    "METEOR": 0.13929384284083493,
    "SPICE": 0.0,
    "BLEU_4": 9.018037815333522e-13
  },
  "2": {
    "BLEU_1": 0.24999999993750016,
    "BLEU_2": 5.976143045124577e-09,
    "ROUGE_L": 0.20469798657718125,
    "CIDEr": 0.0,
    "METEOR": 0.1421430350807611,
    "SPICE": 0.0,
    "BLEU_4": 1.0445522727757714e-12
  },
  "3": {
    "BLEU_1": 0.22222222217283966,
    "BLEU_2": 5.270462765739487e-09,
    "ROUGE_L": 0.10427350427350426,
    "CIDEr": 0.0,
    "METEOR": 0.09494505494505495,
    "SPICE": 0.07142857142857142,
    "BLEU_4": 9.018037815333522e-13
  },
  "4": {
    "BLEU_1": 0.24767939985785795,
    "BLEU_2": 5.982025825945981e-09,
    "ROUGE_L": 0.11401869158878504,
    "CIDEr": 0.0,
    "METEOR": 0.09885583524027462,
    "SPICE": 0.08,
    "BLEU_4": 1.0768261868323776e-12
  },
  "5": {
    "BLEU_1": 0.33333333330555565,
    "BLEU_2": 5.504818825152218e-09,
    "ROUGE_L": 0.2629310344827586,
    "CIDEr": 0.0,
    "METEOR": 0.17341899728922355,
    "SPICE": 0.19999999999999998,
    "BLEU_4": 7.61747236997849e-13
  },
  "6": {
    "BLEU_1": 0.24999999997916675,
    "BLEU_2": 4.767312945812628e-09,
    "ROUGE_L": 0.18484848484848485,
    "CIDEr": 0.0,
    "METEOR": 0.10480349344978167,
    "SPICE": 0.21428571428571427,
    "BLEU_4": 7.08885680157797e-13
  },
  "7": {
    "BLEU_1": 0.4999999999000002,
    "BLEU_2": 7.453559923467182e-09,
    "ROUGE_L": 0.21254355400696867,
    "CIDEr": 0.0,
    "METEOR": 0.17341899728922355,
    "SPICE": 0.27586206896551724,
    "BLEU_4": 9.98009940168062e-13
  },
  "8": {
    "BLEU_1": 0.4953587997157158,
    "BLEU_2": 8.459862053518921e-09,
    "ROUGE_L": 0.22803738317757008,
    "CIDEr": 0.0,
    "METEOR": 0.13176470588235295,
    "SPICE": 0.08695652173913043,
    "BLEU_4": 1.2805693630023128e-12
  },
  "9": {
    "BLEU_1": 0.555555555432099,
    "BLEU_2": 0.26352313828697443,
    "ROUGE_L": 0.31282051282051276,
    "CIDEr": 0.0,
    "METEOR": 0.20554063823748683,
    "SPICE": 0.16666666666666666,
    "BLEU_4": 6.376715692219053e-09
  }
}