{
  "0": {
    "BLEU_1": 0.4232408623042269,
    "BLEU_2": 8.464817245943457e-09,
    "ROUGE_L": 0.2785388127853881,
    "CIDEr": 0.0,
    "METEOR": 0.18159057307772097,
    "SPICE": 0.06666666666666667,
    "BLEU_4": 1.438209902462387e-12
  },
  "1": {
    "BLEU_1": 0.2857142856326532,
    "BLEU_2": 6.900655591369778e-09,
    "ROUGE_L": 0.2634989200863931,
    "CIDEr": 0.0,
    "METEOR": 0.21165539654735016,
    "SPICE": 0.125,
    "BLEU_4": 1.2421889947162098e-12
  },
  "2": {
    "BLEU_1": 0.22222222217283966,
    "BLEU_2": 5.270462765739487e-09,
    "ROUGE_L": 0.2378167641325536,
    "CIDEr": 0.0,
    "METEOR": 0.16595119357820434,
    "SPICE": 0.11764705882352941,
    "BLEU_4": 9.018037815333522e-13
  },
  "3": {
    "BLEU_1": 0.3749999999531251,
    "BLEU_2": 7.3192505461337434e-09,
    "ROUGE_L": 0.25,
    "CIDEr": 0.0,
    "METEOR": 0.17341899728922355,
    "SPICE": 0.06060606060606061,
    "BLEU_4": 1.1559871146073225e-12
  },
  "4": {
    "BLEU_1": 0.2499999999687501,
    "BLEU_2": 5.976143045871594e-09,
    "ROUGE_L": 0.125,
    "CIDEr": 0.0,
    "METEOR": 0.17163117257490165,
    "SPICE": 0.11764705882352941,
    "BLEU_4": 1.0445522729063402e-12
  },
  "5": {
    "BLEU_1": 0.2499999999687501,
    "BLEU_2": 5.976143045871594e-09,
    "ROUGE_L": 0.125,
    "CIDEr": 0.0,
    "METEOR": 0.08000000000000002,
    "SPICE": 0.05714285714285715,
    "BLEU_4": 1.0445522729063402e-12
  },
  "6": {
    "BLEU_1": 0.2857142856326532,
    "BLEU_2": 6.900655591369778e-09,
    "ROUGE_L": 0.11401869158878504,
    "CIDEr": 0.0,
    "METEOR": 0.1232695901993098,
    "SPICE": 0.12121212121212122,
    "BLEU_4": 1.2421889947162098e-12
  },
  "7": {
    "BLEU_1": 0.27272727267768604,
    "BLEU_2": 5.222329677697684e-09,
    "ROUGE_L": 0.108348134991119,
    "CIDEr": 0.0,
    "METEOR": 0.13114754098360656,
    "SPICE": 0.10810810810810811,
    "BLEU_4": 7.845109652856079e-13
  },
  "8": {
    "BLEU_1": 0.3333333332592594,
    "BLEU_2": 0.20412414518515326,
    "ROUGE_L": 0.31282051282051276,
    "CIDEr": 0.0,
    "METEOR": 0.16960293133420395,
    "SPICE": 0.16666666666666666,
    "BLEU_4": 5.612222322916596e-09
  },
  "9": {
    "BLEU_1": 0.36363636357024803,
    "BLEU_2": 0.19069251781358043,
    "ROUGE_L": 0.32317880794701986,
    "CIDEr": 0.0,
    "METEOR": 0.16245339324517427,
    "SPICE": 0.2702702702702703,
    "BLEU_4": 4.740604258941092e-09
  }
}