{
  "0": {
    "BLEU_1": 6.295853423721496e-17,
    "BLEU_2": 7.710814191093513e-17,
    "ROUGE_L": 0.0,
    "CIDEr": 0.0,
    "METEOR": 0.0,
    "SPICE": 0.0,
    "BLEU_4": 2.1460411762736674e-14
  },
  "1": {
    "BLEU_1": 0.35826565516747294,
    "BLEU_2": 0.2265870955445612,
    "ROUGE_L": 0.2785388127853881,
    "CIDEr": 0.0,
    "METEOR": 0.23516044899560642,
    "SPICE": 0.125,
    "BLEU_4": 6.846046757997816e-09
  },
  "2": {
    "BLEU_1": 0.3715190997867868,
    "BLEU_2": 0.23168286400471463,
    "ROUGE_L": 0.2634989200863931,
    "CIDEr": 0.0,
    "METEOR": 0.20768742190326173,
    "SPICE": 0.12121212121212122,
    "BLEU_4": 6.701444468735928e-09
  },
  "3": {
    "BLEU_1": 0.3749999999062502,
    "BLEU_2": 0.23145502488320774,
    "ROUGE_L": 0.25,
    "CIDEr": 0.0,
    "METEOR": 0.20223789771338024,
    "SPICE": 0.058823529411764705,
    "BLEU_4": 6.500593258499926e-09
  },
  "4": {
    "BLEU_1": 0.4444444443456792,
    "BLEU_2": 0.23570226034150096,
    "ROUGE_L": 0.2378167641325536,
    "CIDEr": 0.0,
    "METEOR": 0.19706704237411765,
    "SPICE": 0.05714285714285715,
    "BLEU_4": 6.030725358915047e-09
  },
  "5": {
    "BLEU_1": 0.3749999999062502,
    "BLEU_2": 7.319250545218839e-09,
    "ROUGE_L": 0.25,
    "CIDEr": 0.0,
    "METEOR": 0.17190221305637318,
    "SPICE": 0.058823529411764705,
    "BLEU_4": 1.1559871144628244e-12
  },
  "6": {
    "BLEU_1": 0.3749999999062502,
    "BLEU_2": 7.319250545218839e-09,
    "ROUGE_L": 0.25,
    "CIDEr": 0.0,
    "METEOR": 0.18658892128279886,
    "SPICE": 0.11764705882352941,
    "BLEU_4": 1.1559871144628244e-12
  },
  "7": {
    "BLEU_1": 0.4444444443456792,
    "BLEU_2": 7.453559923291195e-09,
    "ROUGE_L": 0.2378167641325536,
    "CIDEr": 0.0,
    "METEOR": 0.18181818181818182,
    "SPICE": 0.05714285714285715,
    "BLEU_4": 1.0724314733358218e-12
  },
  "8": {
    "BLEU_1": 0.3333333332592594,
    "BLEU_2": 6.454972242199766e-09,
    "ROUGE_L": 0.20854700854700853,
    "CIDEr": 0.0,
    "METEOR": 0.11363636363636365,
    "SPICE": 0.0,
    "BLEU_4": 9.980099401403394e-13
  },
  "9": {
    "BLEU_1": 0.24767939985785795,
    "BLEU_2": 5.982025825945981e-09,
    "ROUGE_L": 0.2136602451838879,
    "CIDEr": 0.0,
    "METEOR": 0.10165233304321321,
    "SPICE": 0.0,
    "BLEU_4": 1.0768261868323776e-12
  }
}