{
  "0": {
    "BLEU_1": 0.3333333332592594,
    "BLEU_2": 0.20412414518515326,
    "ROUGE_L": 0.2785388127853881,
    "CIDEr": 0.0,
    "METEOR": 0.15553645176010328,
    "SPICE": 0.13333333333333333,
    "BLEU_4": 5.612222322916596e-09
  },
  "1": {
    "BLEU_1": 0.33093633838648934,
    "BLEU_2": 0.2042583425470713,
    "ROUGE_L": 0.28955696202531644,
    "CIDEr": 0.0,
    "METEOR": 0.1582920188188453,
    "SPICE": 0.13793103448275862,
    "BLEU_4": 5.736753415588487e-09
  },
  "2": {
    "BLEU_1": 0.1111111110864199,
    "BLEU_2": 3.726779961645599e-09,
    "ROUGE_L": 0.1111111111111111,
    "CIDEr": 0.0,
    "METEOR": 0.08366890800019197,
    "SPICE": 0.07142857142857142,
    "BLEU_4": 7.583235671536399e-13
  },
  "3": {
    "BLEU_1": 0.11031211279549655,
    "BLEU_2": 3.729230059054939e-09,
    "ROUGE_L": 0.116412213740458,
    "CIDEr": 0.0,
    "METEOR": 0.14514041238047046,
    "SPICE": 0.07407407407407407,
    "BLEU_4": 7.751502103232947e-13
  },
  "4": {
    "BLEU_1": 0.3999999999600001,
    "BLEU_2": 6.666666665962964e-09,
    "ROUGE_L": 0.16991643454039,
    "CIDEr": 0.0,
    "METEOR": 0.21272493593809638,
    "SPICE": 0.06896551724137931,
    "BLEU_4": 9.43859526710092e-13
  },
  "5": {
    "BLEU_1": 0.3999999999600001,
    "BLEU_2": 6.666666665962964e-09,
    "ROUGE_L": 0.16991643454039,
    "CIDEr": 0.0,
    "METEOR": 0.21272493593809638,
    "SPICE": 0.06896551724137931,
    "BLEU_4": 9.43859526710092e-13
  },
  "6": {
    "BLEU_1": 0.3999999999600001,
    "BLEU_2": 6.666666665962964e-09,
    "ROUGE_L": 0.16991643454039,
    "CIDEr": 0.0,
    "METEOR": 0.21272493593809638,
    "SPICE": 0.06896551724137931,
    "BLEU_4": 9.43859526710092e-13
  },
  "7": {
    "BLEU_1": 0.2999999999700001,
    "BLEU_2": 5.773502691286834e-09,
    "ROUGE_L": 0.16991643454039,
    "CIDEr": 0.0,
    "METEOR": 0.17311528626069603,
    "SPICE": 0.06896551724137931,
    "BLEU_4": 8.783602618662196e-13
  },
  "8": {
    "BLEU_1": 0.4150457800528383,
    "BLEU_2": 6.156123772178614e-09,
    "ROUGE_L": 0.24629878869448185,
    "CIDEr": 0.0,
    "METEOR": 0.23544996072739532,
    "SPICE": 0.2,
    "BLEU_4": 8.139165680751944e-13
  },
  "9": {
    "BLEU_1": 0.4999999999166667,
    "BLEU_2": 0.3692744728750537,
    "ROUGE_L": 0.39713541666666663,
    "CIDEr": 0.0,
    "METEOR": 0.3072583436000935,
    "SPICE": 0.26666666666666666,
    "BLEU_4": 6.238986070996532e-09
  }
}