{
  "0": {
    "BLEU_1": 0.2567085594307266,
    "BLEU_2": 5.134171188528962e-09,
    "ROUGE_L": 0.23921568627450981,
    "CIDEr": 0.0,
    "METEOR": 0.08461538461538462,
    "SPICE": 0.048780487804878044,
    "BLEU_4": 8.723184009457538e-13
  },
  "1": {
    "BLEU_1": 0.1988531814701149,
    "BLEU_2": 4.716217300589896e-09,
    "ROUGE_L": 0.20854700854700853,
    "CIDEr": 0.0,
    "METEOR": 0.05079365079365081,
    "SPICE": 0.0,
    "BLEU_4": 8.0696947976792e-13
  },
  "2": {
    "BLEU_1": 0.2791881674335416,
    "BLEU_2": 5.505664910048476e-09,
    "ROUGE_L": 0.1550190597204574,
    "CIDEr": 0.0,
    "METEOR": 0.11650485436893204,
    "SPICE": 0.09090909090909091,
    "BLEU_4": 8.955385498932293e-13
  },
  "3": {
    "BLEU_1": 0.1861254449556944,
    "BLEU_2": 4.495356574788337e-09,
    "ROUGE_L": 0.0775095298602287,
    "CIDEr": 0.0,
    "METEOR": 0.09061488673139158,
    "SPICE": 0.044444444444444446,
    "BLEU_4": 8.092104279933771e-13
  },
  "4": {
    "BLEU_1": 0.1947001957191763,
    "BLEU_2": 4.654224883289751e-09,
    "ROUGE_L": 0.0751231527093596,
    "CIDEr": 0.0,
    "METEOR": 0.08931419457735247,
    "SPICE": 0.043478260869565216,
    "BLEU_4": 8.134981279967864e-13
  },
  "5": {
    "BLEU_1": 0.3999999999200002,
    "BLEU_2": 6.666666665296299e-09,
    "ROUGE_L": 0.14153132250580047,
    "CIDEr": 0.0,
    "METEOR": 0.12519561815336464,
    "SPICE": 0.16666666666666666,
    "BLEU_4": 9.438595266157062e-13
  },
  "6": {
    "BLEU_1": 0.4999999999000002,
    "BLEU_2": 7.453559923467182e-09,
    "ROUGE_L": 0.23164556962025318,
    "CIDEr": 0.0,
    "METEOR": 0.13902053712480253,
    "SPICE": 0.125,
    "BLEU_4": 9.98009940168062e-13
  },
  "7": {
    "BLEU_1": 0.4545454545041323,
    "BLEU_2": 6.741998623988867e-09,
    "ROUGE_L": 0.1921259842519685,
    "CIDEr": 0.0,
    "METEOR": 0.13325712366230705,
    "SPICE": 0.0851063829787234,
    "BLEU_4": 8.913765520446539e-13
  },
  "8": {
    "BLEU_1": 0.5833333332361111,
    "BLEU_2": 7.282190811302909e-09,
    "ROUGE_L": 0.23921568627450981,
    "CIDEr": 0.0,
    "METEOR": 0.14193548387096774,
    "SPICE": 0.16326530612244897,
    "BLEU_4": 8.761337286684959e-13
  },
  "9": {
    "BLEU_1": 0.5294117646435987,
    "BLEU_2": 5.752237415667971e-09,
    "ROUGE_L": 0.21310043668122272,
    "CIDEr": 0.0,
    "METEOR": 0.17424312015482066,
    "SPICE": 0.18867924528301885,
    "BLEU_4": 6.300334061940971e-13
  }
}