{
  "0": {
    "BLEU_1": 0.22222222217283966,
    "BLEU_2": 5.270462765739487e-09,
    "ROUGE_L": 0.1111111111111111,
    "CIDEr": 0.0,
    "METEOR": 0.11560693641618498,
    "SPICE": 0.11764705882352941,
    "BLEU_4": 9.018037815333522e-13
  },
  "1": {
    "BLEU_1": 0.36363636357024803,
    "BLEU_2": 6.030226890431458e-09,
    "ROUGE_L": 0.2036727879799666,
    "CIDEr": 0.0,
    "METEOR": 0.17582417582417584,
    "SPICE": 0.2777777777777778,
    "BLEU_4": 8.430118944817767e-13
  },
  "2": {
    "BLEU_1": 0.33093633838648934,
    "BLEU_2": 6.459215935396237e-09,
    "ROUGE_L": 0.232824427480916,
    "CIDEr": 0.0,
    "METEOR": 0.12050661933629071,
    "SPICE": 0.1764705882352941,
    "BLEU_4": 1.0201550479411466e-12
  },
  "3": {
    "BLEU_1": 0.36363636357024803,
    "BLEU_2": 6.030226890431458e-09,
    "ROUGE_L": 0.2036727879799666,
    "CIDEr": 0.0,
    "METEOR": 0.17582417582417584,
    "SPICE": 0.2777777777777778,
    "BLEU_4": 8.430118944817767e-13
  },
  "4": {
    "BLEU_1": 0.2999999999700001,
    "BLEU_2": 5.773502691286834e-09,
    "ROUGE_L": 0.21254355400696867,
    "CIDEr": 0.0,
    "METEOR": 0.11778330590496211,
    "SPICE": 0.16666666666666669,
    "BLEU_4": 8.783602618662196e-13
  },
  "5": {
    "BLEU_1": 0.4444444443456792,
    "BLEU_2": 7.453559923291195e-09,
    "ROUGE_L": 0.3333333333333333,
    "CIDEr": 0.0,
    "METEOR": 0.18497109826589597,
    "SPICE": 0.23529411764705882,
    "BLEU_4": 1.0724314733358218e-12
  },
  "6": {
    "BLEU_1": 0.4444444443456792,
    "BLEU_2": 0.23570226034150096,
    "ROUGE_L": 0.3333333333333333,
    "CIDEr": 0.0,
    "METEOR": 0.18181818181818182,
    "SPICE": 0.11764705882352941,
    "BLEU_4": 6.030725358915047e-09
  },
  "7": {
    "BLEU_1": 0.45454545446281003,
    "BLEU_2": 6.741998623375958e-09,
    "ROUGE_L": 0.2036727879799666,
    "CIDEr": 0.0,
    "METEOR": 0.2011173184357542,
    "SPICE": 0.28571428571428575,
    "BLEU_4": 8.913765519636197e-13
  },
  "8": {
    "BLEU_1": 0.22222222217283966,
    "BLEU_2": 5.270462765739487e-09,
    "ROUGE_L": 0.1856925418569254,
    "CIDEr": 0.0,
    "METEOR": 0.11363636363636365,
    "SPICE": 0.12121212121212123,
    "BLEU_4": 9.018037815333522e-13
  },
  "9": {
    "BLEU_1": 0.11031211279549655,
    "BLEU_2": 3.729230059054939e-09,
    "ROUGE_L": 0.116412213740458,
    "CIDEr": 0.0,
    "METEOR": 0.027745664739884393,
    "SPICE": 0.0,
    "BLEU_4": 7.751502103232947e-13
  }
}