{
  "0": {
    "BLEU_1": 0.20217688650348561,
    "BLEU_2": 0.15660554288060333,
    "ROUGE_L": 0.23921568627450981,
    "CIDEr": 0.0,
    "METEOR": 0.11966672117469533,
    "SPICE": 0.10526315789473685,
    "BLEU_4": 5.236421925064999e-09
  },
  "1": {
    "BLEU_1": 0.4444444443456792,
    "BLEU_2": 0.23570226034150096,
    "ROUGE_L": 0.2222222222222222,
    "CIDEr": 0.0,
    "METEOR": 0.16226570259781756,
    "SPICE": 0.25,
    "BLEU_4": 6.030725358915047e-09
  },
  "2": {
    "BLEU_1": 0.33333333331111115,
    "BLEU_2": 0.1543033499514377,
    "ROUGE_L": 0.17453505007153075,
    "CIDEr": 0.0,
    "METEOR": 0.16015434242729856,
    "SPICE": 0.22727272727272727,
    "BLEU_4": 3.514847831107641e-09
  },
  "3": {
    "BLEU_1": 9.0909090892562e-17,
    "BLEU_2": 9.534625890679017e-17,
    "ROUGE_L": 0.0,
    "CIDEr": 0.0,
    "METEOR": 0.04733727810650888,
    "SPICE": 0.0,
    "BLEU_4": 1.0600313377417292e-16
  },
  "4": {
    "BLEU_1": 0.09999999998000014,
    "BLEU_2": 3.333333332648151e-09,
    "ROUGE_L": 0.10627177700348434,
    "CIDEr": 0.0,
    "METEOR": 0.06504065040650407,
    "SPICE": 0.04651162790697675,
    "BLEU_4": 6.674094717574907e-13
  },
  "5": {
    "BLEU_1": 0.16666666663888896,
    "BLEU_2": 3.8924947201441226e-09,
    "ROUGE_L": 0.19551282051282048,
    "CIDEr": 0.0,
    "METEOR": 0.07936507936507936,
    "SPICE": 0.045454545454545456,
    "BLEU_4": 6.405505208675338e-13
  },
  "6": {
    "BLEU_1": 0.16666666663888896,
    "BLEU_2": 3.8924947201441226e-09,
    "ROUGE_L": 0.19551282051282048,
    "CIDEr": 0.0,
    "METEOR": 0.08032128514056225,
    "SPICE": 0.09090909090909091,
    "BLEU_4": 6.405505208675338e-13
  },
  "7": {
    "BLEU_1": 0.10526315788919673,
    "BLEU_2": 2.4182541669025607e-09,
    "ROUGE_L": 0.15269086357947434,
    "CIDEr": 0.0,
    "METEOR": 0.07285974499089252,
    "SPICE": 0.07692307692307693,
    "BLEU_4": 3.829206137800792e-13
  },
  "8": {
    "BLEU_1": 0.18181818178512404,
    "BLEU_2": 4.2640143263175525e-09,
    "ROUGE_L": 0.2036727879799666,
    "CIDEr": 0.0,
    "METEOR": 0.10480349344978167,
    "SPICE": 0.045454545454545456,
    "BLEU_4": 7.088856800859686e-13
  },
  "9": {
    "BLEU_1": 0.16666666663888896,
    "BLEU_2": 3.8924947201441226e-09,
    "ROUGE_L": 0.19551282051282048,
    "CIDEr": 0.0,
    "METEOR": 0.10278372591006424,
    "SPICE": 0.08888888888888888,
    "BLEU_4": 6.405505208675338e-13
  }
}