{
  "0": {
    "BLEU_1": 0.24767939985785795,
    "BLEU_2": 5.982025825945981e-09,
    "ROUGE_L": 0.13174946004319654,
    "CIDEr": 0.0,
    "METEOR": 0.1392857142857143,
    "SPICE": 0.15384615384615383,
    "BLEU_4": 1.0768261868323776e-12
  },
  "1": {
    "BLEU_1": 0.22222222217283966,
    "BLEU_2": 5.270462765739487e-09,
    "ROUGE_L": 0.1189083820662768,
    "CIDEr": 0.0,
    "METEOR": 0.13008130081300814,
    "SPICE": 0.14285714285714288,
    "BLEU_4": 9.018037815333522e-13
  },
  "2": {
    "BLEU_1": 0.1538461538343196,
    "BLEU_2": 3.5805743699102604e-09,
    "ROUGE_L": 0.1781021897810219,
    "CIDEr": 0.0,
    "METEOR": 0.14035087719298248,
    "SPICE": 0.125,
    "BLEU_4": 5.84289629327371e-13
  },
  "3": {
    "BLEU_1": 0.23076923075147937,
    "BLEU_2": 4.385290096183762e-09,
    "ROUGE_L": 0.09951060358890701,
    "CIDEr": 0.0,
    "METEOR": 0.15530012771392085,
    "SPICE": 0.12121212121212123,
    "BLEU_4": 6.466227686450042e-13
  },
  "4": {
    "BLEU_1": 0.17647058822491354,
    "BLEU_2": 3.3210558205738968e-09,
    "ROUGE_L": 0.08555399719495091,
    "CIDEr": 0.0,
    "METEOR": 0.14749145440511635,
    "SPICE": 0.1081081081081081,
    "BLEU_4": 4.787218652070603e-13
  },
  "5": {
    "BLEU_1": 0.17647058822491354,
    "BLEU_2": 3.3210558205738968e-09,
    "ROUGE_L": 0.08555399719495091,
    "CIDEr": 0.0,
    "METEOR": 0.16515775034293556,
    "SPICE": 0.1142857142857143,
    "BLEU_4": 4.787218652070603e-13
  },
  "6": {
    "BLEU_1": 0.18749999998828132,
    "BLEU_2": 3.535533905704402e-09,
    "ROUGE_L": 0.15326633165829145,
    "CIDEr": 0.0,
    "METEOR": 0.16834956304619225,
    "SPICE": 0.11764705882352941,
    "BLEU_4": 5.119289102444937e-13
  },
  "7": {
    "BLEU_1": 0.2142857142704082,
    "BLEU_2": 4.059989714404599e-09,
    "ROUGE_L": 0.16353887399463804,
    "CIDEr": 0.0,
    "METEOR": 0.18705869370522993,
    "SPICE": 0.12121212121212123,
    "BLEU_4": 5.944549994012258e-13
  },
  "8": {
    "BLEU_1": 0.18749999998828132,
    "BLEU_2": 3.535533905704402e-09,
    "ROUGE_L": 0.15326633165829145,
    "CIDEr": 0.0,
    "METEOR": 0.17978643347478898,
    "SPICE": 0.11764705882352941,
    "BLEU_4": 5.119289102444937e-13
  },
  "9": {
    "BLEU_1": 0.18749999998828132,
    "BLEU_2": 3.535533905704402e-09,
    "ROUGE_L": 0.15326633165829145,
    "CIDEr": 0.0,
    "METEOR": 0.17978643347478898,
    "SPICE": 0.1142857142857143,
    "BLEU_4": 5.119289102444937e-13
  }
}