{
  "0": {
    "BLEU_1": 1.194218850558243e-16,
    "BLEU_2": 1.3082012060754779e-16,
    "ROUGE_L": 0.0,
    "CIDEr": 0.0,
    "METEOR": 0.1617204301075269,
    "SPICE": 0.11764705882352941,
    "BLEU_4": 1.6449759291817379e-16
  },
  "1": {
    "BLEU_1": 0.28571428569387763,
    "BLEU_2": 4.688072309037213e-09,
    "ROUGE_L": 0.18100890207715134,
    "CIDEr": 0.0,
    "METEOR": 0.20896686159844055,
    "SPICE": 0.15384615384615383,
    "BLEU_4": 6.387834681787387e-13
  },
  "2": {
    "BLEU_1": 0.16666666663888896,
    "BLEU_2": 3.8924947201441226e-09,
    "ROUGE_L": 0.19551282051282048,
    "CIDEr": 0.0,
    "METEOR": 0.1641025641025641,
    "SPICE": 0.10526315789473682,
    "BLEU_4": 6.405505208675338e-13
  },
  "3": {
    "BLEU_1": 0.09999999998000014,
    "BLEU_2": 3.333333332648151e-09,
    "ROUGE_L": 0.10627177700348434,
    "CIDEr": 0.0,
    "METEOR": 0.17070524412296567,
    "SPICE": 0.1142857142857143,
    "BLEU_4": 6.674094717574907e-13
  },
  "4": {
    "BLEU_1": 9.999999998000002e-17,
    "BLEU_2": 1.0540925531727854e-16,
    "ROUGE_L": 0.0,
    "CIDEr": 0.0,
    "METEOR": 0.12144910868315123,
    "SPICE": 0.05405405405405406,
    "BLEU_4": 1.1868405216912992e-16
  },
  "5": {
    "BLEU_1": 0.12383969992892904,
    "BLEU_2": 4.229931026759462e-09,
    "ROUGE_L": 0.13174946004319654,
    "CIDEr": 0.0,
    "METEOR": 0.1264957264957265,
    "SPICE": 0.058823529411764705,
    "BLEU_4": 9.054992803586729e-13
  },
  "6": {
    "BLEU_1": 0.22222222217283966,
    "BLEU_2": 0.16666666662847238,
    "ROUGE_L": 0.2222222222222222,
    "CIDEr": 0.0,
    "METEOR": 0.1427316850117066,
    "SPICE": 0.11111111111111112,
    "BLEU_4": 5.071215335691334e-09
  },
  "7": {
    "BLEU_1": 0.1111111110864199,
    "BLEU_2": 3.726779961645599e-09,
    "ROUGE_L": 0.1189083820662768,
    "CIDEr": 0.0,
    "METEOR": 0.12333333333333335,
    "SPICE": 0.05714285714285715,
    "BLEU_4": 7.583235671536399e-13
  },
  "8": {
    "BLEU_1": 0.09090909089256209,
    "BLEU_2": 3.0151134452157307e-09,
    "ROUGE_L": 0.108348134991119,
    "CIDEr": 0.0,
    "METEOR": 0.12032520325203254,
    "SPICE": 0.05405405405405406,
    "BLEU_4": 5.960994272089826e-13
  },
  "9": {
    "BLEU_1": 0.18181818178512404,
    "BLEU_2": 4.2640143263175525e-09,
    "ROUGE_L": 0.108348134991119,
    "CIDEr": 0.0,
    "METEOR": 0.19736745348922716,
    "SPICE": 0.10810810810810811,
    "BLEU_4": 7.088856800859686e-13
  }
}