{
  "0": {
    "BLEU_1": 0.32206169694024794,
    "BLEU_2": 6.3511423138542446e-09,
    "ROUGE_L": 0.2136602451838879,
    "CIDEr": 0.0,
    "METEOR": 0.11222444889779559,
    "SPICE": 0.06060606060606061,
    "BLEU_4": 1.0330619227359553e-12
  },
  "1": {
    "BLEU_1": 0.21470779796016531,
    "BLEU_2": 5.1856859842473975e-09,
    "ROUGE_L": 0.2136602451838879,
    "CIDEr": 0.0,
    "METEOR": 0.11222444889779559,
    "SPICE": 0.0,
    "BLEU_4": 9.334768232372482e-13
  },
  "2": {
    "BLEU_1": 0.36363636357024803,
    "BLEU_2": 6.030226890431458e-09,
    "ROUGE_L": 0.18181818181818182,
    "CIDEr": 0.0,
    "METEOR": 0.10707456978967496,
    "SPICE": 0.10526315789473682,
    "BLEU_4": 8.430118944817767e-13
  },
  "3": {
    "BLEU_1": 0.4294155959203306,
    "BLEU_2": 7.333667449130742e-09,
    "ROUGE_L": 0.2136602451838879,
    "CIDEr": 0.0,
    "METEOR": 0.11359026369168357,
    "SPICE": 0.0625,
    "BLEU_4": 1.1100972798838728e-12
  },
  "4": {
    "BLEU_1": 0.4412484511819858,
    "BLEU_2": 7.458460118109875e-09,
    "ROUGE_L": 0.20469798657718125,
    "CIDEr": 0.0,
    "METEOR": 0.11155378486055777,
    "SPICE": 0.0,
    "BLEU_4": 1.0962279403155601e-12
  },
  "5": {
    "BLEU_1": 0.6618726767729786,
    "BLEU_2": 9.134710778133774e-09,
    "ROUGE_L": 0.3070469798657718,
    "CIDEr": 0.0,
    "METEOR": 0.16243654822335027,
    "SPICE": 0.16666666666666666,
    "BLEU_4": 1.2131756414175536e-12
  },
  "6": {
    "BLEU_1": 0.5999999998800002,
    "BLEU_2": 8.16496580759891e-09,
    "ROUGE_L": 0.28328173374613,
    "CIDEr": 0.0,
    "METEOR": 0.15533980582524273,
    "SPICE": 0.10526315789473682,
    "BLEU_4": 1.0445522728425065e-12
  },
  "7": {
    "BLEU_1": 0.636363636247934,
    "BLEU_2": 7.977240350687988e-09,
    "ROUGE_L": 0.2727272727272727,
    "CIDEr": 0.0,
    "METEOR": 0.17349397590361448,
    "SPICE": 0.15789473684210525,
    "BLEU_4": 9.696013567396061e-13
  },
  "8": {
    "BLEU_1": 0.5833333332847223,
    "BLEU_2": 0.23028309321585674,
    "ROUGE_L": 0.3333333333333333,
    "CIDEr": 0.0,
    "METEOR": 0.17955112219451372,
    "SPICE": 0.16216216216216214,
    "BLEU_4": 4.926862020644611e-09
  },
  "9": {
    "BLEU_1": 0.7777777776049386,
    "BLEU_2": 0.44095855174304566,
    "ROUGE_L": 0.3929146537842191,
    "CIDEr": 0.0,
    "METEOR": 0.16580310880829013,
    "SPICE": 0.17142857142857143,
    "BLEU_4": 4.638596138374759e-05
  }
}