{
  "0": {
    "BLEU_1": 0.4999999998750002,
    "BLEU_2": 8.451542545096823e-09,
    "ROUGE_L": 0.232824427480916,
    "CIDEr": 0.0,
    "METEOR": 0.16045845272206302,
    "SPICE": 0.1935483870967742,
    "BLEU_4": 1.2421889947772103e-12
  },
  "1": {
    "BLEU_1": 0.4166666666319445,
    "BLEU_2": 6.154574548430443e-09,
    "ROUGE_L": 0.2932692307692307,
    "CIDEr": 0.0,
    "METEOR": 0.15013404825737264,
    "SPICE": 0.16216216216216217,
    "BLEU_4": 8.054496384067745e-13
  },
  "2": {
    "BLEU_1": 0.2941176470242215,
    "BLEU_2": 4.287464628050432e-09,
    "ROUGE_L": 0.1628838451268358,
    "CIDEr": 0.0,
    "METEOR": 0.17349397590361448,
    "SPICE": 0.14634146341463414,
    "BLEU_4": 5.439330543677096e-13
  },
  "3": {
    "BLEU_1": 0.23060507054002488,
    "BLEU_2": 3.7838263595981954e-09,
    "ROUGE_L": 0.271513353115727,
    "CIDEr": 0.0,
    "METEOR": 0.11290322580645162,
    "SPICE": 0.11428571428571428,
    "BLEU_4": 5.155734736238858e-13
  },
  "4": {
    "BLEU_1": 0.2631578947229917,
    "BLEU_2": 3.823595564302531e-09,
    "ROUGE_L": 0.21916167664670658,
    "CIDEr": 0.0,
    "METEOR": 0.14411085450346423,
    "SPICE": 0.09523809523809526,
    "BLEU_4": 4.814971806817797e-13
  },
  "5": {
    "BLEU_1": 0.33333333330555565,
    "BLEU_2": 5.504818825152218e-09,
    "ROUGE_L": 0.18484848484848485,
    "CIDEr": 0.0,
    "METEOR": 0.16494845360824745,
    "SPICE": 0.16666666666666666,
    "BLEU_4": 7.61747236997849e-13
  },
  "6": {
    "BLEU_1": 0.29999999994000015,
    "BLEU_2": 5.773502690709485e-09,
    "ROUGE_L": 0.10627177700348434,
    "CIDEr": 0.0,
    "METEOR": 0.1525885558583106,
    "SPICE": 0.17142857142857143,
    "BLEU_4": 8.783602617783837e-13
  },
  "7": {
    "BLEU_1": 0.17613994925550927,
    "BLEU_2": 3.3213267348310796e-09,
    "ROUGE_L": 0.16052631578947368,
    "CIDEr": 0.0,
    "METEOR": 0.15094339622641512,
    "SPICE": 0.16216216216216217,
    "BLEU_4": 4.809127054854878e-13
  },
  "8": {
    "BLEU_1": 0.4166666666319445,
    "BLEU_2": 6.154574548430443e-09,
    "ROUGE_L": 0.232824427480916,
    "CIDEr": 0.0,
    "METEOR": 0.16494845360824745,
    "SPICE": 0.21621621621621623,
    "BLEU_4": 8.054496384067745e-13
  },
  "9": {
    "BLEU_1": 0.4166666666319445,
    "BLEU_2": 6.154574548430443e-09,
    "ROUGE_L": 0.232824427480916,
    "CIDEr": 0.0,
    "METEOR": 0.16494845360824745,
    "SPICE": 0.12121212121212122,
    "BLEU_4": 8.054496384067745e-13
  }
}