{
  "0": {
    "BLEU_1": 7.162619917923445e-17,
    "BLEU_2": 8.27068107508754e-17,
    "ROUGE_L": 0.0,
    "CIDEr": 0.0,
    "METEOR": 0.0,
    "SPICE": 0.0,
    "BLEU_4": 1.2944315414357063e-16
  },
  "1": {
    "BLEU_1": 0.07162619917923453,
    "BLEU_2": 2.615418999812674e-09,
    "ROUGE_L": 0.1073943661971831,
    "CIDEr": 0.0,
    "METEOR": 0.0594059405940594,
    "SPICE": 0.0606060606060606,
    "BLEU_4": 7.279123483791415e-13
  },
  "2": {
    "BLEU_1": 0.4412484511819858,
    "BLEU_2": 0.2358572181075568,
    "ROUGE_L": 0.34923664122137404,
    "CIDEr": 0.0,
    "METEOR": 0.11939345768621241,
    "SPICE": 0.0606060606060606,
    "BLEU_4": 6.164542726677392e-09
  },
  "3": {
    "BLEU_1": 0.5515605639774822,
    "BLEU_2": 0.26369638633624565,
    "ROUGE_L": 0.232824427480916,
    "CIDEr": 0.0,
    "METEOR": 0.15972993190411436,
    "SPICE": 0.0606060606060606,
    "BLEU_4": 6.518210331440214e-09
  },
  "4": {
    "BLEU_1": 0.4043537730069712,
    "BLEU_2": 0.22147368268455053,
    "ROUGE_L": 0.3860759493670886,
    "CIDEr": 0.0,
    "METEOR": 0.12191142164444536,
    "SPICE": 0.0625,
    "BLEU_4": 6.227190210443543e-09
  },
  "5": {
    "BLEU_1": 0.32206169694024794,
    "BLEU_2": 6.3511423138542446e-09,
    "ROUGE_L": 0.24448897795591182,
    "CIDEr": 0.0,
    "METEOR": 0.0958904109589041,
    "SPICE": 0.058823529411764705,
    "BLEU_4": 1.0330619227359553e-12
  },
  "6": {
    "BLEU_1": 0.4043537730069712,
    "BLEU_2": 0.22147368268455053,
    "ROUGE_L": 0.3860759493670886,
    "CIDEr": 0.0,
    "METEOR": 0.12191142164444536,
    "SPICE": 0.0625,
    "BLEU_4": 6.227190210443543e-09
  },
  "7": {
    "BLEU_1": 0.32206169694024794,
    "BLEU_2": 6.3511423138542446e-09,
    "ROUGE_L": 0.24448897795591182,
    "CIDEr": 0.0,
    "METEOR": 0.0958904109589041,
    "SPICE": 0.058823529411764705,
    "BLEU_4": 1.0330619227359553e-12
  },
  "8": {
    "BLEU_1": 0.2695973783624942,
    "BLEU_2": 5.503133441363796e-09,
    "ROUGE_L": 0.40757238307349664,
    "CIDEr": 0.0,
    "METEOR": 0.09828009828009827,
    "SPICE": 0.058823529411764705,
    "BLEU_4": 1.0047301075023746e-12
  },
  "9": {
    "BLEU_1": 0.4043537730069712,
    "BLEU_2": 0.22147368268455053,
    "ROUGE_L": 0.3860759493670886,
    "CIDEr": 0.0,
    "METEOR": 0.12191142164444536,
    "SPICE": 0.0625,
    "BLEU_4": 6.227190210443543e-09
  }
}