{
  "0": {
    "BLEU_1": 0.6191984996446447,
    "BLEU_2": 0.2991012912972992,
    "ROUGE_L": 0.3952483801295896,
    "CIDEr": 0.0,
    "METEOR": 0.12200435729847495,
    "SPICE": 0.05714285714285715,
    "BLEU_4": 7.614310988684265e-09
  },
  "1": {
    "BLEU_1": 0.5999999999400001,
    "BLEU_2": 0.25819888971990695,
    "ROUGE_L": 0.2683284457478006,
    "CIDEr": 0.0,
    "METEOR": 0.1536681460332552,
    "SPICE": 0.10526315789473684,
    "BLEU_4": 5.873949093995857e-09
  },
  "2": {
    "BLEU_1": 0.23485326567401232,
    "BLEU_2": 0.12127770490079749,
    "ROUGE_L": 0.2659883720930233,
    "CIDEr": 0.0,
    "METEOR": 0.14665454316213405,
    "SPICE": 0.24000000000000002,
    "BLEU_4": 2.906035633260268e-09
  },
  "3": {
    "BLEU_1": 0.42857142854081637,
    "BLEU_2": 0.18156825978717286,
    "ROUGE_L": 0.25363825363825365,
    "CIDEr": 0.0,
    "METEOR": 0.16200169586873445,
    "SPICE": 0.09302325581395349,
    "BLEU_4": 3.975360175943345e-09
  },
  "4": {
    "BLEU_1": 0.555555555432099,
    "BLEU_2": 8.333333331423613e-09,
    "ROUGE_L": 0.2222222222222222,
    "CIDEr": 0.0,
    "METEOR": 0.1341719077568134,
    "SPICE": 0.17647058823529413,
    "BLEU_4": 1.1339582219145234e-12
  },
  "5": {
    "BLEU_1": 0.4150457800528383,
    "BLEU_2": 6.156123772178614e-09,
    "ROUGE_L": 0.2036727879799666,
    "CIDEr": 0.0,
    "METEOR": 0.13087934560327197,
    "SPICE": 0.1142857142857143,
    "BLEU_4": 8.139165680751944e-13
  },
  "6": {
    "BLEU_1": 0.6666666665555557,
    "BLEU_2": 7.784989440288243e-09,
    "ROUGE_L": 0.2785388127853881,
    "CIDEr": 0.0,
    "METEOR": 0.17187848976274006,
    "SPICE": 0.2352941176470588,
    "BLEU_4": 9.058752339960164e-13
  },
  "7": {
    "BLEU_1": 0.49805493606340595,
    "BLEU_2": 0.21325438302191876,
    "ROUGE_L": 0.25884016973125884,
    "CIDEr": 0.0,
    "METEOR": 0.13250517598343686,
    "SPICE": 0.17142857142857143,
    "BLEU_4": 4.790437744888919e-09
  },
  "8": {
    "BLEU_1": 0.4999999999500001,
    "BLEU_2": 0.23570226037063632,
    "ROUGE_L": 0.22676579925650556,
    "CIDEr": 0.0,
    "METEOR": 0.1905720935522665,
    "SPICE": 0.17142857142857143,
    "BLEU_4": 5.612222323633712e-09
  },
  "9": {
    "BLEU_1": 0.4166666665972223,
    "BLEU_2": 0.19462473600720623,
    "ROUGE_L": 0.2074829931972789,
    "CIDEr": 0.0,
    "METEOR": 0.19951928880398753,
    "SPICE": 0.18181818181818182,
    "BLEU_4": 4.529376169980083e-09
  }
}