{
  "0": {
    "BLEU_1": 0.24767939985785795,
    "BLEU_2": 5.982025825945981e-09,
    "ROUGE_L": 0.13174946004319654,
    "CIDEr": 0.0,
    "METEOR": 0.05653710247349824,
    "SPICE": 0.0,
    "BLEU_4": 1.0768261868323776e-12
  },
  "1": {
    "BLEU_1": 0.24999999993750016,
    "BLEU_2": 5.976143045124577e-09,
    "ROUGE_L": 0.125,
    "CIDEr": 0.0,
    "METEOR": 0.0547945205479452,
    "SPICE": 0.0,
    "BLEU_4": 1.0445522727757714e-12
  },
  "2": {
    "BLEU_1": 0.27272727267768604,
    "BLEU_2": 0.1651445647381773,
    "ROUGE_L": 0.2036727879799666,
    "CIDEr": 0.0,
    "METEOR": 0.051118210862619806,
    "SPICE": 0.0,
    "BLEU_4": 4.4116293584506874e-09
  },
  "3": {
    "BLEU_1": 0.27272727267768604,
    "BLEU_2": 0.1651445647381773,
    "ROUGE_L": 0.2036727879799666,
    "CIDEr": 0.0,
    "METEOR": 0.051118210862619806,
    "SPICE": 0.0,
    "BLEU_4": 4.4116293584506874e-09
  },
  "4": {
    "BLEU_1": 0.3333333332592594,
    "BLEU_2": 0.20412414518515326,
    "ROUGE_L": 0.2222222222222222,
    "CIDEr": 0.0,
    "METEOR": 0.054237288135593226,
    "SPICE": 0.0,
    "BLEU_4": 5.612222322916596e-09
  },
  "5": {
    "BLEU_1": 0.3333333332592594,
    "BLEU_2": 0.20412414518515326,
    "ROUGE_L": 0.2222222222222222,
    "CIDEr": 0.0,
    "METEOR": 0.054237288135593226,
    "SPICE": 0.0,
    "BLEU_4": 5.612222322916596e-09
  },
  "6": {
    "BLEU_1": 0.1194218850558244,
    "BLEU_2": 4.136895448977816e-09,
    "ROUGE_L": 0.12869198312236285,
    "CIDEr": 0.0,
    "METEOR": 0.022988505747126436,
    "SPICE": 0.07692307692307691,
    "BLEU_4": 9.250379439222845e-13
  },
  "7": {
    "BLEU_1": 0.23884377011164867,
    "BLEU_2": 0.1850075887944782,
    "ROUGE_L": 0.2573839662447257,
    "CIDEr": 0.0,
    "METEOR": 0.054904558853140856,
    "SPICE": 0.0,
    "BLEU_4": 6.1861015673335086e-09
  },
  "8": {
    "BLEU_1": 0.24767939985785795,
    "BLEU_2": 0.18916826631939285,
    "ROUGE_L": 0.24448897795591182,
    "CIDEr": 0.0,
    "METEOR": 0.053520410310624704,
    "SPICE": 0.0,
    "BLEU_4": 6.055438649029897e-09
  },
  "9": {
    "BLEU_1": 0.27272727267768604,
    "BLEU_2": 0.1651445647381773,
    "ROUGE_L": 0.216696269982238,
    "CIDEr": 0.0,
    "METEOR": 0.0625,
    "SPICE": 0.0625,
    "BLEU_4": 4.4116293584506874e-09
  }
}