{
  "0": {
    "BLEU_1": 0.35826565516747294,
    "BLEU_2": 0.32044254357784663,
    "ROUGE_L": 0.3588235294117647,
    "CIDEr": 0.0,
    "METEOR": 0.16611280805783973,
    "SPICE": 0.16216216216216214,
    "BLEU_4": 4.578227396826306e-05
  },
  "1": {
    "BLEU_1": 0.4999999999000002,
    "BLEU_2": 0.33333333326481496,
    "ROUGE_L": 0.4,
    "CIDEr": 0.0,
    "METEOR": 0.1701819038783994,
    "SPICE": 0.15000000000000002,
    "BLEU_4": 3.753119267926982e-05
  },
  "2": {
    "BLEU_1": 0.5999999998800002,
    "BLEU_2": 0.3651483715950527,
    "ROUGE_L": 0.4,
    "CIDEr": 0.0,
    "METEOR": 0.1591607379504647,
    "SPICE": 0.15000000000000002,
    "BLEU_4": 6.985342055045127e-09
  },
  "3": {
    "BLEU_1": 0.5999999998800002,
    "BLEU_2": 0.3651483715950527,
    "ROUGE_L": 0.4,
    "CIDEr": 0.0,
    "METEOR": 0.1591607379504647,
    "SPICE": 0.15000000000000002,
    "BLEU_4": 6.985342055045127e-09
  },
  "4": {
    "BLEU_1": 0.5999999998800002,
    "BLEU_2": 0.3651483715950527,
    "ROUGE_L": 0.4,
    "CIDEr": 0.0,
    "METEOR": 0.1591607379504647,
    "SPICE": 0.15000000000000002,
    "BLEU_4": 6.985342055045127e-09
  },
  "5": {
    "BLEU_1": 0.5999999998800002,
    "BLEU_2": 0.3651483715950527,
    "ROUGE_L": 0.4,
    "CIDEr": 0.0,
    "METEOR": 0.1591607379504647,
    "SPICE": 0.15000000000000002,
    "BLEU_4": 6.985342055045127e-09
  },
  "6": {
    "BLEU_1": 0.5999999998800002,
    "BLEU_2": 0.3651483715950527,
    "ROUGE_L": 0.4,
    "CIDEr": 0.0,
    "METEOR": 0.1591607379504647,
    "SPICE": 0.15000000000000002,
    "BLEU_4": 6.985342055045127e-09
  },
  "7": {
    "BLEU_1": 0.5999999998800002,
    "BLEU_2": 0.3651483715950527,
    "ROUGE_L": 0.4,
    "CIDEr": 0.0,
    "METEOR": 0.1591607379504647,
    "SPICE": 0.15000000000000002,
    "BLEU_4": 6.985342055045127e-09
  },
  "8": {
    "BLEU_1": 0.4999999998750002,
    "BLEU_2": 0.37796447291136165,
    "ROUGE_L": 0.3267857142857143,
    "CIDEr": 0.0,
    "METEOR": 0.14649670029614786,
    "SPICE": 0.2,
    "BLEU_4": 8.307018472056666e-09
  },
  "9": {
    "BLEU_1": 0.4444444443456792,
    "BLEU_2": 0.3333333332569446,
    "ROUGE_L": 0.31282051282051276,
    "CIDEr": 0.0,
    "METEOR": 0.10467947522488343,
    "SPICE": 0.1951219512195122,
    "BLEU_4": 7.171781505449111e-09
  }
}