{
  "0": {
    "BLEU_1": 0.32206169694024794,
    "BLEU_2": 6.3511423138542446e-09,
    "ROUGE_L": 0.12224448897795591,
    "CIDEr": 0.0,
    "METEOR": 0.10714285714285715,
    "SPICE": 0.1,
    "BLEU_4": 1.0330619227359553e-12
  },
  "1": {
    "BLEU_1": 0.38461538455621314,
    "BLEU_2": 5.661385169833853e-09,
    "ROUGE_L": 0.18798151001540828,
    "CIDEr": 0.0,
    "METEOR": 0.16632016632016633,
    "SPICE": 0.20408163265306123,
    "BLEU_4": 7.347053124767714e-13
  },
  "2": {
    "BLEU_1": 0.357142857117347,
    "BLEU_2": 5.241424183220805e-09,
    "ROUGE_L": 0.18100890207715134,
    "CIDEr": 0.0,
    "METEOR": 0.16326530612244897,
    "SPICE": 0.15999999999999998,
    "BLEU_4": 6.754312828130983e-13
  },
  "3": {
    "BLEU_1": 0.33333333327777787,
    "BLEU_2": 5.5048188246934825e-09,
    "ROUGE_L": 0.15885416666666669,
    "CIDEr": 0.0,
    "METEOR": 0.11864406779661017,
    "SPICE": 0.17777777777777776,
    "BLEU_4": 7.617472369343701e-13
  },
  "4": {
    "BLEU_1": 0.2499999999583334,
    "BLEU_2": 4.7673129454153526e-09,
    "ROUGE_L": 0.15885416666666669,
    "CIDEr": 0.0,
    "METEOR": 0.11864406779661017,
    "SPICE": 0.17777777777777776,
    "BLEU_4": 7.088856800987232e-13
  },
  "5": {
    "BLEU_1": 0.23076923073372793,
    "BLEU_2": 4.385290095846432e-09,
    "ROUGE_L": 0.15384615384615383,
    "CIDEr": 0.0,
    "METEOR": 0.11669367909238251,
    "SPICE": 0.17777777777777776,
    "BLEU_4": 6.466227685952641e-13
  },
  "6": {
    "BLEU_1": 0.36363636357024803,
    "BLEU_2": 6.030226890431458e-09,
    "ROUGE_L": 0.2036727879799666,
    "CIDEr": 0.0,
    "METEOR": 0.17278617710583155,
    "SPICE": 0.22727272727272727,
    "BLEU_4": 8.430118944817767e-13
  },
  "7": {
    "BLEU_1": 0.2499999999583334,
    "BLEU_2": 4.7673129454153526e-09,
    "ROUGE_L": 0.15885416666666669,
    "CIDEr": 0.0,
    "METEOR": 0.11715481171548117,
    "SPICE": 0.2173913043478261,
    "BLEU_4": 7.088856800987232e-13
  },
  "8": {
    "BLEU_1": 0.2142857142704082,
    "BLEU_2": 4.059989714404599e-09,
    "ROUGE_L": 0.1491442542787286,
    "CIDEr": 0.0,
    "METEOR": 0.12323731120302439,
    "SPICE": 0.15999999999999998,
    "BLEU_4": 5.944549994012258e-13
  },
  "9": {
    "BLEU_1": 0.33093633838648934,
    "BLEU_2": 6.459215935396237e-09,
    "ROUGE_L": 0.18263473053892215,
    "CIDEr": 0.0,
    "METEOR": 0.12416851441241686,
    "SPICE": 0.1951219512195122,
    "BLEU_4": 1.0201550479411466e-12
  }
}