{
  "0": {
    "BLEU_1": 1.194218850558243e-16,
    "BLEU_2": 1.3082012060754779e-16,
    "ROUGE_L": 0.0,
    "CIDEr": 0.0,
    "METEOR": 0.09155317357256212,
    "SPICE": 0.10526315789473682,
    "BLEU_4": 1.6449759291817379e-16
  },
  "1": {
    "BLEU_1": 0.12499999996875016,
    "BLEU_2": 4.225771272548414e-09,
    "ROUGE_L": 0.116412213740458,
    "CIDEr": 0.0,
    "METEOR": 0.08915904699972031,
    "SPICE": 0.09523809523809523,
    "BLEU_4": 8.783602617222665e-13
  },
  "2": {
    "BLEU_1": 1.2499999996875005e-16,
    "BLEU_2": 1.3363062092161143e-16,
    "ROUGE_L": 0.0,
    "CIDEr": 0.0,
    "METEOR": 0.08800833272199925,
    "SPICE": 0.09523809523809523,
    "BLEU_4": 1.561969968017105e-16
  },
  "3": {
    "BLEU_1": 1.2499999996875005e-16,
    "BLEU_2": 1.3363062092161143e-16,
    "ROUGE_L": 0.0,
    "CIDEr": 0.0,
    "METEOR": 0.08800833272199925,
    "SPICE": 0.09523809523809523,
    "BLEU_4": 1.561969968017105e-16
  },
  "4": {
    "BLEU_1": 1.2499999996875005e-16,
    "BLEU_2": 1.3363062092161143e-16,
    "ROUGE_L": 0.0,
    "CIDEr": 0.0,
    "METEOR": 0.08800833272199925,
    "SPICE": 0.09523809523809523,
    "BLEU_4": 1.561969968017105e-16
  },
  "5": {
    "BLEU_1": 1.2499999996875005e-16,
    "BLEU_2": 1.3363062092161143e-16,
    "ROUGE_L": 0.0,
    "CIDEr": 0.0,
    "METEOR": 0.08800833272199925,
    "SPICE": 0.09523809523809523,
    "BLEU_4": 1.561969968017105e-16
  },
  "6": {
    "BLEU_1": 1.2499999996875005e-16,
    "BLEU_2": 1.3363062092161143e-16,
    "ROUGE_L": 0.0,
    "CIDEr": 0.0,
    "METEOR": 0.08800833272199925,
    "SPICE": 0.09523809523809523,
    "BLEU_4": 1.561969968017105e-16
  },
  "7": {
    "BLEU_1": 1.2499999996875005e-16,
    "BLEU_2": 1.3363062092161143e-16,
    "ROUGE_L": 0.0,
    "CIDEr": 0.0,
    "METEOR": 0.08800833272199925,
    "SPICE": 0.09523809523809523,
    "BLEU_4": 1.561969968017105e-16
  },
  "8": {
    "BLEU_1": 1.2499999996875005e-16,
    "BLEU_2": 1.3363062092161143e-16,
    "ROUGE_L": 0.0,
    "CIDEr": 0.0,
    "METEOR": 0.08800833272199925,
    "SPICE": 0.09523809523809523,
    "BLEU_4": 1.561969968017105e-16
  },
  "9": {
    "BLEU_1": 1.2499999996875005e-16,
    "BLEU_2": 1.3363062092161143e-16,
    "ROUGE_L": 0.0,
    "CIDEr": 0.0,
    "METEOR": 0.08800833272199925,
    "SPICE": 0.09523809523809523,
    "BLEU_4": 1.561969968017105e-16
  }
}