{
  "0": {
    "BLEU_1": 0.24999999993750016,
    "BLEU_2": 0.18898223645568088,
    "ROUGE_L": 0.1930379746835443,
    "CIDEr": 0.0,
    "METEOR": 0.19248251195666574,
    "SPICE": 0.23076923076923078,
    "BLEU_4": 5.873949093033183e-09
  },
  "1": {
    "BLEU_1": 0.29999999994000015,
    "BLEU_2": 0.25819888969408705,
    "ROUGE_L": 0.2,
    "CIDEr": 0.0,
    "METEOR": 0.21179692561367264,
    "SPICE": 0.20689655172413793,
    "BLEU_4": 5.873949093408463e-09
  },
  "2": {
    "BLEU_1": 0.23076923073372793,
    "BLEU_2": 0.19611613510738385,
    "ROUGE_L": 0.1781021897810219,
    "CIDEr": 0.0,
    "METEOR": 0.19780153405329778,
    "SPICE": 0.26666666666666666,
    "BLEU_4": 4.324227074750953e-09
  },
  "3": {
    "BLEU_1": 0.26666666664888894,
    "BLEU_2": 0.19518001457623,
    "ROUGE_L": 0.2489795918367347,
    "CIDEr": 0.0,
    "METEOR": 0.23511332190226808,
    "SPICE": 0.1935483870967742,
    "BLEU_4": 2.222984955040595e-05
  },
  "4": {
    "BLEU_1": 0.26666666664888894,
    "BLEU_2": 0.19518001457623,
    "ROUGE_L": 0.2489795918367347,
    "CIDEr": 0.0,
    "METEOR": 0.23511332190226808,
    "SPICE": 0.18749999999999997,
    "BLEU_4": 2.222984955040595e-05
  },
  "5": {
    "BLEU_1": 0.23529411763321803,
    "BLEU_2": 0.17149858513210547,
    "ROUGE_L": 0.2331210191082802,
    "CIDEr": 0.0,
    "METEOR": 0.2291358645657698,
    "SPICE": 0.18181818181818182,
    "BLEU_4": 1.934529902157156e-05
  },
  "6": {
    "BLEU_1": 0.23529411763321803,
    "BLEU_2": 0.17149858513210547,
    "ROUGE_L": 0.2331210191082802,
    "CIDEr": 0.0,
    "METEOR": 0.2291358645657698,
    "SPICE": 0.18181818181818182,
    "BLEU_4": 1.934529902157156e-05
  },
  "7": {
    "BLEU_1": 0.27777777776234575,
    "BLEU_2": 0.18077538150520842,
    "ROUGE_L": 0.3012345679012346,
    "CIDEr": 0.0,
    "METEOR": 0.2392557004108925,
    "SPICE": 0.17647058823529413,
    "BLEU_4": 1.9209534150089077e-05
  },
  "8": {
    "BLEU_1": 0.28571428569387763,
    "BLEU_2": 0.20965696732883227,
    "ROUGE_L": 0.19122257053291536,
    "CIDEr": 0.0,
    "METEOR": 0.2366567353939679,
    "SPICE": 0.19999999999999998,
    "BLEU_4": 4.271802513237463e-09
  },
  "9": {
    "BLEU_1": 0.28571428569387763,
    "BLEU_2": 0.20965696732883227,
    "ROUGE_L": 0.19122257053291536,
    "CIDEr": 0.0,
    "METEOR": 0.19911728705143505,
    "SPICE": 0.125,
    "BLEU_4": 4.271802513237463e-09
  }
}