{
  "0": {
    "BLEU_1": 0.08986579278749814,
    "BLEU_2": 3.1772355737578207e-09,
    "ROUGE_L": 0.1358574610244989,
    "CIDEr": 0.0,
    "METEOR": 0.026229508196721315,
    "SPICE": 0.0,
    "BLEU_4": 7.634297901288654e-13
  },
  "1": {
    "BLEU_1": 0.32206169694024794,
    "BLEU_2": 6.3511423138542446e-09,
    "ROUGE_L": 0.22803738317757008,
    "CIDEr": 0.0,
    "METEOR": 0.0784313725490196,
    "SPICE": 0.0625,
    "BLEU_4": 1.0330619227359553e-12
  },
  "2": {
    "BLEU_1": 0.045111761048796474,
    "BLEU_2": 1.7471709924551733e-09,
    "ROUGE_L": 0.1295116772823779,
    "CIDEr": 0.0,
    "METEOR": 0.06349206349206349,
    "SPICE": 0.0,
    "BLEU_4": 8.647154591679328e-11
  },
  "3": {
    "BLEU_1": 0.2695973783624942,
    "BLEU_2": 5.503133441363796e-09,
    "ROUGE_L": 0.2341650671785029,
    "CIDEr": 0.0,
    "METEOR": 0.08333333333333333,
    "SPICE": 0.07142857142857144,
    "BLEU_4": 1.0047301075023746e-12
  },
  "4": {
    "BLEU_1": 0.20217688650348561,
    "BLEU_2": 4.952302097098729e-09,
    "ROUGE_L": 0.2234432234432234,
    "CIDEr": 0.0,
    "METEOR": 0.08020050125313283,
    "SPICE": 0.0,
    "BLEU_4": 9.311821291619466e-13
  },
  "5": {
    "BLEU_1": 0.3032653297552284,
    "BLEU_2": 6.0653065950034785e-09,
    "ROUGE_L": 0.2234432234432234,
    "CIDEr": 0.0,
    "METEOR": 0.08831168831168833,
    "SPICE": 0.1875,
    "BLEU_4": 1.0305224262915758e-12
  },
  "6": {
    "BLEU_1": 0.21470779796016531,
    "BLEU_2": 5.1856859842473975e-09,
    "ROUGE_L": 0.2136602451838879,
    "CIDEr": 0.0,
    "METEOR": 0.08421052631578947,
    "SPICE": 0.12121212121212123,
    "BLEU_4": 9.334768232372482e-13
  },
  "7": {
    "BLEU_1": 0.14325239835846895,
    "BLEU_2": 3.6987610208233575e-09,
    "ROUGE_L": 0.24596774193548387,
    "CIDEr": 0.0,
    "METEOR": 0.08398950131233596,
    "SPICE": 0.07142857142857144,
    "BLEU_4": 8.656385437908143e-13
  },
  "8": {
    "BLEU_1": 0.20217688650348561,
    "BLEU_2": 4.952302097098729e-09,
    "ROUGE_L": 0.2234432234432234,
    "CIDEr": 0.0,
    "METEOR": 0.08020050125313283,
    "SPICE": 0.0,
    "BLEU_4": 9.311821291619466e-13
  },
  "9": {
    "BLEU_1": 0.3032653297552284,
    "BLEU_2": 6.0653065950034785e-09,
    "ROUGE_L": 0.2234432234432234,
    "CIDEr": 0.0,
    "METEOR": 0.08831168831168833,
    "SPICE": 0.1875,
    "BLEU_4": 1.0305224262915758e-12
  }
}