{
  "0": {
    "BLEU_1": 0.3422780792409688,
    "BLEU_2": 5.928430235525634e-09,
    "ROUGE_L": 0.33516483516483514,
    "CIDEr": 0.0,
    "METEOR": 0.19683655536028122,
    "SPICE": 0.0625,
    "BLEU_4": 9.373671246326997e-13
  },
  "1": {
    "BLEU_1": 0.5833333332847223,
    "BLEU_2": 0.23028309321585674,
    "ROUGE_L": 0.2629310344827586,
    "CIDEr": 0.0,
    "METEOR": 0.234464605602183,
    "SPICE": 0.0588235294117647,
    "BLEU_4": 4.926862020644611e-09
  },
  "2": {
    "BLEU_1": 0.38940039143835253,
    "BLEU_2": 6.5820679522827e-09,
    "ROUGE_L": 0.3070469798657718,
    "CIDEr": 0.0,
    "METEOR": 0.17721518987341775,
    "SPICE": 0.0,
    "BLEU_4": 9.674177618551726e-13
  },
  "3": {
    "BLEU_1": 0.38940039143835253,
    "BLEU_2": 6.5820679522827e-09,
    "ROUGE_L": 0.3070469798657718,
    "CIDEr": 0.0,
    "METEOR": 0.17721518987341775,
    "SPICE": 0.0,
    "BLEU_4": 9.674177618551726e-13
  },
  "4": {
    "BLEU_1": 0.38940039143835253,
    "BLEU_2": 6.5820679522827e-09,
    "ROUGE_L": 0.3070469798657718,
    "CIDEr": 0.0,
    "METEOR": 0.17721518987341775,
    "SPICE": 0.0,
    "BLEU_4": 9.674177618551726e-13
  },
  "5": {
    "BLEU_1": 0.38940039143835253,
    "BLEU_2": 6.5820679522827e-09,
    "ROUGE_L": 0.3070469798657718,
    "CIDEr": 0.0,
    "METEOR": 0.17721518987341775,
    "SPICE": 0.0,
    "BLEU_4": 9.674177618551726e-13
  },
  "6": {
    "BLEU_1": 0.38940039143835253,
    "BLEU_2": 6.5820679522827e-09,
    "ROUGE_L": 0.3070469798657718,
    "CIDEr": 0.0,
    "METEOR": 0.22479338842975208,
    "SPICE": 0.0,
    "BLEU_4": 9.674177618551726e-13
  },
  "7": {
    "BLEU_1": 0.38940039143835253,
    "BLEU_2": 6.5820679522827e-09,
    "ROUGE_L": 0.3070469798657718,
    "CIDEr": 0.0,
    "METEOR": 0.22479338842975208,
    "SPICE": 0.0,
    "BLEU_4": 9.674177618551726e-13
  },
  "8": {
    "BLEU_1": 0.4971329536752872,
    "BLEU_2": 7.456994305077522e-09,
    "ROUGE_L": 0.2946859903381642,
    "CIDEr": 0.0,
    "METEOR": 0.22924564798952357,
    "SPICE": 0.0,
    "BLEU_4": 1.0147104005940296e-12
  },
  "9": {
    "BLEU_1": 0.4971329536752872,
    "BLEU_2": 7.456994305077522e-09,
    "ROUGE_L": 0.2946859903381642,
    "CIDEr": 0.0,
    "METEOR": 0.22924564798952357,
    "SPICE": 0.0,
    "BLEU_4": 1.0147104005940296e-12
  }
}