{
  "0": {
    "BLEU_1": 1.2383969992892892e-16,
    "BLEU_2": 1.3376216389974536e-16,
    "ROUGE_L": 0.0,
    "CIDEr": 0.0,
    "METEOR": 0.07058823529411766,
    "SPICE": 0.08695652173913045,
    "BLEU_4": 1.61023072606689e-16
  },
  "1": {
    "BLEU_1": 0.22222222219753096,
    "BLEU_2": 5.270462766325093e-09,
    "ROUGE_L": 0.0928462709284627,
    "CIDEr": 0.0,
    "METEOR": 0.17349397590361448,
    "SPICE": 0.15384615384615383,
    "BLEU_4": 9.018037816335524e-13
  },
  "2": {
    "BLEU_1": 0.11111111109876555,
    "BLEU_2": 3.726779962059685e-09,
    "ROUGE_L": 0.0928462709284627,
    "CIDEr": 0.0,
    "METEOR": 0.13636363636363635,
    "SPICE": 0.07692307692307691,
    "BLEU_4": 7.583235672378979e-13
  },
  "3": {
    "BLEU_1": 0.11111111109876555,
    "BLEU_2": 3.726779962059685e-09,
    "ROUGE_L": 0.0928462709284627,
    "CIDEr": 0.0,
    "METEOR": 0.13636363636363635,
    "SPICE": 0.15384615384615383,
    "BLEU_4": 7.583235672378979e-13
  },
  "4": {
    "BLEU_1": 0.06666666666222229,
    "BLEU_2": 2.1821789022092506e-09,
    "ROUGE_L": 0.07558859975216851,
    "CIDEr": 0.0,
    "METEOR": 0.11650485436893204,
    "SPICE": 0.13793103448275862,
    "BLEU_4": 4.179882048905089e-13
  },
  "5": {
    "BLEU_1": 0.1333333333244445,
    "BLEU_2": 3.0860669990287532e-09,
    "ROUGE_L": 0.15117719950433703,
    "CIDEr": 0.0,
    "METEOR": 0.18733354425628462,
    "SPICE": 0.0625,
    "BLEU_4": 4.970745472430083e-13
  },
  "6": {
    "BLEU_1": 0.2142857142704082,
    "BLEU_2": 4.059989714404599e-09,
    "ROUGE_L": 0.2340153452685422,
    "CIDEr": 0.0,
    "METEOR": 0.19917012448132781,
    "SPICE": 0.12903225806451615,
    "BLEU_4": 5.944549994012258e-13
  },
  "7": {
    "BLEU_1": 0.23076923075147937,
    "BLEU_2": 4.385290096183762e-09,
    "ROUGE_L": 0.2417437252311757,
    "CIDEr": 0.0,
    "METEOR": 0.20041753653444677,
    "SPICE": 0.21428571428571427,
    "BLEU_4": 6.466227686450042e-13
  },
  "8": {
    "BLEU_1": 0.27145122535649774,
    "BLEU_2": 5.224081267685234e-09,
    "ROUGE_L": 0.2683284457478006,
    "CIDEr": 0.0,
    "METEOR": 0.20960698689956334,
    "SPICE": 0.24,
    "BLEU_4": 7.947732313729421e-13
  },
  "9": {
    "BLEU_1": 0.27145122535649774,
    "BLEU_2": 5.224081267685234e-09,
    "ROUGE_L": 0.2683284457478006,
    "CIDEr": 0.0,
    "METEOR": 0.20960698689956334,
    "SPICE": 0.24,
    "BLEU_4": 7.947732313729421e-13
  }
}