{
  "0": {
    "BLEU_1": 0.4412484511819858,
    "BLEU_2": 0.3335524766312959,
    "ROUGE_L": 0.232824427480916,
    "CIDEr": 0.0,
    "METEOR": 0.13550912397796466,
    "SPICE": 0.06666666666666667,
    "BLEU_4": 7.3309180713030275e-09
  },
  "1": {
    "BLEU_1": 0.3999999999200002,
    "BLEU_2": 0.21081851063455723,
    "ROUGE_L": 0.21254355400696867,
    "CIDEr": 0.0,
    "METEOR": 0.13361389147477634,
    "SPICE": 0.13333333333333333,
    "BLEU_4": 5.307712169906119e-09
  },
  "2": {
    "BLEU_1": 0.32206169694024794,
    "BLEU_2": 0.20084075455651398,
    "ROUGE_L": 0.24448897795591182,
    "CIDEr": 0.0,
    "METEOR": 0.13845497449922478,
    "SPICE": 0.07142857142857142,
    "BLEU_4": 5.809334106350273e-09
  },
  "3": {
    "BLEU_1": 0.3999999999200002,
    "BLEU_2": 0.21081851063455723,
    "ROUGE_L": 0.21254355400696867,
    "CIDEr": 0.0,
    "METEOR": 0.17920948421911514,
    "SPICE": 0.13333333333333333,
    "BLEU_4": 5.307712169906119e-09
  },
  "4": {
    "BLEU_1": 0.3032653297552284,
    "BLEU_2": 0.1918018354745145,
    "ROUGE_L": 0.2573839662447257,
    "CIDEr": 0.0,
    "METEOR": 0.13946559475104395,
    "SPICE": 0.07142857142857142,
    "BLEU_4": 5.795053468391787e-09
  },
  "5": {
    "BLEU_1": 0.20217688650348561,
    "BLEU_2": 0.15660554288060333,
    "ROUGE_L": 0.2573839662447257,
    "CIDEr": 0.0,
    "METEOR": 0.14153175171031868,
    "SPICE": 0.07142857142857142,
    "BLEU_4": 5.236421925064999e-09
  },
  "6": {
    "BLEU_1": 0.3032653297552284,
    "BLEU_2": 0.1918018354745145,
    "ROUGE_L": 0.2573839662447257,
    "CIDEr": 0.0,
    "METEOR": 0.14153175171031868,
    "SPICE": 0.07142857142857142,
    "BLEU_4": 5.795053468391787e-09
  },
  "7": {
    "BLEU_1": 0.3999999999200002,
    "BLEU_2": 0.21081851063455723,
    "ROUGE_L": 0.21254355400696867,
    "CIDEr": 0.0,
    "METEOR": 0.1447753135081826,
    "SPICE": 0.06451612903225806,
    "BLEU_4": 5.307712169906119e-09
  },
  "8": {
    "BLEU_1": 0.3999999999200002,
    "BLEU_2": 0.21081851063455723,
    "ROUGE_L": 0.21254355400696867,
    "CIDEr": 0.0,
    "METEOR": 0.14681440243083302,
    "SPICE": 0.06451612903225806,
    "BLEU_4": 5.307712169906119e-09
  },
  "9": {
    "BLEU_1": 0.4294155959203306,
    "BLEU_2": 0.2319109274149018,
    "ROUGE_L": 0.24448897795591182,
    "CIDEr": 0.0,
    "METEOR": 0.14891175103698776,
    "SPICE": 0.14285714285714285,
    "BLEU_4": 6.2425357546009905e-09
  }
}