{
  "0": {
    "BLEU_1": 0.14325239835846895,
    "BLEU_2": 3.6987610208233575e-09,
    "ROUGE_L": 0.14386792452830188,
    "CIDEr": 0.0,
    "METEOR": 0.21052631578947367,
    "SPICE": 0.0,
    "BLEU_4": 8.656385437908143e-13
  },
  "1": {
    "BLEU_1": 0.5367694949004131,
    "BLEU_2": 0.36668337245653715,
    "ROUGE_L": 0.34205607476635513,
    "CIDEr": 0.0,
    "METEOR": 0.2671266952356557,
    "SPICE": 0.2962962962962963,
    "BLEU_4": 7.849573143826273e-09
  },
  "2": {
    "BLEU_1": 0.5367694949004131,
    "BLEU_2": 0.44909357984071563,
    "ROUGE_L": 0.34205607476635513,
    "CIDEr": 0.0,
    "METEOR": 0.287235841620908,
    "SPICE": 0.28571428571428575,
    "BLEU_4": 4.885048225041087e-05
  },
  "3": {
    "BLEU_1": 0.4043537730069712,
    "BLEU_2": 0.22147368268455053,
    "ROUGE_L": 0.31443298969072164,
    "CIDEr": 0.0,
    "METEOR": 0.22922201933994327,
    "SPICE": 0.15384615384615385,
    "BLEU_4": 6.227190210443543e-09
  },
  "4": {
    "BLEU_1": 0.4294155959203306,
    "BLEU_2": 0.2319109274149018,
    "ROUGE_L": 0.30148270181219106,
    "CIDEr": 0.0,
    "METEOR": 0.262785443006449,
    "SPICE": 0.16,
    "BLEU_4": 6.2425357546009905e-09
  },
  "5": {
    "BLEU_1": 0.5054422162587139,
    "BLEU_2": 0.35018063953428713,
    "ROUGE_L": 0.41924398625429554,
    "CIDEr": 0.0,
    "METEOR": 0.3165527101947246,
    "SPICE": 0.23076923076923075,
    "BLEU_4": 4.403288425543113e-05
  },
  "6": {
    "BLEU_1": 0.6666666665185187,
    "BLEU_2": 0.40824829037030635,
    "ROUGE_L": 0.3713850837138508,
    "CIDEr": 0.0,
    "METEOR": 0.3099447892374851,
    "SPICE": 0.21428571428571427,
    "BLEU_4": 4.463236136748592e-05
  },
  "7": {
    "BLEU_1": 0.555555555432099,
    "BLEU_2": 0.37267799616455977,
    "ROUGE_L": 0.3713850837138508,
    "CIDEr": 0.0,
    "METEOR": 0.30491474290815385,
    "SPICE": 0.21428571428571427,
    "BLEU_4": 4.264366796762506e-05
  },
  "8": {
    "BLEU_1": 0.5054422162587139,
    "BLEU_2": 0.35018063953428713,
    "ROUGE_L": 0.41924398625429554,
    "CIDEr": 0.0,
    "METEOR": 0.3165527101947246,
    "SPICE": 0.23076923076923075,
    "BLEU_4": 4.403288425543113e-05
  },
  "9": {
    "BLEU_1": 0.555555555432099,
    "BLEU_2": 0.37267799616455977,
    "ROUGE_L": 0.3713850837138508,
    "CIDEr": 0.0,
    "METEOR": 0.30491474290815385,
    "SPICE": 0.21428571428571427,
    "BLEU_4": 4.264366796762506e-05
  }
}