{
  "0": {
    "BLEU_1": 6.295853423721496e-17,
    "BLEU_2": 7.710814191093513e-17,
    "ROUGE_L": 0.0,
    "CIDEr": 0.0,
    "METEOR": 0.0,
    "SPICE": 0.0,
    "BLEU_4": 2.1460411762736674e-14
  },
  "1": {
    "BLEU_1": 0.3715190997867868,
    "BLEU_2": 0.3276490484449087,
    "ROUGE_L": 0.3952483801295896,
    "CIDEr": 0.0,
    "METEOR": 0.26892592487958605,
    "SPICE": 0.21052631578947367,
    "BLEU_4": 7.969405443016395e-09
  },
  "2": {
    "BLEU_1": 0.3715190997867868,
    "BLEU_2": 0.3276490484449087,
    "ROUGE_L": 0.3952483801295896,
    "CIDEr": 0.0,
    "METEOR": 0.26892592487958605,
    "SPICE": 0.21052631578947367,
    "BLEU_4": 7.969405443016395e-09
  },
  "3": {
    "BLEU_1": 0.3715190997867868,
    "BLEU_2": 0.3276490484449087,
    "ROUGE_L": 0.3952483801295896,
    "CIDEr": 0.0,
    "METEOR": 0.26892592487958605,
    "SPICE": 0.21052631578947367,
    "BLEU_4": 7.969405443016395e-09
  },
  "4": {
    "BLEU_1": 0.3715190997867868,
    "BLEU_2": 0.3276490484449087,
    "ROUGE_L": 0.3952483801295896,
    "CIDEr": 0.0,
    "METEOR": 0.26892592487958605,
    "SPICE": 0.21052631578947367,
    "BLEU_4": 7.969405443016395e-09
  },
  "5": {
    "BLEU_1": 0.3715190997867868,
    "BLEU_2": 0.3276490484449087,
    "ROUGE_L": 0.3952483801295896,
    "CIDEr": 0.0,
    "METEOR": 0.26892592487958605,
    "SPICE": 0.21052631578947367,
    "BLEU_4": 7.969405443016395e-09
  },
  "6": {
    "BLEU_1": 0.3715190997867868,
    "BLEU_2": 0.3276490484449087,
    "ROUGE_L": 0.3952483801295896,
    "CIDEr": 0.0,
    "METEOR": 0.26892592487958605,
    "SPICE": 0.21052631578947367,
    "BLEU_4": 7.969405443016395e-09
  },
  "7": {
    "BLEU_1": 0.3715190997867868,
    "BLEU_2": 0.3276490484449087,
    "ROUGE_L": 0.3952483801295896,
    "CIDEr": 0.0,
    "METEOR": 0.26892592487958605,
    "SPICE": 0.21052631578947367,
    "BLEU_4": 7.969405443016395e-09
  },
  "8": {
    "BLEU_1": 0.3715190997867868,
    "BLEU_2": 0.3276490484449087,
    "ROUGE_L": 0.3952483801295896,
    "CIDEr": 0.0,
    "METEOR": 0.26892592487958605,
    "SPICE": 0.21052631578947367,
    "BLEU_4": 7.969405443016395e-09
  },
  "9": {
    "BLEU_1": 0.3715190997867868,
    "BLEU_2": 0.3276490484449087,
    "ROUGE_L": 0.3952483801295896,
    "CIDEr": 0.0,
    "METEOR": 0.26892592487958605,
    "SPICE": 0.21052631578947367,
    "BLEU_4": 7.969405443016395e-09
  }
}