{
  "0": {
    "BLEU_1": 0.6249999998437503,
    "BLEU_2": 0.42257712725484126,
    "ROUGE_L": 0.3267857142857143,
    "CIDEr": 0.0,
    "METEOR": 0.20457437154272165,
    "SPICE": 0.1935483870967742,
    "BLEU_4": 8.783602617222663e-09
  },
  "1": {
    "BLEU_1": 0.5333333332977779,
    "BLEU_2": 0.33806170186806433,
    "ROUGE_L": 0.2760180995475113,
    "CIDEr": 0.0,
    "METEOR": 0.2886267506758105,
    "SPICE": 0.2702702702702703,
    "BLEU_4": 2.9256127305132916e-05
  },
  "2": {
    "BLEU_1": 0.5333333332977779,
    "BLEU_2": 0.2760262237178828,
    "ROUGE_L": 0.2760180995475113,
    "CIDEr": 0.0,
    "METEOR": 0.2779440186844299,
    "SPICE": 0.2702702702702703,
    "BLEU_4": 2.6435895250782795e-05
  },
  "3": {
    "BLEU_1": 0.5333333332977779,
    "BLEU_2": 0.2760262237178828,
    "ROUGE_L": 0.2760180995475113,
    "CIDEr": 0.0,
    "METEOR": 0.28575484270888696,
    "SPICE": 0.21621621621621623,
    "BLEU_4": 4.701040821041278e-09
  },
  "4": {
    "BLEU_1": 0.6999999998600002,
    "BLEU_2": 0.3944053187922357,
    "ROUGE_L": 0.34014869888475835,
    "CIDEr": 0.0,
    "METEOR": 0.2883515192398648,
    "SPICE": 0.18181818181818182,
    "BLEU_4": 7.259795289559491e-09
  },
  "5": {
    "BLEU_1": 0.555555555432099,
    "BLEU_2": 0.37267799616455977,
    "ROUGE_L": 0.31282051282051276,
    "CIDEr": 0.0,
    "METEOR": 0.21896117295426837,
    "SPICE": 0.23529411764705882,
    "BLEU_4": 7.583235671536399e-09
  },
  "6": {
    "BLEU_1": 0.5999999998800002,
    "BLEU_2": 0.4472135954080309,
    "ROUGE_L": 0.3,
    "CIDEr": 0.0,
    "METEOR": 0.2681737071482838,
    "SPICE": 0.22857142857142856,
    "BLEU_4": 4.3472087184946525e-05
  },
  "7": {
    "BLEU_1": 0.5999999998800002,
    "BLEU_2": 0.4472135954080309,
    "ROUGE_L": 0.3,
    "CIDEr": 0.0,
    "METEOR": 0.2681737071482838,
    "SPICE": 0.22857142857142856,
    "BLEU_4": 4.3472087184946525e-05
  },
  "8": {
    "BLEU_1": 0.5999999998800002,
    "BLEU_2": 0.4472135954080309,
    "ROUGE_L": 0.3,
    "CIDEr": 0.0,
    "METEOR": 0.2681737071482838,
    "SPICE": 0.22857142857142856,
    "BLEU_4": 4.3472087184946525e-05
  },
  "9": {
    "BLEU_1": 0.5999999998800002,
    "BLEU_2": 0.4472135954080309,
    "ROUGE_L": 0.3,
    "CIDEr": 0.0,
    "METEOR": 0.2681737071482838,
    "SPICE": 0.22857142857142856,
    "BLEU_4": 4.3472087184946525e-05
  }
}