{
  "0": {
    "BLEU_1": 0.23884377011164867,
    "BLEU_2": 5.85045365006396e-09,
    "ROUGE_L": 0.11960784313725491,
    "CIDEr": 0.0,
    "METEOR": 0.17777777777777778,
    "SPICE": 0.18181818181818182,
    "BLEU_4": 1.1000617045598687e-12
  },
  "1": {
    "BLEU_1": 0.3333333332962964,
    "BLEU_2": 6.454972242916984e-09,
    "ROUGE_L": 0.20854700854700853,
    "CIDEr": 0.0,
    "METEOR": 0.18924731182795698,
    "SPICE": 0.16666666666666666,
    "BLEU_4": 9.980099402512292e-13
  },
  "2": {
    "BLEU_1": 0.23884377011164867,
    "BLEU_2": 5.85045365006396e-09,
    "ROUGE_L": 0.2234432234432234,
    "CIDEr": 0.0,
    "METEOR": 0.21052631578947367,
    "SPICE": 0.08333333333333333,
    "BLEU_4": 1.1000617045598687e-12
  },
  "3": {
    "BLEU_1": 0.23884377011164867,
    "BLEU_2": 5.85045365006396e-09,
    "ROUGE_L": 0.2234432234432234,
    "CIDEr": 0.0,
    "METEOR": 0.21052631578947367,
    "SPICE": 0.08333333333333333,
    "BLEU_4": 1.1000617045598687e-12
  },
  "4": {
    "BLEU_1": 0.23884377011164867,
    "BLEU_2": 5.85045365006396e-09,
    "ROUGE_L": 0.2234432234432234,
    "CIDEr": 0.0,
    "METEOR": 0.21052631578947367,
    "SPICE": 0.08333333333333333,
    "BLEU_4": 1.1000617045598687e-12
  },
  "5": {
    "BLEU_1": 0.23884377011164867,
    "BLEU_2": 5.85045365006396e-09,
    "ROUGE_L": 0.2234432234432234,
    "CIDEr": 0.0,
    "METEOR": 0.21052631578947367,
    "SPICE": 0.08333333333333333,
    "BLEU_4": 1.1000617045598687e-12
  },
  "6": {
    "BLEU_1": 0.23884377011164867,
    "BLEU_2": 5.85045365006396e-09,
    "ROUGE_L": 0.2234432234432234,
    "CIDEr": 0.0,
    "METEOR": 0.21052631578947367,
    "SPICE": 0.08333333333333333,
    "BLEU_4": 1.1000617045598687e-12
  },
  "7": {
    "BLEU_1": 0.23884377011164867,
    "BLEU_2": 5.85045365006396e-09,
    "ROUGE_L": 0.2234432234432234,
    "CIDEr": 0.0,
    "METEOR": 0.21052631578947367,
    "SPICE": 0.08333333333333333,
    "BLEU_4": 1.1000617045598687e-12
  },
  "8": {
    "BLEU_1": 0.23884377011164867,
    "BLEU_2": 5.85045365006396e-09,
    "ROUGE_L": 0.2234432234432234,
    "CIDEr": 0.0,
    "METEOR": 0.21052631578947367,
    "SPICE": 0.08333333333333333,
    "BLEU_4": 1.1000617045598687e-12
  },
  "9": {
    "BLEU_1": 0.23884377011164867,
    "BLEU_2": 5.85045365006396e-09,
    "ROUGE_L": 0.2234432234432234,
    "CIDEr": 0.0,
    "METEOR": 0.21052631578947367,
    "SPICE": 0.08333333333333333,
    "BLEU_4": 1.1000617045598687e-12
  }
}