{
  "0": {
    "BLEU_1": 0.23884377011164867,
    "BLEU_2": 0.1850075887944782,
    "ROUGE_L": 0.2785388127853881,
    "CIDEr": 0.0,
    "METEOR": 0.17391304347826086,
    "SPICE": 0.15384615384615385,
    "BLEU_4": 6.1861015673335086e-09
  },
  "1": {
    "BLEU_1": 0.24999999993750016,
    "BLEU_2": 5.976143045124577e-09,
    "ROUGE_L": 0.21785714285714283,
    "CIDEr": 0.0,
    "METEOR": 0.18850752024681838,
    "SPICE": 0.14285714285714285,
    "BLEU_4": 1.0445522727757714e-12
  },
  "2": {
    "BLEU_1": 0.3333333332592594,
    "BLEU_2": 6.454972242199766e-09,
    "ROUGE_L": 0.1189083820662768,
    "CIDEr": 0.0,
    "METEOR": 0.10909090909090909,
    "SPICE": 0.07142857142857142,
    "BLEU_4": 9.980099401403394e-13
  },
  "3": {
    "BLEU_1": 0.24999999993750016,
    "BLEU_2": 0.18898223645568088,
    "ROUGE_L": 0.16486486486486487,
    "CIDEr": 0.0,
    "METEOR": 0.16580310880829013,
    "SPICE": 0.14285714285714285,
    "BLEU_4": 5.873949093033183e-09
  },
  "4": {
    "BLEU_1": 0.22222222217283966,
    "BLEU_2": 0.16666666662847238,
    "ROUGE_L": 0.15947712418300655,
    "CIDEr": 0.0,
    "METEOR": 0.16202531645569618,
    "SPICE": 0.20689655172413796,
    "BLEU_4": 5.071215335691334e-09
  },
  "5": {
    "BLEU_1": 0.12383969992892904,
    "BLEU_2": 4.229931026759462e-09,
    "ROUGE_L": 0.08531468531468532,
    "CIDEr": 0.0,
    "METEOR": 0.14621409921671016,
    "SPICE": 0.21428571428571427,
    "BLEU_4": 9.054992803586729e-13
  },
  "6": {
    "BLEU_1": 0.12383969992892904,
    "BLEU_2": 4.229931026759462e-09,
    "ROUGE_L": 0.13174946004319654,
    "CIDEr": 0.0,
    "METEOR": 0.14621409921671016,
    "SPICE": 0.14285714285714285,
    "BLEU_4": 9.054992803586729e-13
  },
  "7": {
    "BLEU_1": 0.24999999993750016,
    "BLEU_2": 0.18898223645568088,
    "ROUGE_L": 0.25,
    "CIDEr": 0.0,
    "METEOR": 0.16580310880829013,
    "SPICE": 0.21428571428571427,
    "BLEU_4": 5.873949093033183e-09
  },
  "8": {
    "BLEU_1": 0.24999999993750016,
    "BLEU_2": 0.18898223645568088,
    "ROUGE_L": 0.16486486486486487,
    "CIDEr": 0.0,
    "METEOR": 0.16580310880829013,
    "SPICE": 0.21428571428571427,
    "BLEU_4": 5.873949093033183e-09
  },
  "9": {
    "BLEU_1": 0.36363636360330587,
    "BLEU_2": 0.19069251783091612,
    "ROUGE_L": 0.14969325153374236,
    "CIDEr": 0.0,
    "METEOR": 0.17955112219451372,
    "SPICE": 0.2,
    "BLEU_4": 4.740604259372055e-09
  }
}