{
  "0": {
    "BLEU_1": 0.12499999996875016,
    "BLEU_2": 4.225771272548414e-09,
    "ROUGE_L": 0.10892857142857142,
    "CIDEr": 0.0,
    "METEOR": 0.049484536082474224,
    "SPICE": 0.08695652173913045,
    "BLEU_4": 8.783602617222665e-13
  },
  "1": {
    "BLEU_1": 0.1194218850558244,
    "BLEU_2": 4.136895448977816e-09,
    "ROUGE_L": 0.11960784313725491,
    "CIDEr": 0.0,
    "METEOR": 0.05139186295503212,
    "SPICE": 0.0909090909090909,
    "BLEU_4": 9.250379439222845e-13
  },
  "2": {
    "BLEU_1": 0.10976232717490052,
    "BLEU_2": 3.8806842931124116e-09,
    "ROUGE_L": 0.12577319587628866,
    "CIDEr": 0.0,
    "METEOR": 0.052401746724890834,
    "SPICE": 0.09999999999999999,
    "BLEU_4": 9.324552513250358e-13
  },
  "3": {
    "BLEU_1": 0.12499999996875016,
    "BLEU_2": 4.225771272548414e-09,
    "ROUGE_L": 0.10892857142857142,
    "CIDEr": 0.0,
    "METEOR": 0.05010438413361169,
    "SPICE": 0.08695652173913045,
    "BLEU_4": 8.783602617222665e-13
  },
  "4": {
    "BLEU_1": 0.12499999996875016,
    "BLEU_2": 4.225771272548414e-09,
    "ROUGE_L": 0.10892857142857142,
    "CIDEr": 0.0,
    "METEOR": 0.049484536082474224,
    "SPICE": 0.08695652173913045,
    "BLEU_4": 8.783602617222665e-13
  },
  "5": {
    "BLEU_1": 0.12499999996875016,
    "BLEU_2": 4.225771272548414e-09,
    "ROUGE_L": 0.10892857142857142,
    "CIDEr": 0.0,
    "METEOR": 0.048879837067209775,
    "SPICE": 0.08333333333333333,
    "BLEU_4": 8.783602617222665e-13
  },
  "6": {
    "BLEU_1": 0.1111111110864199,
    "BLEU_2": 3.726779961645599e-09,
    "ROUGE_L": 0.10427350427350426,
    "CIDEr": 0.0,
    "METEOR": 0.04858299595141701,
    "SPICE": 0.08695652173913045,
    "BLEU_4": 7.583235671536399e-13
  },
  "7": {
    "BLEU_1": 0.1194218850558244,
    "BLEU_2": 4.136895448977816e-09,
    "ROUGE_L": 0.11960784313725491,
    "CIDEr": 0.0,
    "METEOR": 0.050739957716701915,
    "SPICE": 0.09523809523809525,
    "BLEU_4": 9.250379439222845e-13
  },
  "8": {
    "BLEU_1": 0.1111111110864199,
    "BLEU_2": 3.726779961645599e-09,
    "ROUGE_L": 0.10427350427350426,
    "CIDEr": 0.0,
    "METEOR": 0.049180327868852465,
    "SPICE": 0.08333333333333333,
    "BLEU_4": 7.583235671536399e-13
  },
  "9": {
    "BLEU_1": 0.12383969992892904,
    "BLEU_2": 4.229931026759462e-09,
    "ROUGE_L": 0.11401869158878504,
    "CIDEr": 0.0,
    "METEOR": 0.049792531120331954,
    "SPICE": 0.0909090909090909,
    "BLEU_4": 9.054992803586729e-13
  }
}