{
  "0": {
    "BLEU_1": 0.4294155959203306,
    "BLEU_2": 7.333667449130742e-09,
    "ROUGE_L": 0.24448897795591182,
    "CIDEr": 0.0,
    "METEOR": 0.17080610021786496,
    "SPICE": 0.26086956521739124,
    "BLEU_4": 1.1100972798838728e-12
  },
  "1": {
    "BLEU_1": 0.10735389898008273,
    "BLEU_2": 3.666833724565372e-09,
    "ROUGE_L": 0.12224448897795591,
    "CIDEr": 0.0,
    "METEOR": 0.16380620432359277,
    "SPICE": 0.17391304347826086,
    "BLEU_4": 7.849573143826273e-13
  },
  "2": {
    "BLEU_1": 0.22222222217283966,
    "BLEU_2": 5.270462765739487e-09,
    "ROUGE_L": 0.1111111111111111,
    "CIDEr": 0.0,
    "METEOR": 0.1590152150606465,
    "SPICE": 0.16,
    "BLEU_4": 9.018037815333522e-13
  },
  "3": {
    "BLEU_1": 0.36363636357024803,
    "BLEU_2": 6.030226890431458e-09,
    "ROUGE_L": 0.2036727879799666,
    "CIDEr": 0.0,
    "METEOR": 0.16000000000000003,
    "SPICE": 0.2222222222222222,
    "BLEU_4": 8.430118944817767e-13
  },
  "4": {
    "BLEU_1": 0.36363636357024803,
    "BLEU_2": 6.030226890431458e-09,
    "ROUGE_L": 0.2036727879799666,
    "CIDEr": 0.0,
    "METEOR": 0.1739130434782609,
    "SPICE": 0.18181818181818182,
    "BLEU_4": 8.430118944817767e-13
  },
  "5": {
    "BLEU_1": 0.23076923075147937,
    "BLEU_2": 4.385290096183762e-09,
    "ROUGE_L": 0.15384615384615383,
    "CIDEr": 0.0,
    "METEOR": 0.16793893129770993,
    "SPICE": 0.20689655172413793,
    "BLEU_4": 6.466227686450042e-13
  },
  "6": {
    "BLEU_1": 0.28571428569387763,
    "BLEU_2": 4.688072309037213e-09,
    "ROUGE_L": 0.2237163814180929,
    "CIDEr": 0.0,
    "METEOR": 0.21751152073732719,
    "SPICE": 0.19354838709677422,
    "BLEU_4": 6.387834681787387e-13
  },
  "7": {
    "BLEU_1": 0.3999999999600001,
    "BLEU_2": 6.666666665962964e-09,
    "ROUGE_L": 0.25487465181058494,
    "CIDEr": 0.0,
    "METEOR": 0.1770623742454729,
    "SPICE": 0.15384615384615385,
    "BLEU_4": 9.43859526710092e-13
  },
  "8": {
    "BLEU_1": 0.33093633838648934,
    "BLEU_2": 6.459215935396237e-09,
    "ROUGE_L": 0.232824427480916,
    "CIDEr": 0.0,
    "METEOR": 0.16701461377870563,
    "SPICE": 0.16666666666666666,
    "BLEU_4": 1.0201550479411466e-12
  },
  "9": {
    "BLEU_1": 0.22222222217283966,
    "BLEU_2": 5.270462765739487e-09,
    "ROUGE_L": 0.1111111111111111,
    "CIDEr": 0.0,
    "METEOR": 0.046819415173201394,
    "SPICE": 0.0,
    "BLEU_4": 9.018037815333522e-13
  }
}