{
  "0": {
    "BLEU_1": 0.2499999999687501,
    "BLEU_2": 5.976143045871594e-09,
    "ROUGE_L": 0.125,
    "CIDEr": 0.0,
    "METEOR": 0.13979759457435265,
    "SPICE": 0.1,
    "BLEU_4": 1.0445522729063402e-12
  },
  "1": {
    "BLEU_1": 0.3333333332592594,
    "BLEU_2": 6.454972242199766e-09,
    "ROUGE_L": 0.2222222222222222,
    "CIDEr": 0.0,
    "METEOR": 0.13837912969141106,
    "SPICE": 0.1,
    "BLEU_4": 9.980099401403394e-13
  },
  "2": {
    "BLEU_1": 0.27272727267768604,
    "BLEU_2": 0.1651445647381773,
    "ROUGE_L": 0.216696269982238,
    "CIDEr": 0.0,
    "METEOR": 0.2491652259902637,
    "SPICE": 0.0,
    "BLEU_4": 4.4116293584506874e-09
  },
  "3": {
    "BLEU_1": 0.36363636357024803,
    "BLEU_2": 0.19069251781358043,
    "ROUGE_L": 0.32504440497335696,
    "CIDEr": 0.0,
    "METEOR": 0.2491652259902637,
    "SPICE": 0.0,
    "BLEU_4": 4.740604258941092e-09
  },
  "4": {
    "BLEU_1": 0.4666666666355556,
    "BLEU_2": 0.18257418582244916,
    "ROUGE_L": 0.26180257510729615,
    "CIDEr": 0.0,
    "METEOR": 0.23553369149585648,
    "SPICE": 0.30769230769230765,
    "BLEU_4": 3.8233014075451295e-09
  },
  "5": {
    "BLEU_1": 0.3749999999765626,
    "BLEU_2": 0.15811388299820756,
    "ROUGE_L": 0.2527624309392265,
    "CIDEr": 0.0,
    "METEOR": 0.2083318019261557,
    "SPICE": 0.16666666666666666,
    "BLEU_4": 3.4234749556315017e-09
  },
  "6": {
    "BLEU_1": 0.3749999999765626,
    "BLEU_2": 0.15811388299820756,
    "ROUGE_L": 0.2527624309392265,
    "CIDEr": 0.0,
    "METEOR": 0.2083318019261557,
    "SPICE": 0.16666666666666666,
    "BLEU_4": 3.4234749556315017e-09
  },
  "7": {
    "BLEU_1": 0.2849111010768803,
    "BLEU_2": 4.688786182905264e-09,
    "ROUGE_L": 0.18798151001540828,
    "CIDEr": 0.0,
    "METEOR": 0.19429555313940722,
    "SPICE": 0.0,
    "BLEU_4": 6.433960777519012e-13
  },
  "8": {
    "BLEU_1": 0.3124999999804688,
    "BLEU_2": 4.564354645581603e-09,
    "ROUGE_L": 0.16850828729281767,
    "CIDEr": 0.0,
    "METEOR": 0.17836035838866493,
    "SPICE": 0.2758620689655172,
    "BLEU_4": 5.816635420743959e-13
  },
  "9": {
    "BLEU_1": 0.24999999998437505,
    "BLEU_2": 4.0824829043749705e-09,
    "ROUGE_L": 0.15326633165829145,
    "CIDEr": 0.0,
    "METEOR": 0.1754819203282139,
    "SPICE": 0.20689655172413796,
    "BLEU_4": 5.501034141799257e-13
  }
}