{
  "0": {
    "BLEU_1": 6.295853423721496e-17,
    "BLEU_2": 7.710814191093513e-17,
    "ROUGE_L": 0.0,
    "CIDEr": 0.0,
    "METEOR": 0.0,
    "SPICE": 0.0,
    "BLEU_4": 2.1460411762736674e-14
  },
  "1": {
    "BLEU_1": 0.5971094252791215,
    "BLEU_2": 0.29252268250319813,
    "ROUGE_L": 0.47843137254901963,
    "CIDEr": 0.0,
    "METEOR": 0.1898227152595362,
    "SPICE": 0.1935483870967742,
    "BLEU_4": 7.778610910179157e-09
  },
  "2": {
    "BLEU_1": 0.6999999998600002,
    "BLEU_2": 0.3944053187922357,
    "ROUGE_L": 0.3342465753424658,
    "CIDEr": 0.0,
    "METEOR": 0.19335707334495092,
    "SPICE": 0.24242424242424243,
    "BLEU_4": 4.082482903741539e-05
  },
  "3": {
    "BLEU_1": 0.6191984996446447,
    "BLEU_2": 0.2991012912972992,
    "ROUGE_L": 0.27685325264750377,
    "CIDEr": 0.0,
    "METEOR": 0.1886594463449521,
    "SPICE": 0.1875,
    "BLEU_4": 7.614310988684265e-09
  },
  "4": {
    "BLEU_1": 0.47768754022329724,
    "BLEU_2": 8.273790897955628e-09,
    "ROUGE_L": 0.13926940639269406,
    "CIDEr": 0.0,
    "METEOR": 0.06852248394004283,
    "SPICE": 0.12903225806451613,
    "BLEU_4": 1.3082012060046169e-12
  },
  "5": {
    "BLEU_1": 0.3715190997867868,
    "BLEU_2": 7.326455450859374e-09,
    "ROUGE_L": 0.2634989200863931,
    "CIDEr": 0.0,
    "METEOR": 0.0855614973262032,
    "SPICE": 0.0625,
    "BLEU_4": 1.1917040716272326e-12
  },
  "6": {
    "BLEU_1": 0.7430381995735735,
    "BLEU_2": 0.5675047989581782,
    "ROUGE_L": 0.45607476635514016,
    "CIDEr": 0.0,
    "METEOR": 0.2342616523892612,
    "SPICE": 0.1935483870967742,
    "BLEU_4": 5.898019930403657e-05
  },
  "7": {
    "BLEU_1": 0.5971094252791215,
    "BLEU_2": 0.29252268250319813,
    "ROUGE_L": 0.3588235294117647,
    "CIDEr": 0.0,
    "METEOR": 0.185673444635143,
    "SPICE": 0.1935483870967742,
    "BLEU_4": 7.778610910179157e-09
  },
  "8": {
    "BLEU_1": 0.6191984996446447,
    "BLEU_2": 0.5180586331363808,
    "ROUGE_L": 0.35935198821796754,
    "CIDEr": 0.0,
    "METEOR": 0.30868565644176366,
    "SPICE": 0.13333333333333333,
    "BLEU_4": 0.37684991632384973
  },
  "9": {
    "BLEU_1": 0.555555555432099,
    "BLEU_2": 0.37267799616455977,
    "ROUGE_L": 0.31282051282051276,
    "CIDEr": 0.0,
    "METEOR": 0.2733016385722097,
    "SPICE": 0.24242424242424243,
    "BLEU_4": 4.264366796762506e-05
  }
}