{
  "0": {
    "BLEU_1": 0.10976232717490052,
    "BLEU_2": 3.8806842931124116e-09,
    "ROUGE_L": 0.1358574610244989,
    "CIDEr": 0.0,
    "METEOR": 0.06837606837606837,
    "SPICE": 0.07692307692307693,
    "BLEU_4": 9.324552513250358e-13
  },
  "1": {
    "BLEU_1": 0.1999999999800001,
    "BLEU_2": 4.714045207412725e-09,
    "ROUGE_L": 0.10627177700348434,
    "CIDEr": 0.0,
    "METEOR": 0.0625,
    "SPICE": 0.06451612903225806,
    "BLEU_4": 7.93688092513584e-13
  },
  "2": {
    "BLEU_1": 0.24999999997916675,
    "BLEU_2": 4.767312945812628e-09,
    "ROUGE_L": 0.19551282051282048,
    "CIDEr": 0.0,
    "METEOR": 0.11372549019607843,
    "SPICE": 0.12121212121212123,
    "BLEU_4": 7.08885680157797e-13
  },
  "3": {
    "BLEU_1": 0.30769230766863914,
    "BLEU_2": 5.063696835012589e-09,
    "ROUGE_L": 0.09399075500770414,
    "CIDEr": 0.0,
    "METEOR": 0.09567010309278352,
    "SPICE": 0.11764705882352941,
    "BLEU_4": 6.948413844184121e-13
  },
  "4": {
    "BLEU_1": 0.24999999998437505,
    "BLEU_2": 4.0824829043749705e-09,
    "ROUGE_L": 0.08425414364640883,
    "CIDEr": 0.0,
    "METEOR": 0.09022556390977443,
    "SPICE": 0.1081081081081081,
    "BLEU_4": 5.501034141799257e-13
  },
  "5": {
    "BLEU_1": 0.24999999998437505,
    "BLEU_2": 4.0824829043749705e-09,
    "ROUGE_L": 0.08425414364640883,
    "CIDEr": 0.0,
    "METEOR": 0.09177820267686425,
    "SPICE": 0.1081081081081081,
    "BLEU_4": 5.501034141799257e-13
  },
  "6": {
    "BLEU_1": 0.2631578947229917,
    "BLEU_2": 3.823595564302531e-09,
    "ROUGE_L": 0.07634543178973717,
    "CIDEr": 0.0,
    "METEOR": 0.10294117647058826,
    "SPICE": 0.10256410256410256,
    "BLEU_4": 4.814971806817797e-13
  },
  "7": {
    "BLEU_1": 0.30769230766863914,
    "BLEU_2": 5.063696835012589e-09,
    "ROUGE_L": 0.09399075500770414,
    "CIDEr": 0.0,
    "METEOR": 0.09561752988047809,
    "SPICE": 0.11764705882352941,
    "BLEU_4": 6.948413844184121e-13
  },
  "8": {
    "BLEU_1": 0.38461538458579886,
    "BLEU_2": 5.661385170269343e-09,
    "ROUGE_L": 0.09399075500770414,
    "CIDEr": 0.0,
    "METEOR": 0.11290322580645162,
    "SPICE": 0.17647058823529413,
    "BLEU_4": 7.347053125332871e-13
  },
  "9": {
    "BLEU_1": 0.33333333331111115,
    "BLEU_2": 4.879500364405748e-09,
    "ROUGE_L": 0.08726752503576538,
    "CIDEr": 0.0,
    "METEOR": 0.11023622047244096,
    "SPICE": 0.16666666666666666,
    "BLEU_4": 6.250381527478681e-13
  }
}