{
  "0": {
    "BLEU_1": 1.0108844325174277e-16,
    "BLEU_2": 1.107368413422752e-16,
    "ROUGE_L": 0.0,
    "CIDEr": 0.0,
    "METEOR": 0.06896551724137931,
    "SPICE": 0.06666666666666667,
    "BLEU_4": 1.392442061937298e-16
  },
  "1": {
    "BLEU_1": 9.999999998000002e-17,
    "BLEU_2": 1.0540925531727854e-16,
    "ROUGE_L": 0.0,
    "CIDEr": 0.0,
    "METEOR": 0.06349206349206349,
    "SPICE": 0.06060606060606061,
    "BLEU_4": 1.1868405216912992e-16
  },
  "2": {
    "BLEU_1": 0.07667036787299863,
    "BLEU_2": 2.5323389066027985e-09,
    "ROUGE_L": 0.06434599156118143,
    "CIDEr": 0.0,
    "METEOR": 0.019417475728155345,
    "SPICE": 0.05714285714285715,
    "BLEU_4": 4.955696291900591e-13
  },
  "3": {
    "BLEU_1": 0.055156056404642766,
    "BLEU_2": 1.8013892588701512e-09,
    "ROUGE_L": 0.058206106870229,
    "CIDEr": 0.0,
    "METEOR": 0.018735362997658083,
    "SPICE": 0.10256410256410255,
    "BLEU_4": 3.432752817544961e-13
  },
  "4": {
    "BLEU_1": 0.09523809523356014,
    "BLEU_2": 2.1821789022534134e-09,
    "ROUGE_L": 0.071849234393404,
    "CIDEr": 0.0,
    "METEOR": 0.05614035087719299,
    "SPICE": 0.13953488372093023,
    "BLEU_4": 3.435094189227651e-13
  },
  "5": {
    "BLEU_1": 0.15384615382248532,
    "BLEU_2": 3.580574369634832e-09,
    "ROUGE_L": 0.09399075500770414,
    "CIDEr": 0.0,
    "METEOR": 0.08869179600886919,
    "SPICE": 0.05405405405405406,
    "BLEU_4": 5.842896292824257e-13
  },
  "6": {
    "BLEU_1": 0.14285714284693884,
    "BLEU_2": 3.31496772041309e-09,
    "ROUGE_L": 0.09050445103857567,
    "CIDEr": 0.0,
    "METEOR": 0.09126559714795009,
    "SPICE": 0.10256410256410255,
    "BLEU_4": 5.371507285148366e-13
  },
  "7": {
    "BLEU_1": 0.1333333333244445,
    "BLEU_2": 3.0860669990287532e-09,
    "ROUGE_L": 0.11925708699902247,
    "CIDEr": 0.0,
    "METEOR": 0.10909090909090909,
    "SPICE": 0.15,
    "BLEU_4": 4.970745472430083e-13
  },
  "8": {
    "BLEU_1": 0.15384615382248532,
    "BLEU_2": 3.580574369634832e-09,
    "ROUGE_L": 0.12538540596094552,
    "CIDEr": 0.0,
    "METEOR": 0.11294117647058824,
    "SPICE": 0.05555555555555555,
    "BLEU_4": 5.842896292824257e-13
  },
  "9": {
    "BLEU_1": 0.22062422561857087,
    "BLEU_2": 3.602778517740301e-09,
    "ROUGE_L": 0.20654627539503387,
    "CIDEr": 0.0,
    "METEOR": 0.13192982456140354,
    "SPICE": 0.16216216216216217,
    "BLEU_4": 4.854645590846537e-13
  }
}