{
  "0": {
    "BLEU_1": 0.33093633838648934,
    "BLEU_2": 6.459215935396237e-09,
    "ROUGE_L": 0.116412213740458,
    "CIDEr": 0.0,
    "METEOR": 0.1342925659472422,
    "SPICE": 0.21428571428571427,
    "BLEU_4": 1.0201550479411466e-12
  },
  "1": {
    "BLEU_1": 0.19999999996000015,
    "BLEU_2": 4.714045206941321e-09,
    "ROUGE_L": 0.10627177700348434,
    "CIDEr": 0.0,
    "METEOR": 0.1439672801635992,
    "SPICE": 0.18749999999999997,
    "BLEU_4": 7.936880924342154e-13
  },
  "2": {
    "BLEU_1": 0.2142857142704082,
    "BLEU_2": 4.059989714404599e-09,
    "ROUGE_L": 0.09050445103857567,
    "CIDEr": 0.0,
    "METEOR": 0.13258003766478343,
    "SPICE": 0.2,
    "BLEU_4": 5.944549994012258e-13
  },
  "3": {
    "BLEU_1": 0.22222222220987659,
    "BLEU_2": 3.6155076301041677e-09,
    "ROUGE_L": 0.07881136950904392,
    "CIDEr": 0.0,
    "METEOR": 0.13443333123195622,
    "SPICE": 0.15789473684210528,
    "BLEU_4": 4.830942081791594e-13
  },
  "4": {
    "BLEU_1": 0.2142857142704082,
    "BLEU_2": 4.059989714404599e-09,
    "ROUGE_L": 0.09050445103857567,
    "CIDEr": 0.0,
    "METEOR": 0.14542473567230485,
    "SPICE": 0.1,
    "BLEU_4": 5.944549994012258e-13
  },
  "5": {
    "BLEU_1": 0.28571428569387763,
    "BLEU_2": 4.688072309037213e-09,
    "ROUGE_L": 0.17183098591549298,
    "CIDEr": 0.0,
    "METEOR": 0.16391865389460686,
    "SPICE": 0.16216216216216214,
    "BLEU_4": 6.387834681787387e-13
  },
  "6": {
    "BLEU_1": 0.24999999997916675,
    "BLEU_2": 0.1507556722757479,
    "ROUGE_L": 0.18484848484848485,
    "CIDEr": 0.0,
    "METEOR": 0.15623333089119235,
    "SPICE": 0.17142857142857143,
    "BLEU_4": 3.986357127883976e-09
  },
  "7": {
    "BLEU_1": 0.24999999997916675,
    "BLEU_2": 4.767312945812628e-09,
    "ROUGE_L": 0.09775641025641024,
    "CIDEr": 0.0,
    "METEOR": 0.13486590038314178,
    "SPICE": 0.19354838709677416,
    "BLEU_4": 7.08885680157797e-13
  },
  "8": {
    "BLEU_1": 0.1538461538343196,
    "BLEU_2": 3.5805743699102604e-09,
    "ROUGE_L": 0.09399075500770414,
    "CIDEr": 0.0,
    "METEOR": 0.1294884791625981,
    "SPICE": 0.18749999999999997,
    "BLEU_4": 5.84289629327371e-13
  },
  "9": {
    "BLEU_1": 0.14285714284693884,
    "BLEU_2": 3.31496772041309e-09,
    "ROUGE_L": 0.09050445103857567,
    "CIDEr": 0.0,
    "METEOR": 0.07952286282306163,
    "SPICE": 0.0,
    "BLEU_4": 5.371507285148366e-13
  }
}