{
  "0": {
    "BLEU_1": 0.35826565516747294,
    "BLEU_2": 7.1653131032300366e-09,
    "ROUGE_L": 0.2573839662447257,
    "CIDEr": 0.0,
    "METEOR": 0.11538461538461538,
    "SPICE": 0.10526315789473684,
    "BLEU_4": 1.2174183989911234e-12
  },
  "1": {
    "BLEU_1": 0.3333333332592594,
    "BLEU_2": 6.454972242199766e-09,
    "ROUGE_L": 0.2222222222222222,
    "CIDEr": 0.0,
    "METEOR": 0.11918735891647854,
    "SPICE": 0.0,
    "BLEU_4": 9.980099401403394e-13
  },
  "2": {
    "BLEU_1": 0.3333333332592594,
    "BLEU_2": 6.454972242199766e-09,
    "ROUGE_L": 0.2222222222222222,
    "CIDEr": 0.0,
    "METEOR": 0.12082379862700228,
    "SPICE": 0.07407407407407407,
    "BLEU_4": 9.980099401403394e-13
  },
  "3": {
    "BLEU_1": 0.29999999994000015,
    "BLEU_2": 5.773502690709485e-09,
    "ROUGE_L": 0.1788856304985337,
    "CIDEr": 0.0,
    "METEOR": 0.12307692307692308,
    "SPICE": 0.07407407407407407,
    "BLEU_4": 8.783602617783837e-13
  },
  "4": {
    "BLEU_1": 0.23884377011164867,
    "BLEU_2": 5.85045365006396e-09,
    "ROUGE_L": 0.12869198312236285,
    "CIDEr": 0.0,
    "METEOR": 0.05769230769230769,
    "SPICE": 0.0,
    "BLEU_4": 1.1000617045598687e-12
  },
  "5": {
    "BLEU_1": 0.16666666665277785,
    "BLEU_2": 3.892494720468497e-09,
    "ROUGE_L": 0.09775641025641024,
    "CIDEr": 0.0,
    "METEOR": 0.06288209606986898,
    "SPICE": 0.0,
    "BLEU_4": 6.40550520920913e-13
  },
  "6": {
    "BLEU_1": 0.19999999996000015,
    "BLEU_2": 4.714045206941321e-09,
    "ROUGE_L": 0.10627177700348434,
    "CIDEr": 0.0,
    "METEOR": 0.07126948775055679,
    "SPICE": 0.0,
    "BLEU_4": 7.936880924342154e-13
  },
  "7": {
    "BLEU_1": 0.42857142854081637,
    "BLEU_2": 5.7416925172062516e-09,
    "ROUGE_L": 0.271513353115727,
    "CIDEr": 0.0,
    "METEOR": 0.1739130434782609,
    "SPICE": 0.1935483870967742,
    "BLEU_4": 7.069301148368759e-13
  },
  "8": {
    "BLEU_1": 0.3749999999765626,
    "BLEU_2": 0.15811388299820756,
    "ROUGE_L": 0.2527624309392265,
    "CIDEr": 0.0,
    "METEOR": 0.23415805422134645,
    "SPICE": 0.1818181818181818,
    "BLEU_4": 3.4234749556315017e-09
  },
  "9": {
    "BLEU_1": 0.3749999999765626,
    "BLEU_2": 4.999999999677084e-09,
    "ROUGE_L": 0.2527624309392265,
    "CIDEr": 0.0,
    "METEOR": 0.2222222222222222,
    "SPICE": 0.2424242424242424,
    "BLEU_4": 6.087895024383412e-13
  }
}