{
  "0": {
    "BLEU_1": 0.4444444443950618,
    "BLEU_2": 7.453559924119366e-09,
    "ROUGE_L": 0.2785388127853881,
    "CIDEr": 0.0,
    "METEOR": 0.20408163265306123,
    "SPICE": 0.26666666666666666,
    "BLEU_4": 1.0724314734549807e-12
  },
  "1": {
    "BLEU_1": 0.39999999994666674,
    "BLEU_2": 5.3452248375230655e-09,
    "ROUGE_L": 0.2760180995475113,
    "CIDEr": 0.0,
    "METEOR": 0.20560747663551404,
    "SPICE": 0.2222222222222222,
    "BLEU_4": 6.541868940830367e-13
  },
  "2": {
    "BLEU_1": 0.5454545454049587,
    "BLEU_2": 7.3854894580549865e-09,
    "ROUGE_L": 0.25884016973125884,
    "CIDEr": 0.0,
    "METEOR": 0.20100502512562812,
    "SPICE": 0.31249999999999994,
    "BLEU_4": 9.329460218001107e-13
  },
  "3": {
    "BLEU_1": 0.4666666666044445,
    "BLEU_2": 5.7735026911127115e-09,
    "ROUGE_L": 0.3214756258234519,
    "CIDEr": 0.0,
    "METEOR": 0.20853080568720384,
    "SPICE": 0.2777777777777778,
    "BLEU_4": 6.798898170957074e-13
  },
  "4": {
    "BLEU_1": 0.35294117644982703,
    "BLEU_2": 4.6966821828537125e-09,
    "ROUGE_L": 0.30160692212608153,
    "CIDEr": 0.0,
    "METEOR": 0.19864559819413094,
    "SPICE": 0.25641025641025644,
    "BLEU_4": 5.692994482116097e-13
  },
  "5": {
    "BLEU_1": 0.4117647058581315,
    "BLEU_2": 0.16042223697020558,
    "ROUGE_L": 0.30160692212608153,
    "CIDEr": 0.0,
    "METEOR": 0.19088937093275493,
    "SPICE": 0.2631578947368421,
    "BLEU_4": 3.3271889137551674e-09
  },
  "6": {
    "BLEU_1": 0.5454545454049587,
    "BLEU_2": 7.3854894580549865e-09,
    "ROUGE_L": 0.25884016973125884,
    "CIDEr": 0.0,
    "METEOR": 0.1923076923076923,
    "SPICE": 0.31249999999999994,
    "BLEU_4": 9.329460218001107e-13
  },
  "7": {
    "BLEU_1": 0.4666666666044445,
    "BLEU_2": 5.7735026911127115e-09,
    "ROUGE_L": 0.3214756258234519,
    "CIDEr": 0.0,
    "METEOR": 0.20853080568720384,
    "SPICE": 0.2777777777777778,
    "BLEU_4": 6.798898170957074e-13
  },
  "8": {
    "BLEU_1": 0.4117647058581315,
    "BLEU_2": 0.16042223697020558,
    "ROUGE_L": 0.34221598877980364,
    "CIDEr": 0.0,
    "METEOR": 0.2314789002828871,
    "SPICE": 0.2222222222222222,
    "BLEU_4": 3.3271889137551674e-09
  },
  "9": {
    "BLEU_1": 0.39902690553043463,
    "BLEU_2": 0.16905144865139224,
    "ROUGE_L": 0.332425068119891,
    "CIDEr": 0.0,
    "METEOR": 0.2605203202710647,
    "SPICE": 0.24242424242424246,
    "BLEU_4": 3.7013098954741056e-09
  }
}