{
  "0": {
    "BLEU_1": 0.1988531814701149,
    "BLEU_2": 0.14913988610155055,
    "ROUGE_L": 0.17604617604617603,
    "CIDEr": 0.0,
    "METEOR": 0.17510729613733905,
    "SPICE": 0.24,
    "BLEU_4": 4.537922866408588e-09
  },
  "1": {
    "BLEU_1": 0.2300111036189957,
    "BLEU_2": 0.1387019142394321,
    "ROUGE_L": 0.23828125000000006,
    "CIDEr": 0.0,
    "METEOR": 0.1839835728952772,
    "SPICE": 0.07407407407407408,
    "BLEU_4": 3.667625609921808e-09
  },
  "2": {
    "BLEU_1": 0.15384615382248532,
    "BLEU_2": 0.11322770339667712,
    "ROUGE_L": 0.15384615384615383,
    "CIDEr": 0.0,
    "METEOR": 0.20322580645161292,
    "SPICE": 0.14814814814814817,
    "BLEU_4": 3.2857020442565717e-09
  },
  "3": {
    "BLEU_1": 0.15384615382248532,
    "BLEU_2": 0.11322770339667712,
    "ROUGE_L": 0.15384615384615383,
    "CIDEr": 0.0,
    "METEOR": 0.20322580645161292,
    "SPICE": 0.07407407407407408,
    "BLEU_4": 3.2857020442565717e-09
  },
  "4": {
    "BLEU_1": 0.12499999999218755,
    "BLEU_2": 0.09128709291163213,
    "ROUGE_L": 0.14055299539170507,
    "CIDEr": 0.0,
    "METEOR": 0.1949709864603482,
    "SPICE": 0.1935483870967742,
    "BLEU_4": 2.6012784402233177e-09
  },
  "5": {
    "BLEU_1": 0.13636363635743806,
    "BLEU_2": 0.08058229639878804,
    "ROUGE_L": 0.17976424361493124,
    "CIDEr": 0.0,
    "METEOR": 0.22088495575221245,
    "SPICE": 0.05714285714285714,
    "BLEU_4": 2.0331710658749726e-09
  },
  "6": {
    "BLEU_1": 0.14285714285204085,
    "BLEU_2": 0.0727392967426849,
    "ROUGE_L": 0.1566780821917808,
    "CIDEr": 0.0,
    "METEOR": 0.20560131795716644,
    "SPICE": 0.09756097560975609,
    "BLEU_4": 1.689103297568578e-09
  },
  "7": {
    "BLEU_1": 0.17391304347069947,
    "BLEU_2": 0.08891084489092392,
    "ROUGE_L": 0.1754554170661553,
    "CIDEr": 0.0,
    "METEOR": 0.21971830985915497,
    "SPICE": 0.15789473684210528,
    "BLEU_4": 2.0828838183001623e-09
  },
  "8": {
    "BLEU_1": 0.16666666665972227,
    "BLEU_2": 0.08512565307225091,
    "ROUGE_L": 0.1713483146067416,
    "CIDEr": 0.0,
    "METEOR": 0.21629116117850958,
    "SPICE": 0.1081081081081081,
    "BLEU_4": 1.990076331198146e-09
  },
  "9": {
    "BLEU_1": 0.1304347826030246,
    "BLEU_2": 0.07699905034747799,
    "ROUGE_L": 0.1754554170661553,
    "CIDEr": 0.0,
    "METEOR": 0.21971830985915497,
    "SPICE": 0.058823529411764705,
    "BLEU_4": 1.9383418022552657e-09
  }
}