{
  "0": {
    "BLEU_1": 0.21470779796016531,
    "BLEU_2": 5.1856859842473975e-09,
    "ROUGE_L": 0.2136602451838879,
    "CIDEr": 0.0,
    "METEOR": 0.15790732628837206,
    "SPICE": 0.07407407407407407,
    "BLEU_4": 9.334768232372482e-13
  },
  "1": {
    "BLEU_1": 0.1111111110864199,
    "BLEU_2": 3.726779961645599e-09,
    "ROUGE_L": 0.1111111111111111,
    "CIDEr": 0.0,
    "METEOR": 0.1481146238828916,
    "SPICE": 0.06896551724137931,
    "BLEU_4": 7.583235671536399e-13
  },
  "2": {
    "BLEU_1": 0.2499999999583334,
    "BLEU_2": 4.7673129454153526e-09,
    "ROUGE_L": 0.19551282051282048,
    "CIDEr": 0.0,
    "METEOR": 0.2189633804156863,
    "SPICE": 0.1290322580645161,
    "BLEU_4": 7.088856800987232e-13
  },
  "3": {
    "BLEU_1": 0.2499999999583334,
    "BLEU_2": 4.7673129454153526e-09,
    "ROUGE_L": 0.19551282051282048,
    "CIDEr": 0.0,
    "METEOR": 0.2156952702602283,
    "SPICE": 0.06451612903225805,
    "BLEU_4": 7.088856800987232e-13
  },
  "4": {
    "BLEU_1": 0.2499999999583334,
    "BLEU_2": 4.7673129454153526e-09,
    "ROUGE_L": 0.19551282051282048,
    "CIDEr": 0.0,
    "METEOR": 0.2298075245777332,
    "SPICE": 0.1290322580645161,
    "BLEU_4": 7.088856800987232e-13
  },
  "5": {
    "BLEU_1": 0.18181818178512404,
    "BLEU_2": 4.2640143263175525e-09,
    "ROUGE_L": 0.18181818181818182,
    "CIDEr": 0.0,
    "METEOR": 0.1579367056452901,
    "SPICE": 0.06666666666666667,
    "BLEU_4": 7.088856800859686e-13
  },
  "6": {
    "BLEU_1": 0.14285714284693884,
    "BLEU_2": 3.31496772041309e-09,
    "ROUGE_L": 0.18100890207715134,
    "CIDEr": 0.0,
    "METEOR": 0.16877761293355087,
    "SPICE": 0.11764705882352942,
    "BLEU_4": 5.371507285148366e-13
  },
  "7": {
    "BLEU_1": 0.2142857142704082,
    "BLEU_2": 4.059989714404599e-09,
    "ROUGE_L": 0.24530831099195713,
    "CIDEr": 0.0,
    "METEOR": 0.1957441963000316,
    "SPICE": 0.11764705882352942,
    "BLEU_4": 5.944549994012258e-13
  },
  "8": {
    "BLEU_1": 0.14285714284693884,
    "BLEU_2": 3.31496772041309e-09,
    "ROUGE_L": 0.18100890207715134,
    "CIDEr": 0.0,
    "METEOR": 0.16877761293355087,
    "SPICE": 0.11764705882352942,
    "BLEU_4": 5.371507285148366e-13
  },
  "9": {
    "BLEU_1": 0.28571428569387763,
    "BLEU_2": 0.14824986332122378,
    "ROUGE_L": 0.271513353115727,
    "CIDEr": 0.0,
    "METEOR": 0.2007029470649078,
    "SPICE": 0.11764705882352942,
    "BLEU_4": 3.592143420053192e-09
  }
}