{
  "0": {
    "BLEU_1": 1.0976232717490041e-16,
    "BLEU_2": 1.227180124627569e-16,
    "ROUGE_L": 0.0,
    "CIDEr": 0.0,
    "METEOR": 0.09638554216867469,
    "SPICE": 0.125,
    "BLEU_4": 1.6581659742139797e-16
  },
  "1": {
    "BLEU_1": 1.0976232717490041e-16,
    "BLEU_2": 1.227180124627569e-16,
    "ROUGE_L": 0.0,
    "CIDEr": 0.0,
    "METEOR": 0.048192771084337345,
    "SPICE": 0.0625,
    "BLEU_4": 1.6581659742139797e-16
  },
  "2": {
    "BLEU_1": 0.4444444443456792,
    "BLEU_2": 0.3333333332569446,
    "ROUGE_L": 0.3333333333333333,
    "CIDEr": 0.0,
    "METEOR": 0.16611015066017581,
    "SPICE": 0.22857142857142856,
    "BLEU_4": 7.171781505449111e-09
  },
  "3": {
    "BLEU_1": 0.3715190997867868,
    "BLEU_2": 0.3276490484449087,
    "ROUGE_L": 0.24448897795591182,
    "CIDEr": 0.0,
    "METEOR": 0.10980392156862746,
    "SPICE": 0.12121212121212122,
    "BLEU_4": 7.969405443016395e-09
  },
  "4": {
    "BLEU_1": 0.23884377011164867,
    "BLEU_2": 5.85045365006396e-09,
    "ROUGE_L": 0.2573839662447257,
    "CIDEr": 0.0,
    "METEOR": 0.17102465215899756,
    "SPICE": 0.1818181818181818,
    "BLEU_4": 1.1000617045598687e-12
  },
  "5": {
    "BLEU_1": 0.23884377011164867,
    "BLEU_2": 5.85045365006396e-09,
    "ROUGE_L": 0.2573839662447257,
    "CIDEr": 0.0,
    "METEOR": 0.11045364891518739,
    "SPICE": 0.12121212121212122,
    "BLEU_4": 1.1000617045598687e-12
  },
  "6": {
    "BLEU_1": 0.23884377011164867,
    "BLEU_2": 5.85045365006396e-09,
    "ROUGE_L": 0.2573839662447257,
    "CIDEr": 0.0,
    "METEOR": 0.11045364891518739,
    "SPICE": 0.12903225806451613,
    "BLEU_4": 1.1000617045598687e-12
  },
  "7": {
    "BLEU_1": 0.23884377011164867,
    "BLEU_2": 5.85045365006396e-09,
    "ROUGE_L": 0.2573839662447257,
    "CIDEr": 0.0,
    "METEOR": 0.11045364891518739,
    "SPICE": 0.12121212121212122,
    "BLEU_4": 1.1000617045598687e-12
  },
  "8": {
    "BLEU_1": 0.23884377011164867,
    "BLEU_2": 5.85045365006396e-09,
    "ROUGE_L": 0.2573839662447257,
    "CIDEr": 0.0,
    "METEOR": 0.09580838323353293,
    "SPICE": 0.12121212121212122,
    "BLEU_4": 1.1000617045598687e-12
  },
  "9": {
    "BLEU_1": 0.1194218850558244,
    "BLEU_2": 4.136895448977816e-09,
    "ROUGE_L": 0.12869198312236285,
    "CIDEr": 0.0,
    "METEOR": 0.14621414205149513,
    "SPICE": 0.12121212121212122,
    "BLEU_4": 9.250379439222845e-13
  }
}