{
  "0": {
    "BLEU_1": 1.2383969992892892e-16,
    "BLEU_2": 1.3376216389974536e-16,
    "ROUGE_L": 0.0,
    "CIDEr": 0.0,
    "METEOR": 0.0672268907563025,
    "SPICE": 0.07692307692307691,
    "BLEU_4": 1.61023072606689e-16
  },
  "1": {
    "BLEU_1": 1.111111110864198e-16,
    "BLEU_2": 1.178511301707504e-16,
    "ROUGE_L": 0.0,
    "CIDEr": 0.0,
    "METEOR": 0.09885583524027462,
    "SPICE": 0.07692307692307691,
    "BLEU_4": 1.3485111856165858e-16
  },
  "2": {
    "BLEU_1": 1.194218850558243e-16,
    "BLEU_2": 1.3082012060754779e-16,
    "ROUGE_L": 0.0,
    "CIDEr": 0.0,
    "METEOR": 0.06896551724137931,
    "SPICE": 0.0,
    "BLEU_4": 1.6449759291817379e-16
  },
  "3": {
    "BLEU_1": 1.2499999996875005e-16,
    "BLEU_2": 1.3363062092161143e-16,
    "ROUGE_L": 0.0,
    "CIDEr": 0.0,
    "METEOR": 0.09953917050691247,
    "SPICE": 0.07142857142857144,
    "BLEU_4": 1.561969968017105e-16
  },
  "4": {
    "BLEU_1": 1.194218850558243e-16,
    "BLEU_2": 1.3082012060754779e-16,
    "ROUGE_L": 0.0,
    "CIDEr": 0.0,
    "METEOR": 0.06779661016949153,
    "SPICE": 0.07692307692307691,
    "BLEU_4": 1.6449759291817379e-16
  },
  "5": {
    "BLEU_1": 1.2383969992892892e-16,
    "BLEU_2": 1.3376216389974536e-16,
    "ROUGE_L": 0.0,
    "CIDEr": 0.0,
    "METEOR": 0.10023201856148492,
    "SPICE": 0.07407407407407408,
    "BLEU_4": 1.61023072606689e-16
  },
  "6": {
    "BLEU_1": 9.999999998000002e-17,
    "BLEU_2": 1.0540925531727854e-16,
    "ROUGE_L": 0.0,
    "CIDEr": 0.0,
    "METEOR": 0.09432314410480351,
    "SPICE": 0.06666666666666667,
    "BLEU_4": 1.1868405216912992e-16
  },
  "7": {
    "BLEU_1": 9.090909090082646e-17,
    "BLEU_2": 9.534625891545801e-17,
    "ROUGE_L": 0.0,
    "CIDEr": 0.0,
    "METEOR": 0.1087202718006795,
    "SPICE": 0.06896551724137932,
    "BLEU_4": 1.0600313378380957e-16
  },
  "8": {
    "BLEU_1": 1.111111110864198e-16,
    "BLEU_2": 1.178511301707504e-16,
    "ROUGE_L": 0.0,
    "CIDEr": 0.0,
    "METEOR": 0.11123986095017382,
    "SPICE": 0.06896551724137932,
    "BLEU_4": 1.3485111856165858e-16
  },
  "9": {
    "BLEU_1": 1.2383969992892892e-16,
    "BLEU_2": 1.3376216389974536e-16,
    "ROUGE_L": 0.0,
    "CIDEr": 0.0,
    "METEOR": 0.10164705882352942,
    "SPICE": 0.07692307692307691,
    "BLEU_4": 1.61023072606689e-16
  }
}