{
  "0": {
    "BLEU_1": 0.23884377011164867,
    "BLEU_2": 0.1850075887944782,
    "ROUGE_L": 0.23921568627450981,
    "CIDEr": 0.0,
    "METEOR": 0.24676170030159816,
    "SPICE": 0.20689655172413793,
    "BLEU_4": 6.1861015673335086e-09
  },
  "1": {
    "BLEU_1": 0.2195246543498009,
    "BLEU_2": 5.488116358607818e-09,
    "ROUGE_L": 0.2515463917525773,
    "CIDEr": 0.0,
    "METEOR": 0.16271186440677968,
    "SPICE": 0.21428571428571427,
    "BLEU_4": 1.108882419297383e-12
  },
  "2": {
    "BLEU_1": 0.4390493086996017,
    "BLEU_2": 0.4251076651787314,
    "ROUGE_L": 0.5030927835051546,
    "CIDEr": 0.0,
    "METEOR": 0.2753964798216568,
    "SPICE": 0.2222222222222222,
    "BLEU_4": 0.3670124607049764
  },
  "3": {
    "BLEU_1": 0.4999999998750002,
    "BLEU_2": 0.26726124184322303,
    "ROUGE_L": 0.3267857142857143,
    "CIDEr": 0.0,
    "METEOR": 0.19226052914548064,
    "SPICE": 0.12903225806451613,
    "BLEU_4": 6.985342054598842e-09
  },
  "4": {
    "BLEU_1": 0.4999999998750002,
    "BLEU_2": 8.451542545096823e-09,
    "ROUGE_L": 0.3267857142857143,
    "CIDEr": 0.0,
    "METEOR": 0.246950345867389,
    "SPICE": 0.13333333333333333,
    "BLEU_4": 1.2421889947772103e-12
  },
  "5": {
    "BLEU_1": 0.23884377011164867,
    "BLEU_2": 5.85045365006396e-09,
    "ROUGE_L": 0.23921568627450981,
    "CIDEr": 0.0,
    "METEOR": 0.19593011712965164,
    "SPICE": 0.13793103448275862,
    "BLEU_4": 1.1000617045598687e-12
  },
  "6": {
    "BLEU_1": 0.35826565516747294,
    "BLEU_2": 7.1653131032300366e-09,
    "ROUGE_L": 0.23921568627450981,
    "CIDEr": 0.0,
    "METEOR": 0.18254631293602477,
    "SPICE": 0.13793103448275862,
    "BLEU_4": 1.2174183989911234e-12
  },
  "7": {
    "BLEU_1": 0.10976232717490052,
    "BLEU_2": 3.8806842931124116e-09,
    "ROUGE_L": 0.12577319587628866,
    "CIDEr": 0.0,
    "METEOR": 0.12664907651715038,
    "SPICE": 0.14285714285714285,
    "BLEU_4": 9.324552513250358e-13
  },
  "8": {
    "BLEU_1": 0.23884377011164867,
    "BLEU_2": 5.85045365006396e-09,
    "ROUGE_L": 0.23921568627450981,
    "CIDEr": 0.0,
    "METEOR": 0.21070140480182778,
    "SPICE": 0.14814814814814814,
    "BLEU_4": 1.1000617045598687e-12
  },
  "9": {
    "BLEU_1": 0.4444444443456792,
    "BLEU_2": 0.23570226034150096,
    "ROUGE_L": 0.20854700854700853,
    "CIDEr": 0.0,
    "METEOR": 0.22116129851359678,
    "SPICE": 0.20689655172413793,
    "BLEU_4": 6.030725358915047e-09
  }
}