{
  "0": {
    "BLEU_1": 0.3999999999200002,
    "BLEU_2": 0.21081851063455723,
    "ROUGE_L": 0.28306264501160094,
    "CIDEr": 0.0,
    "METEOR": 0.19694322243669468,
    "SPICE": 0.25,
    "BLEU_4": 5.307712169906119e-09
  },
  "1": {
    "BLEU_1": 0.4999999999166667,
    "BLEU_2": 6.741998623483217e-09,
    "ROUGE_L": 0.25,
    "CIDEr": 0.0,
    "METEOR": 0.16855753646677474,
    "SPICE": 0.18750000000000003,
    "BLEU_4": 8.430118944969443e-13
  },
  "2": {
    "BLEU_1": 0.46153846150295863,
    "BLEU_2": 6.20173672896349e-09,
    "ROUGE_L": 0.2417437252311757,
    "CIDEr": 0.0,
    "METEOR": 0.1661341853035144,
    "SPICE": 0.18181818181818182,
    "BLEU_4": 7.689683971953974e-13
  },
  "3": {
    "BLEU_1": 0.4166666665972223,
    "BLEU_2": 6.1545745479175624e-09,
    "ROUGE_L": 0.16666666666666666,
    "CIDEr": 0.0,
    "METEOR": 0.19048310915063457,
    "SPICE": 0.20689655172413793,
    "BLEU_4": 8.054496383396537e-13
  },
  "4": {
    "BLEU_1": 0.36363636360330587,
    "BLEU_2": 0.19069251783091612,
    "ROUGE_L": 0.20631341600901915,
    "CIDEr": 0.0,
    "METEOR": 0.19403524172220815,
    "SPICE": 0.13793103448275862,
    "BLEU_4": 4.740604259372055e-09
  },
  "5": {
    "BLEU_1": 0.46153846150295863,
    "BLEU_2": 0.1961161351224697,
    "ROUGE_L": 0.26040554962646745,
    "CIDEr": 0.0,
    "METEOR": 0.19034783762509455,
    "SPICE": 0.19354838709677416,
    "BLEU_4": 4.324227075083586e-09
  },
  "6": {
    "BLEU_1": 0.4545454545041323,
    "BLEU_2": 0.21320071633525958,
    "ROUGE_L": 0.2750845546786922,
    "CIDEr": 0.0,
    "METEOR": 0.1941047028413793,
    "SPICE": 0.2,
    "BLEU_4": 5.01257871520395e-09
  },
  "7": {
    "BLEU_1": 0.4545454545041323,
    "BLEU_2": 0.21320071633525958,
    "ROUGE_L": 0.2750845546786922,
    "CIDEr": 0.0,
    "METEOR": 0.1941047028413793,
    "SPICE": 0.2,
    "BLEU_4": 5.01257871520395e-09
  },
  "8": {
    "BLEU_1": 0.4545454545041323,
    "BLEU_2": 0.21320071633525958,
    "ROUGE_L": 0.2750845546786922,
    "CIDEr": 0.0,
    "METEOR": 0.1941047028413793,
    "SPICE": 0.2,
    "BLEU_4": 5.01257871520395e-09
  },
  "9": {
    "BLEU_1": 0.4545454545041323,
    "BLEU_2": 0.21320071633525958,
    "ROUGE_L": 0.2750845546786922,
    "CIDEr": 0.0,
    "METEOR": 0.1941047028413793,
    "SPICE": 0.2,
    "BLEU_4": 5.01257871520395e-09
  }
}