{
  "0": {
    "BLEU_1": 0.060238842358344966,
    "BLEU_2": 2.1297646960674127e-09,
    "ROUGE_L": 0.10286677908937607,
    "CIDEr": 0.0,
    "METEOR": 0.05009208103130756,
    "SPICE": 0.06451612903225806,
    "BLEU_4": 5.117422920641595e-13
  },
  "1": {
    "BLEU_1": 0.08688697168177915,
    "BLEU_2": 2.243411962079365e-09,
    "ROUGE_L": 0.24596774193548387,
    "CIDEr": 0.0,
    "METEOR": 0.10831721470019343,
    "SPICE": 0.1212121212121212,
    "BLEU_4": 5.25036317038126e-13
  },
  "2": {
    "BLEU_1": 0.2420220522198906,
    "BLEU_2": 4.772739233951095e-09,
    "ROUGE_L": 0.32049036777583184,
    "CIDEr": 0.0,
    "METEOR": 0.205964702663112,
    "SPICE": 0.2285714285714286,
    "BLEU_4": 7.763225772767659e-13
  },
  "3": {
    "BLEU_1": 0.2420220522198906,
    "BLEU_2": 4.772739233951095e-09,
    "ROUGE_L": 0.16245006657789615,
    "CIDEr": 0.0,
    "METEOR": 0.2027832379631669,
    "SPICE": 0.17142857142857143,
    "BLEU_4": 7.763225772767659e-13
  },
  "4": {
    "BLEU_1": 0.16134803481326043,
    "BLEU_2": 3.896925266180684e-09,
    "ROUGE_L": 0.17967599410898377,
    "CIDEr": 0.0,
    "METEOR": 0.15851827905779117,
    "SPICE": 0.1111111111111111,
    "BLEU_4": 7.014866362748444e-13
  },
  "5": {
    "BLEU_1": 0.2420220522198906,
    "BLEU_2": 0.150927266573327,
    "ROUGE_L": 0.2695139911634757,
    "CIDEr": 0.0,
    "METEOR": 0.25546876334292573,
    "SPICE": 0.2222222222222222,
    "BLEU_4": 4.365582668810038e-09
  },
  "6": {
    "BLEU_1": 0.25773347948218134,
    "BLEU_2": 0.15907655712452637,
    "ROUGE_L": 0.25994318181818177,
    "CIDEr": 0.0,
    "METEOR": 0.2511855065506134,
    "SPICE": 0.21621621621621623,
    "BLEU_4": 4.46778805234787e-09
  },
  "7": {
    "BLEU_1": 0.1718223196547876,
    "BLEU_2": 0.12988546499792988,
    "ROUGE_L": 0.20469798657718125,
    "CIDEr": 0.0,
    "METEOR": 0.1582920188188453,
    "SPICE": 0.05405405405405406,
    "BLEU_4": 4.037102235805661e-09
  },
  "8": {
    "BLEU_1": 0.16134803481326043,
    "BLEU_2": 0.12323159712588899,
    "ROUGE_L": 0.2136602451838879,
    "CIDEr": 0.0,
    "METEOR": 0.23042584186204124,
    "SPICE": 0.2222222222222222,
    "BLEU_4": 3.944749246461164e-09
  },
  "9": {
    "BLEU_1": 0.1718223196547876,
    "BLEU_2": 0.12988546499792988,
    "ROUGE_L": 0.20469798657718125,
    "CIDEr": 0.0,
    "METEOR": 0.22653101583166316,
    "SPICE": 0.21621621621621623,
    "BLEU_4": 4.037102235805661e-09
  }
}