{
  "0": {
    "BLEU_1": 0.24999999993750016,
    "BLEU_2": 0.18898223645568088,
    "ROUGE_L": 0.21785714285714283,
    "CIDEr": 0.0,
    "METEOR": 0.11219806557226442,
    "SPICE": 0.14814814814814817,
    "BLEU_4": 5.873949093033183e-09
  },
  "1": {
    "BLEU_1": 0.19999999998666673,
    "BLEU_2": 0.11952286092518667,
    "ROUGE_L": 0.22676579925650556,
    "CIDEr": 0.0,
    "METEOR": 0.1188191794472646,
    "SPICE": 0.18181818181818185,
    "BLEU_4": 3.0934588292006376e-09
  },
  "2": {
    "BLEU_1": 0.2142857142704082,
    "BLEU_2": 0.12838814774375065,
    "ROUGE_L": 0.2340153452685422,
    "CIDEr": 0.0,
    "METEOR": 0.10554089709762533,
    "SPICE": 0.125,
    "BLEU_4": 3.342866121293135e-09
  },
  "3": {
    "BLEU_1": 0.19999999998666673,
    "BLEU_2": 0.11952286092518667,
    "ROUGE_L": 0.22676579925650556,
    "CIDEr": 0.0,
    "METEOR": 0.1188191794472646,
    "SPICE": 0.18181818181818185,
    "BLEU_4": 3.0934588292006376e-09
  },
  "4": {
    "BLEU_1": 0.22222222220987659,
    "BLEU_2": 3.6155076301041677e-09,
    "ROUGE_L": 0.2074829931972789,
    "CIDEr": 0.0,
    "METEOR": 0.12000000000000002,
    "SPICE": 0.1764705882352941,
    "BLEU_4": 4.830942081791594e-13
  },
  "5": {
    "BLEU_1": 0.1538461538343196,
    "BLEU_2": 3.5805743699102604e-09,
    "ROUGE_L": 0.09951060358890701,
    "CIDEr": 0.0,
    "METEOR": 0.16464379947229552,
    "SPICE": 0.18749999999999997,
    "BLEU_4": 5.84289629327371e-13
  },
  "6": {
    "BLEU_1": 0.2142857142704082,
    "BLEU_2": 4.059989714404599e-09,
    "ROUGE_L": 0.19122257053291536,
    "CIDEr": 0.0,
    "METEOR": 0.16335078534031414,
    "SPICE": 0.18749999999999997,
    "BLEU_4": 5.944549994012258e-13
  },
  "7": {
    "BLEU_1": 0.16666666663888896,
    "BLEU_2": 3.8924947201441226e-09,
    "ROUGE_L": 0.10374149659863945,
    "CIDEr": 0.0,
    "METEOR": 0.14584450402144775,
    "SPICE": 0.2,
    "BLEU_4": 6.405505208675338e-13
  },
  "8": {
    "BLEU_1": 0.14285714284693884,
    "BLEU_2": 3.31496772041309e-09,
    "ROUGE_L": 0.09561128526645768,
    "CIDEr": 0.0,
    "METEOR": 0.1412987012987013,
    "SPICE": 0.18181818181818185,
    "BLEU_4": 5.371507285148366e-13
  },
  "9": {
    "BLEU_1": 0.1333333333244445,
    "BLEU_2": 3.0860669990287532e-09,
    "ROUGE_L": 0.09200603318250376,
    "CIDEr": 0.0,
    "METEOR": 0.13807106598984772,
    "SPICE": 0.1764705882352941,
    "BLEU_4": 4.970745472430083e-13
  }
}