{
  "0": {
    "BLEU_1": 0.3749999999062502,
    "BLEU_2": 7.319250545218839e-09,
    "ROUGE_L": 0.20469798657718125,
    "CIDEr": 0.0,
    "METEOR": 0.04838709677419356,
    "SPICE": 0.11764705882352941,
    "BLEU_4": 1.1559871144628244e-12
  },
  "1": {
    "BLEU_1": 0.3333333332592594,
    "BLEU_2": 6.454972242199766e-09,
    "ROUGE_L": 0.1189083820662768,
    "CIDEr": 0.0,
    "METEOR": 0.04752475247524753,
    "SPICE": 0.11764705882352941,
    "BLEU_4": 9.980099401403394e-13
  },
  "2": {
    "BLEU_1": 0.27272727267768604,
    "BLEU_2": 5.222329677697684e-09,
    "ROUGE_L": 0.18181818181818182,
    "CIDEr": 0.0,
    "METEOR": 0.12492046414901696,
    "SPICE": 0.10810810810810811,
    "BLEU_4": 7.845109652856079e-13
  },
  "3": {
    "BLEU_1": 0.24999999997916675,
    "BLEU_2": 4.767312945812628e-09,
    "ROUGE_L": 0.10374149659863945,
    "CIDEr": 0.0,
    "METEOR": 0.10575773338953419,
    "SPICE": 0.17142857142857146,
    "BLEU_4": 7.08885680157797e-13
  },
  "4": {
    "BLEU_1": 0.19999999996000015,
    "BLEU_2": 4.714045206941321e-09,
    "ROUGE_L": 0.11338289962825278,
    "CIDEr": 0.0,
    "METEOR": 0.1257195289516759,
    "SPICE": 0.1111111111111111,
    "BLEU_4": 7.936880924342154e-13
  },
  "5": {
    "BLEU_1": 0.27272727267768604,
    "BLEU_2": 5.222329677697684e-09,
    "ROUGE_L": 0.216696269982238,
    "CIDEr": 0.0,
    "METEOR": 0.12492046414901696,
    "SPICE": 0.10810810810810811,
    "BLEU_4": 7.845109652856079e-13
  },
  "6": {
    "BLEU_1": 0.2142857142704082,
    "BLEU_2": 4.059989714404599e-09,
    "ROUGE_L": 0.09561128526645768,
    "CIDEr": 0.0,
    "METEOR": 0.1181612406379479,
    "SPICE": 0.0975609756097561,
    "BLEU_4": 5.944549994012258e-13
  },
  "7": {
    "BLEU_1": 0.08333333332638898,
    "BLEU_2": 2.7524094125761097e-09,
    "ROUGE_L": 0.10374149659863945,
    "CIDEr": 0.0,
    "METEOR": 0.10511417720257962,
    "SPICE": 0.0,
    "BLEU_4": 5.386366368312954e-13
  },
  "8": {
    "BLEU_1": 0.24999999997916675,
    "BLEU_2": 4.767312945812628e-09,
    "ROUGE_L": 0.2074829931972789,
    "CIDEr": 0.0,
    "METEOR": 0.12258307500693555,
    "SPICE": 0.1142857142857143,
    "BLEU_4": 7.08885680157797e-13
  },
  "9": {
    "BLEU_1": 0.33333333330555565,
    "BLEU_2": 5.504818825152218e-09,
    "ROUGE_L": 0.10374149659863945,
    "CIDEr": 0.0,
    "METEOR": 0.12413149279649684,
    "SPICE": 0.16216216216216214,
    "BLEU_4": 7.61747236997849e-13
  }
}