{
  "0": {
    "BLEU_1": 0.18393972049375146,
    "BLEU_2": 4.749303160991089e-09,
    "ROUGE_L": 0.15721649484536082,
    "CIDEr": 0.0,
    "METEOR": 0.10549450549450551,
    "SPICE": 0.13793103448275862,
    "BLEU_4": 1.1115018918919703e-12
  },
  "1": {
    "BLEU_1": 0.47768754022329724,
    "BLEU_2": 8.273790897955628e-09,
    "ROUGE_L": 0.4178082191780822,
    "CIDEr": 0.0,
    "METEOR": 0.22885738636901826,
    "SPICE": 0.12903225806451613,
    "BLEU_4": 1.3082012060046169e-12
  },
  "2": {
    "BLEU_1": 0.47768754022329724,
    "BLEU_2": 0.2616402412150957,
    "ROUGE_L": 0.2785388127853881,
    "CIDEr": 0.0,
    "METEOR": 0.12443878916739928,
    "SPICE": 0.13333333333333336,
    "BLEU_4": 7.356555998002494e-09
  },
  "3": {
    "BLEU_1": 0.32928698152470126,
    "BLEU_2": 0.21255383258936583,
    "ROUGE_L": 0.2953995157384988,
    "CIDEr": 0.0,
    "METEOR": 0.12548743064914702,
    "SPICE": 0.13333333333333336,
    "BLEU_4": 6.900940974641912e-09
  },
  "4": {
    "BLEU_1": 0.32928698152470126,
    "BLEU_2": 0.21255383258936583,
    "ROUGE_L": 0.2953995157384988,
    "CIDEr": 0.0,
    "METEOR": 0.12239322003040093,
    "SPICE": 0.13333333333333336,
    "BLEU_4": 6.900940974641912e-09
  },
  "5": {
    "BLEU_1": 0.47768754022329724,
    "BLEU_2": 0.2616402412150957,
    "ROUGE_L": 0.2785388127853881,
    "CIDEr": 0.0,
    "METEOR": 0.12443878916739928,
    "SPICE": 0.13333333333333336,
    "BLEU_4": 7.356555998002494e-09
  },
  "6": {
    "BLEU_1": 0.32928698152470126,
    "BLEU_2": 0.21255383258936583,
    "ROUGE_L": 0.2953995157384988,
    "CIDEr": 0.0,
    "METEOR": 0.12548743064914702,
    "SPICE": 0.13333333333333336,
    "BLEU_4": 6.900940974641912e-09
  },
  "7": {
    "BLEU_1": 0.32928698152470126,
    "BLEU_2": 0.21255383258936583,
    "ROUGE_L": 0.2953995157384988,
    "CIDEr": 0.0,
    "METEOR": 0.17277053987716814,
    "SPICE": 0.12903225806451613,
    "BLEU_4": 6.900940974641912e-09
  },
  "8": {
    "BLEU_1": 0.35826565516747294,
    "BLEU_2": 7.1653131032300366e-09,
    "ROUGE_L": 0.2785388127853881,
    "CIDEr": 0.0,
    "METEOR": 0.14949913559415823,
    "SPICE": 0.06896551724137931,
    "BLEU_4": 1.2174183989911234e-12
  },
  "9": {
    "BLEU_1": 0.32928698152470126,
    "BLEU_2": 6.721542363805207e-09,
    "ROUGE_L": 0.2953995157384988,
    "CIDEr": 0.0,
    "METEOR": 0.15047201500149548,
    "SPICE": 0.06896551724137931,
    "BLEU_4": 1.2271801245099645e-12
  }
}