{
  "0": {
    "BLEU_1": 0.32206169694024794,
    "BLEU_2": 6.3511423138542446e-09,
    "ROUGE_L": 0.22803738317757008,
    "CIDEr": 0.0,
    "METEOR": 0.08445741103590353,
    "SPICE": 0.1111111111111111,
    "BLEU_4": 1.0330619227359553e-12
  },
  "1": {
    "BLEU_1": 0.33093633838648934,
    "BLEU_2": 6.459215935396237e-09,
    "ROUGE_L": 0.21785714285714283,
    "CIDEr": 0.0,
    "METEOR": 0.1671018276762402,
    "SPICE": 0.15789473684210528,
    "BLEU_4": 1.0201550479411466e-12
  },
  "2": {
    "BLEU_1": 0.22222222217283966,
    "BLEU_2": 0.16666666662847238,
    "ROUGE_L": 0.20854700854700853,
    "CIDEr": 0.0,
    "METEOR": 0.18512680819423624,
    "SPICE": 0.1142857142857143,
    "BLEU_4": 5.071215335691334e-09
  },
  "3": {
    "BLEU_1": 0.22222222217283966,
    "BLEU_2": 5.270462765739487e-09,
    "ROUGE_L": 0.1111111111111111,
    "CIDEr": 0.0,
    "METEOR": 0.1407035175879397,
    "SPICE": 0.10526315789473684,
    "BLEU_4": 9.018037815333522e-13
  },
  "4": {
    "BLEU_1": 0.22222222217283966,
    "BLEU_2": 5.270462765739487e-09,
    "ROUGE_L": 0.20854700854700853,
    "CIDEr": 0.0,
    "METEOR": 0.16580310880829013,
    "SPICE": 0.15789473684210528,
    "BLEU_4": 9.018037815333522e-13
  },
  "5": {
    "BLEU_1": 0.29999999994000015,
    "BLEU_2": 5.773502690709485e-09,
    "ROUGE_L": 0.1788856304985337,
    "CIDEr": 0.0,
    "METEOR": 0.16452442159383032,
    "SPICE": 0.20512820512820515,
    "BLEU_4": 8.783602617783837e-13
  },
  "6": {
    "BLEU_1": 0.27272727267768604,
    "BLEU_2": 5.222329677697684e-09,
    "ROUGE_L": 0.17256011315417258,
    "CIDEr": 0.0,
    "METEOR": 0.1386138613861386,
    "SPICE": 0.15,
    "BLEU_4": 7.845109652856079e-13
  },
  "7": {
    "BLEU_1": 0.3999999999200002,
    "BLEU_2": 0.21081851063455723,
    "ROUGE_L": 0.21254355400696867,
    "CIDEr": 0.0,
    "METEOR": 0.19496720898870426,
    "SPICE": 0.16216216216216217,
    "BLEU_4": 5.307712169906119e-09
  },
  "8": {
    "BLEU_1": 0.4166666665972223,
    "BLEU_2": 0.19462473600720623,
    "ROUGE_L": 0.2629310344827586,
    "CIDEr": 0.0,
    "METEOR": 0.20418047337543838,
    "SPICE": 0.15789473684210528,
    "BLEU_4": 4.529376169980083e-09
  },
  "9": {
    "BLEU_1": 0.4999999999000002,
    "BLEU_2": 0.23570226034706615,
    "ROUGE_L": 0.28328173374613,
    "CIDEr": 0.0,
    "METEOR": 0.12720219850065295,
    "SPICE": 0.1111111111111111,
    "BLEU_4": 5.612222323072491e-09
  }
}