{
  "0": {
    "BLEU_1": 5.578254000921622e-17,
    "BLEU_2": 6.441212897812026e-17,
    "ROUGE_L": 0.0,
    "CIDEr": 0.0,
    "METEOR": 0.0,
    "SPICE": 0.0,
    "BLEU_4": 1.0081042981024539e-16
  },
  "1": {
    "BLEU_1": 0.14715177640971636,
    "BLEU_2": 3.678794410150938e-09,
    "ROUGE_L": 0.2190305206463196,
    "CIDEr": 0.0,
    "METEOR": 0.13879021656823018,
    "SPICE": 0.125,
    "BLEU_4": 7.433061143515328e-13
  },
  "2": {
    "BLEU_1": 0.4971329536752872,
    "BLEU_2": 0.2358108650294949,
    "ROUGE_L": 0.2785388127853881,
    "CIDEr": 0.0,
    "METEOR": 0.17145132105698588,
    "SPICE": 0.16666666666666666,
    "BLEU_4": 5.706135913544768e-09
  },
  "3": {
    "BLEU_1": 0.5965595444103445,
    "BLEU_2": 0.25831786016292096,
    "ROUGE_L": 0.2785388127853881,
    "CIDEr": 0.0,
    "METEOR": 0.21265212220812843,
    "SPICE": 0.22222222222222224,
    "BLEU_4": 5.972242357263227e-09
  },
  "4": {
    "BLEU_1": 0.5999999998800002,
    "BLEU_2": 0.3651483715950527,
    "ROUGE_L": 0.2683284457478006,
    "CIDEr": 0.0,
    "METEOR": 0.21989052135772186,
    "SPICE": 0.16216216216216214,
    "BLEU_4": 6.985342055045127e-09
  },
  "5": {
    "BLEU_1": 0.4999999999000002,
    "BLEU_2": 0.23570226034706615,
    "ROUGE_L": 0.2683284457478006,
    "CIDEr": 0.0,
    "METEOR": 0.1950672055000969,
    "SPICE": 0.16216216216216214,
    "BLEU_4": 5.612222323072491e-09
  },
  "6": {
    "BLEU_1": 0.46153846150295863,
    "BLEU_2": 0.1961161351224697,
    "ROUGE_L": 0.2417437252311757,
    "CIDEr": 0.0,
    "METEOR": 0.18852341745616394,
    "SPICE": 0.15789473684210525,
    "BLEU_4": 4.324227075083586e-09
  },
  "7": {
    "BLEU_1": 0.37225088991138877,
    "BLEU_2": 0.20103845768654688,
    "ROUGE_L": 0.22803738317757008,
    "CIDEr": 0.0,
    "METEOR": 0.19601092737144699,
    "SPICE": 0.18181818181818182,
    "BLEU_4": 5.411516284063921e-09
  },
  "8": {
    "BLEU_1": 0.14715177640971636,
    "BLEU_2": 3.678794410150938e-09,
    "ROUGE_L": 0.2341650671785029,
    "CIDEr": 0.0,
    "METEOR": 0.18719570568671998,
    "SPICE": 0.13333333333333333,
    "BLEU_4": 7.433061143515328e-13
  },
  "9": {
    "BLEU_1": 0.37225088991138877,
    "BLEU_2": 6.357394235768728e-09,
    "ROUGE_L": 0.20098846787479407,
    "CIDEr": 0.0,
    "METEOR": 0.1384083044982699,
    "SPICE": 0.17647058823529413,
    "BLEU_4": 9.62318798504121e-13
  }
}