{
  "0": {
    "BLEU_1": 0.5643211497389692,
    "BLEU_2": 0.4371212829630446,
    "ROUGE_L": 0.5147679324894514,
    "CIDEr": 0.0,
    "METEOR": 0.26375512895699404,
    "SPICE": 0.1875,
    "BLEU_4": 1.0335094636415238e-08
  },
  "1": {
    "BLEU_1": 0.22222222217283966,
    "BLEU_2": 0.16666666662847238,
    "ROUGE_L": 0.2222222222222222,
    "CIDEr": 0.0,
    "METEOR": 0.2156652946052927,
    "SPICE": 0.05714285714285715,
    "BLEU_4": 5.071215335691334e-09
  },
  "2": {
    "BLEU_1": 0.3333333332592594,
    "BLEU_2": 0.20412414518515326,
    "ROUGE_L": 0.3333333333333333,
    "CIDEr": 0.0,
    "METEOR": 0.134212307801577,
    "SPICE": 0.058823529411764705,
    "BLEU_4": 5.612222322916596e-09
  },
  "3": {
    "BLEU_1": 0.2999999999700001,
    "BLEU_2": 0.18257418581578377,
    "ROUGE_L": 0.31881533101045295,
    "CIDEr": 0.0,
    "METEOR": 0.2050588047066717,
    "SPICE": 0.058823529411764705,
    "BLEU_4": 4.939382736523921e-09
  },
  "4": {
    "BLEU_1": 0.2499999999687501,
    "BLEU_2": 0.18898223647930362,
    "ROUGE_L": 0.232824427480916,
    "CIDEr": 0.0,
    "METEOR": 0.13793103448275862,
    "SPICE": 0.12121212121212123,
    "BLEU_4": 5.873949093767425e-09
  },
  "5": {
    "BLEU_1": 0.2999999999700001,
    "BLEU_2": 0.18257418581578377,
    "ROUGE_L": 0.31881533101045295,
    "CIDEr": 0.0,
    "METEOR": 0.2050588047066717,
    "SPICE": 0.05714285714285715,
    "BLEU_4": 4.939382736523921e-09
  },
  "6": {
    "BLEU_1": 0.14285714284693884,
    "BLEU_2": 0.10482848366441617,
    "ROUGE_L": 0.18100890207715134,
    "CIDEr": 0.0,
    "METEOR": 0.1217391304347826,
    "SPICE": 0.05,
    "BLEU_4": 3.020620524999948e-09
  },
  "7": {
    "BLEU_1": 0.18181818178512404,
    "BLEU_2": 0.13483997246751928,
    "ROUGE_L": 0.2036727879799666,
    "CIDEr": 0.0,
    "METEOR": 0.1991813230431047,
    "SPICE": 0.05405405405405406,
    "BLEU_4": 3.986357127480056e-09
  },
  "8": {
    "BLEU_1": 0.33333333330555565,
    "BLEU_2": 0.17407765594053212,
    "ROUGE_L": 0.39102564102564097,
    "CIDEr": 0.0,
    "METEOR": 0.14421538236110065,
    "SPICE": 0.05263157894736842,
    "BLEU_4": 4.283619507134575e-09
  },
  "9": {
    "BLEU_1": 0.1333333333244445,
    "BLEU_2": 0.09759000728811504,
    "ROUGE_L": 0.17453505007153075,
    "CIDEr": 0.0,
    "METEOR": 0.1918494952010272,
    "SPICE": 0.05128205128205129,
    "BLEU_4": 2.7952555961502613e-09
  }
}