{
  "0": {
    "BLEU_1": 0.07162619917923453,
    "BLEU_2": 2.615418999812674e-09,
    "ROUGE_L": 0.14386792452830188,
    "CIDEr": 0.0,
    "METEOR": 0.022662889518413595,
    "SPICE": 0.0,
    "BLEU_4": 7.279123483791415e-13
  },
  "1": {
    "BLEU_1": 0.045111761048796474,
    "BLEU_2": 1.7471709924551733e-09,
    "ROUGE_L": 0.14022988505747128,
    "CIDEr": 0.0,
    "METEOR": 0.09302325581395349,
    "SPICE": 0.08695652173913045,
    "BLEU_4": 8.647154591679328e-11
  },
  "2": {
    "BLEU_1": 0.17973158557499613,
    "BLEU_2": 4.493289639262571e-09,
    "ROUGE_L": 0.2515463917525773,
    "CIDEr": 0.0,
    "METEOR": 0.08839779005524862,
    "SPICE": 0.08000000000000002,
    "BLEU_4": 9.078761382262807e-13
  },
  "3": {
    "BLEU_1": 0.07162619917923453,
    "BLEU_2": 2.615418999812674e-09,
    "ROUGE_L": 0.13260869565217392,
    "CIDEr": 0.0,
    "METEOR": 0.022662889518413595,
    "SPICE": 0.0,
    "BLEU_4": 7.279123483791415e-13
  },
  "4": {
    "BLEU_1": 0.14325239835846895,
    "BLEU_2": 3.6987610208233575e-09,
    "ROUGE_L": 0.26521739130434785,
    "CIDEr": 0.0,
    "METEOR": 0.1468025194358973,
    "SPICE": 0.09090909090909091,
    "BLEU_4": 8.656385437908143e-13
  },
  "5": {
    "BLEU_1": 0.3032653297552284,
    "BLEU_2": 6.0653065950034785e-09,
    "ROUGE_L": 0.3588235294117647,
    "CIDEr": 0.0,
    "METEOR": 0.15342465753424656,
    "SPICE": 0.08000000000000002,
    "BLEU_4": 1.0305224262915758e-12
  },
  "6": {
    "BLEU_1": 0.20217688650348561,
    "BLEU_2": 4.952302097098729e-09,
    "ROUGE_L": 0.23921568627450981,
    "CIDEr": 0.0,
    "METEOR": 0.08767123287671232,
    "SPICE": 0.08000000000000002,
    "BLEU_4": 9.311821291619466e-13
  },
  "7": {
    "BLEU_1": 0.14325239835846895,
    "BLEU_2": 0.116965093464513,
    "ROUGE_L": 0.26521739130434785,
    "CIDEr": 0.0,
    "METEOR": 0.21615965667778575,
    "SPICE": 0.1739130434782609,
    "BLEU_4": 4.8678432585117065e-09
  },
  "8": {
    "BLEU_1": 0.21470779796016531,
    "BLEU_2": 0.1639857894063383,
    "ROUGE_L": 0.22803738317757008,
    "CIDEr": 0.0,
    "METEOR": 0.20734880110668033,
    "SPICE": 0.16666666666666669,
    "BLEU_4": 5.249325938137114e-09
  },
  "9": {
    "BLEU_1": 0.11031211279549655,
    "BLEU_2": 3.729230059054939e-09,
    "ROUGE_L": 0.116412213740458,
    "CIDEr": 0.0,
    "METEOR": 0.13214285714285717,
    "SPICE": 0.07692307692307691,
    "BLEU_4": 7.751502103232947e-13
  }
}