{
  "0": {
    "BLEU_1": 1.0976232717490041e-16,
    "BLEU_2": 1.227180124627569e-16,
    "ROUGE_L": 0.0,
    "CIDEr": 0.0,
    "METEOR": 0.08000000000000002,
    "SPICE": 0.15384615384615383,
    "BLEU_4": 1.6581659742139797e-16
  },
  "1": {
    "BLEU_1": 1.0976232717490041e-16,
    "BLEU_2": 1.227180124627569e-16,
    "ROUGE_L": 0.0,
    "CIDEr": 0.0,
    "METEOR": 0.08000000000000002,
    "SPICE": 0.15384615384615383,
    "BLEU_4": 1.6581659742139797e-16
  },
  "2": {
    "BLEU_1": 0.23884377011164867,
    "BLEU_2": 0.1850075887944782,
    "ROUGE_L": 0.2785388127853881,
    "CIDEr": 0.0,
    "METEOR": 0.12611740251414535,
    "SPICE": 0.26666666666666666,
    "BLEU_4": 6.1861015673335086e-09
  },
  "3": {
    "BLEU_1": 1.0976232717490041e-16,
    "BLEU_2": 1.227180124627569e-16,
    "ROUGE_L": 0.0,
    "CIDEr": 0.0,
    "METEOR": 0.08000000000000002,
    "SPICE": 0.15384615384615383,
    "BLEU_4": 1.6581659742139797e-16
  },
  "4": {
    "BLEU_1": 0.23884377011164867,
    "BLEU_2": 0.1850075887944782,
    "ROUGE_L": 0.2785388127853881,
    "CIDEr": 0.0,
    "METEOR": 0.12611740251414535,
    "SPICE": 0.2857142857142857,
    "BLEU_4": 6.1861015673335086e-09
  },
  "5": {
    "BLEU_1": 1.0976232717490041e-16,
    "BLEU_2": 1.227180124627569e-16,
    "ROUGE_L": 0.0,
    "CIDEr": 0.0,
    "METEOR": 0.08000000000000002,
    "SPICE": 0.15384615384615383,
    "BLEU_4": 1.6581659742139797e-16
  },
  "6": {
    "BLEU_1": 0.23884377011164867,
    "BLEU_2": 0.1850075887944782,
    "ROUGE_L": 0.2785388127853881,
    "CIDEr": 0.0,
    "METEOR": 0.12611740251414535,
    "SPICE": 0.2857142857142857,
    "BLEU_4": 6.1861015673335086e-09
  },
  "7": {
    "BLEU_1": 1.0976232717490041e-16,
    "BLEU_2": 1.227180124627569e-16,
    "ROUGE_L": 0.0,
    "CIDEr": 0.0,
    "METEOR": 0.08000000000000002,
    "SPICE": 0.15384615384615383,
    "BLEU_4": 1.6581659742139797e-16
  },
  "8": {
    "BLEU_1": 1.194218850558243e-16,
    "BLEU_2": 1.3082012060754779e-16,
    "ROUGE_L": 0.0,
    "CIDEr": 0.0,
    "METEOR": 0.07766990291262137,
    "SPICE": 0.14285714285714285,
    "BLEU_4": 1.6449759291817379e-16
  },
  "9": {
    "BLEU_1": 0.24767939985785795,
    "BLEU_2": 0.18916826631939285,
    "ROUGE_L": 0.2634989200863931,
    "CIDEr": 0.0,
    "METEOR": 0.122479400518545,
    "SPICE": 0.26666666666666666,
    "BLEU_4": 6.055438649029897e-09
  }
}