{
  "0": {
    "BLEU_1": 0.4166666666319445,
    "BLEU_2": 6.154574548430443e-09,
    "ROUGE_L": 0.18484848484848485,
    "CIDEr": 0.0,
    "METEOR": 0.13487915111023777,
    "SPICE": 0.05263157894736842,
    "BLEU_4": 8.054496384067745e-13
  },
  "1": {
    "BLEU_1": 0.3999999999733334,
    "BLEU_2": 5.345224837879414e-09,
    "ROUGE_L": 0.1659863945578231,
    "CIDEr": 0.0,
    "METEOR": 0.1366223908918406,
    "SPICE": 0.05555555555555555,
    "BLEU_4": 6.541868941266492e-13
  },
  "2": {
    "BLEU_1": 0.42857142854081637,
    "BLEU_2": 0.18156825978717286,
    "ROUGE_L": 0.2577464788732394,
    "CIDEr": 0.0,
    "METEOR": 0.13899613899613902,
    "SPICE": 0.05,
    "BLEU_4": 3.975360175943345e-09
  },
  "3": {
    "BLEU_1": 0.42857142854081637,
    "BLEU_2": 0.18156825978717286,
    "ROUGE_L": 0.2577464788732394,
    "CIDEr": 0.0,
    "METEOR": 0.13899613899613902,
    "SPICE": 0.05,
    "BLEU_4": 3.975360175943345e-09
  },
  "4": {
    "BLEU_1": 0.36363636360330587,
    "BLEU_2": 6.03022689097966e-09,
    "ROUGE_L": 0.1921259842519685,
    "CIDEr": 0.0,
    "METEOR": 0.10480349344978167,
    "SPICE": 0.04878048780487805,
    "BLEU_4": 8.430118945584141e-13
  },
  "5": {
    "BLEU_1": 0.3999999999200002,
    "BLEU_2": 6.666666665296299e-09,
    "ROUGE_L": 0.2,
    "CIDEr": 0.0,
    "METEOR": 0.10835214446952596,
    "SPICE": 0.05555555555555555,
    "BLEU_4": 9.438595266157062e-13
  },
  "6": {
    "BLEU_1": 0.4166666666319445,
    "BLEU_2": 0.19462473602342495,
    "ROUGE_L": 0.2772727272727273,
    "CIDEr": 0.0,
    "METEOR": 0.13487915111023777,
    "SPICE": 0.05263157894736842,
    "BLEU_4": 4.5293761703575315e-09
  },
  "7": {
    "BLEU_1": 0.4999999999000002,
    "BLEU_2": 0.23570226034706615,
    "ROUGE_L": 0.3,
    "CIDEr": 0.0,
    "METEOR": 0.13914453679302655,
    "SPICE": 0.05555555555555555,
    "BLEU_4": 5.612222323072491e-09
  },
  "8": {
    "BLEU_1": 0.4444444443456792,
    "BLEU_2": 0.23570226034150096,
    "ROUGE_L": 0.31282051282051276,
    "CIDEr": 0.0,
    "METEOR": 0.12173913043478263,
    "SPICE": 0.05714285714285714,
    "BLEU_4": 6.030725358915047e-09
  },
  "9": {
    "BLEU_1": 0.3999999999200002,
    "BLEU_2": 6.666666665296299e-09,
    "ROUGE_L": 0.2,
    "CIDEr": 0.0,
    "METEOR": 0.13897550111358575,
    "SPICE": 0.05405405405405406,
    "BLEU_4": 9.438595266157062e-13
  }
}