{
  "0": {
    "BLEU_1": 0.11031211279549655,
    "BLEU_2": 3.729230059054939e-09,
    "ROUGE_L": 0.10892857142857142,
    "CIDEr": 0.0,
    "METEOR": 0.07373271889400922,
    "SPICE": 0.1081081081081081,
    "BLEU_4": 7.751502103232947e-13
  },
  "1": {
    "BLEU_1": 0.11031211279549655,
    "BLEU_2": 3.729230059054939e-09,
    "ROUGE_L": 0.10892857142857142,
    "CIDEr": 0.0,
    "METEOR": 0.07476635514018692,
    "SPICE": 0.1081081081081081,
    "BLEU_4": 7.751502103232947e-13
  },
  "2": {
    "BLEU_1": 0.3333333332592594,
    "BLEU_2": 6.454972242199766e-09,
    "ROUGE_L": 0.20854700854700853,
    "CIDEr": 0.0,
    "METEOR": 0.10727969348659004,
    "SPICE": 0.15789473684210528,
    "BLEU_4": 9.980099401403394e-13
  },
  "3": {
    "BLEU_1": 0.3333333332592594,
    "BLEU_2": 6.454972242199766e-09,
    "ROUGE_L": 0.20854700854700853,
    "CIDEr": 0.0,
    "METEOR": 0.12814645308924486,
    "SPICE": 0.15789473684210528,
    "BLEU_4": 9.980099401403394e-13
  },
  "4": {
    "BLEU_1": 0.3333333332592594,
    "BLEU_2": 6.454972242199766e-09,
    "ROUGE_L": 0.20854700854700853,
    "CIDEr": 0.0,
    "METEOR": 0.12814645308924486,
    "SPICE": 0.15789473684210528,
    "BLEU_4": 9.980099401403394e-13
  },
  "5": {
    "BLEU_1": 0.3333333332592594,
    "BLEU_2": 6.454972242199766e-09,
    "ROUGE_L": 0.20854700854700853,
    "CIDEr": 0.0,
    "METEOR": 0.12814645308924486,
    "SPICE": 0.15789473684210528,
    "BLEU_4": 9.980099401403394e-13
  },
  "6": {
    "BLEU_1": 0.3333333332592594,
    "BLEU_2": 6.454972242199766e-09,
    "ROUGE_L": 0.20854700854700853,
    "CIDEr": 0.0,
    "METEOR": 0.12814645308924486,
    "SPICE": 0.15789473684210528,
    "BLEU_4": 9.980099401403394e-13
  },
  "7": {
    "BLEU_1": 0.3333333332592594,
    "BLEU_2": 6.454972242199766e-09,
    "ROUGE_L": 0.20854700854700853,
    "CIDEr": 0.0,
    "METEOR": 0.12814645308924486,
    "SPICE": 0.15789473684210528,
    "BLEU_4": 9.980099401403394e-13
  },
  "8": {
    "BLEU_1": 0.3333333332592594,
    "BLEU_2": 6.454972242199766e-09,
    "ROUGE_L": 0.20854700854700853,
    "CIDEr": 0.0,
    "METEOR": 0.12814645308924486,
    "SPICE": 0.15789473684210528,
    "BLEU_4": 9.980099401403394e-13
  },
  "9": {
    "BLEU_1": 0.3333333332592594,
    "BLEU_2": 6.454972242199766e-09,
    "ROUGE_L": 0.20854700854700853,
    "CIDEr": 0.0,
    "METEOR": 0.12814645308924486,
    "SPICE": 0.15789473684210528,
    "BLEU_4": 9.980099401403394e-13
  }
}