{
  "0": {
    "BLEU_1": 0.12499999996875016,
    "BLEU_2": 4.225771272548414e-09,
    "ROUGE_L": 0.09651898734177215,
    "CIDEr": 0.0,
    "METEOR": 0.015936254980079684,
    "SPICE": 0.07692307692307691,
    "BLEU_4": 8.783602617222665e-13
  },
  "1": {
    "BLEU_1": 0.19999999998666673,
    "BLEU_2": 3.7796447298312975e-09,
    "ROUGE_L": 0.09200603318250376,
    "CIDEr": 0.0,
    "METEOR": 0.16282873711521095,
    "SPICE": 0.1818181818181818,
    "BLEU_4": 5.501034141770605e-13
  },
  "2": {
    "BLEU_1": 0.19999999998666673,
    "BLEU_2": 3.7796447298312975e-09,
    "ROUGE_L": 0.18401206636500753,
    "CIDEr": 0.0,
    "METEOR": 0.1878793120560126,
    "SPICE": 0.1818181818181818,
    "BLEU_4": 5.501034141770605e-13
  },
  "3": {
    "BLEU_1": 0.19999999998666673,
    "BLEU_2": 3.7796447298312975e-09,
    "ROUGE_L": 0.09200603318250376,
    "CIDEr": 0.0,
    "METEOR": 0.1664509706321553,
    "SPICE": 0.1212121212121212,
    "BLEU_4": 5.501034141770605e-13
  },
  "4": {
    "BLEU_1": 0.16666666663888896,
    "BLEU_2": 3.8924947201441226e-09,
    "ROUGE_L": 0.10374149659863945,
    "CIDEr": 0.0,
    "METEOR": 0.23584853472585973,
    "SPICE": 0.20689655172413793,
    "BLEU_4": 6.405505208675338e-13
  },
  "5": {
    "BLEU_1": 0.16666666663888896,
    "BLEU_2": 3.8924947201441226e-09,
    "ROUGE_L": 0.10374149659863945,
    "CIDEr": 0.0,
    "METEOR": 0.15034359479695883,
    "SPICE": 0.1935483870967742,
    "BLEU_4": 6.405505208675338e-13
  },
  "6": {
    "BLEU_1": 0.15789473683379507,
    "BLEU_2": 2.9617443886352513e-09,
    "ROUGE_L": 0.0799475753604194,
    "CIDEr": 0.0,
    "METEOR": 0.1997364367183383,
    "SPICE": 0.2222222222222222,
    "BLEU_4": 4.237713199509635e-13
  },
  "7": {
    "BLEU_1": 0.2142857142704082,
    "BLEU_2": 4.059989714404599e-09,
    "ROUGE_L": 0.19122257053291536,
    "CIDEr": 0.0,
    "METEOR": 0.21374361505917125,
    "SPICE": 0.1875,
    "BLEU_4": 5.944549994012258e-13
  },
  "8": {
    "BLEU_1": 0.16666666663888896,
    "BLEU_2": 3.8924947201441226e-09,
    "ROUGE_L": 0.10374149659863945,
    "CIDEr": 0.0,
    "METEOR": 0.23584853472585973,
    "SPICE": 0.2,
    "BLEU_4": 6.405505208675338e-13
  },
  "9": {
    "BLEU_1": 0.09048374178549932,
    "BLEU_2": 3.016124726166553e-09,
    "ROUGE_L": 0.09442724458204334,
    "CIDEr": 0.0,
    "METEOR": 0.15480924612756156,
    "SPICE": 0.08,
    "BLEU_4": 6.038970631977915e-13
  }
}