{
  "0": {
    "BLEU_1": 4.5111761048796427e-17,
    "BLEU_2": 5.525039797935208e-17,
    "ROUGE_L": 0.0,
    "CIDEr": 0.0,
    "METEOR": 0.050218482785307356,
    "SPICE": 0.0,
    "BLEU_4": 1.5377056965806874e-14
  },
  "1": {
    "BLEU_1": 0.08986579278749814,
    "BLEU_2": 3.1772355737578207e-09,
    "ROUGE_L": 0.12577319587628866,
    "CIDEr": 0.0,
    "METEOR": 0.13330316149460247,
    "SPICE": 0.08333333333333333,
    "BLEU_4": 7.634297901288654e-13
  },
  "2": {
    "BLEU_1": 8.986579278749804e-17,
    "BLEU_2": 1.0047301075986612e-16,
    "ROUGE_L": 0.0,
    "CIDEr": 0.0,
    "METEOR": 0.06233766233766234,
    "SPICE": 0.08,
    "BLEU_4": 1.357591476796497e-16
  },
  "3": {
    "BLEU_1": 0.10735389898008273,
    "BLEU_2": 3.666833724565372e-09,
    "ROUGE_L": 0.0948678071539658,
    "CIDEr": 0.0,
    "METEOR": 0.06,
    "SPICE": 0.08,
    "BLEU_4": 7.849573143826273e-13
  },
  "4": {
    "BLEU_1": 0.33093633838648934,
    "BLEU_2": 0.2042583425470713,
    "ROUGE_L": 0.232824427480916,
    "CIDEr": 0.0,
    "METEOR": 0.11168381327774085,
    "SPICE": 0.14814814814814814,
    "BLEU_4": 5.736753415588487e-09
  },
  "5": {
    "BLEU_1": 0.32206169694024794,
    "BLEU_2": 0.20084075455651398,
    "ROUGE_L": 0.24448897795591182,
    "CIDEr": 0.0,
    "METEOR": 0.13257162735137126,
    "SPICE": 0.08,
    "BLEU_4": 5.809334106350273e-09
  },
  "6": {
    "BLEU_1": 0.20217688650348561,
    "BLEU_2": 4.952302097098729e-09,
    "ROUGE_L": 0.18654434250764526,
    "CIDEr": 0.0,
    "METEOR": 0.11935674701437954,
    "SPICE": 0.22222222222222224,
    "BLEU_4": 9.311821291619466e-13
  },
  "7": {
    "BLEU_1": 0.10108844325174288,
    "BLEU_2": 3.5018063953428727e-09,
    "ROUGE_L": 0.12869198312236285,
    "CIDEr": 0.0,
    "METEOR": 0.09848859010769599,
    "SPICE": 0.07407407407407407,
    "BLEU_4": 7.830277143606023e-13
  },
  "8": {
    "BLEU_1": 0.10108844325174288,
    "BLEU_2": 3.5018063953428727e-09,
    "ROUGE_L": 0.12869198312236285,
    "CIDEr": 0.0,
    "METEOR": 0.09848859010769599,
    "SPICE": 0.07407407407407407,
    "BLEU_4": 7.830277143606023e-13
  },
  "9": {
    "BLEU_1": 0.10108844325174288,
    "BLEU_2": 3.5018063953428727e-09,
    "ROUGE_L": 0.12869198312236285,
    "CIDEr": 0.0,
    "METEOR": 0.09848859010769599,
    "SPICE": 0.07407407407407407,
    "BLEU_4": 7.830277143606023e-13
  }
}