{
  "0": {
    "BLEU_1": 6.295853423721496e-17,
    "BLEU_2": 7.710814191093513e-17,
    "ROUGE_L": 0.0,
    "CIDEr": 0.0,
    "METEOR": 0.0,
    "SPICE": 0.0,
    "BLEU_4": 2.1460411762736674e-14
  },
  "1": {
    "BLEU_1": 0.23884377011164867,
    "BLEU_2": 5.85045365006396e-09,
    "ROUGE_L": 0.12869198312236285,
    "CIDEr": 0.0,
    "METEOR": 0.0837696335078534,
    "SPICE": 0.06060606060606061,
    "BLEU_4": 1.1000617045598687e-12
  },
  "2": {
    "BLEU_1": 0.1194218850558244,
    "BLEU_2": 4.136895448977816e-09,
    "ROUGE_L": 0.12869198312236285,
    "CIDEr": 0.0,
    "METEOR": 0.06430168527223612,
    "SPICE": 0.0,
    "BLEU_4": 9.250379439222845e-13
  },
  "3": {
    "BLEU_1": 0.0919698602468758,
    "BLEU_2": 3.3582644710475053e-09,
    "ROUGE_L": 0.14386792452830188,
    "CIDEr": 0.0,
    "METEOR": 0.06486486486486485,
    "SPICE": 0.0625,
    "BLEU_4": 9.346579564396796e-13
  },
  "4": {
    "BLEU_1": 9.196986024687569e-17,
    "BLEU_2": 1.0619764713730698e-16,
    "ROUGE_L": 0.0,
    "CIDEr": 0.0,
    "METEOR": 0.0,
    "SPICE": 0.0,
    "BLEU_4": 1.6620829993657386e-16
  },
  "5": {
    "BLEU_1": 0.23884377011164867,
    "BLEU_2": 5.85045365006396e-09,
    "ROUGE_L": 0.11960784313725491,
    "CIDEr": 0.0,
    "METEOR": 0.06817042606516292,
    "SPICE": 0.0,
    "BLEU_4": 1.1000617045598687e-12
  },
  "6": {
    "BLEU_1": 0.24767939985785795,
    "BLEU_2": 5.982025825945981e-09,
    "ROUGE_L": 0.11401869158878504,
    "CIDEr": 0.0,
    "METEOR": 0.06666666666666667,
    "SPICE": 0.0,
    "BLEU_4": 1.0768261868323776e-12
  },
  "7": {
    "BLEU_1": 0.24999999993750016,
    "BLEU_2": 5.976143045124577e-09,
    "ROUGE_L": 0.10892857142857142,
    "CIDEr": 0.0,
    "METEOR": 0.06522781774580336,
    "SPICE": 0.0,
    "BLEU_4": 1.0445522727757714e-12
  },
  "8": {
    "BLEU_1": 0.3333333332592594,
    "BLEU_2": 6.454972242199766e-09,
    "ROUGE_L": 0.1111111111111111,
    "CIDEr": 0.0,
    "METEOR": 0.08380952380952382,
    "SPICE": 0.0,
    "BLEU_4": 9.980099401403394e-13
  },
  "9": {
    "BLEU_1": 0.24767939985785795,
    "BLEU_2": 5.982025825945981e-09,
    "ROUGE_L": 0.11401869158878504,
    "CIDEr": 0.0,
    "METEOR": 0.06666666666666667,
    "SPICE": 0.0,
    "BLEU_4": 1.0768261868323776e-12
  }
}