{
  "0": {
    "BLEU_1": 0.3333333332962964,
    "BLEU_2": 6.454972242916984e-09,
    "ROUGE_L": 0.19645732689210954,
    "CIDEr": 0.0,
    "METEOR": 0.16422287390029325,
    "SPICE": 0.11764705882352941,
    "BLEU_4": 9.980099402512292e-13
  },
  "1": {
    "BLEU_1": 0.33333333331111115,
    "BLEU_2": 0.1543033499514377,
    "ROUGE_L": 0.2373540856031128,
    "CIDEr": 0.0,
    "METEOR": 0.1442970822281167,
    "SPICE": 0.05128205128205128,
    "BLEU_4": 3.514847831107641e-09
  },
  "2": {
    "BLEU_1": 0.18181818178512404,
    "BLEU_2": 4.2640143263175525e-09,
    "ROUGE_L": 0.1018363939899833,
    "CIDEr": 0.0,
    "METEOR": 0.06345609065155808,
    "SPICE": 0.05714285714285714,
    "BLEU_4": 7.088856800859686e-13
  },
  "3": {
    "BLEU_1": 0.3619349671419969,
    "BLEU_2": 6.032249452333103e-09,
    "ROUGE_L": 0.28328173374613,
    "CIDEr": 0.0,
    "METEOR": 0.13488372093023257,
    "SPICE": 0.05714285714285714,
    "BLEU_4": 8.540394170515986e-13
  },
  "4": {
    "BLEU_1": 0.27272727267768604,
    "BLEU_2": 0.1651445647381773,
    "ROUGE_L": 0.216696269982238,
    "CIDEr": 0.0,
    "METEOR": 0.06455331412103746,
    "SPICE": 0.058823529411764705,
    "BLEU_4": 4.4116293584506874e-09
  },
  "5": {
    "BLEU_1": 0.4166666666319445,
    "BLEU_2": 0.19462473602342495,
    "ROUGE_L": 0.2629310344827586,
    "CIDEr": 0.0,
    "METEOR": 0.15346813919400312,
    "SPICE": 0.0,
    "BLEU_4": 4.5293761703575315e-09
  },
  "6": {
    "BLEU_1": 0.27272727267768604,
    "BLEU_2": 5.222329677697684e-09,
    "ROUGE_L": 0.2036727879799666,
    "CIDEr": 0.0,
    "METEOR": 0.11331444759206799,
    "SPICE": 0.05714285714285714,
    "BLEU_4": 7.845109652856079e-13
  },
  "7": {
    "BLEU_1": 0.3619349671419969,
    "BLEU_2": 6.032249452333103e-09,
    "ROUGE_L": 0.31881533101045295,
    "CIDEr": 0.0,
    "METEOR": 0.18285714285714286,
    "SPICE": 0.05714285714285714,
    "BLEU_4": 8.540394170515986e-13
  },
  "8": {
    "BLEU_1": 0.33333333330555565,
    "BLEU_2": 5.504818825152218e-09,
    "ROUGE_L": 0.19551282051282048,
    "CIDEr": 0.0,
    "METEOR": 0.15730337078651688,
    "SPICE": 0.12121212121212122,
    "BLEU_4": 7.61747236997849e-13
  },
  "9": {
    "BLEU_1": 0.30769230766863914,
    "BLEU_2": 0.16012815379225645,
    "ROUGE_L": 0.18798151001540828,
    "CIDEr": 0.0,
    "METEOR": 0.15094339622641512,
    "SPICE": 0.05555555555555555,
    "BLEU_4": 3.9073802491094676e-09
  }
}