{
  "0": {
    "BLEU_1": 0.13406400915350244,
    "BLEU_2": 4.7398784991563485e-09,
    "ROUGE_L": 0.12577319587628866,
    "CIDEr": 0.0,
    "METEOR": 0.08080808080808081,
    "SPICE": 0.07692307692307693,
    "BLEU_4": 1.138903415829333e-12
  },
  "1": {
    "BLEU_1": 9.999999998000002e-17,
    "BLEU_2": 1.0540925531727854e-16,
    "ROUGE_L": 0.0,
    "CIDEr": 0.0,
    "METEOR": 0.05405405405405405,
    "SPICE": 0.06451612903225806,
    "BLEU_4": 1.1868405216912992e-16
  },
  "2": {
    "BLEU_1": 0.12499999998437514,
    "BLEU_2": 4.225771273076634e-09,
    "ROUGE_L": 0.10234899328859062,
    "CIDEr": 0.0,
    "METEOR": 0.06296296296296296,
    "SPICE": 0.06896551724137931,
    "BLEU_4": 8.783602618320613e-13
  },
  "3": {
    "BLEU_1": 7.14285714234694e-17,
    "BLEU_2": 7.412493166061185e-17,
    "ROUGE_L": 0.0,
    "CIDEr": 0.0,
    "METEOR": 0.05774946921443737,
    "SPICE": 0.0,
    "BLEU_4": 8.032276872167517e-17
  },
  "4": {
    "BLEU_1": 0.0416666666649306,
    "BLEU_2": 1.345954755088114e-09,
    "ROUGE_L": 0.06354166666666666,
    "CIDEr": 0.0,
    "METEOR": 0.0446927374301676,
    "SPICE": 0.0,
    "BLEU_4": 2.502388506469318e-13
  },
  "5": {
    "BLEU_1": 0.04999999999750006,
    "BLEU_2": 1.6222142112243812e-09,
    "ROUGE_L": 0.07093023255813954,
    "CIDEr": 0.0,
    "METEOR": 0.031372549019607836,
    "SPICE": 0.0,
    "BLEU_4": 3.045255555817617e-13
  },
  "6": {
    "BLEU_1": 0.07692307691715985,
    "BLEU_2": 2.531848417506296e-09,
    "ROUGE_L": 0.08905109489051095,
    "CIDEr": 0.0,
    "METEOR": 0.03485838779956427,
    "SPICE": 0.0,
    "BLEU_4": 4.91327054771308e-13
  },
  "7": {
    "BLEU_1": 0.07692307691715985,
    "BLEU_2": 2.531848417506296e-09,
    "ROUGE_L": 0.09951060358890701,
    "CIDEr": 0.0,
    "METEOR": 0.090984697528062,
    "SPICE": 0.0,
    "BLEU_4": 4.91327054771308e-13
  },
  "8": {
    "BLEU_1": 0.09090909090082655,
    "BLEU_2": 3.015113445489832e-09,
    "ROUGE_L": 0.09606299212598425,
    "CIDEr": 0.0,
    "METEOR": 0.07981859410430839,
    "SPICE": 0.0,
    "BLEU_4": 5.960994272631735e-13
  },
  "9": {
    "BLEU_1": 0.26666666664888894,
    "BLEU_2": 0.13801311185894144,
    "ROUGE_L": 0.18401206636500753,
    "CIDEr": 0.0,
    "METEOR": 0.12232875327455603,
    "SPICE": 0.0,
    "BLEU_4": 3.324137843193063e-09
  }
}