{
  "0": {
    "BLEU_1": 0.24767939985785795,
    "BLEU_2": 5.982025825945981e-09,
    "ROUGE_L": 0.13174946004319654,
    "CIDEr": 0.0,
    "METEOR": 0.12631578947368421,
    "SPICE": 0.2105263157894737,
    "BLEU_4": 1.0768261868323776e-12
  },
  "1": {
    "BLEU_1": 0.29999999994000015,
    "BLEU_2": 5.773502690709485e-09,
    "ROUGE_L": 0.2,
    "CIDEr": 0.0,
    "METEOR": 0.14177215189873418,
    "SPICE": 0.1904761904761905,
    "BLEU_4": 8.783602617783837e-13
  },
  "2": {
    "BLEU_1": 0.22222222219753096,
    "BLEU_2": 5.270462766325093e-09,
    "ROUGE_L": 0.1189083820662768,
    "CIDEr": 0.0,
    "METEOR": 0.12244897959183672,
    "SPICE": 0.2222222222222222,
    "BLEU_4": 9.018037816335524e-13
  },
  "3": {
    "BLEU_1": 0.22222222219753096,
    "BLEU_2": 5.270462766325093e-09,
    "ROUGE_L": 0.1189083820662768,
    "CIDEr": 0.0,
    "METEOR": 0.12435233160621761,
    "SPICE": 0.2222222222222222,
    "BLEU_4": 9.018037816335524e-13
  },
  "4": {
    "BLEU_1": 0.09999999998000014,
    "BLEU_2": 3.333333332648151e-09,
    "ROUGE_L": 0.1,
    "CIDEr": 0.0,
    "METEOR": 0.06075949367088607,
    "SPICE": 0.1,
    "BLEU_4": 6.674094717574907e-13
  },
  "5": {
    "BLEU_1": 0.3333333332962964,
    "BLEU_2": 6.454972242916984e-09,
    "ROUGE_L": 0.1189083820662768,
    "CIDEr": 0.0,
    "METEOR": 0.18367346938775508,
    "SPICE": 0.28571428571428575,
    "BLEU_4": 9.980099402512292e-13
  },
  "6": {
    "BLEU_1": 0.11111111109876555,
    "BLEU_2": 3.726779962059685e-09,
    "ROUGE_L": 0.10427350427350426,
    "CIDEr": 0.0,
    "METEOR": 0.06217616580310881,
    "SPICE": 0.09523809523809525,
    "BLEU_4": 7.583235672378979e-13
  },
  "7": {
    "BLEU_1": 0.3333333332962964,
    "BLEU_2": 6.454972242916984e-09,
    "ROUGE_L": 0.1189083820662768,
    "CIDEr": 0.0,
    "METEOR": 0.18367346938775508,
    "SPICE": 0.28571428571428575,
    "BLEU_4": 9.980099402512292e-13
  },
  "8": {
    "BLEU_1": 0.11111111109876555,
    "BLEU_2": 3.726779962059685e-09,
    "ROUGE_L": 0.10427350427350426,
    "CIDEr": 0.0,
    "METEOR": 0.06217616580310881,
    "SPICE": 0.09523809523809525,
    "BLEU_4": 7.583235672378979e-13
  },
  "9": {
    "BLEU_1": 0.24999999997916675,
    "BLEU_2": 4.767312945812628e-09,
    "ROUGE_L": 0.10374149659863945,
    "CIDEr": 0.0,
    "METEOR": 0.17433414043583534,
    "SPICE": 0.2,
    "BLEU_4": 7.08885680157797e-13
  }
}