{
  "0": {
    "BLEU_1": 0.2791881674335416,
    "BLEU_2": 5.505664910048476e-09,
    "ROUGE_L": 0.1897356143079316,
    "CIDEr": 0.0,
    "METEOR": 0.11148473339667535,
    "SPICE": 0.0,
    "BLEU_4": 8.955385498932293e-13
  },
  "1": {
    "BLEU_1": 0.2982797722051723,
    "BLEU_2": 5.776162951265759e-09,
    "ROUGE_L": 0.17604617604617603,
    "CIDEr": 0.0,
    "METEOR": 0.10801888676258181,
    "SPICE": 0.0,
    "BLEU_4": 8.930585330091313e-13
  },
  "2": {
    "BLEU_1": 0.3999999999200002,
    "BLEU_2": 6.666666665296299e-09,
    "ROUGE_L": 0.25487465181058494,
    "CIDEr": 0.0,
    "METEOR": 0.14790532817844224,
    "SPICE": 0.0,
    "BLEU_4": 9.438595266157062e-13
  },
  "3": {
    "BLEU_1": 0.2660179370202898,
    "BLEU_2": 4.3648896351938675e-09,
    "ROUGE_L": 0.2237163814180929,
    "CIDEr": 0.0,
    "METEOR": 0.1390132242799387,
    "SPICE": 0.0,
    "BLEU_4": 5.947475114689908e-13
  },
  "4": {
    "BLEU_1": 0.30769230766863914,
    "BLEU_2": 0.16012815379225645,
    "ROUGE_L": 0.23076923076923084,
    "CIDEr": 0.0,
    "METEOR": 0.1396288222940608,
    "SPICE": 0.05128205128205128,
    "BLEU_4": 3.9073802491094676e-09
  },
  "5": {
    "BLEU_1": 0.45454545446281003,
    "BLEU_2": 0.2132007163158777,
    "ROUGE_L": 0.3283983849259758,
    "CIDEr": 0.0,
    "METEOR": 0.1452420412807567,
    "SPICE": 0.05714285714285714,
    "BLEU_4": 5.012578714748261e-09
  },
  "6": {
    "BLEU_1": 0.4999999999000002,
    "BLEU_2": 0.23570226034706615,
    "ROUGE_L": 0.33983286908078,
    "CIDEr": 0.0,
    "METEOR": 0.14790532817844224,
    "SPICE": 0.058823529411764705,
    "BLEU_4": 5.612222323072491e-09
  },
  "7": {
    "BLEU_1": 0.33333333327777787,
    "BLEU_2": 5.5048188246934825e-09,
    "ROUGE_L": 0.21785714285714283,
    "CIDEr": 0.0,
    "METEOR": 0.14451583107435292,
    "SPICE": 0.0,
    "BLEU_4": 7.617472369343701e-13
  },
  "8": {
    "BLEU_1": 0.3999999999200002,
    "BLEU_2": 0.21081851063455723,
    "ROUGE_L": 0.25487465181058494,
    "CIDEr": 0.0,
    "METEOR": 0.16295766721443938,
    "SPICE": 0.058823529411764705,
    "BLEU_4": 5.307712169906119e-09
  },
  "9": {
    "BLEU_1": 0.3325224212753622,
    "BLEU_2": 4.880094969288873e-09,
    "ROUGE_L": 0.2237163814180929,
    "CIDEr": 0.0,
    "METEOR": 0.1532050163851554,
    "SPICE": 0.0,
    "BLEU_4": 6.288689276300982e-13
  }
}