{
  "0": {
    "BLEU_1": 0.10108844325174288,
    "BLEU_2": 3.5018063953428727e-09,
    "ROUGE_L": 0.1117216117216117,
    "CIDEr": 0.0,
    "METEOR": 0.05769230769230769,
    "SPICE": 0.0625,
    "BLEU_4": 7.830277143606023e-13
  },
  "1": {
    "BLEU_1": 0.1999999999800001,
    "BLEU_2": 4.714045207412725e-09,
    "ROUGE_L": 0.18885448916408668,
    "CIDEr": 0.0,
    "METEOR": 0.08759124087591241,
    "SPICE": 0.05405405405405405,
    "BLEU_4": 7.93688092513584e-13
  },
  "2": {
    "BLEU_1": 0.08333333332638898,
    "BLEU_2": 2.7524094125761097e-09,
    "ROUGE_L": 0.08764367816091953,
    "CIDEr": 0.0,
    "METEOR": 0.1694977628294735,
    "SPICE": 0.05128205128205129,
    "BLEU_4": 5.386366368312954e-13
  },
  "3": {
    "BLEU_1": 0.28571428569387763,
    "BLEU_2": 4.688072309037213e-09,
    "ROUGE_L": 0.16353887399463804,
    "CIDEr": 0.0,
    "METEOR": 0.12127202607638009,
    "SPICE": 0.14285714285714288,
    "BLEU_4": 6.387834681787387e-13
  },
  "4": {
    "BLEU_1": 0.07142857142346946,
    "BLEU_2": 2.344036154518608e-09,
    "ROUGE_L": 0.0745721271393643,
    "CIDEr": 0.0,
    "METEOR": 0.08852459016393444,
    "SPICE": 0.05128205128205129,
    "BLEU_4": 4.516881220590475e-13
  },
  "5": {
    "BLEU_1": 0.1333333333244445,
    "BLEU_2": 3.0860669990287532e-09,
    "ROUGE_L": 0.14472123368920523,
    "CIDEr": 0.0,
    "METEOR": 0.12111574709514518,
    "SPICE": 0.1395348837209302,
    "BLEU_4": 4.970745472430083e-13
  },
  "6": {
    "BLEU_1": 1.0735389898008262e-16,
    "BLEU_2": 1.1595546370745083e-16,
    "ROUGE_L": 0.0,
    "CIDEr": 0.0,
    "METEOR": 0.10023201856148492,
    "SPICE": 0.0625,
    "BLEU_4": 1.3958734299260755e-16
  },
  "7": {
    "BLEU_1": 0.24999999997916675,
    "BLEU_2": 4.767312945812628e-09,
    "ROUGE_L": 0.08764367816091953,
    "CIDEr": 0.0,
    "METEOR": 0.09523809523809523,
    "SPICE": 0.0975609756097561,
    "BLEU_4": 7.08885680157797e-13
  },
  "8": {
    "BLEU_1": 0.27272727267768604,
    "BLEU_2": 5.222329677697684e-09,
    "ROUGE_L": 0.09090909090909091,
    "CIDEr": 0.0,
    "METEOR": 0.11179039301310045,
    "SPICE": 0.05555555555555555,
    "BLEU_4": 7.845109652856079e-13
  },
  "9": {
    "BLEU_1": 0.36363636357024803,
    "BLEU_2": 6.030226890431458e-09,
    "ROUGE_L": 0.18181818181818182,
    "CIDEr": 0.0,
    "METEOR": 0.130297347977498,
    "SPICE": 0.1,
    "BLEU_4": 8.430118944817767e-13
  }
}