{
  "0": {
    "BLEU_1": 0.1861254449556944,
    "BLEU_2": 4.495356574788337e-09,
    "ROUGE_L": 0.1550190597204574,
    "CIDEr": 0.0,
    "METEOR": 0.07142857142857142,
    "SPICE": 0.0,
    "BLEU_4": 8.092104279933771e-13
  },
  "1": {
    "BLEU_1": 0.16666666663888896,
    "BLEU_2": 3.8924947201441226e-09,
    "ROUGE_L": 0.13377192982456138,
    "CIDEr": 0.0,
    "METEOR": 0.06530612244897958,
    "SPICE": 0.0,
    "BLEU_4": 6.405505208675338e-13
  },
  "2": {
    "BLEU_1": 0.1988531814701149,
    "BLEU_2": 4.716217300589896e-09,
    "ROUGE_L": 0.19645732689210954,
    "CIDEr": 0.0,
    "METEOR": 0.07612528976778749,
    "SPICE": 0.0,
    "BLEU_4": 8.0696947976792e-13
  },
  "3": {
    "BLEU_1": 0.2631578947229917,
    "BLEU_2": 3.823595564302531e-09,
    "ROUGE_L": 0.16835326586936522,
    "CIDEr": 0.0,
    "METEOR": 0.08968609865470853,
    "SPICE": 0.04444444444444444,
    "BLEU_4": 4.814971806817797e-13
  },
  "4": {
    "BLEU_1": 0.1988531814701149,
    "BLEU_2": 4.716217300589896e-09,
    "ROUGE_L": 0.14575866188769412,
    "CIDEr": 0.0,
    "METEOR": 0.06736842105263158,
    "SPICE": 0.052631578947368425,
    "BLEU_4": 8.0696947976792e-13
  },
  "5": {
    "BLEU_1": 0.2982797722051723,
    "BLEU_2": 5.776162951265759e-09,
    "ROUGE_L": 0.14575866188769412,
    "CIDEr": 0.0,
    "METEOR": 0.06220302375809936,
    "SPICE": 0.04878048780487805,
    "BLEU_4": 8.930585330091313e-13
  },
  "6": {
    "BLEU_1": 0.2499999999583334,
    "BLEU_2": 4.7673129454153526e-09,
    "ROUGE_L": 0.13377192982456138,
    "CIDEr": 0.0,
    "METEOR": 0.059504132231404966,
    "SPICE": 0.04878048780487805,
    "BLEU_4": 7.088856800987232e-13
  },
  "7": {
    "BLEU_1": 0.23076923075147937,
    "BLEU_2": 4.385290096183762e-09,
    "ROUGE_L": 0.1781021897810219,
    "CIDEr": 0.0,
    "METEOR": 0.07239819004524888,
    "SPICE": 0.04878048780487805,
    "BLEU_4": 6.466227686450042e-13
  },
  "8": {
    "BLEU_1": 0.30769230766863914,
    "BLEU_2": 5.063696835012589e-09,
    "ROUGE_L": 0.1781021897810219,
    "CIDEr": 0.0,
    "METEOR": 0.08403361344537816,
    "SPICE": 0.04878048780487805,
    "BLEU_4": 6.948413844184121e-13
  },
  "9": {
    "BLEU_1": 0.23485326567401232,
    "BLEU_2": 3.835137768842849e-09,
    "ROUGE_L": 0.1946808510638298,
    "CIDEr": 0.0,
    "METEOR": 0.07244094488188976,
    "SPICE": 0.0,
    "BLEU_4": 5.167743331466156e-13
  }
}