{
  "0": {
    "BLEU_1": 0.32928698152470126,
    "BLEU_2": 6.721542363805207e-09,
    "ROUGE_L": 0.2953995157384988,
    "CIDEr": 0.0,
    "METEOR": 0.12548743064914702,
    "SPICE": 0.06060606060606061,
    "BLEU_4": 1.2271801245099645e-12
  },
  "1": {
    "BLEU_1": 0.29999999994000015,
    "BLEU_2": 0.1825741857975264,
    "ROUGE_L": 0.34014869888475835,
    "CIDEr": 0.0,
    "METEOR": 0.11309753243315528,
    "SPICE": 0.09523809523809523,
    "BLEU_4": 4.939382736029984e-09
  },
  "2": {
    "BLEU_1": 0.26666666664888894,
    "BLEU_2": 0.19518001457623,
    "ROUGE_L": 0.3214756258234519,
    "CIDEr": 0.0,
    "METEOR": 0.1300539310366706,
    "SPICE": 0.12765957446808512,
    "BLEU_4": 3.953088374374989e-09
  },
  "3": {
    "BLEU_1": 0.2142857142704082,
    "BLEU_2": 0.12838814774375065,
    "ROUGE_L": 0.2340153452685422,
    "CIDEr": 0.0,
    "METEOR": 0.10016485495761512,
    "SPICE": 0.09090909090909091,
    "BLEU_4": 3.342866121293135e-09
  },
  "4": {
    "BLEU_1": 0.19999999996000015,
    "BLEU_2": 4.714045206941321e-09,
    "ROUGE_L": 0.16991643454039,
    "CIDEr": 0.0,
    "METEOR": 0.0421792618629174,
    "SPICE": 0.04878048780487805,
    "BLEU_4": 7.936880924342154e-13
  },
  "5": {
    "BLEU_1": 0.2142857142704082,
    "BLEU_2": 4.059989714404599e-09,
    "ROUGE_L": 0.2340153452685422,
    "CIDEr": 0.0,
    "METEOR": 0.10011139264704177,
    "SPICE": 0.09090909090909091,
    "BLEU_4": 5.944549994012258e-13
  },
  "6": {
    "BLEU_1": 0.3076923076449706,
    "BLEU_2": 5.063696834623075e-09,
    "ROUGE_L": 0.19902120717781402,
    "CIDEr": 0.0,
    "METEOR": 0.09688581314878891,
    "SPICE": 0.046511627906976744,
    "BLEU_4": 6.94841384364963e-13
  },
  "7": {
    "BLEU_1": 0.12499999996875016,
    "BLEU_2": 4.225771272548414e-09,
    "ROUGE_L": 0.09131736526946108,
    "CIDEr": 0.0,
    "METEOR": 0.043795620437956206,
    "SPICE": 0.05,
    "BLEU_4": 8.783602617222665e-13
  },
  "8": {
    "BLEU_1": 0.22222222219753096,
    "BLEU_2": 5.270462766325093e-09,
    "ROUGE_L": 0.1189083820662768,
    "CIDEr": 0.0,
    "METEOR": 0.058076225045372055,
    "SPICE": 0.05128205128205128,
    "BLEU_4": 9.018037816335524e-13
  },
  "9": {
    "BLEU_1": 0.3999999999200002,
    "BLEU_2": 6.666666665296299e-09,
    "ROUGE_L": 0.22676579925650556,
    "CIDEr": 0.0,
    "METEOR": 0.12060301507537688,
    "SPICE": 0.05,
    "BLEU_4": 9.438595266157062e-13
  }
}