{
  "0": {
    "BLEU_1": 0.4390493086996017,
    "BLEU_2": 0.3470989551446028,
    "ROUGE_L": 0.5434298440979956,
    "CIDEr": 0.0,
    "METEOR": 0.2660716351072507,
    "SPICE": 0.3636363636363636,
    "BLEU_4": 8.818617297116e-09
  },
  "1": {
    "BLEU_1": 0.4390493086996017,
    "BLEU_2": 0.3470989551446028,
    "ROUGE_L": 0.5434298440979956,
    "CIDEr": 0.0,
    "METEOR": 0.2660716351072507,
    "SPICE": 0.3636363636363636,
    "BLEU_4": 8.818617297116e-09
  },
  "2": {
    "BLEU_1": 0.4390493086996017,
    "BLEU_2": 0.3470989551446028,
    "ROUGE_L": 0.5434298440979956,
    "CIDEr": 0.0,
    "METEOR": 0.2660716351072507,
    "SPICE": 0.3636363636363636,
    "BLEU_4": 8.818617297116e-09
  },
  "3": {
    "BLEU_1": 0.4390493086996017,
    "BLEU_2": 0.3470989551446028,
    "ROUGE_L": 0.5434298440979956,
    "CIDEr": 0.0,
    "METEOR": 0.2660716351072507,
    "SPICE": 0.3636363636363636,
    "BLEU_4": 8.818617297116e-09
  },
  "4": {
    "BLEU_1": 0.4390493086996017,
    "BLEU_2": 0.3470989551446028,
    "ROUGE_L": 0.5434298440979956,
    "CIDEr": 0.0,
    "METEOR": 0.2660716351072507,
    "SPICE": 0.3636363636363636,
    "BLEU_4": 8.818617297116e-09
  },
  "5": {
    "BLEU_1": 0.4390493086996017,
    "BLEU_2": 0.3470989551446028,
    "ROUGE_L": 0.5434298440979956,
    "CIDEr": 0.0,
    "METEOR": 0.2660716351072507,
    "SPICE": 0.3636363636363636,
    "BLEU_4": 8.818617297116e-09
  },
  "6": {
    "BLEU_1": 0.4390493086996017,
    "BLEU_2": 0.3470989551446028,
    "ROUGE_L": 0.5434298440979956,
    "CIDEr": 0.0,
    "METEOR": 0.2660716351072507,
    "SPICE": 0.3636363636363636,
    "BLEU_4": 8.818617297116e-09
  },
  "7": {
    "BLEU_1": 0.4390493086996017,
    "BLEU_2": 0.3470989551446028,
    "ROUGE_L": 0.5434298440979956,
    "CIDEr": 0.0,
    "METEOR": 0.2660716351072507,
    "SPICE": 0.3636363636363636,
    "BLEU_4": 8.818617297116e-09
  },
  "8": {
    "BLEU_1": 0.4390493086996017,
    "BLEU_2": 0.3470989551446028,
    "ROUGE_L": 0.5434298440979956,
    "CIDEr": 0.0,
    "METEOR": 0.2660716351072507,
    "SPICE": 0.3636363636363636,
    "BLEU_4": 8.818617297116e-09
  },
  "9": {
    "BLEU_1": 0.4390493086996017,
    "BLEU_2": 0.3470989551446028,
    "ROUGE_L": 0.5434298440979956,
    "CIDEr": 0.0,
    "METEOR": 0.2660716351072507,
    "SPICE": 0.3636363636363636,
    "BLEU_4": 8.818617297116e-09
  }
}