{
  "0": {
    "BLEU_1": 0.08786571264666526,
    "BLEU_2": 3.403024417548223e-09,
    "ROUGE_L": 0.1680440771349862,
    "CIDEr": 0.0,
    "METEOR": 0.19354838709677424,
    "SPICE": 0.05555555555555555,
    "BLEU_4": 1.6842357356476073e-10
  },
  "1": {
    "BLEU_1": 0.5714285712653063,
    "BLEU_2": 0.43643578034209335,
    "ROUGE_L": 0.5269978401727862,
    "CIDEr": 0.0,
    "METEOR": 0.293950561244508,
    "SPICE": 0.1,
    "BLEU_4": 5.555238066175146e-05
  },
  "2": {
    "BLEU_1": 0.4999999999375001,
    "BLEU_2": 0.37796447295860713,
    "ROUGE_L": 0.5,
    "CIDEr": 0.0,
    "METEOR": 0.2841157841024985,
    "SPICE": 0.0975609756097561,
    "BLEU_4": 4.671379776540978e-05
  },
  "3": {
    "BLEU_1": 0.5714285712653063,
    "BLEU_2": 0.43643578034209335,
    "ROUGE_L": 0.5269978401727862,
    "CIDEr": 0.0,
    "METEOR": 0.293950561244508,
    "SPICE": 0.1,
    "BLEU_4": 5.555238066175146e-05
  },
  "4": {
    "BLEU_1": 0.4999999999375001,
    "BLEU_2": 0.37796447295860713,
    "ROUGE_L": 0.5,
    "CIDEr": 0.0,
    "METEOR": 0.2841157841024985,
    "SPICE": 0.0975609756097561,
    "BLEU_4": 4.671379776540978e-05
  },
  "5": {
    "BLEU_1": 0.4999999999375001,
    "BLEU_2": 0.37796447295860713,
    "ROUGE_L": 0.5,
    "CIDEr": 0.0,
    "METEOR": 0.2841157841024985,
    "SPICE": 0.0975609756097561,
    "BLEU_4": 4.671379776540978e-05
  },
  "6": {
    "BLEU_1": 0.4999999999375001,
    "BLEU_2": 0.37796447295860713,
    "ROUGE_L": 0.5,
    "CIDEr": 0.0,
    "METEOR": 0.2841157841024985,
    "SPICE": 0.1,
    "BLEU_4": 4.671379776540978e-05
  },
  "7": {
    "BLEU_1": 0.4999999999375001,
    "BLEU_2": 0.37796447295860713,
    "ROUGE_L": 0.5,
    "CIDEr": 0.0,
    "METEOR": 0.2841157841024985,
    "SPICE": 0.1,
    "BLEU_4": 4.671379776540978e-05
  },
  "8": {
    "BLEU_1": 0.4999999999375001,
    "BLEU_2": 0.37796447295860713,
    "ROUGE_L": 0.5,
    "CIDEr": 0.0,
    "METEOR": 0.2841157841024985,
    "SPICE": 0.1,
    "BLEU_4": 4.671379776540978e-05
  },
  "9": {
    "BLEU_1": 0.4999999999375001,
    "BLEU_2": 0.37796447295860713,
    "ROUGE_L": 0.5,
    "CIDEr": 0.0,
    "METEOR": 0.2841157841024985,
    "SPICE": 0.1,
    "BLEU_4": 4.671379776540978e-05
  }
}