{
  "0": {
    "BLEU_1": 0.29999999994000015,
    "BLEU_2": 0.1825741857975264,
    "ROUGE_L": 0.21254355400696867,
    "CIDEr": 0.0,
    "METEOR": 0.19237403244012777,
    "SPICE": 0.28571428571428575,
    "BLEU_4": 4.939382736029984e-09
  },
  "1": {
    "BLEU_1": 0.30769230766863914,
    "BLEU_2": 0.16012815379225645,
    "ROUGE_L": 0.18798151001540828,
    "CIDEr": 0.0,
    "METEOR": 0.23701913069142166,
    "SPICE": 0.2702702702702703,
    "BLEU_4": 3.9073802491094676e-09
  },
  "2": {
    "BLEU_1": 0.24999999998437505,
    "BLEU_2": 0.12909944486524297,
    "ROUGE_L": 0.16850828729281767,
    "CIDEr": 0.0,
    "METEOR": 0.22619869211637847,
    "SPICE": 0.23529411764705882,
    "BLEU_4": 3.0934588292167494e-09
  },
  "3": {
    "BLEU_1": 0.23529411763321803,
    "BLEU_2": 0.12126781251081024,
    "ROUGE_L": 0.1628838451268358,
    "CIDEr": 0.0,
    "METEOR": 0.17281627495869503,
    "SPICE": 0.39024390243902435,
    "BLEU_4": 2.8927969314267103e-09
  },
  "4": {
    "BLEU_1": 0.23076923075147937,
    "BLEU_2": 0.1386750490451956,
    "ROUGE_L": 0.2417437252311757,
    "CIDEr": 0.0,
    "METEOR": 0.2318576337007243,
    "SPICE": 0.3529411764705882,
    "BLEU_4": 3.636227046180843e-09
  },
  "5": {
    "BLEU_1": 0.23076923075147937,
    "BLEU_2": 0.1386750490451956,
    "ROUGE_L": 0.2417437252311757,
    "CIDEr": 0.0,
    "METEOR": 0.2318576337007243,
    "SPICE": 0.3333333333333333,
    "BLEU_4": 3.636227046180843e-09
  },
  "6": {
    "BLEU_1": 0.1538461538343196,
    "BLEU_2": 0.11322770340538693,
    "ROUGE_L": 0.18798151001540828,
    "CIDEr": 0.0,
    "METEOR": 0.23502653074446997,
    "SPICE": 0.3157894736842105,
    "BLEU_4": 3.2857020445093175e-09
  },
  "7": {
    "BLEU_1": 0.2499999999583334,
    "BLEU_2": 0.15075567226318493,
    "ROUGE_L": 0.25,
    "CIDEr": 0.0,
    "METEOR": 0.23664368577252823,
    "SPICE": 0.3529411764705882,
    "BLEU_4": 3.98635712755178e-09
  },
  "8": {
    "BLEU_1": 0.2499999999583334,
    "BLEU_2": 0.15075567226318493,
    "ROUGE_L": 0.25,
    "CIDEr": 0.0,
    "METEOR": 0.23664368577252823,
    "SPICE": 0.3529411764705882,
    "BLEU_4": 3.98635712755178e-09
  },
  "9": {
    "BLEU_1": 0.2499999999583334,
    "BLEU_2": 0.15075567226318493,
    "ROUGE_L": 0.25,
    "CIDEr": 0.0,
    "METEOR": 0.23664368577252823,
    "SPICE": 0.3529411764705882,
    "BLEU_4": 3.98635712755178e-09
  }
}