{
  "0": {
    "BLEU_1": 0.1947001957191763,
    "BLEU_2": 4.654224883289751e-09,
    "ROUGE_L": 0.20469798657718125,
    "CIDEr": 0.0,
    "METEOR": 0.07095343680709534,
    "SPICE": 0.05,
    "BLEU_4": 8.134981279967864e-13
  },
  "1": {
    "BLEU_1": 0.1947001957191763,
    "BLEU_2": 4.654224883289751e-09,
    "ROUGE_L": 0.20469798657718125,
    "CIDEr": 0.0,
    "METEOR": 0.08678539799597085,
    "SPICE": 0.05,
    "BLEU_4": 8.134981279967864e-13
  },
  "2": {
    "BLEU_1": 0.1947001957191763,
    "BLEU_2": 4.654224883289751e-09,
    "ROUGE_L": 0.20469798657718125,
    "CIDEr": 0.0,
    "METEOR": 0.07095343680709534,
    "SPICE": 0.05,
    "BLEU_4": 8.134981279967864e-13
  },
  "3": {
    "BLEU_1": 0.3977063629402297,
    "BLEU_2": 0.21091564961559142,
    "ROUGE_L": 0.19645732689210954,
    "CIDEr": 0.0,
    "METEOR": 0.11316084651825355,
    "SPICE": 0.05128205128205128,
    "BLEU_4": 5.396530160066635e-09
  },
  "4": {
    "BLEU_1": 0.1947001957191763,
    "BLEU_2": 4.654224883289751e-09,
    "ROUGE_L": 0.20469798657718125,
    "CIDEr": 0.0,
    "METEOR": 0.08678539799597085,
    "SPICE": 0.05,
    "BLEU_4": 8.134981279967864e-13
  },
  "5": {
    "BLEU_1": 0.1947001957191763,
    "BLEU_2": 4.654224883289751e-09,
    "ROUGE_L": 0.20469798657718125,
    "CIDEr": 0.0,
    "METEOR": 0.07095343680709534,
    "SPICE": 0.05,
    "BLEU_4": 8.134981279967864e-13
  },
  "6": {
    "BLEU_1": 0.3977063629402297,
    "BLEU_2": 0.21091564961559142,
    "ROUGE_L": 0.19645732689210954,
    "CIDEr": 0.0,
    "METEOR": 0.11316084651825355,
    "SPICE": 0.05263157894736842,
    "BLEU_4": 5.396530160066635e-09
  },
  "7": {
    "BLEU_1": 0.1947001957191763,
    "BLEU_2": 4.654224883289751e-09,
    "ROUGE_L": 0.20469798657718125,
    "CIDEr": 0.0,
    "METEOR": 0.07095343680709534,
    "SPICE": 0.05,
    "BLEU_4": 8.134981279967864e-13
  },
  "8": {
    "BLEU_1": 0.3977063629402297,
    "BLEU_2": 0.21091564961559142,
    "ROUGE_L": 0.19645732689210954,
    "CIDEr": 0.0,
    "METEOR": 0.11316084651825355,
    "SPICE": 0.05263157894736842,
    "BLEU_4": 5.396530160066635e-09
  },
  "9": {
    "BLEU_1": 0.1947001957191763,
    "BLEU_2": 4.654224883289751e-09,
    "ROUGE_L": 0.20469798657718125,
    "CIDEr": 0.0,
    "METEOR": 0.07095343680709534,
    "SPICE": 0.05,
    "BLEU_4": 8.134981279967864e-13
  }
}