{
  "0": {
    "BLEU_1": 0.4444444443456792,
    "BLEU_2": 0.23570226034150096,
    "ROUGE_L": 0.2222222222222222,
    "CIDEr": 0.0,
    "METEOR": 0.1794871794871795,
    "SPICE": 0.24242424242424243,
    "BLEU_4": 6.030725358915047e-09
  },
  "1": {
    "BLEU_1": 0.3124999999804688,
    "BLEU_2": 0.20412414521874855,
    "ROUGE_L": 0.2527624309392265,
    "CIDEr": 0.0,
    "METEOR": 0.14814814814814814,
    "SPICE": 0.10256410256410256,
    "BLEU_4": 2.1874057154605617e-05
  },
  "2": {
    "BLEU_1": 0.30769230766863914,
    "BLEU_2": 0.16012815379225645,
    "ROUGE_L": 0.2819722650231125,
    "CIDEr": 0.0,
    "METEOR": 0.1568627450980392,
    "SPICE": 0.16216216216216217,
    "BLEU_4": 3.9073802491094676e-09
  },
  "3": {
    "BLEU_1": 0.33333333327777787,
    "BLEU_2": 0.17407765592602564,
    "ROUGE_L": 0.2932692307692307,
    "CIDEr": 0.0,
    "METEOR": 0.16091954022988508,
    "SPICE": 0.16666666666666666,
    "BLEU_4": 4.283619506777607e-09
  },
  "4": {
    "BLEU_1": 0.09090909089256209,
    "BLEU_2": 3.0151134452157307e-09,
    "ROUGE_L": 0.08209959623149395,
    "CIDEr": 0.0,
    "METEOR": 0.06896551724137931,
    "SPICE": 0.1111111111111111,
    "BLEU_4": 5.960994272089826e-13
  },
  "5": {
    "BLEU_1": 0.07142857142346946,
    "BLEU_2": 2.344036154518608e-09,
    "ROUGE_L": 0.0745721271393643,
    "CIDEr": 0.0,
    "METEOR": 0.06504065040650407,
    "SPICE": 0.05555555555555555,
    "BLEU_4": 4.516881220590475e-13
  },
  "6": {
    "BLEU_1": 0.3333333332592594,
    "BLEU_2": 6.454972242199766e-09,
    "ROUGE_L": 0.2378167641325536,
    "CIDEr": 0.0,
    "METEOR": 0.17445482866043616,
    "SPICE": 0.13793103448275865,
    "BLEU_4": 9.980099401403394e-13
  },
  "7": {
    "BLEU_1": 0.09090909089256209,
    "BLEU_2": 3.0151134452157307e-09,
    "ROUGE_L": 0.108348134991119,
    "CIDEr": 0.0,
    "METEOR": 0.0903954802259887,
    "SPICE": 0.0625,
    "BLEU_4": 5.960994272089826e-13
  },
  "8": {
    "BLEU_1": 0.09090909089256209,
    "BLEU_2": 3.0151134452157307e-09,
    "ROUGE_L": 0.108348134991119,
    "CIDEr": 0.0,
    "METEOR": 0.0903954802259887,
    "SPICE": 0.06451612903225806,
    "BLEU_4": 5.960994272089826e-13
  },
  "9": {
    "BLEU_1": 0.09090909089256209,
    "BLEU_2": 3.0151134452157307e-09,
    "ROUGE_L": 0.108348134991119,
    "CIDEr": 0.0,
    "METEOR": 0.09195402298850575,
    "SPICE": 0.06666666666666667,
    "BLEU_4": 5.960994272089826e-13
  }
}