{
  "0": {
    "BLEU_1": 0.24999999993750016,
    "BLEU_2": 5.976143045124577e-09,
    "ROUGE_L": 0.125,
    "CIDEr": 0.0,
    "METEOR": 0.17678737233054784,
    "SPICE": 0.07692307692307691,
    "BLEU_4": 1.0445522727757714e-12
  },
  "1": {
    "BLEU_1": 0.18393972049375146,
    "BLEU_2": 4.749303160991089e-09,
    "ROUGE_L": 0.15721649484536082,
    "CIDEr": 0.0,
    "METEOR": 0.14285714285714285,
    "SPICE": 0.0909090909090909,
    "BLEU_4": 1.1115018918919703e-12
  },
  "2": {
    "BLEU_1": 0.24767939985785795,
    "BLEU_2": 5.982025825945981e-09,
    "ROUGE_L": 0.10683012259194395,
    "CIDEr": 0.0,
    "METEOR": 0.06837606837606837,
    "SPICE": 0.08,
    "BLEU_4": 1.0768261868323776e-12
  },
  "3": {
    "BLEU_1": 0.18393972049375146,
    "BLEU_2": 4.749303160991089e-09,
    "ROUGE_L": 0.15721649484536082,
    "CIDEr": 0.0,
    "METEOR": 0.14285714285714285,
    "SPICE": 0.0909090909090909,
    "BLEU_4": 1.1115018918919703e-12
  },
  "4": {
    "BLEU_1": 0.24767939985785795,
    "BLEU_2": 5.982025825945981e-09,
    "ROUGE_L": 0.10683012259194395,
    "CIDEr": 0.0,
    "METEOR": 0.06837606837606837,
    "SPICE": 0.08,
    "BLEU_4": 1.0768261868323776e-12
  },
  "5": {
    "BLEU_1": 0.18393972049375146,
    "BLEU_2": 4.749303160991089e-09,
    "ROUGE_L": 0.15721649484536082,
    "CIDEr": 0.0,
    "METEOR": 0.14285714285714285,
    "SPICE": 0.0909090909090909,
    "BLEU_4": 1.1115018918919703e-12
  },
  "6": {
    "BLEU_1": 0.24767939985785795,
    "BLEU_2": 5.982025825945981e-09,
    "ROUGE_L": 0.10683012259194395,
    "CIDEr": 0.0,
    "METEOR": 0.06837606837606837,
    "SPICE": 0.08,
    "BLEU_4": 1.0768261868323776e-12
  },
  "7": {
    "BLEU_1": 0.18393972049375146,
    "BLEU_2": 4.749303160991089e-09,
    "ROUGE_L": 0.15721649484536082,
    "CIDEr": 0.0,
    "METEOR": 0.14285714285714285,
    "SPICE": 0.0909090909090909,
    "BLEU_4": 1.1115018918919703e-12
  },
  "8": {
    "BLEU_1": 0.24767939985785795,
    "BLEU_2": 5.982025825945981e-09,
    "ROUGE_L": 0.10683012259194395,
    "CIDEr": 0.0,
    "METEOR": 0.06837606837606837,
    "SPICE": 0.08,
    "BLEU_4": 1.0768261868323776e-12
  },
  "9": {
    "BLEU_1": 0.18393972049375146,
    "BLEU_2": 4.749303160991089e-09,
    "ROUGE_L": 0.15721649484536082,
    "CIDEr": 0.0,
    "METEOR": 0.14285714285714285,
    "SPICE": 0.0909090909090909,
    "BLEU_4": 1.1115018918919703e-12
  }
}