{
  "0": {
    "BLEU_1": 0.2695973783624942,
    "BLEU_2": 5.503133441363796e-09,
    "ROUGE_L": 0.18345864661654135,
    "CIDEr": 0.0,
    "METEOR": 0.14634146341463414,
    "SPICE": 0.14814814814814817,
    "BLEU_4": 1.0047301075023746e-12
  },
  "1": {
    "BLEU_1": 0.4294155959203306,
    "BLEU_2": 7.333667449130742e-09,
    "ROUGE_L": 0.17062937062937064,
    "CIDEr": 0.0,
    "METEOR": 0.20995841308489083,
    "SPICE": 0.22222222222222218,
    "BLEU_4": 1.1100972798838728e-12
  },
  "2": {
    "BLEU_1": 0.4043537730069712,
    "BLEU_2": 7.003612790685742e-09,
    "ROUGE_L": 0.26521739130434785,
    "CIDEr": 0.0,
    "METEOR": 0.21331721762227954,
    "SPICE": 0.22222222222222218,
    "BLEU_4": 1.1073684133627694e-12
  },
  "3": {
    "BLEU_1": 0.4043537730069712,
    "BLEU_2": 7.003612790685742e-09,
    "ROUGE_L": 0.26521739130434785,
    "CIDEr": 0.0,
    "METEOR": 0.21331721762227954,
    "SPICE": 0.22222222222222218,
    "BLEU_4": 1.1073684133627694e-12
  },
  "4": {
    "BLEU_1": 0.2695973783624942,
    "BLEU_2": 5.503133441363796e-09,
    "ROUGE_L": 0.18345864661654135,
    "CIDEr": 0.0,
    "METEOR": 0.1586442997314366,
    "SPICE": 0.07407407407407408,
    "BLEU_4": 1.0047301075023746e-12
  },
  "5": {
    "BLEU_1": 0.2695973783624942,
    "BLEU_2": 5.503133441363796e-09,
    "ROUGE_L": 0.18345864661654135,
    "CIDEr": 0.0,
    "METEOR": 0.1895509970370583,
    "SPICE": 0.07407407407407408,
    "BLEU_4": 1.0047301075023746e-12
  },
  "6": {
    "BLEU_1": 0.2695973783624942,
    "BLEU_2": 5.503133441363796e-09,
    "ROUGE_L": 0.18345864661654135,
    "CIDEr": 0.0,
    "METEOR": 0.1586442997314366,
    "SPICE": 0.07407407407407408,
    "BLEU_4": 1.0047301075023746e-12
  },
  "7": {
    "BLEU_1": 0.2695973783624942,
    "BLEU_2": 5.503133441363796e-09,
    "ROUGE_L": 0.18345864661654135,
    "CIDEr": 0.0,
    "METEOR": 0.1895509970370583,
    "SPICE": 0.07407407407407408,
    "BLEU_4": 1.0047301075023746e-12
  },
  "8": {
    "BLEU_1": 0.2695973783624942,
    "BLEU_2": 5.503133441363796e-09,
    "ROUGE_L": 0.18345864661654135,
    "CIDEr": 0.0,
    "METEOR": 0.1586442997314366,
    "SPICE": 0.07407407407407408,
    "BLEU_4": 1.0047301075023746e-12
  },
  "9": {
    "BLEU_1": 0.2695973783624942,
    "BLEU_2": 5.503133441363796e-09,
    "ROUGE_L": 0.18345864661654135,
    "CIDEr": 0.0,
    "METEOR": 0.1895509970370583,
    "SPICE": 0.07407407407407408,
    "BLEU_4": 1.0047301075023746e-12
  }
}