{
  "0": {
    "BLEU_1": 0.6666666665185187,
    "BLEU_2": 0.2886751345286584,
    "ROUGE_L": 0.2378167641325536,
    "CIDEr": 0.0,
    "METEOR": 0.21516004626454532,
    "SPICE": 0.27586206896551724,
    "BLEU_4": 6.674094717389515e-09
  },
  "1": {
    "BLEU_1": 0.545454545355372,
    "BLEU_2": 7.385489457383579e-09,
    "ROUGE_L": 0.216696269982238,
    "CIDEr": 0.0,
    "METEOR": 0.20893855095087172,
    "SPICE": 0.2580645161290322,
    "BLEU_4": 9.329460217152974e-13
  },
  "2": {
    "BLEU_1": 0.7272727271404961,
    "BLEU_2": 0.46709936640986355,
    "ROUGE_L": 0.3283983849259758,
    "CIDEr": 0.0,
    "METEOR": 0.3139044403647029,
    "SPICE": 0.2580645161290322,
    "BLEU_4": 0.2790159393034314
  },
  "3": {
    "BLEU_1": 0.545454545355372,
    "BLEU_2": 7.385489457383579e-09,
    "ROUGE_L": 0.216696269982238,
    "CIDEr": 0.0,
    "METEOR": 0.20893855095087172,
    "SPICE": 0.2580645161290322,
    "BLEU_4": 9.329460217152974e-13
  },
  "4": {
    "BLEU_1": 0.7272727271404961,
    "BLEU_2": 0.46709936640986355,
    "ROUGE_L": 0.3283983849259758,
    "CIDEr": 0.0,
    "METEOR": 0.3139044403647029,
    "SPICE": 0.2580645161290322,
    "BLEU_4": 0.2790159393034314
  },
  "5": {
    "BLEU_1": 0.545454545355372,
    "BLEU_2": 7.385489457383579e-09,
    "ROUGE_L": 0.216696269982238,
    "CIDEr": 0.0,
    "METEOR": 0.20893855095087172,
    "SPICE": 0.2580645161290322,
    "BLEU_4": 9.329460217152974e-13
  },
  "6": {
    "BLEU_1": 0.7272727271404961,
    "BLEU_2": 0.46709936640986355,
    "ROUGE_L": 0.3283983849259758,
    "CIDEr": 0.0,
    "METEOR": 0.3139044403647029,
    "SPICE": 0.2580645161290322,
    "BLEU_4": 0.2790159393034314
  },
  "7": {
    "BLEU_1": 0.545454545355372,
    "BLEU_2": 7.385489457383579e-09,
    "ROUGE_L": 0.216696269982238,
    "CIDEr": 0.0,
    "METEOR": 0.20893855095087172,
    "SPICE": 0.2580645161290322,
    "BLEU_4": 9.329460217152974e-13
  },
  "8": {
    "BLEU_1": 0.7272727271404961,
    "BLEU_2": 0.46709936640986355,
    "ROUGE_L": 0.3283983849259758,
    "CIDEr": 0.0,
    "METEOR": 0.3139044403647029,
    "SPICE": 0.2580645161290322,
    "BLEU_4": 0.2790159393034314
  },
  "9": {
    "BLEU_1": 0.545454545355372,
    "BLEU_2": 7.385489457383579e-09,
    "ROUGE_L": 0.216696269982238,
    "CIDEr": 0.0,
    "METEOR": 0.20893855095087172,
    "SPICE": 0.2580645161290322,
    "BLEU_4": 9.329460217152974e-13
  }
}