{
  "0": {
    "BLEU_1": 0.33093633838648934,
    "BLEU_2": 6.459215935396237e-09,
    "ROUGE_L": 0.116412213740458,
    "CIDEr": 0.0,
    "METEOR": 0.0835509138381201,
    "SPICE": 0.13793103448275862,
    "BLEU_4": 1.0201550479411466e-12
  },
  "1": {
    "BLEU_1": 0.2499999999583334,
    "BLEU_2": 4.7673129454153526e-09,
    "ROUGE_L": 0.09775641025641024,
    "CIDEr": 0.0,
    "METEOR": 0.07748184019370459,
    "SPICE": 0.12121212121212123,
    "BLEU_4": 7.088856800987232e-13
  },
  "2": {
    "BLEU_1": 0.22222222217283966,
    "BLEU_2": 5.270462765739487e-09,
    "ROUGE_L": 0.1111111111111111,
    "CIDEr": 0.0,
    "METEOR": 0.08290155440414507,
    "SPICE": 0.13333333333333333,
    "BLEU_4": 9.018037815333522e-13
  },
  "3": {
    "BLEU_1": 0.1111111110864199,
    "BLEU_2": 3.726779961645599e-09,
    "ROUGE_L": 0.1111111111111111,
    "CIDEr": 0.0,
    "METEOR": 0.06030150753768844,
    "SPICE": 0.06896551724137931,
    "BLEU_4": 7.583235671536399e-13
  },
  "4": {
    "BLEU_1": 0.09090909089256209,
    "BLEU_2": 3.0151134452157307e-09,
    "ROUGE_L": 0.1018363939899833,
    "CIDEr": 0.0,
    "METEOR": 0.06282722513089005,
    "SPICE": 0.060606060606060615,
    "BLEU_4": 5.960994272089826e-13
  },
  "5": {
    "BLEU_1": 1.0735389898008262e-16,
    "BLEU_2": 1.1595546370745083e-16,
    "ROUGE_L": 0.0,
    "CIDEr": 0.0,
    "METEOR": 0.06539509536784742,
    "SPICE": 0.13793103448275862,
    "BLEU_4": 1.3958734299260755e-16
  },
  "6": {
    "BLEU_1": 9.999999999e-17,
    "BLEU_2": 1.0540925532781945e-16,
    "ROUGE_L": 0.0,
    "CIDEr": 0.0,
    "METEOR": 0.05955334987593052,
    "SPICE": 0.18749999999999997,
    "BLEU_4": 1.186840521809983e-16
  },
  "7": {
    "BLEU_1": 1.0735389898008262e-16,
    "BLEU_2": 1.1595546370745083e-16,
    "ROUGE_L": 0.0,
    "CIDEr": 0.0,
    "METEOR": 0.06539509536784742,
    "SPICE": 0.20689655172413793,
    "BLEU_4": 1.3958734299260755e-16
  },
  "8": {
    "BLEU_1": 9.999999999e-17,
    "BLEU_2": 1.0540925532781945e-16,
    "ROUGE_L": 0.0,
    "CIDEr": 0.0,
    "METEOR": 0.05955334987593052,
    "SPICE": 0.18749999999999997,
    "BLEU_4": 1.186840521809983e-16
  },
  "9": {
    "BLEU_1": 0.27272727267768604,
    "BLEU_2": 5.222329677697684e-09,
    "ROUGE_L": 0.1018363939899833,
    "CIDEr": 0.0,
    "METEOR": 0.08648648648648649,
    "SPICE": 0.13793103448275862,
    "BLEU_4": 7.845109652856079e-13
  }
}