{
  "0": {
    "BLEU_1": 1.111111110864198e-16,
    "BLEU_2": 1.178511301707504e-16,
    "ROUGE_L": 0.0,
    "CIDEr": 0.0,
    "METEOR": 0.047430830039525695,
    "SPICE": 0.0,
    "BLEU_4": 1.3485111856165858e-16
  },
  "1": {
    "BLEU_1": 0.19999999996000015,
    "BLEU_2": 4.714045206941321e-09,
    "ROUGE_L": 0.2,
    "CIDEr": 0.0,
    "METEOR": 0.11133200795228629,
    "SPICE": 0.058823529411764705,
    "BLEU_4": 7.936880924342154e-13
  },
  "2": {
    "BLEU_1": 0.29999999994000015,
    "BLEU_2": 5.773502690709485e-09,
    "ROUGE_L": 0.3,
    "CIDEr": 0.0,
    "METEOR": 0.14918414918414918,
    "SPICE": 0.058823529411764705,
    "BLEU_4": 8.783602617783837e-13
  },
  "3": {
    "BLEU_1": 0.4999999998750002,
    "BLEU_2": 8.451542545096823e-09,
    "ROUGE_L": 0.3267857142857143,
    "CIDEr": 0.0,
    "METEOR": 0.16494845360824745,
    "SPICE": 0.1764705882352941,
    "BLEU_4": 1.2421889947772103e-12
  },
  "4": {
    "BLEU_1": 0.36363636360330587,
    "BLEU_2": 0.19069251783091612,
    "ROUGE_L": 0.384251968503937,
    "CIDEr": 0.0,
    "METEOR": 0.1212121212121212,
    "SPICE": 0.060606060606060615,
    "BLEU_4": 4.740604259372055e-09
  },
  "5": {
    "BLEU_1": 0.27272727270247943,
    "BLEU_2": 5.222329678172441e-09,
    "ROUGE_L": 0.28818897637795277,
    "CIDEr": 0.0,
    "METEOR": 0.11904761904761905,
    "SPICE": 0.060606060606060615,
    "BLEU_4": 7.84510965356927e-13
  },
  "6": {
    "BLEU_1": 0.27272727270247943,
    "BLEU_2": 5.222329678172441e-09,
    "ROUGE_L": 0.28818897637795277,
    "CIDEr": 0.0,
    "METEOR": 0.11904761904761905,
    "SPICE": 0.058823529411764705,
    "BLEU_4": 7.84510965356927e-13
  },
  "7": {
    "BLEU_1": 0.27272727270247943,
    "BLEU_2": 5.222329678172441e-09,
    "ROUGE_L": 0.216696269982238,
    "CIDEr": 0.0,
    "METEOR": 0.1461187214611872,
    "SPICE": 0.058823529411764705,
    "BLEU_4": 7.84510965356927e-13
  },
  "8": {
    "BLEU_1": 0.19999999996000015,
    "BLEU_2": 4.714045206941321e-09,
    "ROUGE_L": 0.2,
    "CIDEr": 0.0,
    "METEOR": 0.124339831879791,
    "SPICE": 0.058823529411764705,
    "BLEU_4": 7.936880924342154e-13
  },
  "9": {
    "BLEU_1": 0.29999999994000015,
    "BLEU_2": 5.773502690709485e-09,
    "ROUGE_L": 0.2,
    "CIDEr": 0.0,
    "METEOR": 0.15904572564612326,
    "SPICE": 0.11764705882352941,
    "BLEU_4": 8.783602617783837e-13
  }
}