{
  "0": {
    "BLEU_1": 0.5999999998800002,
    "BLEU_2": 0.2581988896940871,
    "ROUGE_L": 0.4,
    "CIDEr": 0.0,
    "METEOR": 0.18007964794055403,
    "SPICE": 0.27586206896551724,
    "BLEU_4": 5.873949093408464e-09
  },
  "1": {
    "BLEU_1": 0.4999999999642858,
    "BLEU_2": 0.1961161351236371,
    "ROUGE_L": 0.34366197183098596,
    "CIDEr": 0.0,
    "METEOR": 0.23825880165918048,
    "SPICE": 0.3225806451612903,
    "BLEU_4": 4.131551590773095e-09
  },
  "2": {
    "BLEU_1": 0.4117647058581315,
    "BLEU_2": 0.22687130322949517,
    "ROUGE_L": 0.31082802547770705,
    "CIDEr": 0.0,
    "METEOR": 0.22763579776354823,
    "SPICE": 0.35294117647058826,
    "BLEU_4": 3.95671672919582e-09
  },
  "3": {
    "BLEU_1": 0.36842105261218844,
    "BLEU_2": 0.24779731387827186,
    "ROUGE_L": 0.3652694610778443,
    "CIDEr": 0.0,
    "METEOR": 0.2373513848558139,
    "SPICE": 0.4,
    "BLEU_4": 3.8761990532009996e-09
  },
  "4": {
    "BLEU_1": 0.34999999998250003,
    "BLEU_2": 0.2350811729787503,
    "ROUGE_L": 0.3546511627906977,
    "CIDEr": 0.0,
    "METEOR": 0.23300959123040266,
    "SPICE": 0.4,
    "BLEU_4": 3.665882729402356e-09
  },
  "5": {
    "BLEU_1": 0.3749999999765626,
    "BLEU_2": 0.22360679773553777,
    "ROUGE_L": 0.32105263157894737,
    "CIDEr": 0.0,
    "METEOR": 0.2352627705618649,
    "SPICE": 0.36363636363636365,
    "BLEU_4": 4.071220775270606e-09
  },
  "6": {
    "BLEU_1": 0.4374999999726563,
    "BLEU_2": 0.29580398913587685,
    "ROUGE_L": 0.4013157894736842,
    "CIDEr": 0.0,
    "METEOR": 0.24814008416744182,
    "SPICE": 0.4242424242424242,
    "BLEU_4": 4.682568790699528e-09
  },
  "7": {
    "BLEU_1": 0.3999999999733334,
    "BLEU_2": 0.23904572185037326,
    "ROUGE_L": 0.3319727891156462,
    "CIDEr": 0.0,
    "METEOR": 0.16897341414686348,
    "SPICE": 0.4,
    "BLEU_4": 4.374811430898337e-09
  },
  "8": {
    "BLEU_1": 0.3749999999765626,
    "BLEU_2": 0.22360679773553777,
    "ROUGE_L": 0.32105263157894737,
    "CIDEr": 0.0,
    "METEOR": 0.16897341414686348,
    "SPICE": 0.3870967741935483,
    "BLEU_4": 4.071220775270606e-09
  },
  "9": {
    "BLEU_1": 0.34782608694139894,
    "BLEU_2": 0.17782168978184779,
    "ROUGE_L": 0.2609625668449198,
    "CIDEr": 0.0,
    "METEOR": 0.1556063489303773,
    "SPICE": 0.3243243243243243,
    "BLEU_4": 2.9456425446875464e-09
  }
}