{
  "0": {
    "BLEU_1": 0.4444444443950618,
    "BLEU_2": 7.453559924119366e-09,
    "ROUGE_L": 0.2378167641325536,
    "CIDEr": 0.0,
    "METEOR": 0.14933333333333335,
    "SPICE": 0.05128205128205128,
    "BLEU_4": 1.0724314734549807e-12
  },
  "1": {
    "BLEU_1": 0.29999999994000015,
    "BLEU_2": 5.773502690709485e-09,
    "ROUGE_L": 0.2,
    "CIDEr": 0.0,
    "METEOR": 0.1509433962264151,
    "SPICE": 0.21739130434782608,
    "BLEU_4": 8.783602617783837e-13
  },
  "2": {
    "BLEU_1": 0.27272727267768604,
    "BLEU_2": 5.222329677697684e-09,
    "ROUGE_L": 0.17256011315417258,
    "CIDEr": 0.0,
    "METEOR": 0.13712199785659535,
    "SPICE": 0.04651162790697675,
    "BLEU_4": 7.845109652856079e-13
  },
  "3": {
    "BLEU_1": 0.38461538455621314,
    "BLEU_2": 0.25318484173115374,
    "ROUGE_L": 0.2985318107667211,
    "CIDEr": 0.0,
    "METEOR": 0.17356092765311315,
    "SPICE": 0.0930232558139535,
    "BLEU_4": 4.913270547335136e-09
  },
  "4": {
    "BLEU_1": 0.3999999999733334,
    "BLEU_2": 0.16903085093403225,
    "ROUGE_L": 0.2760180995475113,
    "CIDEr": 0.0,
    "METEOR": 0.1617429632228963,
    "SPICE": 0.04878048780487805,
    "BLEU_4": 3.6787632496533857e-09
  },
  "5": {
    "BLEU_1": 0.3999999999733334,
    "BLEU_2": 0.23904572185037326,
    "ROUGE_L": 0.2760180995475113,
    "CIDEr": 0.0,
    "METEOR": 0.20757799766760884,
    "SPICE": 0.17777777777777776,
    "BLEU_4": 4.374811430898337e-09
  },
  "6": {
    "BLEU_1": 0.3999999999733334,
    "BLEU_2": 0.23904572185037326,
    "ROUGE_L": 0.2760180995475113,
    "CIDEr": 0.0,
    "METEOR": 0.20757799766760884,
    "SPICE": 0.17777777777777776,
    "BLEU_4": 4.374811430898337e-09
  },
  "7": {
    "BLEU_1": 0.4999999999166667,
    "BLEU_2": 0.3015113445263697,
    "ROUGE_L": 0.2772727272727273,
    "CIDEr": 0.0,
    "METEOR": 0.16020230696464066,
    "SPICE": 0.0930232558139535,
    "BLEU_4": 5.63756031424638e-09
  },
  "8": {
    "BLEU_1": 0.45454545446281003,
    "BLEU_2": 6.741998623375958e-09,
    "ROUGE_L": 0.28818897637795277,
    "CIDEr": 0.0,
    "METEOR": 0.16981132075471697,
    "SPICE": 0.09090909090909091,
    "BLEU_4": 8.913765519636197e-13
  },
  "9": {
    "BLEU_1": 0.4117647058581315,
    "BLEU_2": 0.16042223697020558,
    "ROUGE_L": 0.2566619915848527,
    "CIDEr": 0.0,
    "METEOR": 0.15859030837004406,
    "SPICE": 0.15384615384615385,
    "BLEU_4": 3.3271889137551674e-09
  }
}