{
  "0": {
    "BLEU_1": 0.21470779796016531,
    "BLEU_2": 0.1639857894063383,
    "ROUGE_L": 0.22803738317757008,
    "CIDEr": 0.0,
    "METEOR": 0.1273785765392868,
    "SPICE": 0.06451612903225806,
    "BLEU_4": 5.249325938137114e-09
  },
  "1": {
    "BLEU_1": 0.17973158557499613,
    "BLEU_2": 4.493289639262571e-09,
    "ROUGE_L": 0.2515463917525773,
    "CIDEr": 0.0,
    "METEOR": 0.1551164073301956,
    "SPICE": 0.06666666666666667,
    "BLEU_4": 9.078761382262807e-13
  },
  "2": {
    "BLEU_1": 0.17973158557499613,
    "BLEU_2": 4.493289639262571e-09,
    "ROUGE_L": 0.2515463917525773,
    "CIDEr": 0.0,
    "METEOR": 0.1551164073301956,
    "SPICE": 0.06666666666666667,
    "BLEU_4": 9.078761382262807e-13
  },
  "3": {
    "BLEU_1": 0.17973158557499613,
    "BLEU_2": 4.493289639262571e-09,
    "ROUGE_L": 0.2515463917525773,
    "CIDEr": 0.0,
    "METEOR": 0.1551164073301956,
    "SPICE": 0.06666666666666667,
    "BLEU_4": 9.078761382262807e-13
  },
  "4": {
    "BLEU_1": 0.17973158557499613,
    "BLEU_2": 4.493289639262571e-09,
    "ROUGE_L": 0.2515463917525773,
    "CIDEr": 0.0,
    "METEOR": 0.1551164073301956,
    "SPICE": 0.06666666666666667,
    "BLEU_4": 9.078761382262807e-13
  },
  "5": {
    "BLEU_1": 0.17973158557499613,
    "BLEU_2": 4.493289639262571e-09,
    "ROUGE_L": 0.2515463917525773,
    "CIDEr": 0.0,
    "METEOR": 0.1551164073301956,
    "SPICE": 0.06666666666666667,
    "BLEU_4": 9.078761382262807e-13
  },
  "6": {
    "BLEU_1": 0.17973158557499613,
    "BLEU_2": 4.493289639262571e-09,
    "ROUGE_L": 0.2515463917525773,
    "CIDEr": 0.0,
    "METEOR": 0.1551164073301956,
    "SPICE": 0.06666666666666667,
    "BLEU_4": 9.078761382262807e-13
  },
  "7": {
    "BLEU_1": 0.17973158557499613,
    "BLEU_2": 4.493289639262571e-09,
    "ROUGE_L": 0.2515463917525773,
    "CIDEr": 0.0,
    "METEOR": 0.1551164073301956,
    "SPICE": 0.06666666666666667,
    "BLEU_4": 9.078761382262807e-13
  },
  "8": {
    "BLEU_1": 0.20217688650348561,
    "BLEU_2": 4.952302097098729e-09,
    "ROUGE_L": 0.23921568627450981,
    "CIDEr": 0.0,
    "METEOR": 0.1535172691102967,
    "SPICE": 0.06666666666666667,
    "BLEU_4": 9.311821291619466e-13
  },
  "9": {
    "BLEU_1": 0.20217688650348561,
    "BLEU_2": 4.952302097098729e-09,
    "ROUGE_L": 0.23921568627450981,
    "CIDEr": 0.0,
    "METEOR": 0.1535172691102967,
    "SPICE": 0.06666666666666667,
    "BLEU_4": 9.311821291619466e-13
  }
}