{
  "0": {
    "BLEU_1": 0.4999999999375001,
    "BLEU_2": 8.451542546153264e-09,
    "ROUGE_L": 0.1732954545454545,
    "CIDEr": 0.0,
    "METEOR": 0.16711475056174654,
    "SPICE": 0.1081081081081081,
    "BLEU_4": 1.2421889949324836e-12
  },
  "1": {
    "BLEU_1": 0.33203662404227063,
    "BLEU_2": 5.5062044929975245e-09,
    "ROUGE_L": 0.15661103979460847,
    "CIDEr": 0.0,
    "METEOR": 0.15491989038561907,
    "SPICE": 0.1,
    "BLEU_4": 7.697547646857773e-13
  },
  "2": {
    "BLEU_1": 0.22222222220987659,
    "BLEU_2": 3.6155076301041677e-09,
    "ROUGE_L": 0.19182389937106917,
    "CIDEr": 0.0,
    "METEOR": 0.13912708602592005,
    "SPICE": 0.0851063829787234,
    "BLEU_4": 4.830942081791594e-13
  },
  "3": {
    "BLEU_1": 0.24999999998750005,
    "BLEU_2": 3.627381250363917e-09,
    "ROUGE_L": 0.18227091633466133,
    "CIDEr": 0.0,
    "METEOR": 0.13946202090592336,
    "SPICE": 0.12244897959183673,
    "BLEU_4": 4.553719183899022e-13
  },
  "4": {
    "BLEU_1": 0.1923076923002959,
    "BLEU_2": 2.7735009810173393e-09,
    "ROUGE_L": 0.15857885615251302,
    "CIDEr": 0.0,
    "METEOR": 0.12810651645115861,
    "SPICE": 0.11538461538461538,
    "BLEU_4": 3.435812002319317e-13
  },
  "5": {
    "BLEU_1": 0.27777777776234575,
    "BLEU_2": 4.042260417041042e-09,
    "ROUGE_L": 0.19182389937106917,
    "CIDEr": 0.0,
    "METEOR": 0.14134131871857167,
    "SPICE": 0.13333333333333333,
    "BLEU_4": 5.108099332632167e-13
  },
  "6": {
    "BLEU_1": 0.23809523808390026,
    "BLEU_2": 3.450327796543363e-09,
    "ROUGE_L": 0.17784256559766765,
    "CIDEr": 0.0,
    "METEOR": 0.13703267508422118,
    "SPICE": 0.1276595744680851,
    "BLEU_4": 4.319402267644447e-13
  },
  "7": {
    "BLEU_1": 0.2857142856734695,
    "BLEU_2": 4.688072308702351e-09,
    "ROUGE_L": 0.14285714285714285,
    "CIDEr": 0.0,
    "METEOR": 0.14729590484882388,
    "SPICE": 0.14285714285714288,
    "BLEU_4": 6.387834681331114e-13
  },
  "8": {
    "BLEU_1": 0.24999999998750005,
    "BLEU_2": 3.627381250363917e-09,
    "ROUGE_L": 0.12151394422310759,
    "CIDEr": 0.0,
    "METEOR": 0.13763204225352113,
    "SPICE": 0.1276595744680851,
    "BLEU_4": 4.553719183899022e-13
  },
  "9": {
    "BLEU_1": 0.23529411763321803,
    "BLEU_2": 3.834824944004226e-09,
    "ROUGE_L": 0.13132400430570507,
    "CIDEr": 0.0,
    "METEOR": 0.14134131871857167,
    "SPICE": 0.13333333333333333,
    "BLEU_4": 5.144201220579896e-13
  }
}