{
  "0": {
    "BLEU_1": 0.3749999999062502,
    "BLEU_2": 7.319250545218839e-09,
    "ROUGE_L": 0.125,
    "CIDEr": 0.0,
    "METEOR": 0.11111111111111112,
    "SPICE": 0.06451612903225806,
    "BLEU_4": 1.1559871144628244e-12
  },
  "1": {
    "BLEU_1": 0.636363636247934,
    "BLEU_2": 0.43693144867122347,
    "ROUGE_L": 0.32504440497335696,
    "CIDEr": 0.0,
    "METEOR": 0.2243971317065352,
    "SPICE": 0.17647058823529413,
    "BLEU_4": 4.035278636666363e-05
  },
  "2": {
    "BLEU_1": 0.46153846150295863,
    "BLEU_2": 0.2773500980903911,
    "ROUGE_L": 0.2671532846715329,
    "CIDEr": 0.0,
    "METEOR": 0.14484971818790543,
    "SPICE": 0.17647058823529413,
    "BLEU_4": 5.142401604576806e-09
  },
  "3": {
    "BLEU_1": 0.46153846150295863,
    "BLEU_2": 0.1961161351224697,
    "ROUGE_L": 0.19902120717781402,
    "CIDEr": 0.0,
    "METEOR": 0.14484971818790543,
    "SPICE": 0.17647058823529413,
    "BLEU_4": 4.324227075083586e-09
  },
  "4": {
    "BLEU_1": 0.23076923075147937,
    "BLEU_2": 0.1386750490451956,
    "ROUGE_L": 0.2671532846715329,
    "CIDEr": 0.0,
    "METEOR": 0.10949393458602044,
    "SPICE": 0.0625,
    "BLEU_4": 3.636227046180843e-09
  },
  "5": {
    "BLEU_1": 0.23076923075147937,
    "BLEU_2": 4.385290096183762e-09,
    "ROUGE_L": 0.1781021897810219,
    "CIDEr": 0.0,
    "METEOR": 0.12263320673634291,
    "SPICE": 0.1142857142857143,
    "BLEU_4": 6.466227686450042e-13
  },
  "6": {
    "BLEU_1": 0.2499999999583334,
    "BLEU_2": 4.7673129454153526e-09,
    "ROUGE_L": 0.18484848484848485,
    "CIDEr": 0.0,
    "METEOR": 0.12483619847412152,
    "SPICE": 0.11764705882352941,
    "BLEU_4": 7.088856800987232e-13
  },
  "7": {
    "BLEU_1": 0.2499999999583334,
    "BLEU_2": 4.7673129454153526e-09,
    "ROUGE_L": 0.18484848484848485,
    "CIDEr": 0.0,
    "METEOR": 0.12483619847412152,
    "SPICE": 0.11764705882352941,
    "BLEU_4": 7.088856800987232e-13
  },
  "8": {
    "BLEU_1": 0.2499999999583334,
    "BLEU_2": 4.7673129454153526e-09,
    "ROUGE_L": 0.18484848484848485,
    "CIDEr": 0.0,
    "METEOR": 0.12483619847412152,
    "SPICE": 0.11764705882352941,
    "BLEU_4": 7.088856800987232e-13
  },
  "9": {
    "BLEU_1": 0.2499999999583334,
    "BLEU_2": 4.7673129454153526e-09,
    "ROUGE_L": 0.18484848484848485,
    "CIDEr": 0.0,
    "METEOR": 0.12483619847412152,
    "SPICE": 0.11764705882352941,
    "BLEU_4": 7.088856800987232e-13
  }
}