{
  "0": {
    "BLEU_1": 0.5714285713877553,
    "BLEU_2": 0.4193139346576645,
    "ROUGE_L": 0.31202046035805625,
    "CIDEr": 0.0,
    "METEOR": 0.2554451500596507,
    "SPICE": 0.11764705882352941,
    "BLEU_4": 3.397239497851277e-05
  },
  "1": {
    "BLEU_1": 0.3124999999804688,
    "BLEU_2": 4.564354645581603e-09,
    "ROUGE_L": 0.22989949748743718,
    "CIDEr": 0.0,
    "METEOR": 0.22065190834155313,
    "SPICE": 0.1,
    "BLEU_4": 5.816635420743959e-13
  },
  "2": {
    "BLEU_1": 0.1818181818099174,
    "BLEU_2": 2.9424494315455668e-09,
    "ROUGE_L": 0.12423625254582485,
    "CIDEr": 0.0,
    "METEOR": 0.14382682087741006,
    "SPICE": 0.0,
    "BLEU_4": 3.885157280417424e-13
  },
  "3": {
    "BLEU_1": 0.22727272726239672,
    "BLEU_2": 3.2897584746457508e-09,
    "ROUGE_L": 0.18635437881873726,
    "CIDEr": 0.0,
    "METEOR": 0.10935774862616132,
    "SPICE": 0.0,
    "BLEU_4": 4.1080536622602774e-13
  },
  "4": {
    "BLEU_1": 0.555555555432099,
    "BLEU_2": 0.37267799616455977,
    "ROUGE_L": 0.35209235209235207,
    "CIDEr": 0.0,
    "METEOR": 0.22974577724473758,
    "SPICE": 0.19354838709677416,
    "BLEU_4": 4.264366796762506e-05
  },
  "5": {
    "BLEU_1": 0.3749999999765626,
    "BLEU_2": 0.15811388299820756,
    "ROUGE_L": 0.2527624309392265,
    "CIDEr": 0.0,
    "METEOR": 0.17142116048792816,
    "SPICE": 0.15789473684210525,
    "BLEU_4": 3.4234749556315017e-09
  },
  "6": {
    "BLEU_1": 0.47368421050138515,
    "BLEU_2": 0.22941573385815192,
    "ROUGE_L": 0.2801377726750861,
    "CIDEr": 0.0,
    "METEOR": 0.21719796137984942,
    "SPICE": 0.15,
    "BLEU_4": 2.09734257901073e-05
  },
  "7": {
    "BLEU_1": 0.22727272726239672,
    "BLEU_2": 0.10403129731721866,
    "ROUGE_L": 0.20938215102974828,
    "CIDEr": 0.0,
    "METEOR": 0.15394172194085853,
    "SPICE": 0.14634146341463414,
    "BLEU_4": 2.3101283403885117e-09
  },
  "8": {
    "BLEU_1": 0.21739130433837434,
    "BLEU_2": 0.09940534655652287,
    "ROUGE_L": 0.203559510567297,
    "CIDEr": 0.0,
    "METEOR": 0.1507065193781785,
    "SPICE": 0.14634146341463414,
    "BLEU_4": 2.202381494555949e-09
  },
  "9": {
    "BLEU_1": 0.27272727271487607,
    "BLEU_2": 0.11396057645433466,
    "ROUGE_L": 0.20938215102974828,
    "CIDEr": 0.0,
    "METEOR": 0.18506112379556974,
    "SPICE": 0.186046511627907,
    "BLEU_4": 2.4178614975561836e-09
  }
}