{
  "0": {
    "BLEU_1": 0.10108844325174288,
    "BLEU_2": 3.5018063953428727e-09,
    "ROUGE_L": 0.1117216117216117,
    "CIDEr": 0.0,
    "METEOR": 0.05254515599343186,
    "SPICE": 0.0,
    "BLEU_4": 7.830277143606023e-13
  },
  "1": {
    "BLEU_1": 0.21470779796016531,
    "BLEU_2": 0.1639857894063383,
    "ROUGE_L": 0.2136602451838879,
    "CIDEr": 0.0,
    "METEOR": 0.15394303493460393,
    "SPICE": 0.05714285714285715,
    "BLEU_4": 5.249325938137114e-09
  },
  "2": {
    "BLEU_1": 0.6666666665555557,
    "BLEU_2": 7.784989440288243e-09,
    "ROUGE_L": 0.5258620689655172,
    "CIDEr": 0.0,
    "METEOR": 0.20512820512820518,
    "SPICE": 0.3,
    "BLEU_4": 9.058752339960164e-13
  },
  "3": {
    "BLEU_1": 0.5515605639774822,
    "BLEU_2": 8.338811915782395e-09,
    "ROUGE_L": 0.4093959731543625,
    "CIDEr": 0.0,
    "METEOR": 0.17341899728922355,
    "SPICE": 0.0,
    "BLEU_4": 1.1591199222703112e-12
  },
  "4": {
    "BLEU_1": 0.4294155959203306,
    "BLEU_2": 7.333667449130742e-09,
    "ROUGE_L": 0.32049036777583184,
    "CIDEr": 0.0,
    "METEOR": 0.15753888019026416,
    "SPICE": 0.1142857142857143,
    "BLEU_4": 1.1100972798838728e-12
  },
  "5": {
    "BLEU_1": 0.20217688650348561,
    "BLEU_2": 0.15660554288060333,
    "ROUGE_L": 0.2234432234432234,
    "CIDEr": 0.0,
    "METEOR": 0.17100373210519146,
    "SPICE": 0.0,
    "BLEU_4": 5.236421925064999e-09
  },
  "6": {
    "BLEU_1": 0.3333333332592594,
    "BLEU_2": 0.20412414518515326,
    "ROUGE_L": 0.2946859903381642,
    "CIDEr": 0.0,
    "METEOR": 0.15958264103680403,
    "SPICE": 0.0,
    "BLEU_4": 5.612222322916596e-09
  },
  "7": {
    "BLEU_1": 0.27272727267768604,
    "BLEU_2": 0.1651445647381773,
    "ROUGE_L": 0.18181818181818182,
    "CIDEr": 0.0,
    "METEOR": 0.1420759059032426,
    "SPICE": 0.0,
    "BLEU_4": 4.4116293584506874e-09
  },
  "8": {
    "BLEU_1": 0.22222222217283966,
    "BLEU_2": 0.16666666662847238,
    "ROUGE_L": 0.19645732689210954,
    "CIDEr": 0.0,
    "METEOR": 0.14777159923566657,
    "SPICE": 0.052631578947368425,
    "BLEU_4": 5.071215335691334e-09
  },
  "9": {
    "BLEU_1": 0.22222222217283966,
    "BLEU_2": 0.16666666662847238,
    "ROUGE_L": 0.19645732689210954,
    "CIDEr": 0.0,
    "METEOR": 0.14777159923566657,
    "SPICE": 0.052631578947368425,
    "BLEU_4": 5.071215335691334e-09
  }
}