{
  "0": {
    "BLEU_1": 0.33093633838648934,
    "BLEU_2": 6.459215935396237e-09,
    "ROUGE_L": 0.1732954545454545,
    "CIDEr": 0.0,
    "METEOR": 0.08000000000000002,
    "SPICE": 0.06896551724137931,
    "BLEU_4": 1.0201550479411466e-12
  },
  "1": {
    "BLEU_1": 0.10735389898008273,
    "BLEU_2": 3.666833724565372e-09,
    "ROUGE_L": 0.11401869158878504,
    "CIDEr": 0.0,
    "METEOR": 0.07729468599033816,
    "SPICE": 0.0,
    "BLEU_4": 7.849573143826273e-13
  },
  "2": {
    "BLEU_1": 0.1111111110864199,
    "BLEU_2": 3.726779961645599e-09,
    "ROUGE_L": 0.10427350427350426,
    "CIDEr": 0.0,
    "METEOR": 0.07773279352226721,
    "SPICE": 0.0,
    "BLEU_4": 7.583235671536399e-13
  },
  "3": {
    "BLEU_1": 0.4166666665972223,
    "BLEU_2": 6.1545745479175624e-09,
    "ROUGE_L": 0.232824427480916,
    "CIDEr": 0.0,
    "METEOR": 0.13023255813953488,
    "SPICE": 0.12500000000000003,
    "BLEU_4": 8.054496383396537e-13
  },
  "4": {
    "BLEU_1": 0.4294155959203306,
    "BLEU_2": 7.333667449130742e-09,
    "ROUGE_L": 0.27685325264750377,
    "CIDEr": 0.0,
    "METEOR": 0.1432225063938619,
    "SPICE": 0.21428571428571427,
    "BLEU_4": 1.1100972798838728e-12
  },
  "5": {
    "BLEU_1": 0.4444444443456792,
    "BLEU_2": 7.453559923291195e-09,
    "ROUGE_L": 0.2573839662447257,
    "CIDEr": 0.0,
    "METEOR": 0.13493975903614458,
    "SPICE": 0.13793103448275862,
    "BLEU_4": 1.0724314733358218e-12
  },
  "6": {
    "BLEU_1": 0.46153846150295863,
    "BLEU_2": 6.20173672896349e-09,
    "ROUGE_L": 0.22564734895191124,
    "CIDEr": 0.0,
    "METEOR": 0.14222222222222222,
    "SPICE": 0.1290322580645161,
    "BLEU_4": 7.689683971953974e-13
  },
  "7": {
    "BLEU_1": 0.5515605639774822,
    "BLEU_2": 0.26369638633624565,
    "ROUGE_L": 0.3860759493670886,
    "CIDEr": 0.0,
    "METEOR": 0.16243654822335027,
    "SPICE": 0.13793103448275862,
    "BLEU_4": 6.518210331440214e-09
  },
  "8": {
    "BLEU_1": 0.4999999999000002,
    "BLEU_2": 0.23570226034706615,
    "ROUGE_L": 0.3577712609970674,
    "CIDEr": 0.0,
    "METEOR": 0.15533980582524273,
    "SPICE": 0.1290322580645161,
    "BLEU_4": 5.612222323072491e-09
  },
  "9": {
    "BLEU_1": 0.36363636357024803,
    "BLEU_2": 6.030226890431458e-09,
    "ROUGE_L": 0.240473061760841,
    "CIDEr": 0.0,
    "METEOR": 0.13301662707838477,
    "SPICE": 0.1818181818181818,
    "BLEU_4": 8.430118944817767e-13
  }
}