{
  "0": {
    "BLEU_1": 0.23884377011164867,
    "BLEU_2": 5.85045365006396e-09,
    "ROUGE_L": 0.13926940639269406,
    "CIDEr": 0.0,
    "METEOR": 0.05925925925925926,
    "SPICE": 0.0,
    "BLEU_4": 1.1000617045598687e-12
  },
  "1": {
    "BLEU_1": 0.24999999993750016,
    "BLEU_2": 5.976143045124577e-09,
    "ROUGE_L": 0.125,
    "CIDEr": 0.0,
    "METEOR": 0.05755395683453238,
    "SPICE": 0.06666666666666667,
    "BLEU_4": 1.0445522727757714e-12
  },
  "2": {
    "BLEU_1": 0.1111111110864199,
    "BLEU_2": 3.726779961645599e-09,
    "ROUGE_L": 0.1111111111111111,
    "CIDEr": 0.0,
    "METEOR": 0.10000000000000003,
    "SPICE": 0.06666666666666667,
    "BLEU_4": 7.583235671536399e-13
  },
  "3": {
    "BLEU_1": 0.12499999996875016,
    "BLEU_2": 4.225771272548414e-09,
    "ROUGE_L": 0.116412213740458,
    "CIDEr": 0.0,
    "METEOR": 0.05673758865248227,
    "SPICE": 0.06666666666666667,
    "BLEU_4": 8.783602617222665e-13
  },
  "4": {
    "BLEU_1": 0.09999999998000014,
    "BLEU_2": 3.333333332648151e-09,
    "ROUGE_L": 0.10627177700348434,
    "CIDEr": 0.0,
    "METEOR": 0.08860126662869221,
    "SPICE": 0.0625,
    "BLEU_4": 6.674094717574907e-13
  },
  "5": {
    "BLEU_1": 1.111111110864198e-16,
    "BLEU_2": 1.178511301707504e-16,
    "ROUGE_L": 0.0,
    "CIDEr": 0.0,
    "METEOR": 0.09036242064020732,
    "SPICE": 0.06451612903225806,
    "BLEU_4": 1.3485111856165858e-16
  },
  "6": {
    "BLEU_1": 1.111111110864198e-16,
    "BLEU_2": 1.178511301707504e-16,
    "ROUGE_L": 0.0,
    "CIDEr": 0.0,
    "METEOR": 0.09036242064020732,
    "SPICE": 0.06451612903225806,
    "BLEU_4": 1.3485111856165858e-16
  },
  "7": {
    "BLEU_1": 1.111111110864198e-16,
    "BLEU_2": 1.178511301707504e-16,
    "ROUGE_L": 0.0,
    "CIDEr": 0.0,
    "METEOR": 0.09036242064020732,
    "SPICE": 0.06451612903225806,
    "BLEU_4": 1.3485111856165858e-16
  },
  "8": {
    "BLEU_1": 1.111111110864198e-16,
    "BLEU_2": 1.178511301707504e-16,
    "ROUGE_L": 0.0,
    "CIDEr": 0.0,
    "METEOR": 0.09036242064020732,
    "SPICE": 0.06451612903225806,
    "BLEU_4": 1.3485111856165858e-16
  },
  "9": {
    "BLEU_1": 0.1111111110864199,
    "BLEU_2": 3.726779961645599e-09,
    "ROUGE_L": 0.1111111111111111,
    "CIDEr": 0.0,
    "METEOR": 0.07223476297968398,
    "SPICE": 0.06451612903225806,
    "BLEU_4": 7.583235671536399e-13
  }
}