{
  "0": {
    "BLEU_1": 9.196986024687569e-17,
    "BLEU_2": 1.0619764713730698e-16,
    "ROUGE_L": 0.0,
    "CIDEr": 0.0,
    "METEOR": 0.05348189415041785,
    "SPICE": 0.10526315789473685,
    "BLEU_4": 1.6620829993657386e-16
  },
  "1": {
    "BLEU_1": 0.23884377011164867,
    "BLEU_2": 5.85045365006396e-09,
    "ROUGE_L": 0.13926940639269406,
    "CIDEr": 0.0,
    "METEOR": 0.12924791086350979,
    "SPICE": 0.2,
    "BLEU_4": 1.1000617045598687e-12
  },
  "2": {
    "BLEU_1": 1.194218850558243e-16,
    "BLEU_2": 1.3082012060754779e-16,
    "ROUGE_L": 0.0,
    "CIDEr": 0.0,
    "METEOR": 0.05175202156334233,
    "SPICE": 0.0,
    "BLEU_4": 1.6449759291817379e-16
  },
  "3": {
    "BLEU_1": 0.24767939985785795,
    "BLEU_2": 5.982025825945981e-09,
    "ROUGE_L": 0.13174946004319654,
    "CIDEr": 0.0,
    "METEOR": 0.0847682119205298,
    "SPICE": 0.1,
    "BLEU_4": 1.0768261868323776e-12
  },
  "4": {
    "BLEU_1": 1.194218850558243e-16,
    "BLEU_2": 1.3082012060754779e-16,
    "ROUGE_L": 0.0,
    "CIDEr": 0.0,
    "METEOR": 0.013483146067415734,
    "SPICE": 0.0,
    "BLEU_4": 1.6449759291817379e-16
  },
  "5": {
    "BLEU_1": 0.27272727267768604,
    "BLEU_2": 5.222329677697684e-09,
    "ROUGE_L": 0.108348134991119,
    "CIDEr": 0.0,
    "METEOR": 0.11970074812967582,
    "SPICE": 0.09090909090909091,
    "BLEU_4": 7.845109652856079e-13
  },
  "6": {
    "BLEU_1": 0.3999999999200002,
    "BLEU_2": 6.666666665296299e-09,
    "ROUGE_L": 0.18885448916408668,
    "CIDEr": 0.0,
    "METEOR": 0.10203241997860613,
    "SPICE": 0.09523809523809522,
    "BLEU_4": 9.438595266157062e-13
  },
  "7": {
    "BLEU_1": 0.24767939985785795,
    "BLEU_2": 5.982025825945981e-09,
    "ROUGE_L": 0.13174946004319654,
    "CIDEr": 0.0,
    "METEOR": 0.06357786357786359,
    "SPICE": 0.09523809523809522,
    "BLEU_4": 1.0768261868323776e-12
  },
  "8": {
    "BLEU_1": 0.24767939985785795,
    "BLEU_2": 5.982025825945981e-09,
    "ROUGE_L": 0.13174946004319654,
    "CIDEr": 0.0,
    "METEOR": 0.1690497413966405,
    "SPICE": 0.18181818181818182,
    "BLEU_4": 1.0768261868323776e-12
  },
  "9": {
    "BLEU_1": 0.2195246543498009,
    "BLEU_2": 5.488116358607818e-09,
    "ROUGE_L": 0.1476997578692494,
    "CIDEr": 0.0,
    "METEOR": 0.18145803483666995,
    "SPICE": 0.2,
    "BLEU_4": 1.108882419297383e-12
  }
}