{
  "0": {
    "BLEU_1": 0.11031211279549655,
    "BLEU_2": 3.729230059054939e-09,
    "ROUGE_L": 0.10892857142857142,
    "CIDEr": 0.0,
    "METEOR": 0.10786516853932585,
    "SPICE": 0.15384615384615385,
    "BLEU_4": 7.751502103232947e-13
  },
  "1": {
    "BLEU_1": 0.29999999994000015,
    "BLEU_2": 0.1825741857975264,
    "ROUGE_L": 0.2,
    "CIDEr": 0.0,
    "METEOR": 0.11941741550558138,
    "SPICE": 0.21428571428571427,
    "BLEU_4": 4.939382736029984e-09
  },
  "2": {
    "BLEU_1": 0.18749999998828132,
    "BLEU_2": 0.11180339886776892,
    "ROUGE_L": 0.16052631578947368,
    "CIDEr": 0.0,
    "METEOR": 0.11778330590496211,
    "SPICE": 0.16666666666666669,
    "BLEU_4": 2.8787878179013993e-09
  },
  "3": {
    "BLEU_1": 0.30769230766863914,
    "BLEU_2": 0.16012815379225645,
    "ROUGE_L": 0.2671532846715329,
    "CIDEr": 0.0,
    "METEOR": 0.17204265604089636,
    "SPICE": 0.18749999999999997,
    "BLEU_4": 3.9073802491094676e-09
  },
  "4": {
    "BLEU_1": 0.28571428569387763,
    "BLEU_2": 0.20965696732883227,
    "ROUGE_L": 0.2577464788732394,
    "CIDEr": 0.0,
    "METEOR": 0.2027832379631669,
    "SPICE": 0.19999999999999998,
    "BLEU_4": 4.271802513237463e-09
  },
  "5": {
    "BLEU_1": 0.4999999999000002,
    "BLEU_2": 0.4714045206941321,
    "ROUGE_L": 0.4,
    "CIDEr": 0.0,
    "METEOR": 0.2658335510385116,
    "SPICE": 0.3076923076923077,
    "BLEU_4": 0.2984745895353951
  },
  "6": {
    "BLEU_1": 0.45454545446281003,
    "BLEU_2": 0.42640143263175523,
    "ROUGE_L": 0.384251968503937,
    "CIDEr": 0.0,
    "METEOR": 0.2607322675431031,
    "SPICE": 0.3076923076923077,
    "BLEU_4": 0.2665837681175946
  },
  "7": {
    "BLEU_1": 0.4999999999000002,
    "BLEU_2": 0.4714045206941321,
    "ROUGE_L": 0.4,
    "CIDEr": 0.0,
    "METEOR": 0.2658335510385116,
    "SPICE": 0.3076923076923077,
    "BLEU_4": 0.2984745895353951
  },
  "8": {
    "BLEU_1": 0.45454545446281003,
    "BLEU_2": 0.42640143263175523,
    "ROUGE_L": 0.384251968503937,
    "CIDEr": 0.0,
    "METEOR": 0.2607322675431031,
    "SPICE": 0.2962962962962963,
    "BLEU_4": 0.2665837681175946
  },
  "9": {
    "BLEU_1": 0.4999999999000002,
    "BLEU_2": 0.4082482903799455,
    "ROUGE_L": 0.3,
    "CIDEr": 0.0,
    "METEOR": 0.21865323049941474,
    "SPICE": 0.23076923076923078,
    "BLEU_4": 7.3860999543075715e-09
  }
}