{
  "0": {
    "BLEU_1": 9.196986024687569e-17,
    "BLEU_2": 1.0619764713730698e-16,
    "ROUGE_L": 0.0,
    "CIDEr": 0.0,
    "METEOR": 0.051063829787234054,
    "SPICE": 0.0,
    "BLEU_4": 1.6620829993657386e-16
  },
  "1": {
    "BLEU_1": 0.0919698602468758,
    "BLEU_2": 3.3582644710475053e-09,
    "ROUGE_L": 0.14386792452830188,
    "CIDEr": 0.0,
    "METEOR": 0.061538461538461535,
    "SPICE": 0.09523809523809525,
    "BLEU_4": 9.346579564396796e-13
  },
  "2": {
    "BLEU_1": 0.22222222217283966,
    "BLEU_2": 5.270462765739487e-09,
    "ROUGE_L": 0.2222222222222222,
    "CIDEr": 0.0,
    "METEOR": 0.07774936061381074,
    "SPICE": 0.08,
    "BLEU_4": 9.018037815333522e-13
  },
  "3": {
    "BLEU_1": 0.10976232717490052,
    "BLEU_2": 3.8806842931124116e-09,
    "ROUGE_L": 0.1358574610244989,
    "CIDEr": 0.0,
    "METEOR": 0.057731958762886594,
    "SPICE": 0.08695652173913045,
    "BLEU_4": 9.324552513250358e-13
  },
  "4": {
    "BLEU_1": 1.0976232717490041e-16,
    "BLEU_2": 1.227180124627569e-16,
    "ROUGE_L": 0.0,
    "CIDEr": 0.0,
    "METEOR": 0.03711340206185567,
    "SPICE": 0.08695652173913045,
    "BLEU_4": 1.6581659742139797e-16
  },
  "5": {
    "BLEU_1": 1.2499999996875005e-16,
    "BLEU_2": 1.3363062092161143e-16,
    "ROUGE_L": 0.0,
    "CIDEr": 0.0,
    "METEOR": 0.03573200992555831,
    "SPICE": 0.08,
    "BLEU_4": 1.561969968017105e-16
  },
  "6": {
    "BLEU_1": 1.0976232717490041e-16,
    "BLEU_2": 1.227180124627569e-16,
    "ROUGE_L": 0.0,
    "CIDEr": 0.0,
    "METEOR": 0.03711340206185567,
    "SPICE": 0.08695652173913045,
    "BLEU_4": 1.6581659742139797e-16
  },
  "7": {
    "BLEU_1": 1.0976232717490041e-16,
    "BLEU_2": 1.227180124627569e-16,
    "ROUGE_L": 0.0,
    "CIDEr": 0.0,
    "METEOR": 0.0,
    "SPICE": 0.0,
    "BLEU_4": 1.6581659742139797e-16
  },
  "8": {
    "BLEU_1": 0.24999999993750016,
    "BLEU_2": 0.18898223645568088,
    "ROUGE_L": 0.25,
    "CIDEr": 0.0,
    "METEOR": 0.19596009606351353,
    "SPICE": 0.16,
    "BLEU_4": 5.873949093033183e-09
  },
  "9": {
    "BLEU_1": 0.24999999993750016,
    "BLEU_2": 0.18898223645568088,
    "ROUGE_L": 0.25,
    "CIDEr": 0.0,
    "METEOR": 0.19596009606351353,
    "SPICE": 0.16,
    "BLEU_4": 5.873949093033183e-09
  }
}