{
  "0": {
    "BLEU_1": 3.2323989266585734e-17,
    "BLEU_2": 3.95886400738686e-17,
    "ROUGE_L": 0.0,
    "CIDEr": 0.0,
    "METEOR": 0.0,
    "SPICE": 0.0,
    "BLEU_4": 1.101814278047742e-14
  },
  "1": {
    "BLEU_1": 0.5965595444103445,
    "BLEU_2": 0.3653166212455994,
    "ROUGE_L": 0.21688888888888888,
    "CIDEr": 0.0,
    "METEOR": 0.10458483444910655,
    "SPICE": 0.0975609756097561,
    "BLEU_4": 3.9938791753893164e-05
  },
  "2": {
    "BLEU_1": 0.1673476200276487,
    "BLEU_2": 0.15777684924273275,
    "ROUGE_L": 0.18299999999999997,
    "CIDEr": 0.0,
    "METEOR": 0.09645746128914844,
    "SPICE": 0.10810810810810811,
    "BLEU_4": 2.805713223248693e-05
  },
  "3": {
    "BLEU_1": 0.558376334867083,
    "BLEU_2": 0.4924416400081462,
    "ROUGE_L": 0.2837209302325582,
    "CIDEr": 0.0,
    "METEOR": 0.14049107706538985,
    "SPICE": 0.10256410256410256,
    "BLEU_4": 4.762738995453228e-05
  },
  "4": {
    "BLEU_1": 0.1673476200276487,
    "BLEU_2": 0.15777684924273275,
    "ROUGE_L": 0.18299999999999997,
    "CIDEr": 0.0,
    "METEOR": 0.09645746128914844,
    "SPICE": 0.10810810810810811,
    "BLEU_4": 2.805713223248693e-05
  },
  "5": {
    "BLEU_1": 0.5841005871575288,
    "BLEU_2": 0.4415385412148088,
    "ROUGE_L": 0.2772727272727273,
    "CIDEr": 0.0,
    "METEOR": 0.11529107499785632,
    "SPICE": 0.1,
    "BLEU_4": 4.455712751920649e-05
  },
  "6": {
    "BLEU_1": 0.3422780792409688,
    "BLEU_2": 0.26512746013000815,
    "ROUGE_L": 0.190625,
    "CIDEr": 0.0,
    "METEOR": 0.09523000685068633,
    "SPICE": 0.10256410256410256,
    "BLEU_4": 3.5250657082512305e-05
  },
  "7": {
    "BLEU_1": 0.5841005871575288,
    "BLEU_2": 0.3605147092497073,
    "ROUGE_L": 0.22181818181818183,
    "CIDEr": 0.0,
    "METEOR": 0.10557045068998817,
    "SPICE": 0.1,
    "BLEU_4": 4.026190970145434e-05
  },
  "8": {
    "BLEU_1": 0.2982797722051723,
    "BLEU_2": 0.2583178601629209,
    "ROUGE_L": 0.16266666666666663,
    "CIDEr": 0.0,
    "METEOR": 0.10361745160219804,
    "SPICE": 0.09302325581395347,
    "BLEU_4": 3.3584386815413375e-05
  },
  "9": {
    "BLEU_1": 0.2920502935787644,
    "BLEU_2": 0.2549223956279646,
    "ROUGE_L": 0.16636363636363635,
    "CIDEr": 0.0,
    "METEOR": 0.10393791794735949,
    "SPICE": 0.0975609756097561,
    "BLEU_4": 3.3856095539221705e-05
  }
}