{
  "0": {
    "BLEU_1": 6.295853423721496e-17,
    "BLEU_2": 7.710814191093513e-17,
    "ROUGE_L": 0.0,
    "CIDEr": 0.0,
    "METEOR": 0.0,
    "SPICE": 0.0,
    "BLEU_4": 2.1460411762736674e-14
  },
  "1": {
    "BLEU_1": 0.47768754022329724,
    "BLEU_2": 0.2616402412150957,
    "ROUGE_L": 0.2573839662447257,
    "CIDEr": 0.0,
    "METEOR": 0.2866271298155555,
    "SPICE": 0.23999999999999996,
    "BLEU_4": 7.356555998002494e-09
  },
  "2": {
    "BLEU_1": 0.6249999998437503,
    "BLEU_2": 0.42257712725484126,
    "ROUGE_L": 0.34923664122137404,
    "CIDEr": 0.0,
    "METEOR": 0.2782584544924736,
    "SPICE": 0.23999999999999996,
    "BLEU_4": 8.783602617222663e-09
  },
  "3": {
    "BLEU_1": 0.47768754022329724,
    "BLEU_2": 0.2616402412150957,
    "ROUGE_L": 0.5147679324894514,
    "CIDEr": 0.0,
    "METEOR": 0.2093557544478488,
    "SPICE": 0.08,
    "BLEU_4": 7.356555998002494e-09
  },
  "4": {
    "BLEU_1": 0.3749999999062502,
    "BLEU_2": 0.23145502488320774,
    "ROUGE_L": 0.34923664122137404,
    "CIDEr": 0.0,
    "METEOR": 0.18038855509990157,
    "SPICE": 0.07407407407407407,
    "BLEU_4": 6.500593258499926e-09
  },
  "5": {
    "BLEU_1": 0.4545454545041323,
    "BLEU_2": 0.21320071633525958,
    "ROUGE_L": 0.4073455759599332,
    "CIDEr": 0.0,
    "METEOR": 0.23764453792798815,
    "SPICE": 0.06896551724137931,
    "BLEU_4": 5.01257871520395e-09
  },
  "6": {
    "BLEU_1": 0.555555555432099,
    "BLEU_2": 0.26352313828697443,
    "ROUGE_L": 0.4444444444444444,
    "CIDEr": 0.0,
    "METEOR": 0.19888796672545633,
    "SPICE": 0.07407407407407407,
    "BLEU_4": 6.376715692219053e-09
  },
  "7": {
    "BLEU_1": 0.4545454545041323,
    "BLEU_2": 0.21320071633525958,
    "ROUGE_L": 0.4073455759599332,
    "CIDEr": 0.0,
    "METEOR": 0.19071448864084856,
    "SPICE": 0.13793103448275862,
    "BLEU_4": 5.01257871520395e-09
  },
  "8": {
    "BLEU_1": 0.555555555432099,
    "BLEU_2": 0.26352313828697443,
    "ROUGE_L": 0.4444444444444444,
    "CIDEr": 0.0,
    "METEOR": 0.19888796672545633,
    "SPICE": 0.07407407407407407,
    "BLEU_4": 6.376715692219053e-09
  },
  "9": {
    "BLEU_1": 0.4166666666319445,
    "BLEU_2": 0.19462473602342495,
    "ROUGE_L": 0.39102564102564097,
    "CIDEr": 0.0,
    "METEOR": 0.18941711116710128,
    "SPICE": 0.13333333333333333,
    "BLEU_4": 4.5293761703575315e-09
  }
}