{
  "0": {
    "BLEU_1": 0.5367694949004131,
    "BLEU_2": 0.25928429921237,
    "ROUGE_L": 0.34205607476635513,
    "CIDEr": 0.0,
    "METEOR": 0.23529411764705885,
    "SPICE": 0.27272727272727276,
    "BLEU_4": 6.600677917915344e-09
  },
  "1": {
    "BLEU_1": 0.5515605639774822,
    "BLEU_2": 8.338811915782395e-09,
    "ROUGE_L": 0.3267857142857143,
    "CIDEr": 0.0,
    "METEOR": 0.16976127320954906,
    "SPICE": 0.19047619047619044,
    "BLEU_4": 1.1591199222703112e-12
  },
  "2": {
    "BLEU_1": 0.555555555432099,
    "BLEU_2": 8.333333331423613e-09,
    "ROUGE_L": 0.31282051282051276,
    "CIDEr": 0.0,
    "METEOR": 0.16580310880829013,
    "SPICE": 0.1739130434782609,
    "BLEU_4": 1.1339582219145234e-12
  },
  "3": {
    "BLEU_1": 0.33093633838648934,
    "BLEU_2": 6.459215935396237e-09,
    "ROUGE_L": 0.18263473053892215,
    "CIDEr": 0.0,
    "METEOR": 0.11814345991561181,
    "SPICE": 0.09090909090909091,
    "BLEU_4": 1.0201550479411466e-12
  },
  "4": {
    "BLEU_1": 0.5515605639774822,
    "BLEU_2": 8.338811915782395e-09,
    "ROUGE_L": 0.232824427480916,
    "CIDEr": 0.0,
    "METEOR": 0.1671018276762402,
    "SPICE": 0.26086956521739135,
    "BLEU_4": 1.1591199222703112e-12
  },
  "5": {
    "BLEU_1": 0.4043537730069712,
    "BLEU_2": 7.003612790685742e-09,
    "ROUGE_L": 0.29611650485436897,
    "CIDEr": 0.0,
    "METEOR": 0.2191780821917808,
    "SPICE": 0.11764705882352941,
    "BLEU_4": 1.1073684133627694e-12
  },
  "6": {
    "BLEU_1": 0.4043537730069712,
    "BLEU_2": 0.31321108576120654,
    "ROUGE_L": 0.3860759493670886,
    "CIDEr": 0.0,
    "METEOR": 0.2617368011081236,
    "SPICE": 0.2222222222222222,
    "BLEU_4": 4.164373080478205e-05
  },
  "7": {
    "BLEU_1": 0.555555555432099,
    "BLEU_2": 0.26352313828697443,
    "ROUGE_L": 0.3333333333333333,
    "CIDEr": 0.0,
    "METEOR": 0.16580310880829013,
    "SPICE": 0.2105263157894737,
    "BLEU_4": 6.376715692219053e-09
  },
  "8": {
    "BLEU_1": 0.3032653297552284,
    "BLEU_2": 0.1918018354745145,
    "ROUGE_L": 0.3588235294117647,
    "CIDEr": 0.0,
    "METEOR": 0.16372496187312796,
    "SPICE": 0.2105263157894737,
    "BLEU_4": 5.795053468391787e-09
  },
  "9": {
    "BLEU_1": 0.32206169694024794,
    "BLEU_2": 0.20084075455651398,
    "ROUGE_L": 0.34205607476635513,
    "CIDEr": 0.0,
    "METEOR": 0.15753888019026416,
    "SPICE": 0.27272727272727276,
    "BLEU_4": 5.809334106350273e-09
  }
}