{
  "0": {
    "BLEU_1": 0.555555555432099,
    "BLEU_2": 0.37267799616455977,
    "ROUGE_L": 0.41709401709401706,
    "CIDEr": 0.0,
    "METEOR": 0.36231979881558163,
    "SPICE": 0.25806451612903225,
    "BLEU_4": 4.264366796762506e-05
  },
  "1": {
    "BLEU_1": 0.545454545355372,
    "BLEU_2": 0.3302891294763544,
    "ROUGE_L": 0.4073455759599332,
    "CIDEr": 0.0,
    "METEOR": 0.24334114857741113,
    "SPICE": 0.23529411764705882,
    "BLEU_4": 3.5084396949451944e-05
  },
  "2": {
    "BLEU_1": 0.5333333332977779,
    "BLEU_2": 0.33806170186806433,
    "ROUGE_L": 0.5236051502145923,
    "CIDEr": 0.0,
    "METEOR": 0.28964254351133273,
    "SPICE": 0.21621621621621623,
    "BLEU_4": 2.9256127305132916e-05
  },
  "3": {
    "BLEU_1": 0.4999999999687501,
    "BLEU_2": 0.316227765996415,
    "ROUGE_L": 0.505524861878453,
    "CIDEr": 0.0,
    "METEOR": 0.28393842339841807,
    "SPICE": 0.21621621621621623,
    "BLEU_4": 2.722589422880811e-05
  },
  "4": {
    "BLEU_1": 0.4999999999687501,
    "BLEU_2": 0.316227765996415,
    "ROUGE_L": 0.505524861878453,
    "CIDEr": 0.0,
    "METEOR": 0.28393842339841807,
    "SPICE": 0.2105263157894737,
    "BLEU_4": 2.722589422880811e-05
  },
  "5": {
    "BLEU_1": 0.4999999999687501,
    "BLEU_2": 0.316227765996415,
    "ROUGE_L": 0.505524861878453,
    "CIDEr": 0.0,
    "METEOR": 0.28393842339841807,
    "SPICE": 0.21621621621621623,
    "BLEU_4": 2.722589422880811e-05
  },
  "6": {
    "BLEU_1": 0.22222222217283966,
    "BLEU_2": 5.270462765739487e-09,
    "ROUGE_L": 0.10427350427350426,
    "CIDEr": 0.0,
    "METEOR": 0.12222002207752769,
    "SPICE": 0.11764705882352941,
    "BLEU_4": 9.018037815333522e-13
  },
  "7": {
    "BLEU_1": 0.3333333332592594,
    "BLEU_2": 0.20412414518515326,
    "ROUGE_L": 0.31282051282051276,
    "CIDEr": 0.0,
    "METEOR": 0.18949762084268126,
    "SPICE": 0.0625,
    "BLEU_4": 5.612222322916596e-09
  },
  "8": {
    "BLEU_1": 0.45454545446281003,
    "BLEU_2": 0.2132007163158777,
    "ROUGE_L": 0.384251968503937,
    "CIDEr": 0.0,
    "METEOR": 0.32125844881560234,
    "SPICE": 0.24242424242424243,
    "BLEU_4": 5.012578714748261e-09
  },
  "9": {
    "BLEU_1": 0.45454545446281003,
    "BLEU_2": 0.30151134452157297,
    "ROUGE_L": 0.3055091819699499,
    "CIDEr": 0.0,
    "METEOR": 0.23994569069028449,
    "SPICE": 0.17142857142857143,
    "BLEU_4": 3.3521134184190736e-05
  }
}