{
  "0": {
    "BLEU_1": 6.295853423721496e-17,
    "BLEU_2": 7.710814191093513e-17,
    "ROUGE_L": 0.0,
    "CIDEr": 0.0,
    "METEOR": 0.0,
    "SPICE": 0.0,
    "BLEU_4": 2.1460411762736674e-14
  },
  "1": {
    "BLEU_1": 0.06295853423721502,
    "BLEU_2": 2.438373545820434e-09,
    "ROUGE_L": 0.1680440771349862,
    "CIDEr": 0.0,
    "METEOR": 0.1322314049586777,
    "SPICE": 0.0,
    "BLEU_4": 1.20680763897879e-10
  },
  "2": {
    "BLEU_1": 0.0919698602468758,
    "BLEU_2": 3.3582644710475053e-09,
    "ROUGE_L": 0.15721649484536082,
    "CIDEr": 0.0,
    "METEOR": 0.03187250996015937,
    "SPICE": 0.0,
    "BLEU_4": 9.346579564396796e-13
  },
  "3": {
    "BLEU_1": 0.23884377011164867,
    "BLEU_2": 5.85045365006396e-09,
    "ROUGE_L": 0.2234432234432234,
    "CIDEr": 0.0,
    "METEOR": 0.11694640133794854,
    "SPICE": 0.0909090909090909,
    "BLEU_4": 1.1000617045598687e-12
  },
  "4": {
    "BLEU_1": 0.32928698152470126,
    "BLEU_2": 0.3005965127822614,
    "ROUGE_L": 0.35124760076775424,
    "CIDEr": 0.0,
    "METEOR": 0.20489851454040772,
    "SPICE": 0.19047619047619047,
    "BLEU_4": 8.206648107257973e-09
  },
  "5": {
    "BLEU_1": 0.5971094252791215,
    "BLEU_2": 0.5066641484618783,
    "ROUGE_L": 0.4178082191780822,
    "CIDEr": 0.0,
    "METEOR": 0.3045914815980021,
    "SPICE": 0.4347826086956522,
    "BLEU_4": 5.7568161774596786e-05
  },
  "6": {
    "BLEU_1": 0.6191984996446447,
    "BLEU_2": 0.5180586331363808,
    "ROUGE_L": 0.3952483801295896,
    "CIDEr": 0.0,
    "METEOR": 0.2757690294932798,
    "SPICE": 0.4166666666666667,
    "BLEU_4": 5.635220630781876e-05
  },
  "7": {
    "BLEU_1": 0.4999999999500001,
    "BLEU_2": 0.33333333329814824,
    "ROUGE_L": 0.34014869888475835,
    "CIDEr": 0.0,
    "METEOR": 0.2554808447621666,
    "SPICE": 0.37037037037037035,
    "BLEU_4": 6.674094718242314e-09
  },
  "8": {
    "BLEU_1": 0.3124999999804688,
    "BLEU_2": 0.14433756728808472,
    "ROUGE_L": 0.3112244897959184,
    "CIDEr": 0.0,
    "METEOR": 0.22924564798952357,
    "SPICE": 0.3225806451612903,
    "BLEU_4": 3.2709344706502825e-09
  },
  "9": {
    "BLEU_1": 0.4999999999687501,
    "BLEU_2": 0.2581988897304859,
    "ROUGE_L": 0.4013157894736842,
    "CIDEr": 0.0,
    "METEOR": 0.2510081375275972,
    "SPICE": 0.2580645161290323,
    "BLEU_4": 4.374811430921123e-09
  }
}