{
  "0": {
    "BLEU_1": 9.196986024687569e-17,
    "BLEU_2": 1.0619764713730698e-16,
    "ROUGE_L": 0.0,
    "CIDEr": 0.0,
    "METEOR": 0.07017543859649121,
    "SPICE": 0.1818181818181818,
    "BLEU_4": 1.6620829993657386e-16
  },
  "1": {
    "BLEU_1": 0.4444444443456792,
    "BLEU_2": 0.23570226034150096,
    "ROUGE_L": 0.41709401709401706,
    "CIDEr": 0.0,
    "METEOR": 0.17212803701163626,
    "SPICE": 0.30769230769230765,
    "BLEU_4": 6.030725358915047e-09
  },
  "2": {
    "BLEU_1": 0.3333333332592594,
    "BLEU_2": 0.20412414518515326,
    "ROUGE_L": 0.2378167641325536,
    "CIDEr": 0.0,
    "METEOR": 0.16836795853322672,
    "SPICE": 0.16,
    "BLEU_4": 5.612222322916596e-09
  },
  "3": {
    "BLEU_1": 0.12499999996875016,
    "BLEU_2": 4.225771272548414e-09,
    "ROUGE_L": 0.125,
    "CIDEr": 0.0,
    "METEOR": 0.08672086720867207,
    "SPICE": 0.16,
    "BLEU_4": 8.783602617222665e-13
  },
  "4": {
    "BLEU_1": 1.2499999996875005e-16,
    "BLEU_2": 1.3363062092161143e-16,
    "ROUGE_L": 0.0,
    "CIDEr": 0.0,
    "METEOR": 0.06399999999999999,
    "SPICE": 0.15384615384615383,
    "BLEU_4": 1.561969968017105e-16
  },
  "5": {
    "BLEU_1": 0.09090909090082655,
    "BLEU_2": 3.015113445489832e-09,
    "ROUGE_L": 0.108348134991119,
    "CIDEr": 0.0,
    "METEOR": 0.08080808080808081,
    "SPICE": 0.14285714285714285,
    "BLEU_4": 5.960994272631735e-13
  },
  "6": {
    "BLEU_1": 0.12499999996875016,
    "BLEU_2": 4.225771272548414e-09,
    "ROUGE_L": 0.125,
    "CIDEr": 0.0,
    "METEOR": 0.08533333333333334,
    "SPICE": 0.16,
    "BLEU_4": 8.783602617222665e-13
  },
  "7": {
    "BLEU_1": 0.23884377011164867,
    "BLEU_2": 0.1850075887944782,
    "ROUGE_L": 0.23921568627450981,
    "CIDEr": 0.0,
    "METEOR": 0.10704082062124941,
    "SPICE": 0.25,
    "BLEU_4": 6.1861015673335086e-09
  },
  "8": {
    "BLEU_1": 0.19999999996000015,
    "BLEU_2": 4.714045206941321e-09,
    "ROUGE_L": 0.2,
    "CIDEr": 0.0,
    "METEOR": 0.0937756391700271,
    "SPICE": 0.15384615384615383,
    "BLEU_4": 7.936880924342154e-13
  },
  "9": {
    "BLEU_1": 0.23884377011164867,
    "BLEU_2": 0.1850075887944782,
    "ROUGE_L": 0.23921568627450981,
    "CIDEr": 0.0,
    "METEOR": 0.10704082062124941,
    "SPICE": 0.25,
    "BLEU_4": 6.1861015673335086e-09
  }
}