{
  "0": {
    "BLEU_1": 0.20217688650348561,
    "BLEU_2": 0.15660554288060333,
    "ROUGE_L": 0.2234432234432234,
    "CIDEr": 0.0,
    "METEOR": 0.13607206989360016,
    "SPICE": 0.06060606060606061,
    "BLEU_4": 5.236421925064999e-09
  },
  "1": {
    "BLEU_1": 0.21470779796016531,
    "BLEU_2": 0.1639857894063383,
    "ROUGE_L": 0.2136602451838879,
    "CIDEr": 0.0,
    "METEOR": 0.13253262298885335,
    "SPICE": 0.058823529411764705,
    "BLEU_4": 5.249325938137114e-09
  },
  "2": {
    "BLEU_1": 0.4999999999000002,
    "BLEU_2": 0.23570226034706615,
    "ROUGE_L": 0.21254355400696867,
    "CIDEr": 0.0,
    "METEOR": 0.15635733858883716,
    "SPICE": 0.05714285714285715,
    "BLEU_4": 5.612222323072491e-09
  },
  "3": {
    "BLEU_1": 0.33093633838648934,
    "BLEU_2": 0.2042583425470713,
    "ROUGE_L": 0.20469798657718125,
    "CIDEr": 0.0,
    "METEOR": 0.1447522049186362,
    "SPICE": 0.058823529411764705,
    "BLEU_4": 5.736753415588487e-09
  },
  "4": {
    "BLEU_1": 0.11031211279549655,
    "BLEU_2": 3.729230059054939e-09,
    "ROUGE_L": 0.10892857142857142,
    "CIDEr": 0.0,
    "METEOR": 0.03809523809523809,
    "SPICE": 0.0,
    "BLEU_4": 7.751502103232947e-13
  },
  "5": {
    "BLEU_1": 0.21470779796016531,
    "BLEU_2": 0.1639857894063383,
    "ROUGE_L": 0.2136602451838879,
    "CIDEr": 0.0,
    "METEOR": 0.1722899349612835,
    "SPICE": 0.06060606060606061,
    "BLEU_4": 5.249325938137114e-09
  },
  "6": {
    "BLEU_1": 0.32206169694024794,
    "BLEU_2": 6.3511423138542446e-09,
    "ROUGE_L": 0.24448897795591182,
    "CIDEr": 0.0,
    "METEOR": 0.220532828922712,
    "SPICE": 0.125,
    "BLEU_4": 1.0330619227359553e-12
  },
  "7": {
    "BLEU_1": 0.4444444443456792,
    "BLEU_2": 7.453559923291195e-09,
    "ROUGE_L": 0.3333333333333333,
    "CIDEr": 0.0,
    "METEOR": 0.23333225146561914,
    "SPICE": 0.1142857142857143,
    "BLEU_4": 1.0724314733358218e-12
  },
  "8": {
    "BLEU_1": 0.29999999994000015,
    "BLEU_2": 5.773502690709485e-09,
    "ROUGE_L": 0.10627177700348434,
    "CIDEr": 0.0,
    "METEOR": 0.14354927800795503,
    "SPICE": 0.1142857142857143,
    "BLEU_4": 8.783602617783837e-13
  },
  "9": {
    "BLEU_1": 0.22222222217283966,
    "BLEU_2": 5.270462765739487e-09,
    "ROUGE_L": 0.1111111111111111,
    "CIDEr": 0.0,
    "METEOR": 0.18407603064219255,
    "SPICE": 0.05714285714285715,
    "BLEU_4": 9.018037815333522e-13
  }
}