{
  "0": {
    "BLEU_1": 0.24999999993750016,
    "BLEU_2": 5.976143045124577e-09,
    "ROUGE_L": 0.25,
    "CIDEr": 0.0,
    "METEOR": 0.09329446064139943,
    "SPICE": 0.07407407407407407,
    "BLEU_4": 1.0445522727757714e-12
  },
  "1": {
    "BLEU_1": 0.24999999993750016,
    "BLEU_2": 5.976143045124577e-09,
    "ROUGE_L": 0.25,
    "CIDEr": 0.0,
    "METEOR": 0.09329446064139943,
    "SPICE": 0.07407407407407407,
    "BLEU_4": 1.0445522727757714e-12
  },
  "2": {
    "BLEU_1": 0.12499999996875016,
    "BLEU_2": 4.225771272548414e-09,
    "ROUGE_L": 0.125,
    "CIDEr": 0.0,
    "METEOR": 0.06997084548104957,
    "SPICE": 0.07407407407407407,
    "BLEU_4": 8.783602617222665e-13
  },
  "3": {
    "BLEU_1": 0.10976232717490052,
    "BLEU_2": 3.8806842931124116e-09,
    "ROUGE_L": 0.1476997578692494,
    "CIDEr": 0.0,
    "METEOR": 0.07317073170731707,
    "SPICE": 0.07692307692307693,
    "BLEU_4": 9.324552513250358e-13
  },
  "4": {
    "BLEU_1": 0.10976232717490052,
    "BLEU_2": 3.8806842931124116e-09,
    "ROUGE_L": 0.1476997578692494,
    "CIDEr": 0.0,
    "METEOR": 0.07317073170731707,
    "SPICE": 0.0,
    "BLEU_4": 9.324552513250358e-13
  },
  "5": {
    "BLEU_1": 0.35826565516747294,
    "BLEU_2": 7.1653131032300366e-09,
    "ROUGE_L": 0.2785388127853881,
    "CIDEr": 0.0,
    "METEOR": 0.1437125748502994,
    "SPICE": 0.0,
    "BLEU_4": 1.2174183989911234e-12
  },
  "6": {
    "BLEU_1": 0.10976232717490052,
    "BLEU_2": 3.8806842931124116e-09,
    "ROUGE_L": 0.1476997578692494,
    "CIDEr": 0.0,
    "METEOR": 0.09846153846153848,
    "SPICE": 0.07692307692307693,
    "BLEU_4": 9.324552513250358e-13
  },
  "7": {
    "BLEU_1": 0.4999999998750002,
    "BLEU_2": 8.451542545096823e-09,
    "ROUGE_L": 0.232824427480916,
    "CIDEr": 0.0,
    "METEOR": 0.11425454043758655,
    "SPICE": 0.21428571428571427,
    "BLEU_4": 1.2421889947772103e-12
  },
  "8": {
    "BLEU_1": 0.5999999998800002,
    "BLEU_2": 0.2581988896940871,
    "ROUGE_L": 0.34014869888475835,
    "CIDEr": 0.0,
    "METEOR": 0.1674695365734321,
    "SPICE": 0.20689655172413793,
    "BLEU_4": 5.873949093408464e-09
  },
  "9": {
    "BLEU_1": 0.5454545454049587,
    "BLEU_2": 7.3854894580549865e-09,
    "ROUGE_L": 0.32504440497335696,
    "CIDEr": 0.0,
    "METEOR": 0.16375715768387328,
    "SPICE": 0.19999999999999998,
    "BLEU_4": 9.329460218001107e-13
  }
}