{
  "0": {
    "BLEU_1": 0.24767939985785795,
    "BLEU_2": 5.982025825945981e-09,
    "ROUGE_L": 0.24448897795591182,
    "CIDEr": 0.0,
    "METEOR": 0.18673740053050403,
    "SPICE": 0.19047619047619047,
    "BLEU_4": 1.0768261868323776e-12
  },
  "1": {
    "BLEU_1": 9.090909090082646e-17,
    "BLEU_2": 9.534625891545801e-17,
    "ROUGE_L": 0.0,
    "CIDEr": 0.0,
    "METEOR": 0.1622119815668203,
    "SPICE": 0.15999999999999998,
    "BLEU_4": 1.0600313378380957e-16
  },
  "2": {
    "BLEU_1": 0.29411764704152255,
    "BLEU_2": 0.23483410914268565,
    "ROUGE_L": 0.3257676902536716,
    "CIDEr": 0.0,
    "METEOR": 0.1852679110322741,
    "SPICE": 0.1935483870967742,
    "BLEU_4": 0.15138514597784253
  },
  "3": {
    "BLEU_1": 0.28571428569387763,
    "BLEU_2": 0.25677629548750125,
    "ROUGE_L": 0.3620178041543027,
    "CIDEr": 0.0,
    "METEOR": 0.19975568606560362,
    "SPICE": 0.13793103448275862,
    "BLEU_4": 0.17778351176909693
  },
  "4": {
    "BLEU_1": 0.24999999997916675,
    "BLEU_2": 0.2132007163370362,
    "ROUGE_L": 0.2932692307692307,
    "CIDEr": 0.0,
    "METEOR": 0.20865569188040775,
    "SPICE": 0.07692307692307691,
    "BLEU_4": 2.665837681446064e-05
  },
  "5": {
    "BLEU_1": 0.4166666666319445,
    "BLEU_2": 0.33709993120225257,
    "ROUGE_L": 0.39102564102564097,
    "CIDEr": 0.0,
    "METEOR": 0.2026367776915498,
    "SPICE": 0.14814814814814817,
    "BLEU_4": 0.22416933499762692
  },
  "6": {
    "BLEU_1": 0.4999999998750002,
    "BLEU_2": 0.37796447291136165,
    "ROUGE_L": 0.5,
    "CIDEr": 0.0,
    "METEOR": 0.2170760822202029,
    "SPICE": 0.2727272727272727,
    "BLEU_4": 4.6713797759570566e-05
  },
  "7": {
    "BLEU_1": 0.3749999999765626,
    "BLEU_2": 0.31622776599641494,
    "ROUGE_L": 0.4212707182320442,
    "CIDEr": 0.0,
    "METEOR": 0.19550776941398837,
    "SPICE": 0.13333333333333333,
    "BLEU_4": 0.18207052809828944
  },
  "8": {
    "BLEU_1": 0.23076923075147937,
    "BLEU_2": 4.385290096183762e-09,
    "ROUGE_L": 0.18798151001540828,
    "CIDEr": 0.0,
    "METEOR": 0.13114754098360656,
    "SPICE": 0.13333333333333333,
    "BLEU_4": 6.466227686450042e-13
  },
  "9": {
    "BLEU_1": 0.16666666665740745,
    "BLEU_2": 3.1311214552466808e-09,
    "ROUGE_L": 0.15762273901808785,
    "CIDEr": 0.0,
    "METEOR": 0.12007504690431521,
    "SPICE": 0.11428571428571428,
    "BLEU_4": 4.49569817535607e-13
  }
}