{
  "0": {
    "BLEU_1": 0.5367694949004131,
    "BLEU_2": 0.44909357984071563,
    "ROUGE_L": 0.5024711696869852,
    "CIDEr": 0.0,
    "METEOR": 0.23768932348442667,
    "SPICE": 0.15384615384615383,
    "BLEU_4": 4.885048225041087e-05
  },
  "1": {
    "BLEU_1": 0.5367694949004131,
    "BLEU_2": 0.44909357984071563,
    "ROUGE_L": 0.30148270181219106,
    "CIDEr": 0.0,
    "METEOR": 0.13463767868671728,
    "SPICE": 0.07407407407407408,
    "BLEU_4": 4.885048225041087e-05
  },
  "2": {
    "BLEU_1": 0.3032653297552284,
    "BLEU_2": 0.27124875701611134,
    "ROUGE_L": 0.31443298969072164,
    "CIDEr": 0.0,
    "METEOR": 0.13569504265546115,
    "SPICE": 0.07142857142857142,
    "BLEU_4": 3.875385823806996e-05
  },
  "3": {
    "BLEU_1": 0.32206169694024794,
    "BLEU_2": 6.3511423138542446e-09,
    "ROUGE_L": 0.20098846787479407,
    "CIDEr": 0.0,
    "METEOR": 0.08060453400503778,
    "SPICE": 0.06666666666666667,
    "BLEU_4": 1.0330619227359553e-12
  },
  "4": {
    "BLEU_1": 0.3032653297552284,
    "BLEU_2": 0.27124875701611134,
    "ROUGE_L": 0.31443298969072164,
    "CIDEr": 0.0,
    "METEOR": 0.13569504265546115,
    "SPICE": 0.07142857142857142,
    "BLEU_4": 3.875385823806996e-05
  },
  "5": {
    "BLEU_1": 0.555555555432099,
    "BLEU_2": 0.4564354644830389,
    "ROUGE_L": 0.2785388127853881,
    "CIDEr": 0.0,
    "METEOR": 0.1286240850977324,
    "SPICE": 0.06451612903225806,
    "BLEU_4": 4.7192976329474405e-05
  },
  "6": {
    "BLEU_1": 0.3032653297552284,
    "BLEU_2": 0.27124875701611134,
    "ROUGE_L": 0.31443298969072164,
    "CIDEr": 0.0,
    "METEOR": 0.13569504265546115,
    "SPICE": 0.07142857142857142,
    "BLEU_4": 3.875385823806996e-05
  },
  "7": {
    "BLEU_1": 0.4444444443456792,
    "BLEU_2": 0.3333333332569446,
    "ROUGE_L": 0.2785388127853881,
    "CIDEr": 0.0,
    "METEOR": 0.1286240850977324,
    "SPICE": 0.06666666666666667,
    "BLEU_4": 4.032989115749891e-05
  },
  "8": {
    "BLEU_1": 0.4444444443456792,
    "BLEU_2": 0.3333333332569446,
    "ROUGE_L": 0.2785388127853881,
    "CIDEr": 0.0,
    "METEOR": 0.1286240850977324,
    "SPICE": 0.06666666666666667,
    "BLEU_4": 4.032989115749891e-05
  },
  "9": {
    "BLEU_1": 0.4444444443456792,
    "BLEU_2": 0.3333333332569446,
    "ROUGE_L": 0.2785388127853881,
    "CIDEr": 0.0,
    "METEOR": 0.1286240850977324,
    "SPICE": 0.06666666666666667,
    "BLEU_4": 4.032989115749891e-05
  }
}