{
  "0": {
    "BLEU_1": 0.6249999998437503,
    "BLEU_2": 0.29880715225622895,
    "ROUGE_L": 0.43571428571428567,
    "CIDEr": 0.0,
    "METEOR": 0.15571776155717762,
    "SPICE": 0.14814814814814814,
    "BLEU_4": 7.386099953835683e-09
  },
  "1": {
    "BLEU_1": 0.36363636360330587,
    "BLEU_2": 6.03022689097966e-09,
    "ROUGE_L": 0.1921259842519685,
    "CIDEr": 0.0,
    "METEOR": 0.10892018779342723,
    "SPICE": 0.06896551724137931,
    "BLEU_4": 8.430118945584141e-13
  },
  "2": {
    "BLEU_1": 0.42857142854081637,
    "BLEU_2": 0.18156825978717286,
    "ROUGE_L": 0.2577464788732394,
    "CIDEr": 0.0,
    "METEOR": 0.20697896253358747,
    "SPICE": 0.24242424242424243,
    "BLEU_4": 3.975360175943345e-09
  },
  "3": {
    "BLEU_1": 0.22222222220987659,
    "BLEU_2": 3.6155076301041677e-09,
    "ROUGE_L": 0.1506172839506173,
    "CIDEr": 0.0,
    "METEOR": 0.16064028081671475,
    "SPICE": 0.16216216216216214,
    "BLEU_4": 4.830942081791594e-13
  },
  "4": {
    "BLEU_1": 0.35294117644982703,
    "BLEU_2": 0.21004201259146,
    "ROUGE_L": 0.31082802547770705,
    "CIDEr": 0.0,
    "METEOR": 0.21905869850705378,
    "SPICE": 0.12121212121212122,
    "BLEU_4": 2.140909265836957e-05
  },
  "5": {
    "BLEU_1": 0.36363636360330587,
    "BLEU_2": 6.03022689097966e-09,
    "ROUGE_L": 0.2036727879799666,
    "CIDEr": 0.0,
    "METEOR": 0.1050328227571116,
    "SPICE": 0.07407407407407407,
    "BLEU_4": 8.430118945584141e-13
  },
  "6": {
    "BLEU_1": 0.4444444443456792,
    "BLEU_2": 0.3333333332569446,
    "ROUGE_L": 0.2222222222222222,
    "CIDEr": 0.0,
    "METEOR": 0.2602907248769569,
    "SPICE": 0.23999999999999996,
    "BLEU_4": 7.171781505449111e-09
  },
  "7": {
    "BLEU_1": 0.3333333332592594,
    "BLEU_2": 0.20412414518515326,
    "ROUGE_L": 0.2222222222222222,
    "CIDEr": 0.0,
    "METEOR": 0.1409691629955947,
    "SPICE": 0.22222222222222218,
    "BLEU_4": 5.612222322916596e-09
  },
  "8": {
    "BLEU_1": 0.4166666666319445,
    "BLEU_2": 0.19462473602342495,
    "ROUGE_L": 0.3696969696969697,
    "CIDEr": 0.0,
    "METEOR": 0.1881372658213776,
    "SPICE": 0.13333333333333333,
    "BLEU_4": 4.5293761703575315e-09
  },
  "9": {
    "BLEU_1": 0.28571428569387763,
    "BLEU_2": 4.688072309037213e-09,
    "ROUGE_L": 0.18100890207715134,
    "CIDEr": 0.0,
    "METEOR": 0.1819889891605483,
    "SPICE": 0.18181818181818182,
    "BLEU_4": 6.387834681787387e-13
  }
}