{
  "0": {
    "BLEU_1": 0.3333333332592594,
    "BLEU_2": 6.454972242199766e-09,
    "ROUGE_L": 0.15947712418300655,
    "CIDEr": 0.0,
    "METEOR": 0.1114074074074074,
    "SPICE": 0.13793103448275865,
    "BLEU_4": 9.980099401403394e-13
  },
  "1": {
    "BLEU_1": 0.18181818180165296,
    "BLEU_2": 4.26401432670519e-09,
    "ROUGE_L": 0.14969325153374236,
    "CIDEr": 0.0,
    "METEOR": 0.10851370851370852,
    "SPICE": 0.12903225806451613,
    "BLEU_4": 7.088856801504128e-13
  },
  "2": {
    "BLEU_1": 1.1031211279549644e-16,
    "BLEU_2": 1.1792860905377833e-16,
    "ROUGE_L": 0.0,
    "CIDEr": 0.0,
    "METEOR": 0.0,
    "SPICE": 0.0,
    "BLEU_4": 1.3784336587052549e-16
  },
  "3": {
    "BLEU_1": 0.1978624428527385,
    "BLEU_2": 3.759964914834199e-09,
    "ROUGE_L": 0.14104046242774565,
    "CIDEr": 0.0,
    "METEOR": 0.149579231906972,
    "SPICE": 0.12121212121212123,
    "BLEU_4": 5.544168960119546e-13
  },
  "4": {
    "BLEU_1": 1.1031211279549644e-16,
    "BLEU_2": 1.1792860905377833e-16,
    "ROUGE_L": 0.0,
    "CIDEr": 0.0,
    "METEOR": 0.0,
    "SPICE": 0.0,
    "BLEU_4": 1.3784336587052549e-16
  },
  "5": {
    "BLEU_1": 0.1978624428527385,
    "BLEU_2": 3.759964914834199e-09,
    "ROUGE_L": 0.14104046242774565,
    "CIDEr": 0.0,
    "METEOR": 0.149579231906972,
    "SPICE": 0.12121212121212123,
    "BLEU_4": 5.544168960119546e-13
  },
  "6": {
    "BLEU_1": 0.09999999998000014,
    "BLEU_2": 3.333333332648151e-09,
    "ROUGE_L": 0.10627177700348434,
    "CIDEr": 0.0,
    "METEOR": 0.07547169811320754,
    "SPICE": 0.0,
    "BLEU_4": 6.674094717574907e-13
  },
  "7": {
    "BLEU_1": 0.3124999999804688,
    "BLEU_2": 0.14433756728808472,
    "ROUGE_L": 0.1946808510638298,
    "CIDEr": 0.0,
    "METEOR": 0.13991186642271325,
    "SPICE": 0.11764705882352941,
    "BLEU_4": 3.2709344706502825e-09
  },
  "8": {
    "BLEU_1": 0.39999999994666674,
    "BLEU_2": 0.2927700218448269,
    "ROUGE_L": 0.3319727891156462,
    "CIDEr": 0.0,
    "METEOR": 0.20252502776950118,
    "SPICE": 0.06666666666666667,
    "BLEU_4": 4.8415247123507134e-09
  },
  "9": {
    "BLEU_1": 0.39999999994666674,
    "BLEU_2": 0.23904572183443687,
    "ROUGE_L": 0.28538011695906434,
    "CIDEr": 0.0,
    "METEOR": 0.16131999747834747,
    "SPICE": 0.06666666666666667,
    "BLEU_4": 4.374811430606683e-09
  }
}