{
  "0": {
    "BLEU_1": 0.35826565516747294,
    "BLEU_2": 7.1653131032300366e-09,
    "ROUGE_L": 0.2785388127853881,
    "CIDEr": 0.0,
    "METEOR": 0.16091954022988508,
    "SPICE": 0.09523809523809523,
    "BLEU_4": 1.2174183989911234e-12
  },
  "1": {
    "BLEU_1": 1.2383969992892892e-16,
    "BLEU_2": 1.3376216389974536e-16,
    "ROUGE_L": 0.0,
    "CIDEr": 0.0,
    "METEOR": 0.05289256198347109,
    "SPICE": 0.0,
    "BLEU_4": 1.61023072606689e-16
  },
  "2": {
    "BLEU_1": 1.111111110864198e-16,
    "BLEU_2": 1.178511301707504e-16,
    "ROUGE_L": 0.0,
    "CIDEr": 0.0,
    "METEOR": 0.05203252032520327,
    "SPICE": 0.0,
    "BLEU_4": 1.3485111856165858e-16
  },
  "3": {
    "BLEU_1": 1.2499999996875005e-16,
    "BLEU_2": 1.3363062092161143e-16,
    "ROUGE_L": 0.0,
    "CIDEr": 0.0,
    "METEOR": 0.05245901639344264,
    "SPICE": 0.0,
    "BLEU_4": 1.561969968017105e-16
  },
  "4": {
    "BLEU_1": 1.111111110864198e-16,
    "BLEU_2": 1.178511301707504e-16,
    "ROUGE_L": 0.0,
    "CIDEr": 0.0,
    "METEOR": 0.05203252032520327,
    "SPICE": 0.0,
    "BLEU_4": 1.3485111856165858e-16
  },
  "5": {
    "BLEU_1": 9.0909090892562e-17,
    "BLEU_2": 9.534625890679017e-17,
    "ROUGE_L": 0.0,
    "CIDEr": 0.0,
    "METEOR": 0.04961240310077521,
    "SPICE": 0.0,
    "BLEU_4": 1.0600313377417292e-16
  },
  "6": {
    "BLEU_1": 8.33333333263889e-17,
    "BLEU_2": 8.7038827970266e-17,
    "ROUGE_L": 0.0,
    "CIDEr": 0.0,
    "METEOR": 0.049230769230769245,
    "SPICE": 0.0,
    "BLEU_4": 9.578464407697051e-17
  },
  "7": {
    "BLEU_1": 1.2499999996875005e-16,
    "BLEU_2": 1.3363062092161143e-16,
    "ROUGE_L": 0.0,
    "CIDEr": 0.0,
    "METEOR": 0.11707317073170734,
    "SPICE": 0.0,
    "BLEU_4": 1.561969968017105e-16
  },
  "8": {
    "BLEU_1": 8.33333333263889e-17,
    "BLEU_2": 8.7038827970266e-17,
    "ROUGE_L": 0.0,
    "CIDEr": 0.0,
    "METEOR": 0.04986812127750289,
    "SPICE": 0.0,
    "BLEU_4": 9.578464407697051e-17
  },
  "9": {
    "BLEU_1": 0.07692307691715985,
    "BLEU_2": 2.531848417506296e-09,
    "ROUGE_L": 0.09951060358890701,
    "CIDEr": 0.0,
    "METEOR": 0.16716417910447762,
    "SPICE": 0.06666666666666667,
    "BLEU_4": 4.91327054771308e-13
  }
}