{
  "0": {
    "BLEU_1": 0.2420220522198906,
    "BLEU_2": 0.150927266573327,
    "ROUGE_L": 0.2559440559440559,
    "CIDEr": 0.0,
    "METEOR": 0.1684901806075222,
    "SPICE": 0.22222222222222224,
    "BLEU_4": 4.365582668810038e-09
  },
  "1": {
    "BLEU_1": 0.14486606945407082,
    "BLEU_2": 3.548479511991478e-09,
    "ROUGE_L": 0.2234432234432234,
    "CIDEr": 0.0,
    "METEOR": 0.13270142180094788,
    "SPICE": 0.14814814814814814,
    "BLEU_4": 6.672211513913011e-13
  },
  "2": {
    "BLEU_1": 0.14486606945407082,
    "BLEU_2": 3.548479511991478e-09,
    "ROUGE_L": 0.2234432234432234,
    "CIDEr": 0.0,
    "METEOR": 0.13270142180094788,
    "SPICE": 0.14814814814814814,
    "BLEU_4": 6.672211513913011e-13
  },
  "3": {
    "BLEU_1": 0.17794164505308155,
    "BLEU_2": 4.220256667207975e-09,
    "ROUGE_L": 0.19645732689210954,
    "CIDEr": 0.0,
    "METEOR": 0.12814645308924486,
    "SPICE": 0.13333333333333333,
    "BLEU_4": 7.22108017965573e-13
  },
  "4": {
    "BLEU_1": 0.23076923073372793,
    "BLEU_2": 4.385290095846432e-09,
    "ROUGE_L": 0.2417437252311757,
    "CIDEr": 0.0,
    "METEOR": 0.12355212355212356,
    "SPICE": 0.12121212121212123,
    "BLEU_4": 6.466227685952641e-13
  },
  "5": {
    "BLEU_1": 0.27272727267768604,
    "BLEU_2": 5.222329677697684e-09,
    "ROUGE_L": 0.25884016973125884,
    "CIDEr": 0.0,
    "METEOR": 0.1264822134387352,
    "SPICE": 0.12903225806451613,
    "BLEU_4": 7.845109652856079e-13
  },
  "6": {
    "BLEU_1": 0.27272727267768604,
    "BLEU_2": 5.222329677697684e-09,
    "ROUGE_L": 0.25884016973125884,
    "CIDEr": 0.0,
    "METEOR": 0.15932203389830513,
    "SPICE": 0.07692307692307693,
    "BLEU_4": 7.845109652856079e-13
  },
  "7": {
    "BLEU_1": 0.27272727267768604,
    "BLEU_2": 5.222329677697684e-09,
    "ROUGE_L": 0.25884016973125884,
    "CIDEr": 0.0,
    "METEOR": 0.16137339055793995,
    "SPICE": 0.07692307692307693,
    "BLEU_4": 7.845109652856079e-13
  },
  "8": {
    "BLEU_1": 0.1809674835709985,
    "BLEU_2": 4.265444493553575e-09,
    "ROUGE_L": 0.18885448916408668,
    "CIDEr": 0.0,
    "METEOR": 0.12556053811659193,
    "SPICE": 0.12903225806451613,
    "BLEU_4": 7.181586842840614e-13
  },
  "9": {
    "BLEU_1": 0.27145122535649774,
    "BLEU_2": 5.224081267685234e-09,
    "ROUGE_L": 0.2683284457478006,
    "CIDEr": 0.0,
    "METEOR": 0.13034623217922608,
    "SPICE": 0.12903225806451613,
    "BLEU_4": 7.947732313729421e-13
  }
}