{
  "0": {
    "BLEU_1": 0.10976232717490052,
    "BLEU_2": 3.8806842931124116e-09,
    "ROUGE_L": 0.12577319587628866,
    "CIDEr": 0.0,
    "METEOR": 0.06332453825857519,
    "SPICE": 0.0,
    "BLEU_4": 9.324552513250358e-13
  },
  "1": {
    "BLEU_1": 0.3749999999062502,
    "BLEU_2": 7.319250545218839e-09,
    "ROUGE_L": 0.232824427480916,
    "CIDEr": 0.0,
    "METEOR": 0.08121827411167513,
    "SPICE": 0.12121212121212122,
    "BLEU_4": 1.1559871144628244e-12
  },
  "2": {
    "BLEU_1": 0.24767939985785795,
    "BLEU_2": 5.982025825945981e-09,
    "ROUGE_L": 0.12224448897795591,
    "CIDEr": 0.0,
    "METEOR": 0.0784313725490196,
    "SPICE": 0.12121212121212122,
    "BLEU_4": 1.0768261868323776e-12
  },
  "3": {
    "BLEU_1": 0.33333333327777787,
    "BLEU_2": 5.5048188246934825e-09,
    "ROUGE_L": 0.232824427480916,
    "CIDEr": 0.0,
    "METEOR": 0.08839779005524862,
    "SPICE": 0.10810810810810811,
    "BLEU_4": 7.617472369343701e-13
  },
  "4": {
    "BLEU_1": 0.24902746803170303,
    "BLEU_2": 4.768512969367871e-09,
    "ROUGE_L": 0.15661103979460847,
    "CIDEr": 0.0,
    "METEOR": 0.0749063670411985,
    "SPICE": 0.10810810810810811,
    "BLEU_4": 7.163375243335776e-13
  },
  "5": {
    "BLEU_1": 0.2499999999583334,
    "BLEU_2": 4.7673129454153526e-09,
    "ROUGE_L": 0.09775641025641024,
    "CIDEr": 0.0,
    "METEOR": 0.07285974499089252,
    "SPICE": 0.10526315789473684,
    "BLEU_4": 7.088856800987232e-13
  },
  "6": {
    "BLEU_1": 0.09999999999000012,
    "BLEU_2": 3.333333332981484e-09,
    "ROUGE_L": 0.1,
    "CIDEr": 0.0,
    "METEOR": 0.05581395348837209,
    "SPICE": 0.05405405405405406,
    "BLEU_4": 6.674094718242315e-13
  },
  "7": {
    "BLEU_1": 0.23076923075147937,
    "BLEU_2": 0.1386750490451956,
    "ROUGE_L": 0.1781021897810219,
    "CIDEr": 0.0,
    "METEOR": 0.0904977375565611,
    "SPICE": 0.05263157894736842,
    "BLEU_4": 3.636227046180843e-09
  },
  "8": {
    "BLEU_1": 0.16666666663888896,
    "BLEU_2": 3.8924947201441226e-09,
    "ROUGE_L": 0.18484848484848485,
    "CIDEr": 0.0,
    "METEOR": 0.08771929824561403,
    "SPICE": 0.05263157894736842,
    "BLEU_4": 6.405505208675338e-13
  },
  "9": {
    "BLEU_1": 0.16666666663888896,
    "BLEU_2": 3.8924947201441226e-09,
    "ROUGE_L": 0.18484848484848485,
    "CIDEr": 0.0,
    "METEOR": 0.08771929824561403,
    "SPICE": 0.05263157894736842,
    "BLEU_4": 6.405505208675338e-13
  }
}