{
  "0": {
    "BLEU_1": 1.0976232717490041e-16,
    "BLEU_2": 1.227180124627569e-16,
    "ROUGE_L": 0.0,
    "CIDEr": 0.0,
    "METEOR": 0.0718562874251497,
    "SPICE": 0.0,
    "BLEU_4": 1.6581659742139797e-16
  },
  "1": {
    "BLEU_1": 1.1111111109876545e-16,
    "BLEU_2": 1.1785113018384495e-16,
    "ROUGE_L": 0.0,
    "CIDEr": 0.0,
    "METEOR": 0.06486486486486485,
    "SPICE": 0.0,
    "BLEU_4": 1.34851118576642e-16
  },
  "2": {
    "BLEU_1": 0.12499999996875016,
    "BLEU_2": 4.225771272548414e-09,
    "ROUGE_L": 0.08664772727272725,
    "CIDEr": 0.0,
    "METEOR": 0.06760563380281691,
    "SPICE": 0.06451612903225806,
    "BLEU_4": 8.783602617222665e-13
  },
  "3": {
    "BLEU_1": 1.194218850558243e-16,
    "BLEU_2": 1.3082012060754779e-16,
    "ROUGE_L": 0.0,
    "CIDEr": 0.0,
    "METEOR": 0.06997084548104957,
    "SPICE": 0.0,
    "BLEU_4": 1.6449759291817379e-16
  },
  "4": {
    "BLEU_1": 0.24999999993750016,
    "BLEU_2": 5.976143045124577e-09,
    "ROUGE_L": 0.125,
    "CIDEr": 0.0,
    "METEOR": 0.10816901408450706,
    "SPICE": 0.06451612903225806,
    "BLEU_4": 1.0445522727757714e-12
  },
  "5": {
    "BLEU_1": 0.12499999996875016,
    "BLEU_2": 4.225771272548414e-09,
    "ROUGE_L": 0.08664772727272725,
    "CIDEr": 0.0,
    "METEOR": 0.0687679083094556,
    "SPICE": 0.06666666666666667,
    "BLEU_4": 8.783602617222665e-13
  },
  "6": {
    "BLEU_1": 0.08300915601056774,
    "BLEU_2": 2.7531022464987635e-09,
    "ROUGE_L": 0.07830551989730423,
    "CIDEr": 0.0,
    "METEOR": 0.06382978723404256,
    "SPICE": 0.0,
    "BLEU_4": 5.442988139599684e-13
  },
  "7": {
    "BLEU_1": 0.22222222219753096,
    "BLEU_2": 5.270462766325093e-09,
    "ROUGE_L": 0.1189083820662768,
    "CIDEr": 0.0,
    "METEOR": 0.08040201005025126,
    "SPICE": 0.0625,
    "BLEU_4": 9.018037816335524e-13
  },
  "8": {
    "BLEU_1": 0.22222222219753096,
    "BLEU_2": 5.270462766325093e-09,
    "ROUGE_L": 0.1189083820662768,
    "CIDEr": 0.0,
    "METEOR": 0.08040201005025126,
    "SPICE": 0.0625,
    "BLEU_4": 9.018037816335524e-13
  },
  "9": {
    "BLEU_1": 0.12499999996875016,
    "BLEU_2": 4.225771272548414e-09,
    "ROUGE_L": 0.08664772727272725,
    "CIDEr": 0.0,
    "METEOR": 0.0687679083094556,
    "SPICE": 0.06451612903225806,
    "BLEU_4": 8.783602617222665e-13
  }
}