{
  "0": {
    "BLEU_1": 7.162619917923445e-17,
    "BLEU_2": 8.27068107508754e-17,
    "ROUGE_L": 0.0,
    "CIDEr": 0.0,
    "METEOR": 0.0,
    "SPICE": 0.0,
    "BLEU_4": 1.2944315414357063e-16
  },
  "1": {
    "BLEU_1": 0.32206169694024794,
    "BLEU_2": 0.20084075455651398,
    "ROUGE_L": 0.2136602451838879,
    "CIDEr": 0.0,
    "METEOR": 0.23959434801068039,
    "SPICE": 0.2,
    "BLEU_4": 5.809334106350273e-09
  },
  "2": {
    "BLEU_1": 0.4999999999500001,
    "BLEU_2": 0.23570226037063632,
    "ROUGE_L": 0.18885448916408668,
    "CIDEr": 0.0,
    "METEOR": 0.24449092323175464,
    "SPICE": 0.25806451612903225,
    "BLEU_4": 5.612222323633712e-09
  },
  "3": {
    "BLEU_1": 0.32206169694024794,
    "BLEU_2": 0.20084075455651398,
    "ROUGE_L": 0.2136602451838879,
    "CIDEr": 0.0,
    "METEOR": 0.23959434801068039,
    "SPICE": 0.2,
    "BLEU_4": 5.809334106350273e-09
  },
  "4": {
    "BLEU_1": 0.4999999999500001,
    "BLEU_2": 0.23570226037063632,
    "ROUGE_L": 0.18885448916408668,
    "CIDEr": 0.0,
    "METEOR": 0.24449092323175464,
    "SPICE": 0.25806451612903225,
    "BLEU_4": 5.612222323633712e-09
  },
  "5": {
    "BLEU_1": 0.32206169694024794,
    "BLEU_2": 0.20084075455651398,
    "ROUGE_L": 0.2136602451838879,
    "CIDEr": 0.0,
    "METEOR": 0.23959434801068039,
    "SPICE": 0.2,
    "BLEU_4": 5.809334106350273e-09
  },
  "6": {
    "BLEU_1": 0.555555555432099,
    "BLEU_2": 0.26352313828697443,
    "ROUGE_L": 0.19645732689210954,
    "CIDEr": 0.0,
    "METEOR": 0.2489999771438157,
    "SPICE": 0.25806451612903225,
    "BLEU_4": 6.376715692219053e-09
  },
  "7": {
    "BLEU_1": 0.32206169694024794,
    "BLEU_2": 6.3511423138542446e-09,
    "ROUGE_L": 0.1897356143079316,
    "CIDEr": 0.0,
    "METEOR": 0.16234969958991138,
    "SPICE": 0.27586206896551724,
    "BLEU_4": 1.0330619227359553e-12
  },
  "8": {
    "BLEU_1": 0.08986579278749814,
    "BLEU_2": 3.1772355737578207e-09,
    "ROUGE_L": 0.1095152603231598,
    "CIDEr": 0.0,
    "METEOR": 0.15019547302868597,
    "SPICE": 0.21428571428571427,
    "BLEU_4": 7.634297901288654e-13
  },
  "9": {
    "BLEU_1": 0.4294155959203306,
    "BLEU_2": 0.3279715788126764,
    "ROUGE_L": 0.30148270181219106,
    "CIDEr": 0.0,
    "METEOR": 0.2970382772239672,
    "SPICE": 0.2857142857142857,
    "BLEU_4": 4.174635264358086e-05
  }
}