{
  "0": {
    "BLEU_1": 0.08333333332638898,
    "BLEU_2": 2.7524094125761097e-09,
    "ROUGE_L": 0.09242424242424242,
    "CIDEr": 0.0,
    "METEOR": 0.08050314465408806,
    "SPICE": 0.06451612903225808,
    "BLEU_4": 5.386366368312954e-13
  },
  "1": {
    "BLEU_1": 0.19999999996000015,
    "BLEU_2": 4.714045206941321e-09,
    "ROUGE_L": 0.2,
    "CIDEr": 0.0,
    "METEOR": 0.08402625820568928,
    "SPICE": 0.06666666666666667,
    "BLEU_4": 7.936880924342154e-13
  },
  "2": {
    "BLEU_1": 0.1988531814701149,
    "BLEU_2": 4.716217300589896e-09,
    "ROUGE_L": 0.20854700854700853,
    "CIDEr": 0.0,
    "METEOR": 0.0870748299319728,
    "SPICE": 0.07142857142857142,
    "BLEU_4": 8.0696947976792e-13
  },
  "3": {
    "BLEU_1": 0.24999999997916675,
    "BLEU_2": 4.767312945812628e-09,
    "ROUGE_L": 0.09242424242424242,
    "CIDEr": 0.0,
    "METEOR": 0.07862875095017703,
    "SPICE": 0.06666666666666667,
    "BLEU_4": 7.08885680157797e-13
  },
  "4": {
    "BLEU_1": 0.27272727267768604,
    "BLEU_2": 5.222329677697684e-09,
    "ROUGE_L": 0.09606299212598425,
    "CIDEr": 0.0,
    "METEOR": 0.11671461567763909,
    "SPICE": 0.13333333333333333,
    "BLEU_4": 7.845109652856079e-13
  },
  "5": {
    "BLEU_1": 0.19999999996000015,
    "BLEU_2": 4.714045206941321e-09,
    "ROUGE_L": 0.1,
    "CIDEr": 0.0,
    "METEOR": 0.08629213483146067,
    "SPICE": 0.13793103448275862,
    "BLEU_4": 7.936880924342154e-13
  },
  "6": {
    "BLEU_1": 0.19999999996000015,
    "BLEU_2": 4.714045206941321e-09,
    "ROUGE_L": 0.1,
    "CIDEr": 0.0,
    "METEOR": 0.08629213483146067,
    "SPICE": 0.13793103448275862,
    "BLEU_4": 7.936880924342154e-13
  },
  "7": {
    "BLEU_1": 0.24999999997916675,
    "BLEU_2": 4.767312945812628e-09,
    "ROUGE_L": 0.17528735632183906,
    "CIDEr": 0.0,
    "METEOR": 0.10190012412871192,
    "SPICE": 0.12903225806451615,
    "BLEU_4": 7.08885680157797e-13
  },
  "8": {
    "BLEU_1": 0.23076923075147937,
    "BLEU_2": 4.385290096183762e-09,
    "ROUGE_L": 0.16920943134535368,
    "CIDEr": 0.0,
    "METEOR": 0.09942239612446431,
    "SPICE": 0.125,
    "BLEU_4": 6.466227686450042e-13
  },
  "9": {
    "BLEU_1": 0.1538461538343196,
    "BLEU_2": 3.5805743699102604e-09,
    "ROUGE_L": 0.08905109489051095,
    "CIDEr": 0.0,
    "METEOR": 0.07983367983367984,
    "SPICE": 0.125,
    "BLEU_4": 5.84289629327371e-13
  }
}