{
  "0": {
    "BLEU_1": 0.3561388763461003,
    "BLEU_2": 0.23443930914526317,
    "ROUGE_L": 0.23076923076923084,
    "CIDEr": 0.0,
    "METEOR": 0.25848303465924743,
    "SPICE": 0.2,
    "BLEU_4": 4.549497295671965e-09
  },
  "1": {
    "BLEU_1": 0.4117647058581315,
    "BLEU_2": 0.27785946509625026,
    "ROUGE_L": 0.3283100107642627,
    "CIDEr": 0.0,
    "METEOR": 0.2830635034206374,
    "SPICE": 0.3181818181818182,
    "BLEU_4": 4.378826865576807e-09
  },
  "2": {
    "BLEU_1": 0.4117647058581315,
    "BLEU_2": 0.27785946509625026,
    "ROUGE_L": 0.3283100107642627,
    "CIDEr": 0.0,
    "METEOR": 0.2830635034206374,
    "SPICE": 0.3181818181818182,
    "BLEU_4": 4.378826865576807e-09
  },
  "3": {
    "BLEU_1": 0.44444444441975317,
    "BLEU_2": 0.3233808333632833,
    "ROUGE_L": 0.38364779874213834,
    "CIDEr": 0.0,
    "METEOR": 0.30293044977427247,
    "SPICE": 0.3181818181818182,
    "BLEU_4": 2.5692379451971123e-05
  },
  "4": {
    "BLEU_1": 0.44444444441975317,
    "BLEU_2": 0.3233808333632833,
    "ROUGE_L": 0.38364779874213834,
    "CIDEr": 0.0,
    "METEOR": 0.30293044977427247,
    "SPICE": 0.3181818181818182,
    "BLEU_4": 2.5692379451971123e-05
  },
  "5": {
    "BLEU_1": 0.44444444441975317,
    "BLEU_2": 0.3233808333632833,
    "ROUGE_L": 0.38364779874213834,
    "CIDEr": 0.0,
    "METEOR": 0.30293044977427247,
    "SPICE": 0.3181818181818182,
    "BLEU_4": 2.5692379451971123e-05
  },
  "6": {
    "BLEU_1": 0.44444444441975317,
    "BLEU_2": 0.3233808333632833,
    "ROUGE_L": 0.38364779874213834,
    "CIDEr": 0.0,
    "METEOR": 0.30293044977427247,
    "SPICE": 0.3181818181818182,
    "BLEU_4": 2.5692379451971123e-05
  },
  "7": {
    "BLEU_1": 0.44444444441975317,
    "BLEU_2": 0.3233808333632833,
    "ROUGE_L": 0.38364779874213834,
    "CIDEr": 0.0,
    "METEOR": 0.30293044977427247,
    "SPICE": 0.3181818181818182,
    "BLEU_4": 2.5692379451971123e-05
  },
  "8": {
    "BLEU_1": 0.44444444441975317,
    "BLEU_2": 0.3233808333632833,
    "ROUGE_L": 0.38364779874213834,
    "CIDEr": 0.0,
    "METEOR": 0.30293044977427247,
    "SPICE": 0.3181818181818182,
    "BLEU_4": 2.5692379451971123e-05
  },
  "9": {
    "BLEU_1": 0.44444444441975317,
    "BLEU_2": 0.3233808333632833,
    "ROUGE_L": 0.38364779874213834,
    "CIDEr": 0.0,
    "METEOR": 0.30293044977427247,
    "SPICE": 0.3181818181818182,
    "BLEU_4": 2.5692379451971123e-05
  }
}