{
  "0": {
    "BLEU_1": 0.3715190997867868,
    "BLEU_2": 7.326455450859374e-09,
    "ROUGE_L": 0.3952483801295896,
    "CIDEr": 0.0,
    "METEOR": 0.20117531010225675,
    "SPICE": 0.09090909090909091,
    "BLEU_4": 1.1917040716272326e-12
  },
  "1": {
    "BLEU_1": 0.3333333332592594,
    "BLEU_2": 0.20412414518515326,
    "ROUGE_L": 0.35672514619883033,
    "CIDEr": 0.0,
    "METEOR": 0.14678899082568805,
    "SPICE": 0.08,
    "BLEU_4": 5.612222322916596e-09
  },
  "2": {
    "BLEU_1": 0.2499999999583334,
    "BLEU_2": 4.7673129454153526e-09,
    "ROUGE_L": 0.3112244897959184,
    "CIDEr": 0.0,
    "METEOR": 0.1648274659040293,
    "SPICE": 0.16,
    "BLEU_4": 7.088856800987232e-13
  },
  "3": {
    "BLEU_1": 0.3999999999600001,
    "BLEU_2": 0.21081851065563903,
    "ROUGE_L": 0.34014869888475835,
    "CIDEr": 0.0,
    "METEOR": 0.20384740993380374,
    "SPICE": 0.15384615384615385,
    "BLEU_4": 5.3077121704368895e-09
  },
  "4": {
    "BLEU_1": 0.23076923075147937,
    "BLEU_2": 4.385290096183762e-09,
    "ROUGE_L": 0.18798151001540828,
    "CIDEr": 0.0,
    "METEOR": 0.1696969696969697,
    "SPICE": 0.24000000000000005,
    "BLEU_4": 6.466227686450042e-13
  },
  "5": {
    "BLEU_1": 0.2499999999583334,
    "BLEU_2": 4.7673129454153526e-09,
    "ROUGE_L": 0.16666666666666666,
    "CIDEr": 0.0,
    "METEOR": 0.14837092731829576,
    "SPICE": 0.16,
    "BLEU_4": 7.088856800987232e-13
  },
  "6": {
    "BLEU_1": 0.2499999999583334,
    "BLEU_2": 4.7673129454153526e-09,
    "ROUGE_L": 0.16666666666666666,
    "CIDEr": 0.0,
    "METEOR": 0.1474850789240025,
    "SPICE": 0.16666666666666666,
    "BLEU_4": 7.088856800987232e-13
  },
  "7": {
    "BLEU_1": 0.2499999999583334,
    "BLEU_2": 4.7673129454153526e-09,
    "ROUGE_L": 0.16666666666666666,
    "CIDEr": 0.0,
    "METEOR": 0.1474850789240025,
    "SPICE": 0.16666666666666666,
    "BLEU_4": 7.088856800987232e-13
  },
  "8": {
    "BLEU_1": 0.2499999999583334,
    "BLEU_2": 4.7673129454153526e-09,
    "ROUGE_L": 0.16666666666666666,
    "CIDEr": 0.0,
    "METEOR": 0.1474850789240025,
    "SPICE": 0.16666666666666666,
    "BLEU_4": 7.088856800987232e-13
  },
  "9": {
    "BLEU_1": 0.2499999999583334,
    "BLEU_2": 4.7673129454153526e-09,
    "ROUGE_L": 0.16666666666666666,
    "CIDEr": 0.0,
    "METEOR": 0.1474850789240025,
    "SPICE": 0.16666666666666666,
    "BLEU_4": 7.088856800987232e-13
  }
}