{
  "0": {
    "BLEU_1": 0.3715190997867868,
    "BLEU_2": 7.326455450859374e-09,
    "ROUGE_L": 0.11401869158878504,
    "CIDEr": 0.0,
    "METEOR": 0.07529411764705883,
    "SPICE": 0.13333333333333333,
    "BLEU_4": 1.1917040716272326e-12
  },
  "1": {
    "BLEU_1": 0.12499999996875016,
    "BLEU_2": 4.225771272548414e-09,
    "ROUGE_L": 0.10234899328859062,
    "CIDEr": 0.0,
    "METEOR": 0.07126948775055679,
    "SPICE": 0.11764705882352941,
    "BLEU_4": 8.783602617222665e-13
  },
  "2": {
    "BLEU_1": 0.3333333332962964,
    "BLEU_2": 6.454972242916984e-09,
    "ROUGE_L": 0.09822866344605477,
    "CIDEr": 0.0,
    "METEOR": 0.10003332684785915,
    "SPICE": 0.1111111111111111,
    "BLEU_4": 9.980099402512292e-13
  },
  "3": {
    "BLEU_1": 0.22222222219753096,
    "BLEU_2": 5.270462766325093e-09,
    "ROUGE_L": 0.19645732689210954,
    "CIDEr": 0.0,
    "METEOR": 0.08577378618887606,
    "SPICE": 0.05555555555555555,
    "BLEU_4": 9.018037816335524e-13
  },
  "4": {
    "BLEU_1": 0.30769230766863914,
    "BLEU_2": 0.16012815379225645,
    "ROUGE_L": 0.2417437252311757,
    "CIDEr": 0.0,
    "METEOR": 0.12566594006465476,
    "SPICE": 0.05263157894736842,
    "BLEU_4": 3.9073802491094676e-09
  },
  "5": {
    "BLEU_1": 0.33333333331111115,
    "BLEU_2": 0.1543033499514377,
    "ROUGE_L": 0.22676579925650556,
    "CIDEr": 0.0,
    "METEOR": 0.12169754195734984,
    "SPICE": 0.05714285714285714,
    "BLEU_4": 3.514847831107641e-09
  },
  "6": {
    "BLEU_1": 0.16666666663888896,
    "BLEU_2": 3.8924947201441226e-09,
    "ROUGE_L": 0.17528735632183906,
    "CIDEr": 0.0,
    "METEOR": 0.10408921933085502,
    "SPICE": 0.0625,
    "BLEU_4": 6.405505208675338e-13
  },
  "7": {
    "BLEU_1": 0.19999999996000015,
    "BLEU_2": 4.714045206941321e-09,
    "ROUGE_L": 0.09442724458204334,
    "CIDEr": 0.0,
    "METEOR": 0.09186602870813397,
    "SPICE": 0.0,
    "BLEU_4": 7.936880924342154e-13
  },
  "8": {
    "BLEU_1": 0.36363636357024803,
    "BLEU_2": 6.030226890431458e-09,
    "ROUGE_L": 0.18181818181818182,
    "CIDEr": 0.0,
    "METEOR": 0.0964533829979451,
    "SPICE": 0.05405405405405406,
    "BLEU_4": 8.430118944817767e-13
  },
  "9": {
    "BLEU_1": 0.3333333332962964,
    "BLEU_2": 6.454972242916984e-09,
    "ROUGE_L": 0.19645732689210954,
    "CIDEr": 0.0,
    "METEOR": 0.08470827331696454,
    "SPICE": 0.05555555555555555,
    "BLEU_4": 9.980099402512292e-13
  }
}