{
  "0": {
    "BLEU_1": 0.19999999996000015,
    "BLEU_2": 4.714045206941321e-09,
    "ROUGE_L": 0.1,
    "CIDEr": 0.0,
    "METEOR": 0.07565011820330969,
    "SPICE": 0.05714285714285714,
    "BLEU_4": 7.936880924342154e-13
  },
  "1": {
    "BLEU_1": 0.14285714284693884,
    "BLEU_2": 3.31496772041309e-09,
    "ROUGE_L": 0.08591549295774649,
    "CIDEr": 0.0,
    "METEOR": 0.08176060118089105,
    "SPICE": 0.052631578947368425,
    "BLEU_4": 5.371507285148366e-13
  },
  "2": {
    "BLEU_1": 0.12499999999218755,
    "BLEU_2": 2.8867513457616934e-09,
    "ROUGE_L": 0.08026315789473684,
    "CIDEr": 0.0,
    "METEOR": 0.09855254919469963,
    "SPICE": 0.048780487804878044,
    "BLEU_4": 4.625799890027289e-13
  },
  "3": {
    "BLEU_1": 0.12499999999218755,
    "BLEU_2": 2.8867513457616934e-09,
    "ROUGE_L": 0.08026315789473684,
    "CIDEr": 0.0,
    "METEOR": 0.1350210970464135,
    "SPICE": 0.09756097560975609,
    "BLEU_4": 4.625799890027289e-13
  },
  "4": {
    "BLEU_1": 0.18749999998828132,
    "BLEU_2": 3.535533905704402e-09,
    "ROUGE_L": 0.08866279069767442,
    "CIDEr": 0.0,
    "METEOR": 0.13391910407355567,
    "SPICE": 0.10526315789473685,
    "BLEU_4": 5.119289102444937e-13
  },
  "5": {
    "BLEU_1": 0.11111111110493832,
    "BLEU_2": 2.556549962678361e-09,
    "ROUGE_L": 0.07530864197530865,
    "CIDEr": 0.0,
    "METEOR": 0.08295791210636767,
    "SPICE": 0.05,
    "BLEU_4": 4.0623218788768687e-13
  },
  "6": {
    "BLEU_1": 0.11111111110493832,
    "BLEU_2": 2.556549962678361e-09,
    "ROUGE_L": 0.07530864197530865,
    "CIDEr": 0.0,
    "METEOR": 0.08295791210636767,
    "SPICE": 0.05,
    "BLEU_4": 4.0623218788768687e-13
  },
  "7": {
    "BLEU_1": 0.11111111110493832,
    "BLEU_2": 2.556549962678361e-09,
    "ROUGE_L": 0.07530864197530865,
    "CIDEr": 0.0,
    "METEOR": 0.08295791210636767,
    "SPICE": 0.05,
    "BLEU_4": 4.0623218788768687e-13
  },
  "8": {
    "BLEU_1": 0.12499999999218755,
    "BLEU_2": 2.8867513457616934e-09,
    "ROUGE_L": 0.08026315789473684,
    "CIDEr": 0.0,
    "METEOR": 0.08432810620103116,
    "SPICE": 0.052631578947368425,
    "BLEU_4": 4.625799890027289e-13
  },
  "9": {
    "BLEU_1": 0.1333333333244445,
    "BLEU_2": 3.0860669990287532e-09,
    "ROUGE_L": 0.08299319727891155,
    "CIDEr": 0.0,
    "METEOR": 0.08602150537634408,
    "SPICE": 0.05,
    "BLEU_4": 4.970745472430083e-13
  }
}