{
  "0": {
    "BLEU_1": 0.3422780792409688,
    "BLEU_2": 5.928430235525634e-09,
    "ROUGE_L": 0.1462829736211031,
    "CIDEr": 0.0,
    "METEOR": 0.0875512995896033,
    "SPICE": 0.1111111111111111,
    "BLEU_4": 9.373671246326997e-13
  },
  "1": {
    "BLEU_1": 0.1861254449556944,
    "BLEU_2": 4.495356574788337e-09,
    "ROUGE_L": 0.10683012259194395,
    "CIDEr": 0.0,
    "METEOR": 0.028846715328467155,
    "SPICE": 0.0,
    "BLEU_4": 8.092104279933771e-13
  },
  "2": {
    "BLEU_1": 0.1947001957191763,
    "BLEU_2": 0.14717951373826968,
    "ROUGE_L": 0.13800904977375564,
    "CIDEr": 0.0,
    "METEOR": 0.05122462863510193,
    "SPICE": 0.05405405405405406,
    "BLEU_4": 4.574636153375811e-09
  },
  "3": {
    "BLEU_1": 0.1988531814701149,
    "BLEU_2": 4.716217300589896e-09,
    "ROUGE_L": 0.09822866344605477,
    "CIDEr": 0.0,
    "METEOR": 0.02860244626185134,
    "SPICE": 0.0,
    "BLEU_4": 8.0696947976792e-13
  },
  "4": {
    "BLEU_1": 0.1988531814701149,
    "BLEU_2": 0.14913988610155055,
    "ROUGE_L": 0.1342134213421342,
    "CIDEr": 0.0,
    "METEOR": 0.05061400392289542,
    "SPICE": 0.05405405405405406,
    "BLEU_4": 4.537922866408588e-09
  },
  "5": {
    "BLEU_1": 0.1988531814701149,
    "BLEU_2": 4.716217300589896e-09,
    "ROUGE_L": 0.09822866344605477,
    "CIDEr": 0.0,
    "METEOR": 0.0423841059602649,
    "SPICE": 0.05405405405405406,
    "BLEU_4": 8.0696947976792e-13
  },
  "6": {
    "BLEU_1": 0.1947001957191763,
    "BLEU_2": 0.14717951373826968,
    "ROUGE_L": 0.13800904977375564,
    "CIDEr": 0.0,
    "METEOR": 0.05122462863510193,
    "SPICE": 0.05405405405405406,
    "BLEU_4": 4.574636153375811e-09
  },
  "7": {
    "BLEU_1": 7.357588820485814e-17,
    "BLEU_2": 8.226034376343737e-17,
    "ROUGE_L": 0.0,
    "CIDEr": 0.0,
    "METEOR": 0.0,
    "SPICE": 0.0,
    "BLEU_4": 1.1115018921698456e-16
  },
  "8": {
    "BLEU_1": 8.556951981024217e-17,
    "BLEU_2": 9.373671246834737e-17,
    "ROUGE_L": 0.0,
    "CIDEr": 0.0,
    "METEOR": 0.03269754768392371,
    "SPICE": 0.0,
    "BLEU_4": 1.1786767583989272e-16
  },
  "9": {
    "BLEU_1": 9.735009785958812e-17,
    "BLEU_2": 1.0407163221606905e-16,
    "ROUGE_L": 0.0,
    "CIDEr": 0.0,
    "METEOR": 0.031914893617021274,
    "SPICE": 0.0,
    "BLEU_4": 1.2164634342257387e-16
  }
}