{
  "0": {
    "BLEU_1": 0.33333333330555565,
    "BLEU_2": 0.17407765594053212,
    "ROUGE_L": 0.2772727272727273,
    "CIDEr": 0.0,
    "METEOR": 0.14258795881263447,
    "SPICE": 0.18749999999999997,
    "BLEU_4": 4.283619507134575e-09
  },
  "1": {
    "BLEU_1": 0.24999999997916675,
    "BLEU_2": 4.767312945812628e-09,
    "ROUGE_L": 0.18484848484848485,
    "CIDEr": 0.0,
    "METEOR": 0.13946559475104395,
    "SPICE": 0.18181818181818182,
    "BLEU_4": 7.08885680157797e-13
  },
  "2": {
    "BLEU_1": 0.23076923075147937,
    "BLEU_2": 4.385290096183762e-09,
    "ROUGE_L": 0.1781021897810219,
    "CIDEr": 0.0,
    "METEOR": 0.13845497449922478,
    "SPICE": 0.17647058823529413,
    "BLEU_4": 6.466227686450042e-13
  },
  "3": {
    "BLEU_1": 0.24999999997916675,
    "BLEU_2": 4.767312945812628e-09,
    "ROUGE_L": 0.18484848484848485,
    "CIDEr": 0.0,
    "METEOR": 0.13946559475104395,
    "SPICE": 0.18181818181818182,
    "BLEU_4": 7.08885680157797e-13
  },
  "4": {
    "BLEU_1": 0.24999999997916675,
    "BLEU_2": 4.767312945812628e-09,
    "ROUGE_L": 0.18484848484848485,
    "CIDEr": 0.0,
    "METEOR": 0.13946559475104395,
    "SPICE": 0.18181818181818182,
    "BLEU_4": 7.08885680157797e-13
  },
  "5": {
    "BLEU_1": 0.23076923075147937,
    "BLEU_2": 4.385290096183762e-09,
    "ROUGE_L": 0.1781021897810219,
    "CIDEr": 0.0,
    "METEOR": 0.13845497449922478,
    "SPICE": 0.06666666666666667,
    "BLEU_4": 6.466227686450042e-13
  },
  "6": {
    "BLEU_1": 0.23076923075147937,
    "BLEU_2": 4.385290096183762e-09,
    "ROUGE_L": 0.1781021897810219,
    "CIDEr": 0.0,
    "METEOR": 0.13745889554599292,
    "SPICE": 0.18181818181818182,
    "BLEU_4": 6.466227686450042e-13
  },
  "7": {
    "BLEU_1": 0.2142857142704082,
    "BLEU_2": 4.059989714404599e-09,
    "ROUGE_L": 0.17183098591549298,
    "CIDEr": 0.0,
    "METEOR": 0.13845497449922478,
    "SPICE": 0.17647058823529413,
    "BLEU_4": 5.944549994012258e-13
  },
  "8": {
    "BLEU_1": 0.23529411763321803,
    "BLEU_2": 0.12126781251081024,
    "ROUGE_L": 0.2331210191082802,
    "CIDEr": 0.0,
    "METEOR": 0.12997813932580285,
    "SPICE": 0.16666666666666666,
    "BLEU_4": 2.8927969314267103e-09
  },
  "9": {
    "BLEU_1": 0.18749999998828132,
    "BLEU_2": 3.535533905704402e-09,
    "ROUGE_L": 0.16052631578947368,
    "CIDEr": 0.0,
    "METEOR": 0.13455483437248605,
    "SPICE": 0.16666666666666666,
    "BLEU_4": 5.119289102444937e-13
  }
}