{
  "0": {
    "BLEU_1": 0.7430381995735735,
    "BLEU_2": 1.0361172662727615e-08,
    "ROUGE_L": 0.3952483801295896,
    "CIDEr": 0.0,
    "METEOR": 0.2913165266106443,
    "SPICE": 0.375,
    "BLEU_4": 1.4171829609568173e-12
  },
  "1": {
    "BLEU_1": 0.4953587997157158,
    "BLEU_2": 0.2675243277994909,
    "ROUGE_L": 0.3952483801295896,
    "CIDEr": 0.0,
    "METEOR": 0.1569402690400213,
    "SPICE": 0.20689655172413793,
    "BLEU_4": 7.201170725888819e-09
  },
  "2": {
    "BLEU_1": 0.4999999998750002,
    "BLEU_2": 0.26726124184322303,
    "ROUGE_L": 0.4093959731543625,
    "CIDEr": 0.0,
    "METEOR": 0.23627128460222432,
    "SPICE": 0.33333333333333337,
    "BLEU_4": 6.985342054598842e-09
  },
  "3": {
    "BLEU_1": 0.27272727267768604,
    "BLEU_2": 0.1651445647381773,
    "ROUGE_L": 0.2727272727272727,
    "CIDEr": 0.0,
    "METEOR": 0.14243860146958812,
    "SPICE": 0.2222222222222222,
    "BLEU_4": 4.4116293584506874e-09
  },
  "4": {
    "BLEU_1": 0.1111111110864199,
    "BLEU_2": 3.726779961645599e-09,
    "ROUGE_L": 0.1189083820662768,
    "CIDEr": 0.0,
    "METEOR": 0.11849169910631331,
    "SPICE": 0.1764705882352941,
    "BLEU_4": 7.583235671536399e-13
  },
  "5": {
    "BLEU_1": 0.45454545446281003,
    "BLEU_2": 0.2132007163158777,
    "ROUGE_L": 0.36363636363636365,
    "CIDEr": 0.0,
    "METEOR": 0.14177215189873418,
    "SPICE": 0.11764705882352941,
    "BLEU_4": 5.012578714748261e-09
  },
  "6": {
    "BLEU_1": 0.4999999999000002,
    "BLEU_2": 0.33333333326481496,
    "ROUGE_L": 0.38485804416403785,
    "CIDEr": 0.0,
    "METEOR": 0.20334858178610937,
    "SPICE": 0.125,
    "BLEU_4": 3.753119267926982e-05
  },
  "7": {
    "BLEU_1": 0.4444444443456792,
    "BLEU_2": 0.23570226034150096,
    "ROUGE_L": 0.35672514619883033,
    "CIDEr": 0.0,
    "METEOR": 0.19801980198019803,
    "SPICE": 0.125,
    "BLEU_4": 6.030725358915047e-09
  },
  "8": {
    "BLEU_1": 0.5999999998800002,
    "BLEU_2": 0.2581988896940871,
    "ROUGE_L": 0.34014869888475835,
    "CIDEr": 0.0,
    "METEOR": 0.19991784654097042,
    "SPICE": 0.25,
    "BLEU_4": 5.873949093408464e-09
  },
  "9": {
    "BLEU_1": 0.4999999999166667,
    "BLEU_2": 0.3015113445263697,
    "ROUGE_L": 0.35672514619883033,
    "CIDEr": 0.0,
    "METEOR": 0.272137236143131,
    "SPICE": 0.21621621621621623,
    "BLEU_4": 5.63756031424638e-09
  }
}