{
  "0": {
    "BLEU_1": 0.22062422559099293,
    "BLEU_2": 5.273927726724911e-09,
    "ROUGE_L": 0.232824427480916,
    "CIDEr": 0.0,
    "METEOR": 0.11777565763834488,
    "SPICE": 0.0,
    "BLEU_4": 9.218141453123176e-13
  },
  "1": {
    "BLEU_1": 0.5999999999400001,
    "BLEU_2": 0.36514837163156744,
    "ROUGE_L": 0.42508710801393734,
    "CIDEr": 0.0,
    "METEOR": 0.21611789335714474,
    "SPICE": 0.19999999999999998,
    "BLEU_4": 3.9281465085347674e-05
  },
  "2": {
    "BLEU_1": 0.3333333332592594,
    "BLEU_2": 6.454972242199766e-09,
    "ROUGE_L": 0.3333333333333333,
    "CIDEr": 0.0,
    "METEOR": 0.13309810175696615,
    "SPICE": 0.0,
    "BLEU_4": 9.980099401403394e-13
  },
  "3": {
    "BLEU_1": 0.4999999999500001,
    "BLEU_2": 0.23570226037063632,
    "ROUGE_L": 0.42508710801393734,
    "CIDEr": 0.0,
    "METEOR": 0.18098832846713964,
    "SPICE": 0.1935483870967742,
    "BLEU_4": 5.612222323633712e-09
  },
  "4": {
    "BLEU_1": 0.3999999999600001,
    "BLEU_2": 6.666666665962964e-09,
    "ROUGE_L": 0.31881533101045295,
    "CIDEr": 0.0,
    "METEOR": 0.14907041708442276,
    "SPICE": 0.1142857142857143,
    "BLEU_4": 9.43859526710092e-13
  },
  "5": {
    "BLEU_1": 0.33093633838648934,
    "BLEU_2": 6.459215935396237e-09,
    "ROUGE_L": 0.232824427480916,
    "CIDEr": 0.0,
    "METEOR": 0.13843895458804703,
    "SPICE": 0.125,
    "BLEU_4": 1.0201550479411466e-12
  },
  "6": {
    "BLEU_1": 0.45454545446281003,
    "BLEU_2": 0.2132007163158777,
    "ROUGE_L": 0.3055091819699499,
    "CIDEr": 0.0,
    "METEOR": 0.12389380530973451,
    "SPICE": 0.1142857142857143,
    "BLEU_4": 5.012578714748261e-09
  },
  "7": {
    "BLEU_1": 0.4412484511819858,
    "BLEU_2": 0.2358572181075568,
    "ROUGE_L": 0.34923664122137404,
    "CIDEr": 0.0,
    "METEOR": 0.11136890951276102,
    "SPICE": 0.125,
    "BLEU_4": 6.164542726677392e-09
  },
  "8": {
    "BLEU_1": 0.4412484511819858,
    "BLEU_2": 0.2358572181075568,
    "ROUGE_L": 0.232824427480916,
    "CIDEr": 0.0,
    "METEOR": 0.09345794392523366,
    "SPICE": 0.0625,
    "BLEU_4": 6.164542726677392e-09
  },
  "9": {
    "BLEU_1": 0.27272727267768604,
    "BLEU_2": 5.222329677697684e-09,
    "ROUGE_L": 0.2036727879799666,
    "CIDEr": 0.0,
    "METEOR": 0.11552442322904645,
    "SPICE": 0.1142857142857143,
    "BLEU_4": 7.845109652856079e-13
  }
}