{
  "0": {
    "BLEU_1": 0.47768754022329724,
    "BLEU_2": 0.2616402412150957,
    "ROUGE_L": 0.33516483516483514,
    "CIDEr": 0.0,
    "METEOR": 0.2500888282839401,
    "SPICE": 0.45454545454545453,
    "BLEU_4": 7.356555998002494e-09
  },
  "1": {
    "BLEU_1": 0.3715190997867868,
    "BLEU_2": 7.326455450859374e-09,
    "ROUGE_L": 0.32049036777583184,
    "CIDEr": 0.0,
    "METEOR": 0.20460358056265987,
    "SPICE": 0.25,
    "BLEU_4": 1.1917040716272326e-12
  },
  "2": {
    "BLEU_1": 0.27272727267768604,
    "BLEU_2": 5.222329677697684e-09,
    "ROUGE_L": 0.2727272727272727,
    "CIDEr": 0.0,
    "METEOR": 0.19002375296912116,
    "SPICE": 0.21428571428571427,
    "BLEU_4": 7.845109652856079e-13
  },
  "3": {
    "BLEU_1": 0.24999999997916675,
    "BLEU_2": 4.767312945812628e-09,
    "ROUGE_L": 0.2629310344827586,
    "CIDEr": 0.0,
    "METEOR": 0.1834862385321101,
    "SPICE": 0.13333333333333333,
    "BLEU_4": 7.08885680157797e-13
  },
  "4": {
    "BLEU_1": 0.3715190997867868,
    "BLEU_2": 7.326455450859374e-09,
    "ROUGE_L": 0.32049036777583184,
    "CIDEr": 0.0,
    "METEOR": 0.22007486965637504,
    "SPICE": 0.25,
    "BLEU_4": 1.1917040716272326e-12
  },
  "5": {
    "BLEU_1": 0.27272727267768604,
    "BLEU_2": 0.1651445647381773,
    "ROUGE_L": 0.28818897637795277,
    "CIDEr": 0.0,
    "METEOR": 0.19322450951445522,
    "SPICE": 0.14814814814814814,
    "BLEU_4": 4.4116293584506874e-09
  },
  "6": {
    "BLEU_1": 0.3749999999062502,
    "BLEU_2": 0.23145502488320774,
    "ROUGE_L": 0.3267857142857143,
    "CIDEr": 0.0,
    "METEOR": 0.20893855095087172,
    "SPICE": 0.09090909090909091,
    "BLEU_4": 6.500593258499926e-09
  },
  "7": {
    "BLEU_1": 0.45454545446281003,
    "BLEU_2": 0.36927447286917897,
    "ROUGE_L": 0.433392539964476,
    "CIDEr": 0.0,
    "METEOR": 0.3301267317406889,
    "SPICE": 0.36363636363636365,
    "BLEU_4": 0.24808414996798095
  },
  "8": {
    "BLEU_1": 0.3999999999733334,
    "BLEU_2": 0.16903085093403225,
    "ROUGE_L": 0.3214756258234519,
    "CIDEr": 0.0,
    "METEOR": 0.23059866962305986,
    "SPICE": 0.26666666666666666,
    "BLEU_4": 3.6787632496533857e-09
  },
  "9": {
    "BLEU_1": 0.5999999998800002,
    "BLEU_2": 0.2581988896940871,
    "ROUGE_L": 0.38485804416403785,
    "CIDEr": 0.0,
    "METEOR": 0.2488038277511962,
    "SPICE": 0.3076923076923077,
    "BLEU_4": 5.873949093408464e-09
  }
}