{
  "0": {
    "BLEU_1": 0.24999999993750016,
    "BLEU_2": 5.976143045124577e-09,
    "ROUGE_L": 0.18263473053892215,
    "CIDEr": 0.0,
    "METEOR": 0.12253829321663019,
    "SPICE": 0.07407407407407407,
    "BLEU_4": 1.0445522727757714e-12
  },
  "1": {
    "BLEU_1": 0.16601831202113534,
    "BLEU_2": 3.893474535598386e-09,
    "ROUGE_L": 0.17256011315417258,
    "CIDEr": 0.0,
    "METEOR": 0.17442463711719558,
    "SPICE": 0.0,
    "BLEU_4": 6.472840222487366e-13
  },
  "2": {
    "BLEU_1": 0.1999999999800001,
    "BLEU_2": 4.714045207412725e-09,
    "ROUGE_L": 0.1788856304985337,
    "CIDEr": 0.0,
    "METEOR": 0.17750876626072162,
    "SPICE": 0.0,
    "BLEU_4": 7.93688092513584e-13
  },
  "3": {
    "BLEU_1": 0.24999999993750016,
    "BLEU_2": 5.976143045124577e-09,
    "ROUGE_L": 0.1930379746835443,
    "CIDEr": 0.0,
    "METEOR": 0.17165196917564113,
    "SPICE": 0.0,
    "BLEU_4": 1.0445522727757714e-12
  },
  "4": {
    "BLEU_1": 0.3333333332592594,
    "BLEU_2": 6.454972242199766e-09,
    "ROUGE_L": 0.1856925418569254,
    "CIDEr": 0.0,
    "METEOR": 0.1828987085560877,
    "SPICE": 0.0,
    "BLEU_4": 9.980099401403394e-13
  },
  "5": {
    "BLEU_1": 0.16666666665740745,
    "BLEU_2": 3.1311214552466808e-09,
    "ROUGE_L": 0.13832199546485258,
    "CIDEr": 0.0,
    "METEOR": 0.1717699601692267,
    "SPICE": 0.11428571428571428,
    "BLEU_4": 4.49569817535607e-13
  },
  "6": {
    "BLEU_1": 0.19999999998666673,
    "BLEU_2": 3.7796447298312975e-09,
    "ROUGE_L": 0.15117719950433703,
    "CIDEr": 0.0,
    "METEOR": 0.17974503170935657,
    "SPICE": 0.125,
    "BLEU_4": 5.501034141770605e-13
  },
  "7": {
    "BLEU_1": 0.24999999998437505,
    "BLEU_2": 4.0824829043749705e-09,
    "ROUGE_L": 0.21995192307692307,
    "CIDEr": 0.0,
    "METEOR": 0.19499165952490327,
    "SPICE": 0.12121212121212122,
    "BLEU_4": 5.501034141799257e-13
  },
  "8": {
    "BLEU_1": 0.2142857142704082,
    "BLEU_2": 4.059989714404599e-09,
    "ROUGE_L": 0.15601023017902813,
    "CIDEr": 0.0,
    "METEOR": 0.17342027260404475,
    "SPICE": 0.125,
    "BLEU_4": 5.944549994012258e-13
  },
  "9": {
    "BLEU_1": 0.2142857142704082,
    "BLEU_2": 4.059989714404599e-09,
    "ROUGE_L": 0.15601023017902813,
    "CIDEr": 0.0,
    "METEOR": 0.14645750250913314,
    "SPICE": 0.125,
    "BLEU_4": 5.944549994012258e-13
  }
}