{
  "0": {
    "BLEU_1": 4.5111761048796427e-17,
    "BLEU_2": 5.525039797935208e-17,
    "ROUGE_L": 0.0,
    "CIDEr": 0.0,
    "METEOR": 0.0,
    "SPICE": 0.0,
    "BLEU_4": 1.5377056965806874e-14
  },
  "1": {
    "BLEU_1": 0.07162619917923453,
    "BLEU_2": 2.615418999812674e-09,
    "ROUGE_L": 0.14386792452830188,
    "CIDEr": 0.0,
    "METEOR": 0.16501605363642557,
    "SPICE": 0.06451612903225806,
    "BLEU_4": 7.279123483791415e-13
  },
  "2": {
    "BLEU_1": 0.4043537730069712,
    "BLEU_2": 7.003612790685742e-09,
    "ROUGE_L": 0.33516483516483514,
    "CIDEr": 0.0,
    "METEOR": 0.20512889181354102,
    "SPICE": 0.125,
    "BLEU_4": 1.1073684133627694e-12
  },
  "3": {
    "BLEU_1": 0.5515605639774822,
    "BLEU_2": 0.3729230059054938,
    "ROUGE_L": 0.3070469798657718,
    "CIDEr": 0.0,
    "METEOR": 0.24276436500990267,
    "SPICE": 0.06666666666666667,
    "BLEU_4": 4.358989964947794e-05
  },
  "4": {
    "BLEU_1": 0.4999999999166667,
    "BLEU_2": 0.3692744728750537,
    "ROUGE_L": 0.43821839080459773,
    "CIDEr": 0.0,
    "METEOR": 0.23883483101116276,
    "SPICE": 0.17142857142857143,
    "BLEU_4": 3.50843969500832e-05
  },
  "5": {
    "BLEU_1": 0.636363636247934,
    "BLEU_2": 0.43693144867122347,
    "ROUGE_L": 0.45454545454545453,
    "CIDEr": 0.0,
    "METEOR": 0.2401211945534132,
    "SPICE": 0.17142857142857143,
    "BLEU_4": 4.035278636666363e-05
  },
  "6": {
    "BLEU_1": 0.636363636247934,
    "BLEU_2": 0.43693144867122347,
    "ROUGE_L": 0.45454545454545453,
    "CIDEr": 0.0,
    "METEOR": 0.2427359444033596,
    "SPICE": 0.17142857142857143,
    "BLEU_4": 4.035278636666363e-05
  },
  "7": {
    "BLEU_1": 0.545454545355372,
    "BLEU_2": 0.40451991740255755,
    "ROUGE_L": 0.36363636363636365,
    "CIDEr": 0.0,
    "METEOR": 0.19767141224946636,
    "SPICE": 0.11428571428571428,
    "BLEU_4": 3.882726776754759e-05
  },
  "8": {
    "BLEU_1": 0.6999999998600002,
    "BLEU_2": 0.48304589144035537,
    "ROUGE_L": 0.42508710801393734,
    "CIDEr": 0.0,
    "METEOR": 0.24406479081432694,
    "SPICE": 0.17647058823529413,
    "BLEU_4": 4.51801001705643e-05
  },
  "9": {
    "BLEU_1": 0.555555555432099,
    "BLEU_2": 0.37267799616455977,
    "ROUGE_L": 0.2946859903381642,
    "CIDEr": 0.0,
    "METEOR": 0.14311884539024,
    "SPICE": 0.12121212121212122,
    "BLEU_4": 4.264366796762506e-05
  }
}