{
  "0": {
    "BLEU_1": 6.295853423721496e-17,
    "BLEU_2": 7.710814191093513e-17,
    "ROUGE_L": 0.0,
    "CIDEr": 0.0,
    "METEOR": 0.0,
    "SPICE": 0.0,
    "BLEU_4": 2.1460411762736674e-14
  },
  "1": {
    "BLEU_1": 0.4953587997157158,
    "BLEU_2": 0.2675243277994909,
    "ROUGE_L": 0.20098846787479407,
    "CIDEr": 0.0,
    "METEOR": 0.17534035126511677,
    "SPICE": 0.13333333333333333,
    "BLEU_4": 7.201170725888819e-09
  },
  "2": {
    "BLEU_1": 0.4953587997157158,
    "BLEU_2": 0.4633657280094291,
    "ROUGE_L": 0.30148270181219106,
    "CIDEr": 0.0,
    "METEOR": 0.2894839513344336,
    "SPICE": 0.2,
    "BLEU_4": 5.329462626443543e-05
  },
  "3": {
    "BLEU_1": 0.4953587997157158,
    "BLEU_2": 0.4633657280094291,
    "ROUGE_L": 0.30148270181219106,
    "CIDEr": 0.0,
    "METEOR": 0.2894839513344336,
    "SPICE": 0.2,
    "BLEU_4": 5.329462626443543e-05
  },
  "4": {
    "BLEU_1": 0.4953587997157158,
    "BLEU_2": 0.4633657280094291,
    "ROUGE_L": 0.30148270181219106,
    "CIDEr": 0.0,
    "METEOR": 0.2894839513344336,
    "SPICE": 0.2,
    "BLEU_4": 5.329462626443543e-05
  },
  "5": {
    "BLEU_1": 0.4953587997157158,
    "BLEU_2": 0.4633657280094291,
    "ROUGE_L": 0.30148270181219106,
    "CIDEr": 0.0,
    "METEOR": 0.2894839513344336,
    "SPICE": 0.2,
    "BLEU_4": 5.329462626443543e-05
  },
  "6": {
    "BLEU_1": 0.4953587997157158,
    "BLEU_2": 0.4633657280094291,
    "ROUGE_L": 0.30148270181219106,
    "CIDEr": 0.0,
    "METEOR": 0.2894839513344336,
    "SPICE": 0.2,
    "BLEU_4": 5.329462626443543e-05
  },
  "7": {
    "BLEU_1": 0.4953587997157158,
    "BLEU_2": 0.4633657280094291,
    "ROUGE_L": 0.30148270181219106,
    "CIDEr": 0.0,
    "METEOR": 0.2894839513344336,
    "SPICE": 0.2,
    "BLEU_4": 5.329462626443543e-05
  },
  "8": {
    "BLEU_1": 0.4953587997157158,
    "BLEU_2": 0.4633657280094291,
    "ROUGE_L": 0.30148270181219106,
    "CIDEr": 0.0,
    "METEOR": 0.2894839513344336,
    "SPICE": 0.2,
    "BLEU_4": 5.329462626443543e-05
  },
  "9": {
    "BLEU_1": 0.4953587997157158,
    "BLEU_2": 0.4633657280094291,
    "ROUGE_L": 0.30148270181219106,
    "CIDEr": 0.0,
    "METEOR": 0.2894839513344336,
    "SPICE": 0.2,
    "BLEU_4": 5.329462626443543e-05
  }
}