{
  "0": {
    "BLEU_1": 0.08556951981024227,
    "BLEU_2": 2.964215117762818e-09,
    "ROUGE_L": 0.11960784313725491,
    "CIDEr": 0.0,
    "METEOR": 0.14207188160676534,
    "SPICE": 0.07407407407407408,
    "BLEU_4": 6.628186502891177e-13
  },
  "1": {
    "BLEU_1": 0.19999999996000015,
    "BLEU_2": 4.714045206941321e-09,
    "ROUGE_L": 0.1,
    "CIDEr": 0.0,
    "METEOR": 0.14791633932119083,
    "SPICE": 0.125,
    "BLEU_4": 7.936880924342154e-13
  },
  "2": {
    "BLEU_1": 0.27272727267768604,
    "BLEU_2": 5.222329677697684e-09,
    "ROUGE_L": 0.17256011315417258,
    "CIDEr": 0.0,
    "METEOR": 0.1469170653544078,
    "SPICE": 0.12121212121212122,
    "BLEU_4": 7.845109652856079e-13
  },
  "3": {
    "BLEU_1": 0.27272727267768604,
    "BLEU_2": 5.222329677697684e-09,
    "ROUGE_L": 0.17256011315417258,
    "CIDEr": 0.0,
    "METEOR": 0.1469170653544078,
    "SPICE": 0.12121212121212122,
    "BLEU_4": 7.845109652856079e-13
  },
  "4": {
    "BLEU_1": 0.27272727267768604,
    "BLEU_2": 5.222329677697684e-09,
    "ROUGE_L": 0.17256011315417258,
    "CIDEr": 0.0,
    "METEOR": 0.1469170653544078,
    "SPICE": 0.12121212121212122,
    "BLEU_4": 7.845109652856079e-13
  },
  "5": {
    "BLEU_1": 0.27272727267768604,
    "BLEU_2": 5.222329677697684e-09,
    "ROUGE_L": 0.17256011315417258,
    "CIDEr": 0.0,
    "METEOR": 0.1469170653544078,
    "SPICE": 0.12121212121212122,
    "BLEU_4": 7.845109652856079e-13
  },
  "6": {
    "BLEU_1": 0.27272727267768604,
    "BLEU_2": 5.222329677697684e-09,
    "ROUGE_L": 0.17256011315417258,
    "CIDEr": 0.0,
    "METEOR": 0.1469170653544078,
    "SPICE": 0.12121212121212122,
    "BLEU_4": 7.845109652856079e-13
  },
  "7": {
    "BLEU_1": 0.27272727267768604,
    "BLEU_2": 5.222329677697684e-09,
    "ROUGE_L": 0.17256011315417258,
    "CIDEr": 0.0,
    "METEOR": 0.1469170653544078,
    "SPICE": 0.12121212121212122,
    "BLEU_4": 7.845109652856079e-13
  },
  "8": {
    "BLEU_1": 0.27272727267768604,
    "BLEU_2": 5.222329677697684e-09,
    "ROUGE_L": 0.17256011315417258,
    "CIDEr": 0.0,
    "METEOR": 0.1469170653544078,
    "SPICE": 0.12121212121212122,
    "BLEU_4": 7.845109652856079e-13
  },
  "9": {
    "BLEU_1": 0.27272727267768604,
    "BLEU_2": 5.222329677697684e-09,
    "ROUGE_L": 0.17256011315417258,
    "CIDEr": 0.0,
    "METEOR": 0.1469170653544078,
    "SPICE": 0.12121212121212122,
    "BLEU_4": 7.845109652856079e-13
  }
}