{
  "0": {
    "BLEU_1": 0.36363636360330587,
    "BLEU_2": 0.19069251783091612,
    "ROUGE_L": 0.1921259842519685,
    "CIDEr": 0.0,
    "METEOR": 0.10549450549450551,
    "SPICE": 0.1935483870967742,
    "BLEU_4": 4.740604259372055e-09
  },
  "1": {
    "BLEU_1": 0.36363636360330587,
    "BLEU_2": 0.19069251783091612,
    "ROUGE_L": 0.1921259842519685,
    "CIDEr": 0.0,
    "METEOR": 0.13055276803242769,
    "SPICE": 0.13793103448275862,
    "BLEU_4": 4.740604259372055e-09
  },
  "2": {
    "BLEU_1": 0.6999999998600002,
    "BLEU_2": 0.3944053187922357,
    "ROUGE_L": 0.25487465181058494,
    "CIDEr": 0.0,
    "METEOR": 0.26715392281210815,
    "SPICE": 0.19999999999999998,
    "BLEU_4": 7.259795289559491e-09
  },
  "3": {
    "BLEU_1": 0.5555555554938273,
    "BLEU_2": 0.26352313831625473,
    "ROUGE_L": 0.20854700854700853,
    "CIDEr": 0.0,
    "METEOR": 0.12814645308924486,
    "SPICE": 0.06666666666666667,
    "BLEU_4": 6.376715692927575e-09
  },
  "4": {
    "BLEU_1": 0.5555555554938273,
    "BLEU_2": 8.333333332349538e-09,
    "ROUGE_L": 0.17604617604617603,
    "CIDEr": 0.0,
    "METEOR": 0.12814645308924486,
    "SPICE": 0.06666666666666667,
    "BLEU_4": 1.1339582220405185e-12
  },
  "5": {
    "BLEU_1": 0.10976232717490052,
    "BLEU_2": 3.8806842931124116e-09,
    "ROUGE_L": 0.10286677908937607,
    "CIDEr": 0.0,
    "METEOR": 0.057279236276849645,
    "SPICE": 0.0,
    "BLEU_4": 9.324552513250358e-13
  },
  "6": {
    "BLEU_1": 0.4444444443950618,
    "BLEU_2": 7.453559924119366e-09,
    "ROUGE_L": 0.10427350427350426,
    "CIDEr": 0.0,
    "METEOR": 0.07322654462242563,
    "SPICE": 0.0,
    "BLEU_4": 1.0724314734549807e-12
  },
  "7": {
    "BLEU_1": 0.10976232717490052,
    "BLEU_2": 3.8806842931124116e-09,
    "ROUGE_L": 0.10286677908937607,
    "CIDEr": 0.0,
    "METEOR": 0.057279236276849645,
    "SPICE": 0.0,
    "BLEU_4": 9.324552513250358e-13
  },
  "8": {
    "BLEU_1": 0.24767939985785795,
    "BLEU_2": 5.982025825945981e-09,
    "ROUGE_L": 0.11401869158878504,
    "CIDEr": 0.0,
    "METEOR": 0.05568445475638051,
    "SPICE": 0.06896551724137931,
    "BLEU_4": 1.0768261868323776e-12
  },
  "9": {
    "BLEU_1": 0.0919698602468758,
    "BLEU_2": 3.3582644710475053e-09,
    "ROUGE_L": 0.1073943661971831,
    "CIDEr": 0.0,
    "METEOR": 0.058536585365853655,
    "SPICE": 0.07692307692307693,
    "BLEU_4": 9.346579564396796e-13
  }
}