{
  "0": {
    "BLEU_1": 0.33093633838648934,
    "BLEU_2": 0.2042583425470713,
    "ROUGE_L": 0.26676384839650147,
    "CIDEr": 0.0,
    "METEOR": 0.16589638046560973,
    "SPICE": 0.05555555555555556,
    "BLEU_4": 5.736753415588487e-09
  },
  "1": {
    "BLEU_1": 0.1999999999800001,
    "BLEU_2": 4.714045207412725e-09,
    "ROUGE_L": 0.21254355400696867,
    "CIDEr": 0.0,
    "METEOR": 0.11622276029055689,
    "SPICE": 0.05263157894736841,
    "BLEU_4": 7.93688092513584e-13
  },
  "2": {
    "BLEU_1": 0.23076923073372793,
    "BLEU_2": 0.1386750490345283,
    "ROUGE_L": 0.22564734895191124,
    "CIDEr": 0.0,
    "METEOR": 0.15034359479695883,
    "SPICE": 0.047619047619047616,
    "BLEU_4": 3.636227045901134e-09
  },
  "3": {
    "BLEU_1": 0.23485326567401232,
    "BLEU_2": 3.835137768842849e-09,
    "ROUGE_L": 0.16850828729281767,
    "CIDEr": 0.0,
    "METEOR": 0.12814645308924486,
    "SPICE": 0.13333333333333333,
    "BLEU_4": 5.167743331466156e-13
  },
  "4": {
    "BLEU_1": 0.17613994925550927,
    "BLEU_2": 3.3213267348310796e-09,
    "ROUGE_L": 0.16850828729281767,
    "CIDEr": 0.0,
    "METEOR": 0.10835214446952596,
    "SPICE": 0.09523809523809523,
    "BLEU_4": 4.809127054854878e-13
  },
  "5": {
    "BLEU_1": 0.18181818178512404,
    "BLEU_2": 4.2640143263175525e-09,
    "ROUGE_L": 0.15661103979460847,
    "CIDEr": 0.0,
    "METEOR": 0.175609756097561,
    "SPICE": 0.2,
    "BLEU_4": 7.088856800859686e-13
  },
  "6": {
    "BLEU_1": 0.22222222217283966,
    "BLEU_2": 5.270462765739487e-09,
    "ROUGE_L": 0.2222222222222222,
    "CIDEr": 0.0,
    "METEOR": 0.12060301507537688,
    "SPICE": 0.0,
    "BLEU_4": 9.018037815333522e-13
  },
  "7": {
    "BLEU_1": 0.10735389898008273,
    "BLEU_2": 3.666833724565372e-09,
    "ROUGE_L": 0.12224448897795591,
    "CIDEr": 0.0,
    "METEOR": 0.06217616580310881,
    "SPICE": 0.058823529411764705,
    "BLEU_4": 7.849573143826273e-13
  },
  "8": {
    "BLEU_1": 0.3333333332592594,
    "BLEU_2": 0.20412414518515326,
    "ROUGE_L": 0.2573839662447257,
    "CIDEr": 0.0,
    "METEOR": 0.16202833014387272,
    "SPICE": 0.05405405405405406,
    "BLEU_4": 5.612222322916596e-09
  },
  "9": {
    "BLEU_1": 0.32206169694024794,
    "BLEU_2": 0.20084075455651398,
    "ROUGE_L": 0.3667334669338677,
    "CIDEr": 0.0,
    "METEOR": 0.16458667219877599,
    "SPICE": 0.06060606060606061,
    "BLEU_4": 5.809334106350273e-09
  }
}