{
  "0": {
    "BLEU_1": 0.33093633838648934,
    "BLEU_2": 6.459215935396237e-09,
    "ROUGE_L": 0.1930379746835443,
    "CIDEr": 0.0,
    "METEOR": 0.08492569002123143,
    "SPICE": 0.125,
    "BLEU_4": 1.0201550479411466e-12
  },
  "1": {
    "BLEU_1": 0.33333333327777787,
    "BLEU_2": 5.5048188246934825e-09,
    "ROUGE_L": 0.25,
    "CIDEr": 0.0,
    "METEOR": 0.10335917312661501,
    "SPICE": 0.10526315789473684,
    "BLEU_4": 7.617472369343701e-13
  },
  "2": {
    "BLEU_1": 0.33093633838648934,
    "BLEU_2": 6.459215935396237e-09,
    "ROUGE_L": 0.1930379746835443,
    "CIDEr": 0.0,
    "METEOR": 0.08492569002123143,
    "SPICE": 0.060606060606060615,
    "BLEU_4": 1.0201550479411466e-12
  },
  "3": {
    "BLEU_1": 0.23529411763321803,
    "BLEU_2": 3.834824944004226e-09,
    "ROUGE_L": 0.2847141190198366,
    "CIDEr": 0.0,
    "METEOR": 0.1265536723163842,
    "SPICE": 0.05,
    "BLEU_4": 5.144201220579896e-13
  },
  "4": {
    "BLEU_1": 0.2142857142704082,
    "BLEU_2": 4.059989714404599e-09,
    "ROUGE_L": 0.15601023017902813,
    "CIDEr": 0.0,
    "METEOR": 0.11974168860446385,
    "SPICE": 0.15789473684210525,
    "BLEU_4": 5.944549994012258e-13
  },
  "5": {
    "BLEU_1": 0.19999999998666673,
    "BLEU_2": 3.7796447298312975e-09,
    "ROUGE_L": 0.15117719950433703,
    "CIDEr": 0.0,
    "METEOR": 0.11722962520716741,
    "SPICE": 0.10256410256410257,
    "BLEU_4": 5.501034141770605e-13
  },
  "6": {
    "BLEU_1": 0.23076923073372793,
    "BLEU_2": 4.385290095846432e-09,
    "ROUGE_L": 0.16116248348745044,
    "CIDEr": 0.0,
    "METEOR": 0.12326350297518339,
    "SPICE": 0.15789473684210525,
    "BLEU_4": 6.466227685952641e-13
  },
  "7": {
    "BLEU_1": 0.19999999998666673,
    "BLEU_2": 3.7796447298312975e-09,
    "ROUGE_L": 0.15117719950433703,
    "CIDEr": 0.0,
    "METEOR": 0.11805518594806294,
    "SPICE": 0.15384615384615388,
    "BLEU_4": 5.501034141770605e-13
  },
  "8": {
    "BLEU_1": 0.2142857142704082,
    "BLEU_2": 4.059989714404599e-09,
    "ROUGE_L": 0.15601023017902813,
    "CIDEr": 0.0,
    "METEOR": 0.11889245677038963,
    "SPICE": 0.15,
    "BLEU_4": 5.944549994012258e-13
  },
  "9": {
    "BLEU_1": 0.2631578947229917,
    "BLEU_2": 3.823595564302531e-09,
    "ROUGE_L": 0.2290362953692115,
    "CIDEr": 0.0,
    "METEOR": 0.1081081081081081,
    "SPICE": 0.0975609756097561,
    "BLEU_4": 4.814971806817797e-13
  }
}