{
  "0": {
    "BLEU_1": 0.2897321389081416,
    "BLEU_2": 5.018307851661409e-09,
    "ROUGE_L": 0.31443298969072164,
    "CIDEr": 0.0,
    "METEOR": 0.17130620985010708,
    "SPICE": 0.26666666666666666,
    "BLEU_4": 7.934641405148429e-13
  },
  "1": {
    "BLEU_1": 0.18071652707503474,
    "BLEU_2": 3.6888606617552455e-09,
    "ROUGE_L": 0.3285457809694794,
    "CIDEr": 0.0,
    "METEOR": 0.12698412698412698,
    "SPICE": 0.07692307692307693,
    "BLEU_4": 6.734907319143846e-13
  },
  "2": {
    "BLEU_1": 0.18071652707503474,
    "BLEU_2": 3.6888606617552455e-09,
    "ROUGE_L": 0.3285457809694794,
    "CIDEr": 0.0,
    "METEOR": 0.12698412698412698,
    "SPICE": 0.07692307692307693,
    "BLEU_4": 6.734907319143846e-13
  },
  "3": {
    "BLEU_1": 0.18071652707503474,
    "BLEU_2": 3.6888606617552455e-09,
    "ROUGE_L": 0.3285457809694794,
    "CIDEr": 0.0,
    "METEOR": 0.12698412698412698,
    "SPICE": 0.07692307692307693,
    "BLEU_4": 6.734907319143846e-13
  },
  "4": {
    "BLEU_1": 0.18071652707503474,
    "BLEU_2": 3.6888606617552455e-09,
    "ROUGE_L": 0.3285457809694794,
    "CIDEr": 0.0,
    "METEOR": 0.12698412698412698,
    "SPICE": 0.07692307692307693,
    "BLEU_4": 6.734907319143846e-13
  },
  "5": {
    "BLEU_1": 0.18071652707503474,
    "BLEU_2": 3.6888606617552455e-09,
    "ROUGE_L": 0.3285457809694794,
    "CIDEr": 0.0,
    "METEOR": 0.12698412698412698,
    "SPICE": 0.07692307692307693,
    "BLEU_4": 6.734907319143846e-13
  },
  "6": {
    "BLEU_1": 0.18071652707503474,
    "BLEU_2": 3.6888606617552455e-09,
    "ROUGE_L": 0.3285457809694794,
    "CIDEr": 0.0,
    "METEOR": 0.12698412698412698,
    "SPICE": 0.07692307692307693,
    "BLEU_4": 6.734907319143846e-13
  },
  "7": {
    "BLEU_1": 0.18071652707503474,
    "BLEU_2": 3.6888606617552455e-09,
    "ROUGE_L": 0.3285457809694794,
    "CIDEr": 0.0,
    "METEOR": 0.12698412698412698,
    "SPICE": 0.07692307692307693,
    "BLEU_4": 6.734907319143846e-13
  },
  "8": {
    "BLEU_1": 0.18071652707503474,
    "BLEU_2": 3.6888606617552455e-09,
    "ROUGE_L": 0.3285457809694794,
    "CIDEr": 0.0,
    "METEOR": 0.12698412698412698,
    "SPICE": 0.07692307692307693,
    "BLEU_4": 6.734907319143846e-13
  },
  "9": {
    "BLEU_1": 0.18071652707503474,
    "BLEU_2": 3.6888606617552455e-09,
    "ROUGE_L": 0.3285457809694794,
    "CIDEr": 0.0,
    "METEOR": 0.12698412698412698,
    "SPICE": 0.07692307692307693,
    "BLEU_4": 6.734907319143846e-13
  }
}