{
  "0": {
    "BLEU_1": 0.4043537730069712,
    "BLEU_2": 0.31321108576120654,
    "ROUGE_L": 0.5147679324894514,
    "CIDEr": 0.0,
    "METEOR": 0.2372230127269145,
    "SPICE": 0.1935483870967742,
    "BLEU_4": 7.405418904734751e-09
  },
  "1": {
    "BLEU_1": 0.636363636247934,
    "BLEU_2": 0.35675303393985225,
    "ROUGE_L": 0.4073455759599332,
    "CIDEr": 0.0,
    "METEOR": 0.274914001914439,
    "SPICE": 0.1764705882352941,
    "BLEU_4": 6.48411507011597e-09
  },
  "2": {
    "BLEU_1": 0.545454545355372,
    "BLEU_2": 0.3302891294763544,
    "ROUGE_L": 0.36363636363636365,
    "CIDEr": 0.0,
    "METEOR": 0.22125170477607545,
    "SPICE": 0.0625,
    "BLEU_4": 6.2389860708842774e-09
  },
  "3": {
    "BLEU_1": 0.545454545355372,
    "BLEU_2": 0.3302891294763544,
    "ROUGE_L": 0.36363636363636365,
    "CIDEr": 0.0,
    "METEOR": 0.22125170477607545,
    "SPICE": 0.0625,
    "BLEU_4": 6.2389860708842774e-09
  },
  "4": {
    "BLEU_1": 0.545454545355372,
    "BLEU_2": 0.3302891294763544,
    "ROUGE_L": 0.36363636363636365,
    "CIDEr": 0.0,
    "METEOR": 0.22125170477607545,
    "SPICE": 0.0625,
    "BLEU_4": 6.2389860708842774e-09
  },
  "5": {
    "BLEU_1": 0.4999999999500001,
    "BLEU_2": 0.23570226037063632,
    "ROUGE_L": 0.37770897832817335,
    "CIDEr": 0.0,
    "METEOR": 0.20622024199644093,
    "SPICE": 0.0625,
    "BLEU_4": 5.612222323633712e-09
  },
  "6": {
    "BLEU_1": 0.4999999999500001,
    "BLEU_2": 0.23570226037063632,
    "ROUGE_L": 0.37770897832817335,
    "CIDEr": 0.0,
    "METEOR": 0.20622024199644093,
    "SPICE": 0.0625,
    "BLEU_4": 5.612222323633712e-09
  },
  "7": {
    "BLEU_1": 0.4999999999500001,
    "BLEU_2": 0.23570226037063632,
    "ROUGE_L": 0.37770897832817335,
    "CIDEr": 0.0,
    "METEOR": 0.20622024199644093,
    "SPICE": 0.0625,
    "BLEU_4": 5.612222323633712e-09
  },
  "8": {
    "BLEU_1": 0.4999999999500001,
    "BLEU_2": 0.23570226037063632,
    "ROUGE_L": 0.37770897832817335,
    "CIDEr": 0.0,
    "METEOR": 0.20622024199644093,
    "SPICE": 0.0625,
    "BLEU_4": 5.612222323633712e-09
  },
  "9": {
    "BLEU_1": 0.4999999999500001,
    "BLEU_2": 0.23570226037063632,
    "ROUGE_L": 0.37770897832817335,
    "CIDEr": 0.0,
    "METEOR": 0.20622024199644093,
    "SPICE": 0.0625,
    "BLEU_4": 5.612222323633712e-09
  }
}