{
  "0": {
    "BLEU_1": 0.636363636247934,
    "BLEU_2": 0.35675303393985225,
    "ROUGE_L": 0.3961038961038962,
    "CIDEr": 0.0,
    "METEOR": 0.20873660540152936,
    "SPICE": 0.1764705882352941,
    "BLEU_4": 3.646285861215728e-05
  },
  "1": {
    "BLEU_1": 0.571428571346939,
    "BLEU_2": 0.29649972662126894,
    "ROUGE_L": 0.40884718498659517,
    "CIDEr": 0.0,
    "METEOR": 0.26608974200661695,
    "SPICE": 0.17142857142857143,
    "BLEU_4": 5.080057942265637e-09
  },
  "2": {
    "BLEU_1": 0.4999999999583334,
    "BLEU_2": 0.21320071633703627,
    "ROUGE_L": 0.2629310344827586,
    "CIDEr": 0.0,
    "METEOR": 0.25193725321846544,
    "SPICE": 0.17142857142857143,
    "BLEU_4": 4.740604259421436e-09
  },
  "3": {
    "BLEU_1": 0.4374999999726563,
    "BLEU_2": 0.1707825127549637,
    "ROUGE_L": 0.3065326633165829,
    "CIDEr": 0.0,
    "METEOR": 0.24035393123140952,
    "SPICE": 0.15789473684210525,
    "BLEU_4": 3.5579828676919253e-09
  },
  "4": {
    "BLEU_1": 0.3749999999765626,
    "BLEU_2": 0.15811388299820756,
    "ROUGE_L": 0.3065326633165829,
    "CIDEr": 0.0,
    "METEOR": 0.23898048019580145,
    "SPICE": 0.15789473684210525,
    "BLEU_4": 3.4234749556315017e-09
  },
  "5": {
    "BLEU_1": 0.3157894736675901,
    "BLEU_2": 0.1324532356993396,
    "ROUGE_L": 0.2801377726750861,
    "CIDEr": 0.0,
    "METEOR": 0.2272912175775286,
    "SPICE": 0.14634146341463414,
    "BLEU_4": 2.833929617442683e-09
  },
  "6": {
    "BLEU_1": 0.33333333331481485,
    "BLEU_2": 0.14002800839479293,
    "ROUGE_L": 0.28841607565011823,
    "CIDEr": 0.0,
    "METEOR": 0.23105847532743237,
    "SPICE": 0.15,
    "BLEU_4": 3.006454568869563e-09
  },
  "7": {
    "BLEU_1": 0.33333333331481485,
    "BLEU_2": 0.14002800839479293,
    "ROUGE_L": 0.28841607565011823,
    "CIDEr": 0.0,
    "METEOR": 0.23105847532743237,
    "SPICE": 0.15,
    "BLEU_4": 3.006454568869563e-09
  },
  "8": {
    "BLEU_1": 0.33333333331481485,
    "BLEU_2": 0.14002800839479293,
    "ROUGE_L": 0.28841607565011823,
    "CIDEr": 0.0,
    "METEOR": 0.23105847532743237,
    "SPICE": 0.15,
    "BLEU_4": 3.006454568869563e-09
  },
  "9": {
    "BLEU_1": 0.33333333331481485,
    "BLEU_2": 0.14002800839479293,
    "ROUGE_L": 0.28841607565011823,
    "CIDEr": 0.0,
    "METEOR": 0.23105847532743237,
    "SPICE": 0.15,
    "BLEU_4": 3.006454568869563e-09
  }
}