{
  "0": {
    "BLEU_1": 0.23884377011164867,
    "BLEU_2": 5.85045365006396e-09,
    "ROUGE_L": 0.13926940639269406,
    "CIDEr": 0.0,
    "METEOR": 0.07901234567901234,
    "SPICE": 0.0625,
    "BLEU_4": 1.1000617045598687e-12
  },
  "1": {
    "BLEU_1": 0.3333333332962964,
    "BLEU_2": 6.454972242916984e-09,
    "ROUGE_L": 0.19645732689210954,
    "CIDEr": 0.0,
    "METEOR": 0.04863221884498481,
    "SPICE": 0.060606060606060615,
    "BLEU_4": 9.980099402512292e-13
  },
  "2": {
    "BLEU_1": 0.3999999999200002,
    "BLEU_2": 0.21081851063455723,
    "ROUGE_L": 0.22676579925650556,
    "CIDEr": 0.0,
    "METEOR": 0.18744136494166297,
    "SPICE": 0.05555555555555555,
    "BLEU_4": 5.307712169906119e-09
  },
  "3": {
    "BLEU_1": 0.4999999999583334,
    "BLEU_2": 0.30151134455149564,
    "ROUGE_L": 0.3112244897959184,
    "CIDEr": 0.0,
    "METEOR": 0.27018287885306186,
    "SPICE": 0.2222222222222222,
    "BLEU_4": 3.170233138218017e-05
  },
  "4": {
    "BLEU_1": 0.357142857117347,
    "BLEU_2": 0.2344036154518607,
    "ROUGE_L": 0.28683385579937304,
    "CIDEr": 0.0,
    "METEOR": 0.23534263171958114,
    "SPICE": 0.20512820512820515,
    "BLEU_4": 2.540028971314249e-05
  },
  "5": {
    "BLEU_1": 0.42857142854081637,
    "BLEU_2": 0.2567762954875012,
    "ROUGE_L": 0.28683385579937304,
    "CIDEr": 0.0,
    "METEOR": 0.24818426086460688,
    "SPICE": 0.20512820512820515,
    "BLEU_4": 2.6584835764514756e-05
  },
  "6": {
    "BLEU_1": 0.42857142854081637,
    "BLEU_2": 0.2567762954875012,
    "ROUGE_L": 0.28683385579937304,
    "CIDEr": 0.0,
    "METEOR": 0.24818426086460688,
    "SPICE": 0.20512820512820515,
    "BLEU_4": 2.6584835764514756e-05
  },
  "7": {
    "BLEU_1": 0.3124999999804688,
    "BLEU_2": 4.564354645581603e-09,
    "ROUGE_L": 0.17732558139534885,
    "CIDEr": 0.0,
    "METEOR": 0.16131933283894315,
    "SPICE": 0.14634146341463417,
    "BLEU_4": 5.816635420743959e-13
  },
  "8": {
    "BLEU_1": 0.45454545446281003,
    "BLEU_2": 0.30151134452157297,
    "ROUGE_L": 0.32504440497335696,
    "CIDEr": 0.0,
    "METEOR": 0.2514050852749082,
    "SPICE": 0.05405405405405406,
    "BLEU_4": 3.3521134184190736e-05
  },
  "9": {
    "BLEU_1": 0.26666666664888894,
    "BLEU_2": 0.13801311185894144,
    "ROUGE_L": 0.18401206636500753,
    "CIDEr": 0.0,
    "METEOR": 0.122479400518545,
    "SPICE": 0.1,
    "BLEU_4": 3.324137843193063e-09
  }
}