{
  "0": {
    "BLEU_1": 0.4971329536752872,
    "BLEU_2": 0.2358108650294949,
    "ROUGE_L": 0.31282051282051276,
    "CIDEr": 0.0,
    "METEOR": 0.192037676969407,
    "SPICE": 0.045454545454545456,
    "BLEU_4": 5.706135913544768e-09
  },
  "1": {
    "BLEU_1": 0.6923076922011837,
    "BLEU_2": 0.3396831101900312,
    "ROUGE_L": 0.3297297297297297,
    "CIDEr": 0.0,
    "METEOR": 0.20864049544730628,
    "SPICE": 0.21276595744680854,
    "BLEU_4": 5.691002879185305e-09
  },
  "2": {
    "BLEU_1": 0.6067166204510699,
    "BLEU_2": 0.37786259874033706,
    "ROUGE_L": 0.34923664122137404,
    "CIDEr": 0.0,
    "METEOR": 0.21716611471387406,
    "SPICE": 0.20833333333333334,
    "BLEU_4": 2.7957974304671074e-05
  },
  "3": {
    "BLEU_1": 0.7692307691124263,
    "BLEU_2": 0.43852900958464325,
    "ROUGE_L": 0.35260115606936415,
    "CIDEr": 0.0,
    "METEOR": 0.21886349924125542,
    "SPICE": 0.21276595744680854,
    "BLEU_4": 6.466227685952641e-09
  },
  "4": {
    "BLEU_1": 0.6666666666222223,
    "BLEU_2": 0.37796447298312974,
    "ROUGE_L": 0.4,
    "CIDEr": 0.0,
    "METEOR": 0.2143892880131548,
    "SPICE": 0.20408163265306126,
    "BLEU_4": 5.501034141770606e-09
  },
  "5": {
    "BLEU_1": 0.6666666666222223,
    "BLEU_2": 0.30860669990287537,
    "ROUGE_L": 0.3333333333333333,
    "CIDEr": 0.0,
    "METEOR": 0.21772752952201016,
    "SPICE": 0.20833333333333334,
    "BLEU_4": 4.970745472430083e-09
  },
  "6": {
    "BLEU_1": 0.6428571428112246,
    "BLEU_2": 0.22237479498183568,
    "ROUGE_L": 0.2939759036144578,
    "CIDEr": 0.0,
    "METEOR": 0.1975652173913044,
    "SPICE": 0.20833333333333334,
    "BLEU_4": 4.39945923101319e-09
  },
  "7": {
    "BLEU_1": 0.6153846152899412,
    "BLEU_2": 0.2264554067933542,
    "ROUGE_L": 0.2671532846715329,
    "CIDEr": 0.0,
    "METEOR": 0.1931828121560923,
    "SPICE": 0.20833333333333334,
    "BLEU_4": 4.646684392904647e-09
  },
  "8": {
    "BLEU_1": 0.4999999999166667,
    "BLEU_2": 0.21320071631926954,
    "ROUGE_L": 0.2772727272727273,
    "CIDEr": 0.0,
    "METEOR": 0.18264452972633818,
    "SPICE": 0.16666666666666669,
    "BLEU_4": 4.7406042590263856e-09
  },
  "9": {
    "BLEU_1": 0.5999999998800002,
    "BLEU_2": 0.2581988896940871,
    "ROUGE_L": 0.3,
    "CIDEr": 0.0,
    "METEOR": 0.1888010869081249,
    "SPICE": 0.17391304347826086,
    "BLEU_4": 5.873949093408464e-09
  }
}