{
  "0": {
    "BLEU_1": 0.12383969992892904,
    "BLEU_2": 4.229931026759462e-09,
    "ROUGE_L": 0.13174946004319654,
    "CIDEr": 0.0,
    "METEOR": 0.022792022792022793,
    "SPICE": 0.07692307692307691,
    "BLEU_4": 9.054992803586729e-13
  },
  "1": {
    "BLEU_1": 0.1111111110864199,
    "BLEU_2": 3.726779961645599e-09,
    "ROUGE_L": 0.1189083820662768,
    "CIDEr": 0.0,
    "METEOR": 0.0904884318766067,
    "SPICE": 0.07692307692307691,
    "BLEU_4": 7.583235671536399e-13
  },
  "2": {
    "BLEU_1": 0.12499999996875016,
    "BLEU_2": 4.225771272548414e-09,
    "ROUGE_L": 0.125,
    "CIDEr": 0.0,
    "METEOR": 0.09263157894736844,
    "SPICE": 0.07407407407407408,
    "BLEU_4": 8.783602617222665e-13
  },
  "3": {
    "BLEU_1": 0.29999999994000015,
    "BLEU_2": 5.773502690709485e-09,
    "ROUGE_L": 0.11338289962825278,
    "CIDEr": 0.0,
    "METEOR": 0.08844221105527639,
    "SPICE": 0.07142857142857144,
    "BLEU_4": 8.783602617783837e-13
  },
  "4": {
    "BLEU_1": 0.24767939985785795,
    "BLEU_2": 5.982025825945981e-09,
    "ROUGE_L": 0.13174946004319654,
    "CIDEr": 0.0,
    "METEOR": 0.09336870026525201,
    "SPICE": 0.07407407407407408,
    "BLEU_4": 1.0768261868323776e-12
  },
  "5": {
    "BLEU_1": 0.10976232717490052,
    "BLEU_2": 3.8806842931124116e-09,
    "ROUGE_L": 0.1476997578692494,
    "CIDEr": 0.0,
    "METEOR": 0.09643835616438357,
    "SPICE": 0.08000000000000002,
    "BLEU_4": 9.324552513250358e-13
  },
  "6": {
    "BLEU_1": 0.3333333332592594,
    "BLEU_2": 6.454972242199766e-09,
    "ROUGE_L": 0.1189083820662768,
    "CIDEr": 0.0,
    "METEOR": 0.0904884318766067,
    "SPICE": 0.06896551724137932,
    "BLEU_4": 9.980099401403394e-13
  },
  "7": {
    "BLEU_1": 0.3333333332592594,
    "BLEU_2": 6.454972242199766e-09,
    "ROUGE_L": 0.1189083820662768,
    "CIDEr": 0.0,
    "METEOR": 0.0904884318766067,
    "SPICE": 0.06896551724137932,
    "BLEU_4": 9.980099401403394e-13
  },
  "8": {
    "BLEU_1": 0.3333333332592594,
    "BLEU_2": 6.454972242199766e-09,
    "ROUGE_L": 0.1189083820662768,
    "CIDEr": 0.0,
    "METEOR": 0.0904884318766067,
    "SPICE": 0.06896551724137932,
    "BLEU_4": 9.980099401403394e-13
  },
  "9": {
    "BLEU_1": 0.3333333332592594,
    "BLEU_2": 6.454972242199766e-09,
    "ROUGE_L": 0.1189083820662768,
    "CIDEr": 0.0,
    "METEOR": 0.0904884318766067,
    "SPICE": 0.06896551724137932,
    "BLEU_4": 9.980099401403394e-13
  }
}