{
  "0": {
    "BLEU_1": 0.24767939985785795,
    "BLEU_2": 5.982025825945981e-09,
    "ROUGE_L": 0.20098846787479407,
    "CIDEr": 0.0,
    "METEOR": 0.13943355119825707,
    "SPICE": 0.17647058823529413,
    "BLEU_4": 1.0768261868323776e-12
  },
  "1": {
    "BLEU_1": 0.24999999993750016,
    "BLEU_2": 5.976143045124577e-09,
    "ROUGE_L": 0.232824427480916,
    "CIDEr": 0.0,
    "METEOR": 0.13238770685579196,
    "SPICE": 0.11111111111111112,
    "BLEU_4": 1.0445522727757714e-12
  },
  "2": {
    "BLEU_1": 0.1111111110864199,
    "BLEU_2": 3.726779961645599e-09,
    "ROUGE_L": 0.1111111111111111,
    "CIDEr": 0.0,
    "METEOR": 0.12444444444444445,
    "SPICE": 0.2777777777777778,
    "BLEU_4": 7.583235671536399e-13
  },
  "3": {
    "BLEU_1": 0.09999999999000012,
    "BLEU_2": 3.333333332981484e-09,
    "ROUGE_L": 0.10627177700348434,
    "CIDEr": 0.0,
    "METEOR": 0.12362030905077262,
    "SPICE": 0.3157894736842105,
    "BLEU_4": 6.674094718242315e-13
  },
  "4": {
    "BLEU_1": 0.1999999999733334,
    "BLEU_2": 3.779644729579321e-09,
    "ROUGE_L": 0.15117719950433703,
    "CIDEr": 0.0,
    "METEOR": 0.1219047619047619,
    "SPICE": 0.2553191489361702,
    "BLEU_4": 5.50103414140387e-13
  },
  "5": {
    "BLEU_1": 0.545454545355372,
    "BLEU_2": 0.3302891294763544,
    "ROUGE_L": 0.2993865030674847,
    "CIDEr": 0.0,
    "METEOR": 0.1781980086300904,
    "SPICE": 0.15789473684210525,
    "BLEU_4": 6.2389860708842774e-09
  },
  "6": {
    "BLEU_1": 0.3999999999600001,
    "BLEU_2": 0.21081851065563903,
    "ROUGE_L": 0.31881533101045295,
    "CIDEr": 0.0,
    "METEOR": 0.12127202607638009,
    "SPICE": 0.2631578947368421,
    "BLEU_4": 5.3077121704368895e-09
  },
  "7": {
    "BLEU_1": 0.46153846150295863,
    "BLEU_2": 0.1961161351224697,
    "ROUGE_L": 0.37596302003081655,
    "CIDEr": 0.0,
    "METEOR": 0.1716195302520716,
    "SPICE": 0.2857142857142857,
    "BLEU_4": 4.324227075083586e-09
  },
  "8": {
    "BLEU_1": 0.39902690553043463,
    "BLEU_2": 5.345876194893993e-09,
    "ROUGE_L": 0.271513353115727,
    "CIDEr": 0.0,
    "METEOR": 0.14126323018559617,
    "SPICE": 0.2380952380952381,
    "BLEU_4": 6.581963177294918e-13
  },
  "9": {
    "BLEU_1": 0.39902690553043463,
    "BLEU_2": 5.345876194893993e-09,
    "ROUGE_L": 0.271513353115727,
    "CIDEr": 0.0,
    "METEOR": 0.1426009501684143,
    "SPICE": 0.2380952380952381,
    "BLEU_4": 6.581963177294918e-13
  }
}