{
  "0": {
    "BLEU_1": 0.27272727270247943,
    "BLEU_2": 5.222329678172441e-09,
    "ROUGE_L": 0.14969325153374236,
    "CIDEr": 0.0,
    "METEOR": 0.19148936170212771,
    "SPICE": 0.10256410256410256,
    "BLEU_4": 7.84510965356927e-13
  },
  "1": {
    "BLEU_1": 0.33333333330555565,
    "BLEU_2": 5.504818825152218e-09,
    "ROUGE_L": 0.2074829931972789,
    "CIDEr": 0.0,
    "METEOR": 0.2094240837696335,
    "SPICE": 0.15,
    "BLEU_4": 7.61747236997849e-13
  },
  "2": {
    "BLEU_1": 0.22222222217283966,
    "BLEU_2": 5.270462765739487e-09,
    "ROUGE_L": 0.15947712418300655,
    "CIDEr": 0.0,
    "METEOR": 0.19534883720930235,
    "SPICE": 0.05555555555555555,
    "BLEU_4": 9.018037815333522e-13
  },
  "3": {
    "BLEU_1": 0.36363636360330587,
    "BLEU_2": 0.19069251783091612,
    "ROUGE_L": 0.22453987730061348,
    "CIDEr": 0.0,
    "METEOR": 0.19148936170212771,
    "SPICE": 0.1111111111111111,
    "BLEU_4": 4.740604259372055e-09
  },
  "4": {
    "BLEU_1": 0.36363636360330587,
    "BLEU_2": 0.19069251783091612,
    "ROUGE_L": 0.216696269982238,
    "CIDEr": 0.0,
    "METEOR": 0.15135135135135136,
    "SPICE": 0.10526315789473684,
    "BLEU_4": 4.740604259372055e-09
  },
  "5": {
    "BLEU_1": 0.3999999999600001,
    "BLEU_2": 6.666666665962964e-09,
    "ROUGE_L": 0.15443037974683543,
    "CIDEr": 0.0,
    "METEOR": 0.19618528610354224,
    "SPICE": 0.05555555555555555,
    "BLEU_4": 9.43859526710092e-13
  },
  "6": {
    "BLEU_1": 0.3325224212753622,
    "BLEU_2": 4.880094969288873e-09,
    "ROUGE_L": 0.19122257053291536,
    "CIDEr": 0.0,
    "METEOR": 0.20151133501259447,
    "SPICE": 0.04878048780487805,
    "BLEU_4": 6.288689276300982e-13
  },
  "7": {
    "BLEU_1": 0.3999999999600001,
    "BLEU_2": 6.666666665962964e-09,
    "ROUGE_L": 0.22676579925650556,
    "CIDEr": 0.0,
    "METEOR": 0.221606648199446,
    "SPICE": 0.05555555555555555,
    "BLEU_4": 9.43859526710092e-13
  },
  "8": {
    "BLEU_1": 0.33333333330555565,
    "BLEU_2": 5.504818825152218e-09,
    "ROUGE_L": 0.2074829931972789,
    "CIDEr": 0.0,
    "METEOR": 0.19565217391304351,
    "SPICE": 0.10256410256410256,
    "BLEU_4": 7.61747236997849e-13
  },
  "9": {
    "BLEU_1": 0.26381659047031797,
    "BLEU_2": 4.3416335114461455e-09,
    "ROUGE_L": 0.19902120717781402,
    "CIDEr": 0.0,
    "METEOR": 0.21563342318059298,
    "SPICE": 0.05128205128205128,
    "BLEU_4": 5.957597261493858e-13
  }
}