{
  "0": {
    "BLEU_1": 0.5454545454049587,
    "BLEU_2": 0.23354968322616365,
    "ROUGE_L": 0.2643553629469122,
    "CIDEr": 0.0,
    "METEOR": 0.16253698462074612,
    "SPICE": 0.16666666666666666,
    "BLEU_4": 5.246341022301387e-09
  },
  "1": {
    "BLEU_1": 0.6666666666111113,
    "BLEU_2": 7.784989440936993e-09,
    "ROUGE_L": 0.3388888888888889,
    "CIDEr": 0.0,
    "METEOR": 0.16197975253093364,
    "SPICE": 0.11764705882352941,
    "BLEU_4": 9.05875234071506e-13
  },
  "2": {
    "BLEU_1": 0.5833333332847223,
    "BLEU_2": 0.23028309321585674,
    "ROUGE_L": 0.3388888888888889,
    "CIDEr": 0.0,
    "METEOR": 0.14113020484004027,
    "SPICE": 0.16216216216216217,
    "BLEU_4": 4.926862020644611e-09
  },
  "3": {
    "BLEU_1": 0.49307260724963853,
    "BLEU_2": 0.2272952411601501,
    "ROUGE_L": 0.42620087336244544,
    "CIDEr": 0.0,
    "METEOR": 0.1911101679568027,
    "SPICE": 0.15384615384615383,
    "BLEU_4": 2.0390141821637472e-05
  },
  "4": {
    "BLEU_1": 0.5333333332977779,
    "BLEU_2": 0.19518001457623005,
    "ROUGE_L": 0.3342465753424658,
    "CIDEr": 0.0,
    "METEOR": 0.15416143317888337,
    "SPICE": 0.20512820512820512,
    "BLEU_4": 3.95308837437499e-09
  },
  "5": {
    "BLEU_1": 0.6428571428112246,
    "BLEU_2": 0.31448545099324837,
    "ROUGE_L": 0.39906542056074773,
    "CIDEr": 0.0,
    "METEOR": 0.21402776270031315,
    "SPICE": 0.1111111111111111,
    "BLEU_4": 5.231868219685284e-09
  },
  "6": {
    "BLEU_1": 0.3999999999200002,
    "BLEU_2": 6.666666665296299e-09,
    "ROUGE_L": 0.24864130434782605,
    "CIDEr": 0.0,
    "METEOR": 0.1278538812785388,
    "SPICE": 0.11764705882352941,
    "BLEU_4": 9.438595266157062e-13
  },
  "7": {
    "BLEU_1": 0.24653630362481926,
    "BLEU_2": 0.11364762058007506,
    "ROUGE_L": 0.1136999068033551,
    "CIDEr": 0.0,
    "METEOR": 0.1573835509111885,
    "SPICE": 0.19047619047619052,
    "BLEU_4": 2.5639245962503065e-09
  },
  "8": {
    "BLEU_1": 0.3894003914870275,
    "BLEU_2": 4.496408416942251e-09,
    "ROUGE_L": 0.2772727272727273,
    "CIDEr": 0.0,
    "METEOR": 0.19436008676789587,
    "SPICE": 0.15,
    "BLEU_4": 5.094812653916956e-13
  },
  "9": {
    "BLEU_1": 0.5714285713877553,
    "BLEU_2": 0.29649972664244745,
    "ROUGE_L": 0.34205607476635513,
    "CIDEr": 0.0,
    "METEOR": 0.17726424341522973,
    "SPICE": 0.20512820512820512,
    "BLEU_4": 5.080057942628497e-09
  }
}