{
  "0": {
    "BLEU_1": 0.1194218850558244,
    "BLEU_2": 4.136895448977816e-09,
    "ROUGE_L": 0.13926940639269406,
    "CIDEr": 0.0,
    "METEOR": 0.20618550143582923,
    "SPICE": 0.1935483870967742,
    "BLEU_4": 9.250379439222845e-13
  },
  "1": {
    "BLEU_1": 0.16666666665277785,
    "BLEU_2": 3.892494720468497e-09,
    "ROUGE_L": 0.19551282051282048,
    "CIDEr": 0.0,
    "METEOR": 0.16189248431638717,
    "SPICE": 0.1764705882352941,
    "BLEU_4": 6.40550520920913e-13
  },
  "2": {
    "BLEU_1": 0.12383969994662036,
    "BLEU_2": 2.873672255006085e-09,
    "ROUGE_L": 0.18100890207715134,
    "CIDEr": 0.0,
    "METEOR": 0.18017204189520267,
    "SPICE": 0.1764705882352941,
    "BLEU_4": 4.656440953509614e-13
  },
  "3": {
    "BLEU_1": 0.12383969994662036,
    "BLEU_2": 2.873672255006085e-09,
    "ROUGE_L": 0.18100890207715134,
    "CIDEr": 0.0,
    "METEOR": 0.18017204189520267,
    "SPICE": 0.1764705882352941,
    "BLEU_4": 4.656440953509614e-13
  },
  "4": {
    "BLEU_1": 0.12473426465425119,
    "BLEU_2": 2.8870372336744925e-09,
    "ROUGE_L": 0.17453505007153075,
    "CIDEr": 0.0,
    "METEOR": 0.15177510097776004,
    "SPICE": 0.2105263157894737,
    "BLEU_4": 4.65016710996262e-13
  },
  "5": {
    "BLEU_1": 0.06249999999218757,
    "BLEU_2": 2.0412414520599084e-09,
    "ROUGE_L": 0.08866279069767442,
    "CIDEr": 0.0,
    "METEOR": 0.1823604147001205,
    "SPICE": 0.14634146341463414,
    "BLEU_4": 3.889818544961862e-13
  },
  "6": {
    "BLEU_1": 0.16666666665277785,
    "BLEU_2": 3.892494720468497e-09,
    "ROUGE_L": 0.19551282051282048,
    "CIDEr": 0.0,
    "METEOR": 0.19879738713642703,
    "SPICE": 0.2222222222222222,
    "BLEU_4": 6.40550520920913e-13
  },
  "7": {
    "BLEU_1": 0.12499999998437505,
    "BLEU_2": 2.8867513455812713e-09,
    "ROUGE_L": 0.16850828729281767,
    "CIDEr": 0.0,
    "METEOR": 0.1791361070899672,
    "SPICE": 0.2,
    "BLEU_4": 4.625799889738177e-13
  },
  "8": {
    "BLEU_1": 0.12473426465425119,
    "BLEU_2": 2.8870372336744925e-09,
    "ROUGE_L": 0.17453505007153075,
    "CIDEr": 0.0,
    "METEOR": 0.1827509612689127,
    "SPICE": 0.20512820512820512,
    "BLEU_4": 4.65016710996262e-13
  },
  "9": {
    "BLEU_1": 6.191984997331017e-17,
    "BLEU_2": 6.425726507248715e-17,
    "ROUGE_L": 0.0,
    "CIDEr": 0.0,
    "METEOR": 0.10425204481578983,
    "SPICE": 0.10256410256410256,
    "BLEU_4": 6.96300330465918e-17
  }
}