{
  "0": {
    "BLEU_1": 0.10976232717490052,
    "BLEU_2": 3.8806842931124116e-09,
    "ROUGE_L": 0.1476997578692494,
    "CIDEr": 0.0,
    "METEOR": 0.06521739130434782,
    "SPICE": 0.0,
    "BLEU_4": 9.324552513250358e-13
  },
  "1": {
    "BLEU_1": 0.09999999999000012,
    "BLEU_2": 3.333333332981484e-09,
    "ROUGE_L": 0.11338289962825278,
    "CIDEr": 0.0,
    "METEOR": 0.06075949367088607,
    "SPICE": 0.06896551724137931,
    "BLEU_4": 6.674094718242315e-13
  },
  "2": {
    "BLEU_1": 0.08333333332638898,
    "BLEU_2": 2.7524094125761097e-09,
    "ROUGE_L": 0.10374149659863945,
    "CIDEr": 0.0,
    "METEOR": 0.13623963052132573,
    "SPICE": 0.0625,
    "BLEU_4": 5.386366368312954e-13
  },
  "3": {
    "BLEU_1": 0.22222222217283966,
    "BLEU_2": 5.270462765739487e-09,
    "ROUGE_L": 0.2378167641325536,
    "CIDEr": 0.0,
    "METEOR": 0.11836734693877551,
    "SPICE": 0.13333333333333333,
    "BLEU_4": 9.018037815333522e-13
  },
  "4": {
    "BLEU_1": 0.22222222217283966,
    "BLEU_2": 5.270462765739487e-09,
    "ROUGE_L": 0.2378167641325536,
    "CIDEr": 0.0,
    "METEOR": 0.10892018779342723,
    "SPICE": 0.13333333333333333,
    "BLEU_4": 9.018037815333522e-13
  },
  "5": {
    "BLEU_1": 0.24999999997916675,
    "BLEU_2": 4.767312945812628e-09,
    "ROUGE_L": 0.2074829931972789,
    "CIDEr": 0.0,
    "METEOR": 0.15749440715883667,
    "SPICE": 0.18181818181818182,
    "BLEU_4": 7.08885680157797e-13
  },
  "6": {
    "BLEU_1": 0.24999999997916675,
    "BLEU_2": 4.767312945812628e-09,
    "ROUGE_L": 0.2074829931972789,
    "CIDEr": 0.0,
    "METEOR": 0.15749440715883667,
    "SPICE": 0.18181818181818182,
    "BLEU_4": 7.08885680157797e-13
  },
  "7": {
    "BLEU_1": 0.24999999997916675,
    "BLEU_2": 4.767312945812628e-09,
    "ROUGE_L": 0.2074829931972789,
    "CIDEr": 0.0,
    "METEOR": 0.15749440715883667,
    "SPICE": 0.18181818181818182,
    "BLEU_4": 7.08885680157797e-13
  },
  "8": {
    "BLEU_1": 0.24999999997916675,
    "BLEU_2": 4.767312945812628e-09,
    "ROUGE_L": 0.2074829931972789,
    "CIDEr": 0.0,
    "METEOR": 0.15749440715883667,
    "SPICE": 0.18181818181818182,
    "BLEU_4": 7.08885680157797e-13
  },
  "9": {
    "BLEU_1": 0.24999999997916675,
    "BLEU_2": 4.767312945812628e-09,
    "ROUGE_L": 0.2074829931972789,
    "CIDEr": 0.0,
    "METEOR": 0.15749440715883667,
    "SPICE": 0.18181818181818182,
    "BLEU_4": 7.08885680157797e-13
  }
}