{
  "0": {
    "BLEU_1": 0.17794164505308155,
    "BLEU_2": 4.220256667207975e-09,
    "ROUGE_L": 0.1856925418569254,
    "CIDEr": 0.0,
    "METEOR": 0.12280744443228277,
    "SPICE": 0.06666666666666667,
    "BLEU_4": 7.22108017965573e-13
  },
  "1": {
    "BLEU_1": 0.35294117644982703,
    "BLEU_2": 0.14852213143749163,
    "ROUGE_L": 0.2847141190198366,
    "CIDEr": 0.0,
    "METEOR": 0.2325016187194605,
    "SPICE": 0.24390243902439024,
    "BLEU_4": 3.2014060613745118e-09
  },
  "2": {
    "BLEU_1": 0.388888888867284,
    "BLEU_2": 0.15124753548685535,
    "ROUGE_L": 0.27664399092970515,
    "CIDEr": 0.0,
    "METEOR": 0.2448223462700286,
    "SPICE": 0.24390243902439024,
    "BLEU_4": 3.124577800966808e-09
  },
  "3": {
    "BLEU_1": 0.38461538458579886,
    "BLEU_2": 0.17902871849551308,
    "ROUGE_L": 0.3223249669749009,
    "CIDEr": 0.0,
    "METEOR": 0.25067308791797543,
    "SPICE": 0.22857142857142854,
    "BLEU_4": 4.131551590743584e-09
  },
  "4": {
    "BLEU_1": 0.3999999999733334,
    "BLEU_2": 0.16903085093403225,
    "ROUGE_L": 0.30235439900867406,
    "CIDEr": 0.0,
    "METEOR": 0.25775816495748605,
    "SPICE": 0.2162162162162162,
    "BLEU_4": 3.6787632496533857e-09
  },
  "5": {
    "BLEU_1": 0.46153846150295863,
    "BLEU_2": 0.1961161351224697,
    "ROUGE_L": 0.3223249669749009,
    "CIDEr": 0.0,
    "METEOR": 0.26716921357662354,
    "SPICE": 0.22857142857142854,
    "BLEU_4": 4.324227075083586e-09
  },
  "6": {
    "BLEU_1": 0.46153846150295863,
    "BLEU_2": 0.1961161351224697,
    "ROUGE_L": 0.3223249669749009,
    "CIDEr": 0.0,
    "METEOR": 0.26716921357662354,
    "SPICE": 0.22857142857142854,
    "BLEU_4": 4.324227075083586e-09
  },
  "7": {
    "BLEU_1": 0.46153846150295863,
    "BLEU_2": 0.1961161351224697,
    "ROUGE_L": 0.3223249669749009,
    "CIDEr": 0.0,
    "METEOR": 0.26716921357662354,
    "SPICE": 0.22857142857142854,
    "BLEU_4": 4.324227075083586e-09
  },
  "8": {
    "BLEU_1": 0.46153846150295863,
    "BLEU_2": 0.1961161351224697,
    "ROUGE_L": 0.3223249669749009,
    "CIDEr": 0.0,
    "METEOR": 0.26716921357662354,
    "SPICE": 0.22857142857142854,
    "BLEU_4": 4.324227075083586e-09
  },
  "9": {
    "BLEU_1": 0.46153846150295863,
    "BLEU_2": 0.1961161351224697,
    "ROUGE_L": 0.3223249669749009,
    "CIDEr": 0.0,
    "METEOR": 0.26716921357662354,
    "SPICE": 0.22857142857142854,
    "BLEU_4": 4.324227075083586e-09
  }
}