{
  "0": {
    "BLEU_1": 0.4999999999000002,
    "BLEU_2": 0.33333333326481496,
    "ROUGE_L": 0.31881533101045295,
    "CIDEr": 0.0,
    "METEOR": 0.25421449571123333,
    "SPICE": 0.26086956521739135,
    "BLEU_4": 3.753119267926982e-05
  },
  "1": {
    "BLEU_1": 0.11111111109876555,
    "BLEU_2": 3.726779962059685e-09,
    "ROUGE_L": 0.10427350427350426,
    "CIDEr": 0.0,
    "METEOR": 0.15749357404346948,
    "SPICE": 0.08333333333333334,
    "BLEU_4": 7.583235672378979e-13
  },
  "2": {
    "BLEU_1": 0.18181818178512404,
    "BLEU_2": 4.2640143263175525e-09,
    "ROUGE_L": 0.1921259842519685,
    "CIDEr": 0.0,
    "METEOR": 0.10057253193049184,
    "SPICE": 0.0,
    "BLEU_4": 7.088856800859686e-13
  },
  "3": {
    "BLEU_1": 0.33333333330555565,
    "BLEU_2": 0.2461829819372178,
    "ROUGE_L": 0.2772727272727273,
    "CIDEr": 0.0,
    "METEOR": 0.1901855375815723,
    "SPICE": 0.15384615384615383,
    "BLEU_4": 5.094110795848885e-09
  },
  "4": {
    "BLEU_1": 0.45454545446281003,
    "BLEU_2": 0.2132007163158777,
    "ROUGE_L": 0.28818897637795277,
    "CIDEr": 0.0,
    "METEOR": 0.18526315789473685,
    "SPICE": 0.16,
    "BLEU_4": 5.012578714748261e-09
  },
  "5": {
    "BLEU_1": 0.5555555555246915,
    "BLEU_2": 0.4042260417041042,
    "ROUGE_L": 0.5271604938271606,
    "CIDEr": 0.0,
    "METEOR": 0.3557671121769529,
    "SPICE": 0.28571428571428575,
    "BLEU_4": 3.4159919055542935e-05
  },
  "6": {
    "BLEU_1": 0.5555555555246915,
    "BLEU_2": 0.4428074427447238,
    "ROUGE_L": 0.6024691358024692,
    "CIDEr": 0.0,
    "METEOR": 0.367438201555635,
    "SPICE": 0.20689655172413796,
    "BLEU_4": 3.956716729211521e-05
  },
  "7": {
    "BLEU_1": 0.5555555555246915,
    "BLEU_2": 0.4042260417041042,
    "ROUGE_L": 0.5271604938271606,
    "CIDEr": 0.0,
    "METEOR": 0.3525167147165688,
    "SPICE": 0.20689655172413796,
    "BLEU_4": 3.4159919055542935e-05
  },
  "8": {
    "BLEU_1": 0.5263157894459835,
    "BLEU_2": 0.4524139283343915,
    "ROUGE_L": 0.6574850299401198,
    "CIDEr": 0.0,
    "METEOR": 0.38276717059952287,
    "SPICE": 0.28571428571428575,
    "BLEU_4": 3.8761990532009995e-05
  },
  "9": {
    "BLEU_1": 0.4999999999772728,
    "BLEU_2": 0.377964472991638,
    "ROUGE_L": 0.6032967032967033,
    "CIDEr": 0.0,
    "METEOR": 0.3720952234638484,
    "SPICE": 0.26666666666666666,
    "BLEU_4": 3.258816484558873e-05
  }
}