{
  "0": {
    "BLEU_1": 0.4043537730069712,
    "BLEU_2": 7.003612790685742e-09,
    "ROUGE_L": 0.2573839662447257,
    "CIDEr": 0.0,
    "METEOR": 0.12933025404157047,
    "SPICE": 0.16666666666666666,
    "BLEU_4": 1.1073684133627694e-12
  },
  "1": {
    "BLEU_1": 0.3333333332592594,
    "BLEU_2": 6.454972242199766e-09,
    "ROUGE_L": 0.2222222222222222,
    "CIDEr": 0.0,
    "METEOR": 0.1529429190824078,
    "SPICE": 0.15384615384615385,
    "BLEU_4": 9.980099401403394e-13
  },
  "2": {
    "BLEU_1": 0.4412484511819858,
    "BLEU_2": 0.2358572181075568,
    "ROUGE_L": 0.232824427480916,
    "CIDEr": 0.0,
    "METEOR": 0.1897689098606375,
    "SPICE": 0.16,
    "BLEU_4": 6.164542726677392e-09
  },
  "3": {
    "BLEU_1": 0.4412484511819858,
    "BLEU_2": 0.2358572181075568,
    "ROUGE_L": 0.232824427480916,
    "CIDEr": 0.0,
    "METEOR": 0.1897689098606375,
    "SPICE": 0.16,
    "BLEU_4": 6.164542726677392e-09
  },
  "4": {
    "BLEU_1": 0.5515605639774822,
    "BLEU_2": 0.3729230059054938,
    "ROUGE_L": 0.3267857142857143,
    "CIDEr": 0.0,
    "METEOR": 0.22207000090074602,
    "SPICE": 0.16,
    "BLEU_4": 4.358989964947794e-05
  },
  "5": {
    "BLEU_1": 0.4412484511819858,
    "BLEU_2": 7.458460118109875e-09,
    "ROUGE_L": 0.232824427480916,
    "CIDEr": 0.0,
    "METEOR": 0.1978441826206646,
    "SPICE": 0.08,
    "BLEU_4": 1.0962279403155601e-12
  },
  "6": {
    "BLEU_1": 0.3333333332592594,
    "BLEU_2": 6.454972242199766e-09,
    "ROUGE_L": 0.2222222222222222,
    "CIDEr": 0.0,
    "METEOR": 0.17800494417265506,
    "SPICE": 0.08,
    "BLEU_4": 9.980099401403394e-13
  },
  "7": {
    "BLEU_1": 0.3999999999200002,
    "BLEU_2": 0.21081851063455723,
    "ROUGE_L": 0.21254355400696867,
    "CIDEr": 0.0,
    "METEOR": 0.1691527221630402,
    "SPICE": 0.08,
    "BLEU_4": 5.307712169906119e-09
  },
  "8": {
    "BLEU_1": 0.3999999999200002,
    "BLEU_2": 0.21081851063455723,
    "ROUGE_L": 0.21254355400696867,
    "CIDEr": 0.0,
    "METEOR": 0.1691527221630402,
    "SPICE": 0.08,
    "BLEU_4": 5.307712169906119e-09
  },
  "9": {
    "BLEU_1": 0.3999999999200002,
    "BLEU_2": 0.21081851063455723,
    "ROUGE_L": 0.21254355400696867,
    "CIDEr": 0.0,
    "METEOR": 0.15663609336174428,
    "SPICE": 0.08,
    "BLEU_4": 5.307712169906119e-09
  }
}