{
  "0": {
    "BLEU_1": 0.3594631711499922,
    "BLEU_2": 0.20094602151973237,
    "ROUGE_L": 0.35124760076775424,
    "CIDEr": 0.0,
    "METEOR": 0.21896338041568625,
    "SPICE": 0.20689655172413793,
    "BLEU_4": 6.071333655582594e-09
  },
  "1": {
    "BLEU_1": 0.4043537730069712,
    "BLEU_2": 7.003612790685742e-09,
    "ROUGE_L": 0.33516483516483514,
    "CIDEr": 0.0,
    "METEOR": 0.19753086419753085,
    "SPICE": 0.06666666666666667,
    "BLEU_4": 1.1073684133627694e-12
  },
  "2": {
    "BLEU_1": 0.3594631711499922,
    "BLEU_2": 0.20094602151973237,
    "ROUGE_L": 0.35124760076775424,
    "CIDEr": 0.0,
    "METEOR": 0.21896338041568625,
    "SPICE": 0.20689655172413793,
    "BLEU_4": 6.071333655582594e-09
  },
  "3": {
    "BLEU_1": 0.4043537730069712,
    "BLEU_2": 7.003612790685742e-09,
    "ROUGE_L": 0.33516483516483514,
    "CIDEr": 0.0,
    "METEOR": 0.19753086419753085,
    "SPICE": 0.06666666666666667,
    "BLEU_4": 1.1073684133627694e-12
  },
  "4": {
    "BLEU_1": 0.3594631711499922,
    "BLEU_2": 0.20094602151973237,
    "ROUGE_L": 0.35124760076775424,
    "CIDEr": 0.0,
    "METEOR": 0.21896338041568625,
    "SPICE": 0.20689655172413793,
    "BLEU_4": 6.071333655582594e-09
  },
  "5": {
    "BLEU_1": 0.4043537730069712,
    "BLEU_2": 7.003612790685742e-09,
    "ROUGE_L": 0.33516483516483514,
    "CIDEr": 0.0,
    "METEOR": 0.19753086419753085,
    "SPICE": 0.06666666666666667,
    "BLEU_4": 1.1073684133627694e-12
  },
  "6": {
    "BLEU_1": 0.3594631711499922,
    "BLEU_2": 0.20094602151973237,
    "ROUGE_L": 0.35124760076775424,
    "CIDEr": 0.0,
    "METEOR": 0.21896338041568625,
    "SPICE": 0.20689655172413793,
    "BLEU_4": 6.071333655582594e-09
  },
  "7": {
    "BLEU_1": 0.4043537730069712,
    "BLEU_2": 0.22147368268455053,
    "ROUGE_L": 0.33516483516483514,
    "CIDEr": 0.0,
    "METEOR": 0.2140975275175599,
    "SPICE": 0.13333333333333333,
    "BLEU_4": 6.227190210443543e-09
  },
  "8": {
    "BLEU_1": 0.2695973783624942,
    "BLEU_2": 0.17402435942550276,
    "ROUGE_L": 0.35124760076775424,
    "CIDEr": 0.0,
    "METEOR": 0.18181818181818182,
    "SPICE": 0.13793103448275862,
    "BLEU_4": 5.650012601115274e-09
  },
  "9": {
    "BLEU_1": 0.3594631711499922,
    "BLEU_2": 0.20094602151973237,
    "ROUGE_L": 0.37731958762886597,
    "CIDEr": 0.0,
    "METEOR": 0.19268777476580393,
    "SPICE": 0.20689655172413793,
    "BLEU_4": 6.071333655582594e-09
  }
}