{
  "0": {
    "BLEU_1": 0.33093633838648934,
    "BLEU_2": 6.459215935396237e-09,
    "ROUGE_L": 0.116412213740458,
    "CIDEr": 0.0,
    "METEOR": 0.13178414255958626,
    "SPICE": 0.19354838709677416,
    "BLEU_4": 1.0201550479411466e-12
  },
  "1": {
    "BLEU_1": 0.33093633838648934,
    "BLEU_2": 6.459215935396237e-09,
    "ROUGE_L": 0.116412213740458,
    "CIDEr": 0.0,
    "METEOR": 0.12967066483059855,
    "SPICE": 0.1875,
    "BLEU_4": 1.0201550479411466e-12
  },
  "2": {
    "BLEU_1": 0.30769230766863914,
    "BLEU_2": 5.063696835012589e-09,
    "ROUGE_L": 0.1781021897810219,
    "CIDEr": 0.0,
    "METEOR": 0.13339922868401813,
    "SPICE": 0.16666666666666666,
    "BLEU_4": 6.948413844184121e-13
  },
  "3": {
    "BLEU_1": 0.33333333330555565,
    "BLEU_2": 5.504818825152218e-09,
    "ROUGE_L": 0.18484848484848485,
    "CIDEr": 0.0,
    "METEOR": 0.13431084072513894,
    "SPICE": 0.17142857142857143,
    "BLEU_4": 7.61747236997849e-13
  },
  "4": {
    "BLEU_1": 0.28571428569387763,
    "BLEU_2": 4.688072309037213e-09,
    "ROUGE_L": 0.17183098591549298,
    "CIDEr": 0.0,
    "METEOR": 0.13073715981892683,
    "SPICE": 0.10810810810810811,
    "BLEU_4": 6.387834681787387e-13
  },
  "5": {
    "BLEU_1": 0.26666666664888894,
    "BLEU_2": 4.3643578044184995e-09,
    "ROUGE_L": 0.1659863945578231,
    "CIDEr": 0.0,
    "METEOR": 0.12652888214235192,
    "SPICE": 0.10526315789473685,
    "BLEU_4": 5.911245882681416e-13
  },
  "6": {
    "BLEU_1": 0.38461538458579886,
    "BLEU_2": 0.17902871849551308,
    "ROUGE_L": 0.1781021897810219,
    "CIDEr": 0.0,
    "METEOR": 0.1374801613309606,
    "SPICE": 0.1142857142857143,
    "BLEU_4": 4.131551590743584e-09
  },
  "7": {
    "BLEU_1": 0.4166666666319445,
    "BLEU_2": 0.19462473602342495,
    "ROUGE_L": 0.18484848484848485,
    "CIDEr": 0.0,
    "METEOR": 0.14002086246438697,
    "SPICE": 0.17647058823529413,
    "BLEU_4": 4.5293761703575315e-09
  },
  "8": {
    "BLEU_1": 0.33333333330555565,
    "BLEU_2": 0.17407765594053212,
    "ROUGE_L": 0.18484848484848485,
    "CIDEr": 0.0,
    "METEOR": 0.13189696258113526,
    "SPICE": 0.17647058823529413,
    "BLEU_4": 4.283619507134575e-09
  },
  "9": {
    "BLEU_1": 0.29999999994000015,
    "BLEU_2": 5.773502690709485e-09,
    "ROUGE_L": 0.2,
    "CIDEr": 0.0,
    "METEOR": 0.09501187648456058,
    "SPICE": 0.12121212121212122,
    "BLEU_4": 8.783602617783837e-13
  }
}