{
  "0": {
    "BLEU_1": 0.1111111110864199,
    "BLEU_2": 3.726779961645599e-09,
    "ROUGE_L": 0.08802308802308802,
    "CIDEr": 0.0,
    "METEOR": 0.05871559633027523,
    "SPICE": 0.0,
    "BLEU_4": 7.583235671536399e-13
  },
  "1": {
    "BLEU_1": 1.2383969992892892e-16,
    "BLEU_2": 1.3376216389974536e-16,
    "ROUGE_L": 0.0,
    "CIDEr": 0.0,
    "METEOR": 0.045028142589118206,
    "SPICE": 0.0,
    "BLEU_4": 1.61023072606689e-16
  },
  "2": {
    "BLEU_1": 0.09999999999000012,
    "BLEU_2": 3.333333332981484e-09,
    "ROUGE_L": 0.084958217270195,
    "CIDEr": 0.0,
    "METEOR": 0.04332129963898917,
    "SPICE": 0.0,
    "BLEU_4": 6.674094718242315e-13
  },
  "3": {
    "BLEU_1": 0.23076923073372793,
    "BLEU_2": 4.385290095846432e-09,
    "ROUGE_L": 0.08460471567267684,
    "CIDEr": 0.0,
    "METEOR": 0.11247803163444639,
    "SPICE": 0.05555555555555555,
    "BLEU_4": 6.466227685952641e-13
  },
  "4": {
    "BLEU_1": 0.18181818178512404,
    "BLEU_2": 4.2640143263175525e-09,
    "ROUGE_L": 0.08209959623149395,
    "CIDEr": 0.0,
    "METEOR": 0.11228534189503568,
    "SPICE": 0.05555555555555555,
    "BLEU_4": 7.088856800859686e-13
  },
  "5": {
    "BLEU_1": 0.16666666665277785,
    "BLEU_2": 3.892494720468497e-09,
    "ROUGE_L": 0.07942708333333334,
    "CIDEr": 0.0,
    "METEOR": 0.11168381327774085,
    "SPICE": 0.058823529411764705,
    "BLEU_4": 6.40550520920913e-13
  },
  "6": {
    "BLEU_1": 0.18181818178512404,
    "BLEU_2": 4.2640143263175525e-09,
    "ROUGE_L": 0.08209959623149395,
    "CIDEr": 0.0,
    "METEOR": 0.1135080497922593,
    "SPICE": 0.05555555555555555,
    "BLEU_4": 7.088856800859686e-13
  },
  "7": {
    "BLEU_1": 0.16666666665277785,
    "BLEU_2": 3.892494720468497e-09,
    "ROUGE_L": 0.07942708333333334,
    "CIDEr": 0.0,
    "METEOR": 0.11168381327774085,
    "SPICE": 0.058823529411764705,
    "BLEU_4": 6.40550520920913e-13
  },
  "8": {
    "BLEU_1": 0.18181818178512404,
    "BLEU_2": 4.2640143263175525e-09,
    "ROUGE_L": 0.08209959623149395,
    "CIDEr": 0.0,
    "METEOR": 0.11228534189503568,
    "SPICE": 0.05555555555555555,
    "BLEU_4": 7.088856800859686e-13
  },
  "9": {
    "BLEU_1": 0.16666666665277785,
    "BLEU_2": 3.892494720468497e-09,
    "ROUGE_L": 0.07942708333333334,
    "CIDEr": 0.0,
    "METEOR": 0.11168381327774085,
    "SPICE": 0.058823529411764705,
    "BLEU_4": 6.40550520920913e-13
  }
}