{
  "0": {
    "BLEU_1": 0.5833333332361111,
    "BLEU_2": 0.398862017540745,
    "ROUGE_L": 0.4166666666666667,
    "CIDEr": 0.0,
    "METEOR": 0.2822444452865455,
    "SPICE": 0.24,
    "BLEU_4": 3.646285861281333e-05
  },
  "1": {
    "BLEU_1": 0.4999999999285716,
    "BLEU_2": 0.39223227021925744,
    "ROUGE_L": 0.31202046035805625,
    "CIDEr": 0.0,
    "METEOR": 0.3038127230206134,
    "SPICE": 0.22222222222222224,
    "BLEU_4": 0.2197281387165561
  },
  "2": {
    "BLEU_1": 0.4999999999166667,
    "BLEU_2": 0.21320071631926954,
    "ROUGE_L": 0.25,
    "CIDEr": 0.0,
    "METEOR": 0.2201834862385321,
    "SPICE": 0.08695652173913045,
    "BLEU_4": 4.7406042590263856e-09
  },
  "3": {
    "BLEU_1": 0.32206169694024794,
    "BLEU_2": 6.3511423138542446e-09,
    "ROUGE_L": 0.24448897795591182,
    "CIDEr": 0.0,
    "METEOR": 0.17777777777777778,
    "SPICE": 0.0909090909090909,
    "BLEU_4": 1.0330619227359553e-12
  },
  "4": {
    "BLEU_1": 0.5999999999400001,
    "BLEU_2": 0.25819888971990695,
    "ROUGE_L": 0.2683284457478006,
    "CIDEr": 0.0,
    "METEOR": 0.24772846840990653,
    "SPICE": 0.30769230769230765,
    "BLEU_4": 5.873949093995857e-09
  },
  "5": {
    "BLEU_1": 0.33333333327777787,
    "BLEU_2": 0.24618298191670254,
    "ROUGE_L": 0.16666666666666666,
    "CIDEr": 0.0,
    "METEOR": 0.16765999790090694,
    "SPICE": 0.15384615384615383,
    "BLEU_4": 5.094110795424376e-09
  },
  "6": {
    "BLEU_1": 0.3124999999804688,
    "BLEU_2": 0.20412414521874855,
    "ROUGE_L": 0.21995192307692307,
    "CIDEr": 0.0,
    "METEOR": 0.1708136848296904,
    "SPICE": 0.07692307692307691,
    "BLEU_4": 3.889818545204975e-09
  },
  "7": {
    "BLEU_1": 0.29411764704152255,
    "BLEU_2": 0.1917412472002113,
    "ROUGE_L": 0.21353558926487748,
    "CIDEr": 0.0,
    "METEOR": 0.16780205114598426,
    "SPICE": 0.0625,
    "BLEU_4": 3.637499566860159e-09
  },
  "8": {
    "BLEU_1": 0.38461538458579886,
    "BLEU_2": 0.17902871849551308,
    "ROUGE_L": 0.22564734895191124,
    "CIDEr": 0.0,
    "METEOR": 0.21890311037002413,
    "SPICE": 0.24,
    "BLEU_4": 4.131551590743584e-09
  },
  "9": {
    "BLEU_1": 0.46153846150295863,
    "BLEU_2": 0.1961161351224697,
    "ROUGE_L": 0.2417437252311757,
    "CIDEr": 0.0,
    "METEOR": 0.2606334841628959,
    "SPICE": 0.14285714285714285,
    "BLEU_4": 4.324227075083586e-09
  }
}