{
  "0": {
    "BLEU_1": 1.2383969992892892e-16,
    "BLEU_2": 1.3376216389974536e-16,
    "ROUGE_L": 0.0,
    "CIDEr": 0.0,
    "METEOR": 0.047151277013752456,
    "SPICE": 0.0625,
    "BLEU_4": 1.61023072606689e-16
  },
  "1": {
    "BLEU_1": 0.09090909090082655,
    "BLEU_2": 3.015113445489832e-09,
    "ROUGE_L": 0.108348134991119,
    "CIDEr": 0.0,
    "METEOR": 0.0547945205479452,
    "SPICE": 0.0625,
    "BLEU_4": 5.960994272631735e-13
  },
  "2": {
    "BLEU_1": 0.3999999999200002,
    "BLEU_2": 0.21081851063455723,
    "ROUGE_L": 0.22676579925650556,
    "CIDEr": 0.0,
    "METEOR": 0.12997813932580285,
    "SPICE": 0.11764705882352941,
    "BLEU_4": 5.307712169906119e-09
  },
  "3": {
    "BLEU_1": 0.24999999993750016,
    "BLEU_2": 5.976143045124577e-09,
    "ROUGE_L": 0.125,
    "CIDEr": 0.0,
    "METEOR": 0.10256410256410259,
    "SPICE": 0.06451612903225806,
    "BLEU_4": 1.0445522727757714e-12
  },
  "4": {
    "BLEU_1": 0.19999999996000015,
    "BLEU_2": 4.714045206941321e-09,
    "ROUGE_L": 0.11338289962825278,
    "CIDEr": 0.0,
    "METEOR": 0.05594405594405594,
    "SPICE": 0.058823529411764705,
    "BLEU_4": 7.936880924342154e-13
  },
  "5": {
    "BLEU_1": 0.2300111036189957,
    "BLEU_2": 0.1387019142394321,
    "ROUGE_L": 0.2074829931972789,
    "CIDEr": 0.0,
    "METEOR": 0.13625911859593653,
    "SPICE": 0.11428571428571428,
    "BLEU_4": 3.667625609921808e-09
  },
  "6": {
    "BLEU_1": 0.27272727270247943,
    "BLEU_2": 5.222329678172441e-09,
    "ROUGE_L": 0.1641991924629879,
    "CIDEr": 0.0,
    "METEOR": 0.08130081300813008,
    "SPICE": 0.06060606060606061,
    "BLEU_4": 7.84510965356927e-13
  },
  "7": {
    "BLEU_1": 0.2142857142704082,
    "BLEU_2": 4.059989714404599e-09,
    "ROUGE_L": 0.1491442542787286,
    "CIDEr": 0.0,
    "METEOR": 0.11045364891518739,
    "SPICE": 0.06060606060606061,
    "BLEU_4": 5.944549994012258e-13
  },
  "8": {
    "BLEU_1": 0.29411764704152255,
    "BLEU_2": 0.13558153612843557,
    "ROUGE_L": 0.21353558926487748,
    "CIDEr": 0.0,
    "METEOR": 0.12789966346735146,
    "SPICE": 0.1111111111111111,
    "BLEU_4": 3.058760346259648e-09
  },
  "9": {
    "BLEU_1": 0.07667036787299863,
    "BLEU_2": 2.5323389066027985e-09,
    "ROUGE_L": 0.10374149659863945,
    "CIDEr": 0.0,
    "METEOR": 0.07984031936127745,
    "SPICE": 0.058823529411764705,
    "BLEU_4": 4.955696291900591e-13
  }
}