{
  "0": {
    "BLEU_1": 1.180916381262079e-16,
    "BLEU_2": 1.3636047811673833e-16,
    "ROUGE_L": 0.0,
    "CIDEr": 0.0,
    "METEOR": 0.0,
    "SPICE": 0.0,
    "BLEU_4": 2.1341568158302036e-16
  },
  "1": {
    "BLEU_1": 0.4285714284489797,
    "BLEU_2": 8.451542544769827e-09,
    "ROUGE_L": 0.24448897795591182,
    "CIDEr": 0.0,
    "METEOR": 0.1497326203208556,
    "SPICE": 0.19354838709677416,
    "BLEU_4": 1.3747081013031475e-12
  },
  "2": {
    "BLEU_1": 0.4999999999000002,
    "BLEU_2": 7.453559923467182e-09,
    "ROUGE_L": 0.21254355400696867,
    "CIDEr": 0.0,
    "METEOR": 0.2593516209476309,
    "SPICE": 0.23529411764705882,
    "BLEU_4": 9.98009940168062e-13
  },
  "3": {
    "BLEU_1": 0.3333333332592594,
    "BLEU_2": 6.454972242199766e-09,
    "ROUGE_L": 0.1111111111111111,
    "CIDEr": 0.0,
    "METEOR": 0.2170854271356784,
    "SPICE": 0.12121212121212122,
    "BLEU_4": 9.980099401403394e-13
  },
  "4": {
    "BLEU_1": 0.4285714284489797,
    "BLEU_2": 8.451542544769827e-09,
    "ROUGE_L": 0.2136602451838879,
    "CIDEr": 0.0,
    "METEOR": 0.22736842105263155,
    "SPICE": 0.12903225806451613,
    "BLEU_4": 1.3747081013031475e-12
  },
  "5": {
    "BLEU_1": 0.4232408623042269,
    "BLEU_2": 8.464817245943457e-09,
    "ROUGE_L": 0.2234432234432234,
    "CIDEr": 0.0,
    "METEOR": 0.1940700808625337,
    "SPICE": 0.06666666666666667,
    "BLEU_4": 1.438209902462387e-12
  },
  "6": {
    "BLEU_1": 0.5643211497389692,
    "BLEU_2": 0.30909142338413265,
    "ROUGE_L": 0.33516483516483514,
    "CIDEr": 0.0,
    "METEOR": 0.2191780821917808,
    "SPICE": 0.2,
    "BLEU_4": 8.690744031069469e-09
  },
  "7": {
    "BLEU_1": 0.3749999999062502,
    "BLEU_2": 0.23145502488320774,
    "ROUGE_L": 0.20469798657718125,
    "CIDEr": 0.0,
    "METEOR": 0.20565552699228792,
    "SPICE": 0.1875,
    "BLEU_4": 6.500593258499926e-09
  },
  "8": {
    "BLEU_1": 0.5643211497389692,
    "BLEU_2": 0.30909142338413265,
    "ROUGE_L": 0.33516483516483514,
    "CIDEr": 0.0,
    "METEOR": 0.2191780821917808,
    "SPICE": 0.2,
    "BLEU_4": 8.690744031069469e-09
  },
  "9": {
    "BLEU_1": 0.4444444443456792,
    "BLEU_2": 0.23570226034150096,
    "ROUGE_L": 0.2946859903381642,
    "CIDEr": 0.0,
    "METEOR": 0.20408163265306123,
    "SPICE": 0.18181818181818182,
    "BLEU_4": 6.030725358915047e-09
  }
}