{
  "0": {
    "BLEU_1": 0.5555555554938273,
    "BLEU_2": 8.333333332349538e-09,
    "ROUGE_L": 0.2378167641325536,
    "CIDEr": 0.0,
    "METEOR": 0.15238095238095237,
    "SPICE": 0.05405405405405405,
    "BLEU_4": 1.1339582220405185e-12
  },
  "1": {
    "BLEU_1": 0.4999999998750002,
    "BLEU_2": 8.451542545096823e-09,
    "ROUGE_L": 0.25,
    "CIDEr": 0.0,
    "METEOR": 0.1342925659472422,
    "SPICE": 0.05555555555555555,
    "BLEU_4": 1.2421889947772103e-12
  },
  "2": {
    "BLEU_1": 0.3715190997867868,
    "BLEU_2": 7.326455450859374e-09,
    "ROUGE_L": 0.2634989200863931,
    "CIDEr": 0.0,
    "METEOR": 0.12763864374598954,
    "SPICE": 0.1142857142857143,
    "BLEU_4": 1.1917040716272326e-12
  },
  "3": {
    "BLEU_1": 0.4953587997157158,
    "BLEU_2": 8.459862053518921e-09,
    "ROUGE_L": 0.2634989200863931,
    "CIDEr": 0.0,
    "METEOR": 0.1372549019607843,
    "SPICE": 0.05714285714285715,
    "BLEU_4": 1.2805693630023128e-12
  },
  "4": {
    "BLEU_1": 0.47768754022329724,
    "BLEU_2": 8.273790897955628e-09,
    "ROUGE_L": 0.2785388127853881,
    "CIDEr": 0.0,
    "METEOR": 0.14035087719298242,
    "SPICE": 0.1142857142857143,
    "BLEU_4": 1.3082012060046169e-12
  },
  "5": {
    "BLEU_1": 0.4953587997157158,
    "BLEU_2": 8.459862053518921e-09,
    "ROUGE_L": 0.2634989200863931,
    "CIDEr": 0.0,
    "METEOR": 0.1372549019607843,
    "SPICE": 0.05714285714285715,
    "BLEU_4": 1.2805693630023128e-12
  },
  "6": {
    "BLEU_1": 0.4444444443950618,
    "BLEU_2": 7.453559924119366e-09,
    "ROUGE_L": 0.35672514619883033,
    "CIDEr": 0.0,
    "METEOR": 0.1333333333333333,
    "SPICE": 0.1111111111111111,
    "BLEU_4": 1.0724314734549807e-12
  },
  "7": {
    "BLEU_1": 0.4999999998750002,
    "BLEU_2": 0.26726124184322303,
    "ROUGE_L": 0.25,
    "CIDEr": 0.0,
    "METEOR": 0.18399893611588702,
    "SPICE": 0.16666666666666663,
    "BLEU_4": 6.985342054598842e-09
  },
  "8": {
    "BLEU_1": 0.4953587997157158,
    "BLEU_2": 0.2675243277994909,
    "ROUGE_L": 0.2634989200863931,
    "CIDEr": 0.0,
    "METEOR": 0.18849891009698208,
    "SPICE": 0.17647058823529413,
    "BLEU_4": 7.201170725888819e-09
  },
  "9": {
    "BLEU_1": 0.4953587997157158,
    "BLEU_2": 0.2675243277994909,
    "ROUGE_L": 0.2634989200863931,
    "CIDEr": 0.0,
    "METEOR": 0.18849891009698208,
    "SPICE": 0.17647058823529413,
    "BLEU_4": 7.201170725888819e-09
  }
}