{
  "0": {
    "BLEU_1": 0.7142857140816329,
    "BLEU_2": 1.0910894508552332e-08,
    "ROUGE_L": 0.32049036777583184,
    "CIDEr": 0.0,
    "METEOR": 0.22506393861892585,
    "SPICE": 0.11764705882352941,
    "BLEU_4": 1.5619699679404013e-12
  },
  "1": {
    "BLEU_1": 0.4999999999375001,
    "BLEU_2": 0.26726124187663064,
    "ROUGE_L": 0.28955696202531644,
    "CIDEr": 0.0,
    "METEOR": 0.17920611872646092,
    "SPICE": 0.06060606060606061,
    "BLEU_4": 6.985342055472008e-09
  },
  "2": {
    "BLEU_1": 0.4999999999000002,
    "BLEU_2": 0.23570226034706615,
    "ROUGE_L": 0.2683284457478006,
    "CIDEr": 0.0,
    "METEOR": 0.22578677052539664,
    "SPICE": 0.1142857142857143,
    "BLEU_4": 5.612222323072491e-09
  },
  "3": {
    "BLEU_1": 0.555555555432099,
    "BLEU_2": 0.26352313828697443,
    "ROUGE_L": 0.2785388127853881,
    "CIDEr": 0.0,
    "METEOR": 0.187049685359812,
    "SPICE": 0.1142857142857143,
    "BLEU_4": 6.376715692219053e-09
  },
  "4": {
    "BLEU_1": 0.555555555432099,
    "BLEU_2": 0.37267799616455977,
    "ROUGE_L": 0.3713850837138508,
    "CIDEr": 0.0,
    "METEOR": 0.18499042276869485,
    "SPICE": 0.16666666666666666,
    "BLEU_4": 7.583235671536399e-09
  },
  "5": {
    "BLEU_1": 0.6249999999218752,
    "BLEU_2": 0.2988071522935798,
    "ROUGE_L": 0.3860759493670886,
    "CIDEr": 0.0,
    "METEOR": 0.23336916207289132,
    "SPICE": 0.18181818181818182,
    "BLEU_4": 7.386099954758944e-09
  },
  "6": {
    "BLEU_1": 0.4999999999000002,
    "BLEU_2": 0.23570226034706615,
    "ROUGE_L": 0.3577712609970674,
    "CIDEr": 0.0,
    "METEOR": 0.28447825997431736,
    "SPICE": 0.2285714285714286,
    "BLEU_4": 5.612222323072491e-09
  },
  "7": {
    "BLEU_1": 0.29999999994000015,
    "BLEU_2": 5.773502690709485e-09,
    "ROUGE_L": 0.18885448916408668,
    "CIDEr": 0.0,
    "METEOR": 0.1339712918660287,
    "SPICE": 0.0,
    "BLEU_4": 8.783602617783837e-13
  },
  "8": {
    "BLEU_1": 0.5454545454049587,
    "BLEU_2": 0.3302891295063807,
    "ROUGE_L": 0.34512022630834516,
    "CIDEr": 0.0,
    "METEOR": 0.26800061986662854,
    "SPICE": 0.1142857142857143,
    "BLEU_4": 6.238986071451458e-09
  },
  "9": {
    "BLEU_1": 0.4999999999166667,
    "BLEU_2": 0.3015113445263697,
    "ROUGE_L": 0.3333333333333333,
    "CIDEr": 0.0,
    "METEOR": 0.2637391259111521,
    "SPICE": 0.1142857142857143,
    "BLEU_4": 5.63756031424638e-09
  }
}