{
  "0": {
    "BLEU_1": 0.5555555554938273,
    "BLEU_2": 0.37267799620596836,
    "ROUGE_L": 0.2785388127853881,
    "CIDEr": 0.0,
    "METEOR": 0.18050089987675516,
    "SPICE": 0.16216216216216217,
    "BLEU_4": 7.583235672378978e-09
  },
  "1": {
    "BLEU_1": 0.4999999999500001,
    "BLEU_2": 0.23570226037063632,
    "ROUGE_L": 0.2953995157384988,
    "CIDEr": 0.0,
    "METEOR": 0.20577427821522312,
    "SPICE": 0.15789473684210528,
    "BLEU_4": 5.612222323633712e-09
  },
  "2": {
    "BLEU_1": 0.5555555554938273,
    "BLEU_2": 0.26352313831625473,
    "ROUGE_L": 0.3046192259675406,
    "CIDEr": 0.0,
    "METEOR": 0.210752688172043,
    "SPICE": 0.16216216216216217,
    "BLEU_4": 6.376715692927575e-09
  },
  "3": {
    "BLEU_1": 0.4444444443950618,
    "BLEU_2": 0.23570226036769004,
    "ROUGE_L": 0.20962199312714777,
    "CIDEr": 0.0,
    "METEOR": 0.15178905670829193,
    "SPICE": 0.16216216216216217,
    "BLEU_4": 6.030725359585126e-09
  },
  "4": {
    "BLEU_1": 0.4444444443950618,
    "BLEU_2": 0.23570226036769004,
    "ROUGE_L": 0.20962199312714777,
    "CIDEr": 0.0,
    "METEOR": 0.15178905670829193,
    "SPICE": 0.16216216216216217,
    "BLEU_4": 6.030725359585126e-09
  },
  "5": {
    "BLEU_1": 9.118819637307602e-19,
    "BLEU_2": 2.883623964058067e-14,
    "ROUGE_L": 0.0,
    "CIDEr": 0.0,
    "METEOR": 0.0498960498960499,
    "SPICE": 0.0,
    "BLEU_4": 5.127889122861252e-12
  },
  "6": {
    "BLEU_1": 0.4953587997157158,
    "BLEU_2": 0.2675243277994909,
    "ROUGE_L": 0.1897356143079316,
    "CIDEr": 0.0,
    "METEOR": 0.1424668233155692,
    "SPICE": 0.17142857142857143,
    "BLEU_4": 7.201170725888819e-09
  },
  "7": {
    "BLEU_1": 0.6249999998437503,
    "BLEU_2": 0.29880715225622895,
    "ROUGE_L": 0.1930379746835443,
    "CIDEr": 0.0,
    "METEOR": 0.13960476659717608,
    "SPICE": 0.16666666666666669,
    "BLEU_4": 7.386099953835683e-09
  },
  "8": {
    "BLEU_1": 9.118819637307602e-19,
    "BLEU_2": 2.883623964058067e-14,
    "ROUGE_L": 0.0,
    "CIDEr": 0.0,
    "METEOR": 0.0498960498960499,
    "SPICE": 0.0,
    "BLEU_4": 5.127889122861252e-12
  },
  "9": {
    "BLEU_1": 0.4953587997157158,
    "BLEU_2": 0.2675243277994909,
    "ROUGE_L": 0.1897356143079316,
    "CIDEr": 0.0,
    "METEOR": 0.1424668233155692,
    "SPICE": 0.17142857142857143,
    "BLEU_4": 7.201170725888819e-09
  }
}