{
  "0": {
    "BLEU_1": 0.20217688650348561,
    "BLEU_2": 4.952302097098729e-09,
    "ROUGE_L": 0.12869198312236285,
    "CIDEr": 0.0,
    "METEOR": 0.1603644646924829,
    "SPICE": 0.1111111111111111,
    "BLEU_4": 9.311821291619466e-13
  },
  "1": {
    "BLEU_1": 0.3333333332592594,
    "BLEU_2": 6.454972242199766e-09,
    "ROUGE_L": 0.15947712418300655,
    "CIDEr": 0.0,
    "METEOR": 0.1201716738197425,
    "SPICE": 0.15384615384615383,
    "BLEU_4": 9.980099401403394e-13
  },
  "2": {
    "BLEU_1": 0.24999999997916675,
    "BLEU_2": 4.767312945812628e-09,
    "ROUGE_L": 0.17528735632183906,
    "CIDEr": 0.0,
    "METEOR": 0.162993762993763,
    "SPICE": 0.0975609756097561,
    "BLEU_4": 7.08885680157797e-13
  },
  "3": {
    "BLEU_1": 0.21470779796016531,
    "BLEU_2": 5.1856859842473975e-09,
    "ROUGE_L": 0.17062937062937064,
    "CIDEr": 0.0,
    "METEOR": 0.10810834881888845,
    "SPICE": 0.16216216216216217,
    "BLEU_4": 9.334768232372482e-13
  },
  "4": {
    "BLEU_1": 0.27272727267768604,
    "BLEU_2": 5.222329677697684e-09,
    "ROUGE_L": 0.14969325153374236,
    "CIDEr": 0.0,
    "METEOR": 0.12898340252905924,
    "SPICE": 0.10526315789473685,
    "BLEU_4": 7.845109652856079e-13
  },
  "5": {
    "BLEU_1": 0.33333333330555565,
    "BLEU_2": 5.504818825152218e-09,
    "ROUGE_L": 0.17528735632183906,
    "CIDEr": 0.0,
    "METEOR": 0.162993762993763,
    "SPICE": 0.10256410256410256,
    "BLEU_4": 7.61747236997849e-13
  },
  "6": {
    "BLEU_1": 0.2142857142704082,
    "BLEU_2": 4.059989714404599e-09,
    "ROUGE_L": 0.13707865168539324,
    "CIDEr": 0.0,
    "METEOR": 0.11089108910891088,
    "SPICE": 0.14634146341463417,
    "BLEU_4": 5.944549994012258e-13
  },
  "7": {
    "BLEU_1": 0.36363636357024803,
    "BLEU_2": 6.030226890431458e-09,
    "ROUGE_L": 0.14969325153374236,
    "CIDEr": 0.0,
    "METEOR": 0.11715481171548117,
    "SPICE": 0.14634146341463417,
    "BLEU_4": 8.430118944817767e-13
  },
  "8": {
    "BLEU_1": 0.24999999997916675,
    "BLEU_2": 4.767312945812628e-09,
    "ROUGE_L": 0.14523809523809522,
    "CIDEr": 0.0,
    "METEOR": 0.15841163381610712,
    "SPICE": 0.09523809523809522,
    "BLEU_4": 7.08885680157797e-13
  },
  "9": {
    "BLEU_1": 0.21470779796016531,
    "BLEU_2": 5.1856859842473975e-09,
    "ROUGE_L": 0.12224448897795591,
    "CIDEr": 0.0,
    "METEOR": 0.125,
    "SPICE": 0.10810810810810811,
    "BLEU_4": 9.334768232372482e-13
  }
}