{
  "0": {
    "BLEU_1": 0.6249999998437503,
    "BLEU_2": 0.29880715225622895,
    "ROUGE_L": 0.28955696202531644,
    "CIDEr": 0.0,
    "METEOR": 0.17316017316017318,
    "SPICE": 0.17647058823529413,
    "BLEU_4": 7.386099953835683e-09
  },
  "1": {
    "BLEU_1": 0.4166666665972223,
    "BLEU_2": 0.19462473600720623,
    "ROUGE_L": 0.2074829931972789,
    "CIDEr": 0.0,
    "METEOR": 0.16260162601626016,
    "SPICE": 0.16216216216216214,
    "BLEU_4": 4.529376169980083e-09
  },
  "2": {
    "BLEU_1": 0.38461538458579886,
    "BLEU_2": 0.17902871849551308,
    "ROUGE_L": 0.19902120717781402,
    "CIDEr": 0.0,
    "METEOR": 0.1596806387225549,
    "SPICE": 0.10526315789473682,
    "BLEU_4": 4.131551590743584e-09
  },
  "3": {
    "BLEU_1": 0.38461538458579886,
    "BLEU_2": 0.17902871849551308,
    "ROUGE_L": 0.19902120717781402,
    "CIDEr": 0.0,
    "METEOR": 0.1596806387225549,
    "SPICE": 0.10526315789473682,
    "BLEU_4": 4.131551590743584e-09
  },
  "4": {
    "BLEU_1": 0.35714285709183685,
    "BLEU_2": 0.16574838600881542,
    "ROUGE_L": 0.19122257053291536,
    "CIDEr": 0.0,
    "METEOR": 0.15686274509803924,
    "SPICE": 0.10256410256410255,
    "BLEU_4": 3.798229226250051e-09
  },
  "5": {
    "BLEU_1": 0.38461538458579886,
    "BLEU_2": 0.17902871849551308,
    "ROUGE_L": 0.19902120717781402,
    "CIDEr": 0.0,
    "METEOR": 0.1596806387225549,
    "SPICE": 0.10526315789473682,
    "BLEU_4": 4.131551590743584e-09
  },
  "6": {
    "BLEU_1": 0.38461538458579886,
    "BLEU_2": 0.17902871849551308,
    "ROUGE_L": 0.19902120717781402,
    "CIDEr": 0.0,
    "METEOR": 0.1596806387225549,
    "SPICE": 0.10526315789473682,
    "BLEU_4": 4.131551590743584e-09
  },
  "7": {
    "BLEU_1": 0.4166666665972223,
    "BLEU_2": 0.19462473600720623,
    "ROUGE_L": 0.2074829931972789,
    "CIDEr": 0.0,
    "METEOR": 0.16260162601626016,
    "SPICE": 0.15789473684210525,
    "BLEU_4": 4.529376169980083e-09
  },
  "8": {
    "BLEU_1": 0.4444444443950618,
    "BLEU_2": 7.453559924119366e-09,
    "ROUGE_L": 0.19645732689210954,
    "CIDEr": 0.0,
    "METEOR": 0.15286624203821655,
    "SPICE": 0.16666666666666666,
    "BLEU_4": 1.0724314734549807e-12
  },
  "9": {
    "BLEU_1": 0.33333333327777787,
    "BLEU_2": 5.5048188246934825e-09,
    "ROUGE_L": 0.17528735632183906,
    "CIDEr": 0.0,
    "METEOR": 0.14634146341463414,
    "SPICE": 0.15384615384615383,
    "BLEU_4": 7.617472369343701e-13
  }
}