{
  "0": {
    "BLEU_1": 0.23884377011164867,
    "BLEU_2": 5.85045365006396e-09,
    "ROUGE_L": 0.2573839662447257,
    "CIDEr": 0.0,
    "METEOR": 0.07111111111111111,
    "SPICE": 0.07142857142857142,
    "BLEU_4": 1.1000617045598687e-12
  },
  "1": {
    "BLEU_1": 0.10976232717490052,
    "BLEU_2": 3.8806842931124116e-09,
    "ROUGE_L": 0.1358574610244989,
    "CIDEr": 0.0,
    "METEOR": 0.07158836689038031,
    "SPICE": 0.0,
    "BLEU_4": 9.324552513250358e-13
  },
  "2": {
    "BLEU_1": 0.0919698602468758,
    "BLEU_2": 3.3582644710475053e-09,
    "ROUGE_L": 0.14386792452830188,
    "CIDEr": 0.0,
    "METEOR": 0.1081081081081081,
    "SPICE": 0.07142857142857142,
    "BLEU_4": 9.346579564396796e-13
  },
  "3": {
    "BLEU_1": 0.23884377011164867,
    "BLEU_2": 0.1850075887944782,
    "ROUGE_L": 0.2573839662447257,
    "CIDEr": 0.0,
    "METEOR": 0.10526315789473684,
    "SPICE": 0.06896551724137932,
    "BLEU_4": 6.1861015673335086e-09
  },
  "4": {
    "BLEU_1": 0.3715190997867868,
    "BLEU_2": 0.23168286400471463,
    "ROUGE_L": 0.3667334669338677,
    "CIDEr": 0.0,
    "METEOR": 0.12200435729847495,
    "SPICE": 0.06896551724137932,
    "BLEU_4": 6.701444468735928e-09
  },
  "5": {
    "BLEU_1": 0.23884377011164867,
    "BLEU_2": 0.1850075887944782,
    "ROUGE_L": 0.2573839662447257,
    "CIDEr": 0.0,
    "METEOR": 0.10526315789473684,
    "SPICE": 0.06896551724137932,
    "BLEU_4": 6.1861015673335086e-09
  },
  "6": {
    "BLEU_1": 0.3715190997867868,
    "BLEU_2": 0.23168286400471463,
    "ROUGE_L": 0.3667334669338677,
    "CIDEr": 0.0,
    "METEOR": 0.12200435729847495,
    "SPICE": 0.06896551724137932,
    "BLEU_4": 6.701444468735928e-09
  },
  "7": {
    "BLEU_1": 0.23884377011164867,
    "BLEU_2": 0.1850075887944782,
    "ROUGE_L": 0.2573839662447257,
    "CIDEr": 0.0,
    "METEOR": 0.10526315789473684,
    "SPICE": 0.06896551724137932,
    "BLEU_4": 6.1861015673335086e-09
  },
  "8": {
    "BLEU_1": 0.3715190997867868,
    "BLEU_2": 0.23168286400471463,
    "ROUGE_L": 0.3667334669338677,
    "CIDEr": 0.0,
    "METEOR": 0.12200435729847495,
    "SPICE": 0.06896551724137932,
    "BLEU_4": 6.701444468735928e-09
  },
  "9": {
    "BLEU_1": 0.23884377011164867,
    "BLEU_2": 0.1850075887944782,
    "ROUGE_L": 0.2573839662447257,
    "CIDEr": 0.0,
    "METEOR": 0.10526315789473684,
    "SPICE": 0.06896551724137932,
    "BLEU_4": 6.1861015673335086e-09
  }
}