{
  "0": {
    "BLEU_1": 0.18393972049375146,
    "BLEU_2": 0.15018615287369194,
    "ROUGE_L": 0.31443298969072164,
    "CIDEr": 0.0,
    "METEOR": 0.1802390070188325,
    "SPICE": 0.16,
    "BLEU_4": 6.250434468381108e-09
  },
  "1": {
    "BLEU_1": 0.4953587997157158,
    "BLEU_2": 0.2675243277994909,
    "ROUGE_L": 0.34205607476635513,
    "CIDEr": 0.0,
    "METEOR": 0.18849891009698208,
    "SPICE": 0.14285714285714288,
    "BLEU_4": 7.201170725888819e-09
  },
  "2": {
    "BLEU_1": 0.5999999998800002,
    "BLEU_2": 0.2581988896940871,
    "ROUGE_L": 0.3,
    "CIDEr": 0.0,
    "METEOR": 0.2871174063644379,
    "SPICE": 0.19999999999999998,
    "BLEU_4": 5.873949093408464e-09
  },
  "3": {
    "BLEU_1": 0.5833333332847223,
    "BLEU_2": 0.23028309321585674,
    "ROUGE_L": 0.2772727272727273,
    "CIDEr": 0.0,
    "METEOR": 0.2745122519386821,
    "SPICE": 0.18749999999999997,
    "BLEU_4": 4.926862020644611e-09
  },
  "4": {
    "BLEU_1": 0.5999999998800002,
    "BLEU_2": 0.2581988896940871,
    "ROUGE_L": 0.3,
    "CIDEr": 0.0,
    "METEOR": 0.2871174063644379,
    "SPICE": 0.19999999999999998,
    "BLEU_4": 5.873949093408464e-09
  },
  "5": {
    "BLEU_1": 0.6249999998437503,
    "BLEU_2": 0.29880715225622895,
    "ROUGE_L": 0.3267857142857143,
    "CIDEr": 0.0,
    "METEOR": 0.2781193341631268,
    "SPICE": 0.21428571428571427,
    "BLEU_4": 7.386099953835683e-09
  },
  "6": {
    "BLEU_1": 0.6249999998437503,
    "BLEU_2": 0.29880715225622895,
    "ROUGE_L": 0.3267857142857143,
    "CIDEr": 0.0,
    "METEOR": 0.30585687793813704,
    "SPICE": 0.21428571428571427,
    "BLEU_4": 7.386099953835683e-09
  },
  "7": {
    "BLEU_1": 0.4999999998750002,
    "BLEU_2": 0.26726124184322303,
    "ROUGE_L": 0.25,
    "CIDEr": 0.0,
    "METEOR": 0.24372843891688656,
    "SPICE": 0.20689655172413793,
    "BLEU_4": 6.985342054598842e-09
  },
  "8": {
    "BLEU_1": 0.4999999998750002,
    "BLEU_2": 0.26726124184322303,
    "ROUGE_L": 0.43571428571428567,
    "CIDEr": 0.0,
    "METEOR": 0.23988704503476194,
    "SPICE": 0.20689655172413793,
    "BLEU_4": 6.985342054598842e-09
  },
  "9": {
    "BLEU_1": 0.7499999998125003,
    "BLEU_2": 0.32732683526923456,
    "ROUGE_L": 0.43571428571428567,
    "CIDEr": 0.0,
    "METEOR": 0.31037359284738847,
    "SPICE": 0.21428571428571427,
    "BLEU_4": 7.730551754746834e-09
  }
}