{
  "0": {
    "BLEU_1": 0.4999999998750002,
    "BLEU_2": 0.26726124184322303,
    "ROUGE_L": 0.375,
    "CIDEr": 0.0,
    "METEOR": 0.1549584085119928,
    "SPICE": 0.12903225806451613,
    "BLEU_4": 6.985342054598842e-09
  },
  "1": {
    "BLEU_1": 0.545454545355372,
    "BLEU_2": 0.23354968320493186,
    "ROUGE_L": 0.32504440497335696,
    "CIDEr": 0.0,
    "METEOR": 0.15935799750901622,
    "SPICE": 0.19354838709677416,
    "BLEU_4": 5.246341021824447e-09
  },
  "2": {
    "BLEU_1": 0.38461538458579886,
    "BLEU_2": 0.17902871849551308,
    "ROUGE_L": 0.2985318107667211,
    "CIDEr": 0.0,
    "METEOR": 0.14860921313643377,
    "SPICE": 0.11428571428571427,
    "BLEU_4": 4.131551590743584e-09
  },
  "3": {
    "BLEU_1": 0.357142857117347,
    "BLEU_2": 0.16574838602065456,
    "ROUGE_L": 0.28683385579937304,
    "CIDEr": 0.0,
    "METEOR": 0.14965091136633502,
    "SPICE": 0.1714285714285714,
    "BLEU_4": 3.7982292265213524e-09
  },
  "4": {
    "BLEU_1": 0.35294117644982703,
    "BLEU_2": 0.14852213143749163,
    "ROUGE_L": 0.2566619915848527,
    "CIDEr": 0.0,
    "METEOR": 0.14207821464659276,
    "SPICE": 0.19999999999999998,
    "BLEU_4": 3.2014060613745118e-09
  },
  "5": {
    "BLEU_1": 0.35294117644982703,
    "BLEU_2": 0.14852213143749163,
    "ROUGE_L": 0.2566619915848527,
    "CIDEr": 0.0,
    "METEOR": 0.14207821464659276,
    "SPICE": 0.16216216216216214,
    "BLEU_4": 3.2014060613745118e-09
  },
  "6": {
    "BLEU_1": 0.3749999999765626,
    "BLEU_2": 0.15811388299820756,
    "ROUGE_L": 0.2659883720930233,
    "CIDEr": 0.0,
    "METEOR": 0.14522773172003942,
    "SPICE": 0.15789473684210528,
    "BLEU_4": 3.4234749556315017e-09
  },
  "7": {
    "BLEU_1": 0.27272727271487607,
    "BLEU_2": 0.11396057645433466,
    "ROUGE_L": 0.21837708830548927,
    "CIDEr": 0.0,
    "METEOR": 0.13161263187128572,
    "SPICE": 0.13636363636363635,
    "BLEU_4": 2.4178614975561836e-09
  },
  "8": {
    "BLEU_1": 0.3999999999733334,
    "BLEU_2": 0.16903085093403225,
    "ROUGE_L": 0.2760180995475113,
    "CIDEr": 0.0,
    "METEOR": 0.14522773172003942,
    "SPICE": 0.15789473684210528,
    "BLEU_4": 3.6787632496533857e-09
  },
  "9": {
    "BLEU_1": 0.23809523808390026,
    "BLEU_2": 0.1091089451126707,
    "ROUGE_L": 0.2250922509225092,
    "CIDEr": 0.0,
    "METEOR": 0.13161263187128572,
    "SPICE": 0.13953488372093023,
    "BLEU_4": 2.4289783952173777e-09
  }
}