{
  "0": {
    "BLEU_1": 0.3999999999200002,
    "BLEU_2": 6.666666665296299e-09,
    "ROUGE_L": 0.18885448916408668,
    "CIDEr": 0.0,
    "METEOR": 0.17278617710583155,
    "SPICE": 0.2857142857142857,
    "BLEU_4": 9.438595266157062e-13
  },
  "1": {
    "BLEU_1": 0.3333333332962964,
    "BLEU_2": 6.454972242916984e-09,
    "ROUGE_L": 0.1189083820662768,
    "CIDEr": 0.0,
    "METEOR": 0.17142857142857143,
    "SPICE": 0.2962962962962963,
    "BLEU_4": 9.980099402512292e-13
  },
  "2": {
    "BLEU_1": 0.4999999999583334,
    "BLEU_2": 0.30151134455149564,
    "ROUGE_L": 0.4149659863945578,
    "CIDEr": 0.0,
    "METEOR": 0.21372244385786374,
    "SPICE": 0.20689655172413793,
    "BLEU_4": 3.170233138218017e-05
  },
  "3": {
    "BLEU_1": 0.28571428569387763,
    "BLEU_2": 4.688072309037213e-09,
    "ROUGE_L": 0.19122257053291536,
    "CIDEr": 0.0,
    "METEOR": 0.1645302090612354,
    "SPICE": 0.1935483870967742,
    "BLEU_4": 6.387834681787387e-13
  },
  "4": {
    "BLEU_1": 0.24999999998437505,
    "BLEU_2": 4.0824829043749705e-09,
    "ROUGE_L": 0.17732558139534885,
    "CIDEr": 0.0,
    "METEOR": 0.15805688936046547,
    "SPICE": 0.1818181818181818,
    "BLEU_4": 5.501034141799257e-13
  },
  "5": {
    "BLEU_1": 0.26666666664888894,
    "BLEU_2": 4.3643578044184995e-09,
    "ROUGE_L": 0.18401206636500753,
    "CIDEr": 0.0,
    "METEOR": 0.17310258636564968,
    "SPICE": 0.125,
    "BLEU_4": 5.911245882681416e-13
  },
  "6": {
    "BLEU_1": 0.24999999998437505,
    "BLEU_2": 4.0824829043749705e-09,
    "ROUGE_L": 0.17732558139534885,
    "CIDEr": 0.0,
    "METEOR": 0.17196677433728372,
    "SPICE": 0.1212121212121212,
    "BLEU_4": 5.501034141799257e-13
  },
  "7": {
    "BLEU_1": 0.28571428569387763,
    "BLEU_2": 4.688072309037213e-09,
    "ROUGE_L": 0.19122257053291536,
    "CIDEr": 0.0,
    "METEOR": 0.16147261886453632,
    "SPICE": 0.12903225806451615,
    "BLEU_4": 6.387834681787387e-13
  },
  "8": {
    "BLEU_1": 0.357142857117347,
    "BLEU_2": 5.241424183220805e-09,
    "ROUGE_L": 0.2577464788732394,
    "CIDEr": 0.0,
    "METEOR": 0.1914522951050508,
    "SPICE": 0.13333333333333333,
    "BLEU_4": 6.754312828130983e-13
  },
  "9": {
    "BLEU_1": 0.3124999999804688,
    "BLEU_2": 4.564354645581603e-09,
    "ROUGE_L": 0.24078947368421053,
    "CIDEr": 0.0,
    "METEOR": 0.18891876174318217,
    "SPICE": 0.125,
    "BLEU_4": 5.816635420743959e-13
  }
}