{
  "0": {
    "BLEU_1": 0.32206169694024794,
    "BLEU_2": 6.3511423138542446e-09,
    "ROUGE_L": 0.2223572296476306,
    "CIDEr": 0.0,
    "METEOR": 0.0904977375565611,
    "SPICE": 0.06666666666666667,
    "BLEU_4": 1.0330619227359553e-12
  },
  "1": {
    "BLEU_1": 0.6666666665185187,
    "BLEU_2": 0.40824829037030635,
    "ROUGE_L": 0.41924398625429554,
    "CIDEr": 0.0,
    "METEOR": 0.17088233725555976,
    "SPICE": 0.1875,
    "BLEU_4": 4.463236136748592e-05
  },
  "2": {
    "BLEU_1": 0.6428571427653064,
    "BLEU_2": 0.4447495899319034,
    "ROUGE_L": 0.42785571142284573,
    "CIDEr": 0.0,
    "METEOR": 0.23371372618750152,
    "SPICE": 0.22857142857142856,
    "BLEU_4": 3.4987611485788764e-05
  },
  "3": {
    "BLEU_1": 0.571428571346939,
    "BLEU_2": 0.36313651954840737,
    "ROUGE_L": 0.3056112224448898,
    "CIDEr": 0.0,
    "METEOR": 0.21915877253456809,
    "SPICE": 0.05555555555555555,
    "BLEU_4": 3.161487584008155e-05
  },
  "4": {
    "BLEU_1": 0.49805493606340595,
    "BLEU_2": 0.3693674263307169,
    "ROUGE_L": 0.2643553629469122,
    "CIDEr": 0.0,
    "METEOR": 0.2156652946052927,
    "SPICE": 0.17142857142857143,
    "BLEU_4": 3.54532060098309e-05
  },
  "5": {
    "BLEU_1": 0.38461538458579886,
    "BLEU_2": 0.25318484175062944,
    "ROUGE_L": 0.2708102108768035,
    "CIDEr": 0.0,
    "METEOR": 0.17212112733150145,
    "SPICE": 0.05555555555555555,
    "BLEU_4": 2.7629350708196858e-05
  },
  "6": {
    "BLEU_1": 0.4999999999500001,
    "BLEU_2": 0.33333333329814824,
    "ROUGE_L": 0.2953995157384988,
    "CIDEr": 0.0,
    "METEOR": 0.18384783787502534,
    "SPICE": 0.22857142857142856,
    "BLEU_4": 3.753119268302293e-05
  },
  "7": {
    "BLEU_1": 0.46153846150295863,
    "BLEU_2": 0.2773500980903911,
    "ROUGE_L": 0.2820809248554913,
    "CIDEr": 0.0,
    "METEOR": 0.14222226076496053,
    "SPICE": 0.11764705882352941,
    "BLEU_4": 5.142401604576806e-09
  },
  "8": {
    "BLEU_1": 0.46153846150295863,
    "BLEU_2": 0.2773500980903911,
    "ROUGE_L": 0.25077081192189105,
    "CIDEr": 0.0,
    "METEOR": 0.18541288944208453,
    "SPICE": 0.17142857142857143,
    "BLEU_4": 5.142401604576806e-09
  },
  "9": {
    "BLEU_1": 0.46153846150295863,
    "BLEU_2": 0.2773500980903911,
    "ROUGE_L": 0.31346351490236385,
    "CIDEr": 0.0,
    "METEOR": 0.18541288944208453,
    "SPICE": 0.16666666666666666,
    "BLEU_4": 5.142401604576806e-09
  }
}