{
  "0": {
    "BLEU_1": 0.17973158557499613,
    "BLEU_2": 4.493289639262571e-09,
    "ROUGE_L": 0.1358574610244989,
    "CIDEr": 0.0,
    "METEOR": 0.09297820823244551,
    "SPICE": 0.17647058823529413,
    "BLEU_4": 9.078761382262807e-13
  },
  "1": {
    "BLEU_1": 0.32206169694024794,
    "BLEU_2": 6.3511423138542446e-09,
    "ROUGE_L": 0.12224448897795591,
    "CIDEr": 0.0,
    "METEOR": 0.10578512396694216,
    "SPICE": 0.17142857142857143,
    "BLEU_4": 1.0330619227359553e-12
  },
  "2": {
    "BLEU_1": 0.20217688650348561,
    "BLEU_2": 4.952302097098729e-09,
    "ROUGE_L": 0.12869198312236285,
    "CIDEr": 0.0,
    "METEOR": 0.0909952606635071,
    "SPICE": 0.17647058823529413,
    "BLEU_4": 9.311821291619466e-13
  },
  "3": {
    "BLEU_1": 0.45454545446281003,
    "BLEU_2": 0.2132007163158777,
    "ROUGE_L": 0.1921259842519685,
    "CIDEr": 0.0,
    "METEOR": 0.14166666666666666,
    "SPICE": 0.25000000000000006,
    "BLEU_4": 5.012578714748261e-09
  },
  "4": {
    "BLEU_1": 0.10735389898008273,
    "BLEU_2": 3.666833724565372e-09,
    "ROUGE_L": 0.12224448897795591,
    "CIDEr": 0.0,
    "METEOR": 0.10152284263959391,
    "SPICE": 0.2222222222222222,
    "BLEU_4": 7.849573143826273e-13
  },
  "5": {
    "BLEU_1": 0.4999999999583334,
    "BLEU_2": 0.30151134455149564,
    "ROUGE_L": 0.31282051282051276,
    "CIDEr": 0.0,
    "METEOR": 0.17450237800433738,
    "SPICE": 0.21052631578947367,
    "BLEU_4": 5.637560314716176e-09
  },
  "6": {
    "BLEU_1": 0.4166666666319445,
    "BLEU_2": 0.2752409412576109,
    "ROUGE_L": 0.2772727272727273,
    "CIDEr": 0.0,
    "METEOR": 0.15961995249406177,
    "SPICE": 0.2222222222222222,
    "BLEU_4": 5.386366368312952e-09
  },
  "7": {
    "BLEU_1": 0.38461538458579886,
    "BLEU_2": 0.25318484175062944,
    "ROUGE_L": 0.22564734895191124,
    "CIDEr": 0.0,
    "METEOR": 0.12873899362082095,
    "SPICE": 0.15789473684210528,
    "BLEU_4": 4.913270547713079e-09
  },
  "8": {
    "BLEU_1": 0.33333333330555565,
    "BLEU_2": 5.504818825152218e-09,
    "ROUGE_L": 0.12869198312236285,
    "CIDEr": 0.0,
    "METEOR": 0.10197802197802197,
    "SPICE": 0.15789473684210528,
    "BLEU_4": 7.61747236997849e-13
  },
  "9": {
    "BLEU_1": 0.33333333330555565,
    "BLEU_2": 5.504818825152218e-09,
    "ROUGE_L": 0.12869198312236285,
    "CIDEr": 0.0,
    "METEOR": 0.10197802197802197,
    "SPICE": 0.15789473684210528,
    "BLEU_4": 7.61747236997849e-13
  }
}