{
  "0": {
    "BLEU_1": 0.2920502935787644,
    "BLEU_2": 5.700238056112239e-09,
    "ROUGE_L": 0.1844758064516129,
    "CIDEr": 0.0,
    "METEOR": 0.14663951120162932,
    "SPICE": 0.15384615384615385,
    "BLEU_4": 9.002836699641014e-13
  },
  "1": {
    "BLEU_1": 0.29411764704152255,
    "BLEU_2": 4.287464628302636e-09,
    "ROUGE_L": 0.20049301561216107,
    "CIDEr": 0.0,
    "METEOR": 0.12996389891696752,
    "SPICE": 0.12,
    "BLEU_4": 5.439330543997057e-13
  },
  "2": {
    "BLEU_1": 0.23529411763321803,
    "BLEU_2": 3.834824944004226e-09,
    "ROUGE_L": 0.15036976170912078,
    "CIDEr": 0.0,
    "METEOR": 0.12857142857142856,
    "SPICE": 0.07843137254901962,
    "BLEU_4": 5.144201220579896e-13
  },
  "3": {
    "BLEU_1": 0.29411764704152255,
    "BLEU_2": 4.287464628302636e-09,
    "ROUGE_L": 0.18929402637703643,
    "CIDEr": 0.0,
    "METEOR": 0.14285714285714285,
    "SPICE": 0.12,
    "BLEU_4": 5.439330543997057e-13
  },
  "4": {
    "BLEU_1": 0.29411764704152255,
    "BLEU_2": 4.287464628302636e-09,
    "ROUGE_L": 0.1792799412196914,
    "CIDEr": 0.0,
    "METEOR": 0.12996389891696752,
    "SPICE": 0.125,
    "BLEU_4": 5.439330543997057e-13
  },
  "5": {
    "BLEU_1": 0.1988531814701149,
    "BLEU_2": 4.716217300589896e-09,
    "ROUGE_L": 0.0928462709284627,
    "CIDEr": 0.0,
    "METEOR": 0.14229249011857706,
    "SPICE": 0.09302325581395347,
    "BLEU_4": 8.0696947976792e-13
  },
  "6": {
    "BLEU_1": 0.3124999999804688,
    "BLEU_2": 4.564354645581603e-09,
    "ROUGE_L": 0.18263473053892215,
    "CIDEr": 0.0,
    "METEOR": 0.1306715063520871,
    "SPICE": 0.15999999999999998,
    "BLEU_4": 5.816635420743959e-13
  },
  "7": {
    "BLEU_1": 0.3166930962809165,
    "BLEU_2": 3.883539917457487e-09,
    "ROUGE_L": 0.25487465181058494,
    "CIDEr": 0.0,
    "METEOR": 0.14312617702448213,
    "SPICE": 0.18518518518518517,
    "BLEU_4": 4.481968562699891e-13
  },
  "8": {
    "BLEU_1": 0.3999999999733334,
    "BLEU_2": 5.345224837879414e-09,
    "ROUGE_L": 0.13958810068649888,
    "CIDEr": 0.0,
    "METEOR": 0.14925373134328357,
    "SPICE": 0.20408163265306123,
    "BLEU_4": 6.541868941266492e-13
  },
  "9": {
    "BLEU_1": 0.33333333327777787,
    "BLEU_2": 5.5048188246934825e-09,
    "ROUGE_L": 0.1117216117216117,
    "CIDEr": 0.0,
    "METEOR": 0.15355086372360846,
    "SPICE": 0.2173913043478261,
    "BLEU_4": 7.617472369343701e-13
  }
}