{
  "0": {
    "BLEU_1": 0.38940039143835253,
    "BLEU_2": 0.20814326443213824,
    "ROUGE_L": 0.20469798657718125,
    "CIDEr": 0.0,
    "METEOR": 0.11111111111111112,
    "SPICE": 0.12903225806451613,
    "BLEU_4": 5.4401898621431946e-09
  },
  "1": {
    "BLEU_1": 0.4999999999583334,
    "BLEU_2": 0.21320071633703627,
    "ROUGE_L": 0.2629310344827586,
    "CIDEr": 0.0,
    "METEOR": 0.10707456978967496,
    "SPICE": 0.12121212121212122,
    "BLEU_4": 4.740604259421436e-09
  },
  "2": {
    "BLEU_1": 0.4667591034273375,
    "BLEU_2": 0.17081634115614236,
    "ROUGE_L": 0.2702104097452934,
    "CIDEr": 0.0,
    "METEOR": 0.1875,
    "SPICE": 0.2631578947368421,
    "BLEU_4": 3.4596374728412074e-09
  },
  "3": {
    "BLEU_1": 0.41099321492952157,
    "BLEU_2": 0.16043532337209473,
    "ROUGE_L": 0.2629310344827586,
    "CIDEr": 0.0,
    "METEOR": 0.1848998459167951,
    "SPICE": 0.20512820512820512,
    "BLEU_4": 3.342415582967444e-09
  },
  "4": {
    "BLEU_1": 0.33333333330555565,
    "BLEU_2": 5.504818825152218e-09,
    "ROUGE_L": 0.2006578947368421,
    "CIDEr": 0.0,
    "METEOR": 0.15286624203821655,
    "SPICE": 0.1111111111111111,
    "BLEU_4": 7.61747236997849e-13
  },
  "5": {
    "BLEU_1": 0.36363636357024803,
    "BLEU_2": 6.030226890431458e-09,
    "ROUGE_L": 0.20631341600901915,
    "CIDEr": 0.0,
    "METEOR": 0.15360000000000001,
    "SPICE": 0.11428571428571428,
    "BLEU_4": 8.430118944817767e-13
  },
  "6": {
    "BLEU_1": 0.09735009785958822,
    "BLEU_2": 3.2910339761413517e-09,
    "ROUGE_L": 0.0751231527093596,
    "CIDEr": 0.0,
    "METEOR": 0.11688311688311691,
    "SPICE": 0.0,
    "BLEU_4": 6.840676596481053e-13
  },
  "7": {
    "BLEU_1": 0.1988531814701149,
    "BLEU_2": 4.716217300589896e-09,
    "ROUGE_L": 0.14575866188769412,
    "CIDEr": 0.0,
    "METEOR": 0.12924071082390953,
    "SPICE": 0.06060606060606061,
    "BLEU_4": 8.0696947976792e-13
  },
  "8": {
    "BLEU_1": 0.1988531814701149,
    "BLEU_2": 4.716217300589896e-09,
    "ROUGE_L": 0.14575866188769412,
    "CIDEr": 0.0,
    "METEOR": 0.12924071082390953,
    "SPICE": 0.06060606060606061,
    "BLEU_4": 8.0696947976792e-13
  },
  "9": {
    "BLEU_1": 0.1988531814701149,
    "BLEU_2": 4.716217300589896e-09,
    "ROUGE_L": 0.14575866188769412,
    "CIDEr": 0.0,
    "METEOR": 0.12924071082390953,
    "SPICE": 0.06060606060606061,
    "BLEU_4": 8.0696947976792e-13
  }
}