{
  "0": {
    "BLEU_1": 0.36363636357024803,
    "BLEU_2": 6.030226890431458e-09,
    "ROUGE_L": 0.216696269982238,
    "CIDEr": 0.0,
    "METEOR": 0.125,
    "SPICE": 0.09836065573770492,
    "BLEU_4": 8.430118944817767e-13
  },
  "1": {
    "BLEU_1": 0.30959924986655085,
    "BLEU_2": 0.1436836127503043,
    "ROUGE_L": 0.28683385579937304,
    "CIDEr": 0.0,
    "METEOR": 0.18422072293235606,
    "SPICE": 0.125,
    "BLEU_4": 3.292600974421402e-09
  },
  "2": {
    "BLEU_1": 0.35294117644982703,
    "BLEU_2": 0.14852213143749163,
    "ROUGE_L": 0.2566619915848527,
    "CIDEr": 0.0,
    "METEOR": 0.18866448940119915,
    "SPICE": 0.1515151515151515,
    "BLEU_4": 3.2014060613745118e-09
  },
  "3": {
    "BLEU_1": 0.35294117644982703,
    "BLEU_2": 0.14852213143749163,
    "ROUGE_L": 0.2566619915848527,
    "CIDEr": 0.0,
    "METEOR": 0.18600724307160482,
    "SPICE": 0.1515151515151515,
    "BLEU_4": 3.2014060613745118e-09
  },
  "4": {
    "BLEU_1": 0.35294117644982703,
    "BLEU_2": 0.14852213143749163,
    "ROUGE_L": 0.2566619915848527,
    "CIDEr": 0.0,
    "METEOR": 0.18866448940119915,
    "SPICE": 0.1515151515151515,
    "BLEU_4": 3.2014060613745118e-09
  },
  "5": {
    "BLEU_1": 0.35294117644982703,
    "BLEU_2": 0.14852213143749163,
    "ROUGE_L": 0.2566619915848527,
    "CIDEr": 0.0,
    "METEOR": 0.18600724307160482,
    "SPICE": 0.1515151515151515,
    "BLEU_4": 3.2014060613745118e-09
  },
  "6": {
    "BLEU_1": 0.35294117644982703,
    "BLEU_2": 0.14852213143749163,
    "ROUGE_L": 0.2566619915848527,
    "CIDEr": 0.0,
    "METEOR": 0.18866448940119915,
    "SPICE": 0.1515151515151515,
    "BLEU_4": 3.2014060613745118e-09
  },
  "7": {
    "BLEU_1": 0.35294117644982703,
    "BLEU_2": 0.14852213143749163,
    "ROUGE_L": 0.2566619915848527,
    "CIDEr": 0.0,
    "METEOR": 0.18600724307160482,
    "SPICE": 0.1515151515151515,
    "BLEU_4": 3.2014060613745118e-09
  },
  "8": {
    "BLEU_1": 0.35294117644982703,
    "BLEU_2": 0.14852213143749163,
    "ROUGE_L": 0.2566619915848527,
    "CIDEr": 0.0,
    "METEOR": 0.18866448940119915,
    "SPICE": 0.1515151515151515,
    "BLEU_4": 3.2014060613745118e-09
  },
  "9": {
    "BLEU_1": 0.30959924986655085,
    "BLEU_2": 0.1436836127503043,
    "ROUGE_L": 0.28683385579937304,
    "CIDEr": 0.0,
    "METEOR": 0.18422072293235606,
    "SPICE": 0.125,
    "BLEU_4": 3.292600974421402e-09
  }
}