{
  "0": {
    "BLEU_1": 0.35826565516747294,
    "BLEU_2": 7.1653131032300366e-09,
    "ROUGE_L": 0.23921568627450981,
    "CIDEr": 0.0,
    "METEOR": 0.13392491527951797,
    "SPICE": 0.06896551724137931,
    "BLEU_4": 1.2174183989911234e-12
  },
  "1": {
    "BLEU_1": 0.4999999999642858,
    "BLEU_2": 0.392232270247274,
    "ROUGE_L": 0.42957746478873243,
    "CIDEr": 0.0,
    "METEOR": 0.22241925994639772,
    "SPICE": 0.24242424242424243,
    "BLEU_4": 3.907380249137377e-05
  },
  "2": {
    "BLEU_1": 0.29999999994000015,
    "BLEU_2": 0.1825741857975264,
    "ROUGE_L": 0.3,
    "CIDEr": 0.0,
    "METEOR": 0.18191453303751687,
    "SPICE": 0.13793103448275862,
    "BLEU_4": 4.939382736029984e-09
  },
  "3": {
    "BLEU_1": 0.3749999999062502,
    "BLEU_2": 0.23145502488320774,
    "ROUGE_L": 0.21785714285714283,
    "CIDEr": 0.0,
    "METEOR": 0.18470249522966276,
    "SPICE": 0.13333333333333333,
    "BLEU_4": 6.500593258499926e-09
  },
  "4": {
    "BLEU_1": 0.22222222219753096,
    "BLEU_2": 0.16666666664699087,
    "ROUGE_L": 0.20854700854700853,
    "CIDEr": 0.0,
    "METEOR": 0.17788690499978588,
    "SPICE": 0.125,
    "BLEU_4": 5.071215336254801e-09
  },
  "5": {
    "BLEU_1": 0.24999999993750016,
    "BLEU_2": 0.18898223645568088,
    "ROUGE_L": 0.21785714285714283,
    "CIDEr": 0.0,
    "METEOR": 0.18191453303751687,
    "SPICE": 0.12903225806451613,
    "BLEU_4": 5.873949093033183e-09
  },
  "6": {
    "BLEU_1": 0.24999999993750016,
    "BLEU_2": 0.18898223645568088,
    "ROUGE_L": 0.21785714285714283,
    "CIDEr": 0.0,
    "METEOR": 0.18191453303751687,
    "SPICE": 0.13793103448275862,
    "BLEU_4": 5.873949093033183e-09
  },
  "7": {
    "BLEU_1": 0.09999999998000014,
    "BLEU_2": 3.333333332648151e-09,
    "ROUGE_L": 0.1,
    "CIDEr": 0.0,
    "METEOR": 0.15701966568821613,
    "SPICE": 0.12121212121212122,
    "BLEU_4": 6.674094717574907e-13
  },
  "8": {
    "BLEU_1": 0.30769230766863914,
    "BLEU_2": 0.22645540681077378,
    "ROUGE_L": 0.2671532846715329,
    "CIDEr": 0.0,
    "METEOR": 0.181969395056124,
    "SPICE": 0.1176470588235294,
    "BLEU_4": 2.6130226594483132e-05
  },
  "9": {
    "BLEU_1": 0.26666666664888894,
    "BLEU_2": 0.19518001457623,
    "ROUGE_L": 0.2489795918367347,
    "CIDEr": 0.0,
    "METEOR": 0.17849227285759936,
    "SPICE": 0.1176470588235294,
    "BLEU_4": 2.222984955040595e-05
  }
}