{
  "0": {
    "BLEU_1": 0.21470779796016531,
    "BLEU_2": 5.1856859842473975e-09,
    "ROUGE_L": 0.12224448897795591,
    "CIDEr": 0.0,
    "METEOR": 0.07355961215563535,
    "SPICE": 0.12903225806451613,
    "BLEU_4": 9.334768232372482e-13
  },
  "1": {
    "BLEU_1": 0.45454545446281003,
    "BLEU_2": 6.741998623375958e-09,
    "ROUGE_L": 0.24629878869448185,
    "CIDEr": 0.0,
    "METEOR": 0.10840108401084013,
    "SPICE": 0.11764705882352941,
    "BLEU_4": 8.913765519636197e-13
  },
  "2": {
    "BLEU_1": 0.33333333327777787,
    "BLEU_2": 5.5048188246934825e-09,
    "ROUGE_L": 0.23828125000000006,
    "CIDEr": 0.0,
    "METEOR": 0.12240437158469944,
    "SPICE": 0.1111111111111111,
    "BLEU_4": 7.617472369343701e-13
  },
  "3": {
    "BLEU_1": 0.11031211279549655,
    "BLEU_2": 3.729230059054939e-09,
    "ROUGE_L": 0.116412213740458,
    "CIDEr": 0.0,
    "METEOR": 0.09679991170053753,
    "SPICE": 0.060606060606060615,
    "BLEU_4": 7.751502103232947e-13
  },
  "4": {
    "BLEU_1": 0.2999999999700001,
    "BLEU_2": 5.773502691286834e-09,
    "ROUGE_L": 0.16991643454039,
    "CIDEr": 0.0,
    "METEOR": 0.17027509420196693,
    "SPICE": 0.11764705882352941,
    "BLEU_4": 8.783602618662196e-13
  },
  "5": {
    "BLEU_1": 0.2999999999700001,
    "BLEU_2": 5.773502691286834e-09,
    "ROUGE_L": 0.16991643454039,
    "CIDEr": 0.0,
    "METEOR": 0.17027509420196693,
    "SPICE": 0.11764705882352941,
    "BLEU_4": 8.783602618662196e-13
  },
  "6": {
    "BLEU_1": 0.2999999999700001,
    "BLEU_2": 5.773502691286834e-09,
    "ROUGE_L": 0.16991643454039,
    "CIDEr": 0.0,
    "METEOR": 0.17027509420196693,
    "SPICE": 0.11764705882352941,
    "BLEU_4": 8.783602618662196e-13
  },
  "7": {
    "BLEU_1": 0.2999999999700001,
    "BLEU_2": 5.773502691286834e-09,
    "ROUGE_L": 0.16991643454039,
    "CIDEr": 0.0,
    "METEOR": 0.17027509420196693,
    "SPICE": 0.11764705882352941,
    "BLEU_4": 8.783602618662196e-13
  },
  "8": {
    "BLEU_1": 0.2999999999700001,
    "BLEU_2": 5.773502691286834e-09,
    "ROUGE_L": 0.16991643454039,
    "CIDEr": 0.0,
    "METEOR": 0.17027509420196693,
    "SPICE": 0.11764705882352941,
    "BLEU_4": 8.783602618662196e-13
  },
  "9": {
    "BLEU_1": 0.2999999999700001,
    "BLEU_2": 5.773502691286834e-09,
    "ROUGE_L": 0.16991643454039,
    "CIDEr": 0.0,
    "METEOR": 0.17027509420196693,
    "SPICE": 0.11764705882352941,
    "BLEU_4": 8.783602618662196e-13
  }
}