{
  "0": {
    "BLEU_1": 0.07243303472703545,
    "BLEU_2": 2.5091539258307054e-09,
    "ROUGE_L": 0.09870550161812298,
    "CIDEr": 0.0,
    "METEOR": 0.10666666666666667,
    "SPICE": 0.07692307692307691,
    "BLEU_4": 5.610638743864012e-13
  },
  "1": {
    "BLEU_1": 0.08067401740663026,
    "BLEU_2": 2.755542281493554e-09,
    "ROUGE_L": 0.0948678071539658,
    "CIDEr": 0.0,
    "METEOR": 0.10457516339869283,
    "SPICE": 0.0,
    "BLEU_4": 5.898775977919029e-13
  },
  "2": {
    "BLEU_1": 0.17794164505308155,
    "BLEU_2": 4.220256667207975e-09,
    "ROUGE_L": 0.09822866344605477,
    "CIDEr": 0.0,
    "METEOR": 0.15094339622641512,
    "SPICE": 0.0,
    "BLEU_4": 7.22108017965573e-13
  },
  "3": {
    "BLEU_1": 0.16134803481326043,
    "BLEU_2": 3.896925266180684e-09,
    "ROUGE_L": 0.0948678071539658,
    "CIDEr": 0.0,
    "METEOR": 0.13139272150322456,
    "SPICE": 0.13793103448275862,
    "BLEU_4": 7.014866362748444e-13
  },
  "4": {
    "BLEU_1": 0.27272727267768604,
    "BLEU_2": 5.222329677697684e-09,
    "ROUGE_L": 0.09090909090909091,
    "CIDEr": 0.0,
    "METEOR": 0.16935448954025736,
    "SPICE": 0.12121212121212122,
    "BLEU_4": 7.845109652856079e-13
  },
  "5": {
    "BLEU_1": 0.33333333331111115,
    "BLEU_2": 4.879500364405748e-09,
    "ROUGE_L": 0.1582360570687419,
    "CIDEr": 0.0,
    "METEOR": 0.18414058201439987,
    "SPICE": 0.16666666666666669,
    "BLEU_4": 6.250381527478681e-13
  },
  "6": {
    "BLEU_1": 0.27777777776234575,
    "BLEU_2": 4.042260417041042e-09,
    "ROUGE_L": 0.13289760348583876,
    "CIDEr": 0.0,
    "METEOR": 0.17308673030062008,
    "SPICE": 0.1111111111111111,
    "BLEU_4": 5.108099332632167e-13
  },
  "7": {
    "BLEU_1": 0.33333333327777787,
    "BLEU_2": 5.5048188246934825e-09,
    "ROUGE_L": 0.15885416666666669,
    "CIDEr": 0.0,
    "METEOR": 0.1333333333333333,
    "SPICE": 0.19354838709677416,
    "BLEU_4": 7.617472369343701e-13
  },
  "8": {
    "BLEU_1": 0.33333333327777787,
    "BLEU_2": 5.5048188246934825e-09,
    "ROUGE_L": 0.15885416666666669,
    "CIDEr": 0.0,
    "METEOR": 0.1333333333333333,
    "SPICE": 0.19354838709677416,
    "BLEU_4": 7.617472369343701e-13
  },
  "9": {
    "BLEU_1": 0.33333333327777787,
    "BLEU_2": 5.5048188246934825e-09,
    "ROUGE_L": 0.15885416666666669,
    "CIDEr": 0.0,
    "METEOR": 0.13186813186813184,
    "SPICE": 0.19354838709677416,
    "BLEU_4": 7.617472369343701e-13
  }
}