{
  "0": {
    "BLEU_1": 0.12383969992892904,
    "BLEU_2": 4.229931026759462e-09,
    "ROUGE_L": 0.13174946004319654,
    "CIDEr": 0.0,
    "METEOR": 0.1227621483375959,
    "SPICE": 0.06896551724137931,
    "BLEU_4": 9.054992803586729e-13
  },
  "1": {
    "BLEU_1": 0.36363636360330587,
    "BLEU_2": 0.19069251783091612,
    "ROUGE_L": 0.216696269982238,
    "CIDEr": 0.0,
    "METEOR": 0.16000000000000003,
    "SPICE": 0.12500000000000003,
    "BLEU_4": 4.740604259372055e-09
  },
  "2": {
    "BLEU_1": 0.30769230766863914,
    "BLEU_2": 0.16012815379225645,
    "ROUGE_L": 0.18798151001540828,
    "CIDEr": 0.0,
    "METEOR": 0.1844882949885357,
    "SPICE": 0.19999999999999998,
    "BLEU_4": 3.9073802491094676e-09
  },
  "3": {
    "BLEU_1": 0.23076923075147937,
    "BLEU_2": 0.1386750490451956,
    "ROUGE_L": 0.18798151001540828,
    "CIDEr": 0.0,
    "METEOR": 0.19771631449143304,
    "SPICE": 0.18749999999999997,
    "BLEU_4": 3.636227046180843e-09
  },
  "4": {
    "BLEU_1": 0.16666666665277785,
    "BLEU_2": 3.892494720468497e-09,
    "ROUGE_L": 0.10374149659863945,
    "CIDEr": 0.0,
    "METEOR": 0.1774107389148067,
    "SPICE": 0.19999999999999998,
    "BLEU_4": 6.40550520920913e-13
  },
  "5": {
    "BLEU_1": 0.18181818180165296,
    "BLEU_2": 4.26401432670519e-09,
    "ROUGE_L": 0.108348134991119,
    "CIDEr": 0.0,
    "METEOR": 0.16494845360824745,
    "SPICE": 0.18749999999999997,
    "BLEU_4": 7.088856801504128e-13
  },
  "6": {
    "BLEU_1": 0.1538461538343196,
    "BLEU_2": 3.5805743699102604e-09,
    "ROUGE_L": 0.09951060358890701,
    "CIDEr": 0.0,
    "METEOR": 0.16000000000000003,
    "SPICE": 0.1818181818181818,
    "BLEU_4": 5.84289629327371e-13
  },
  "7": {
    "BLEU_1": 0.27272727270247943,
    "BLEU_2": 5.222329678172441e-09,
    "ROUGE_L": 0.108348134991119,
    "CIDEr": 0.0,
    "METEOR": 0.16494845360824745,
    "SPICE": 0.18749999999999997,
    "BLEU_4": 7.84510965356927e-13
  },
  "8": {
    "BLEU_1": 0.30769230766863914,
    "BLEU_2": 5.063696835012589e-09,
    "ROUGE_L": 0.18798151001540828,
    "CIDEr": 0.0,
    "METEOR": 0.18352941176470586,
    "SPICE": 0.12500000000000003,
    "BLEU_4": 6.948413844184121e-13
  },
  "9": {
    "BLEU_1": 0.19999999996000015,
    "BLEU_2": 4.714045206941321e-09,
    "ROUGE_L": 0.11338289962825278,
    "CIDEr": 0.0,
    "METEOR": 0.14276923076923076,
    "SPICE": 0.13333333333333333,
    "BLEU_4": 7.936880924342154e-13
  }
}