{
  "0": {
    "BLEU_1": 0.6666666665185187,
    "BLEU_2": 0.2886751345286584,
    "ROUGE_L": 0.31282051282051276,
    "CIDEr": 0.0,
    "METEOR": 0.17671016398513775,
    "SPICE": 0.26666666666666666,
    "BLEU_4": 6.674094717389515e-09
  },
  "1": {
    "BLEU_1": 0.4444444443456792,
    "BLEU_2": 0.23570226034150096,
    "ROUGE_L": 0.2222222222222222,
    "CIDEr": 0.0,
    "METEOR": 0.1564245810055866,
    "SPICE": 0.17391304347826086,
    "BLEU_4": 6.030725358915047e-09
  },
  "2": {
    "BLEU_1": 0.4294155959203306,
    "BLEU_2": 0.2319109274149018,
    "ROUGE_L": 0.24448897795591182,
    "CIDEr": 0.0,
    "METEOR": 0.16470588235294117,
    "SPICE": 0.18604651162790697,
    "BLEU_4": 6.2425357546009905e-09
  },
  "3": {
    "BLEU_1": 0.33093633838648934,
    "BLEU_2": 0.2042583425470713,
    "ROUGE_L": 0.21785714285714283,
    "CIDEr": 0.0,
    "METEOR": 0.09668151000162639,
    "SPICE": 0.13333333333333333,
    "BLEU_4": 5.736753415588487e-09
  },
  "4": {
    "BLEU_1": 0.45454545446281003,
    "BLEU_2": 0.30151134452157297,
    "ROUGE_L": 0.28818897637795277,
    "CIDEr": 0.0,
    "METEOR": 0.1630149889469723,
    "SPICE": 0.16666666666666669,
    "BLEU_4": 5.960994272089826e-09
  },
  "5": {
    "BLEU_1": 0.4999999999000002,
    "BLEU_2": 0.33333333326481496,
    "ROUGE_L": 0.3,
    "CIDEr": 0.0,
    "METEOR": 0.21136941497855505,
    "SPICE": 0.25531914893617025,
    "BLEU_4": 6.674094717574906e-09
  },
  "6": {
    "BLEU_1": 0.44124845123714174,
    "BLEU_2": 0.2790700239856406,
    "ROUGE_L": 0.34078212290502796,
    "CIDEr": 0.0,
    "METEOR": 0.1729948856935522,
    "SPICE": 0.23529411764705885,
    "BLEU_4": 4.272630562476335e-09
  },
  "7": {
    "BLEU_1": 0.5384615384201185,
    "BLEU_2": 0.36689969282327245,
    "ROUGE_L": 0.3719512195121951,
    "CIDEr": 0.0,
    "METEOR": 0.18504170732756559,
    "SPICE": 0.2448979591836735,
    "BLEU_4": 5.914601686329329e-09
  },
  "8": {
    "BLEU_1": 0.545454545355372,
    "BLEU_2": 0.23354968320493186,
    "ROUGE_L": 0.28818897637795277,
    "CIDEr": 0.0,
    "METEOR": 0.1762481041444036,
    "SPICE": 0.26086956521739135,
    "BLEU_4": 5.246341021824447e-09
  },
  "9": {
    "BLEU_1": 0.46153846150295863,
    "BLEU_2": 0.1961161351224697,
    "ROUGE_L": 0.30310559006211174,
    "CIDEr": 0.0,
    "METEOR": 0.20967676443397978,
    "SPICE": 0.25,
    "BLEU_4": 4.324227075083586e-09
  }
}