{
  "0": {
    "BLEU_1": 0.24999999997916675,
    "BLEU_2": 4.767312945812628e-09,
    "ROUGE_L": 0.19551282051282048,
    "CIDEr": 0.0,
    "METEOR": 0.1532539976044301,
    "SPICE": 0.13333333333333333,
    "BLEU_4": 7.08885680157797e-13
  },
  "1": {
    "BLEU_1": 0.19999999998666673,
    "BLEU_2": 3.7796447298312975e-09,
    "ROUGE_L": 0.17453505007153075,
    "CIDEr": 0.0,
    "METEOR": 0.15285442468969826,
    "SPICE": 0.12903225806451615,
    "BLEU_4": 5.501034141770605e-13
  },
  "2": {
    "BLEU_1": 0.24999999998437505,
    "BLEU_2": 0.12909944486524297,
    "ROUGE_L": 0.16850828729281767,
    "CIDEr": 0.0,
    "METEOR": 0.20480461575988174,
    "SPICE": 0.11764705882352941,
    "BLEU_4": 3.0934588292167494e-09
  },
  "3": {
    "BLEU_1": 0.3999999999200002,
    "BLEU_2": 0.21081851063455723,
    "ROUGE_L": 0.21254355400696867,
    "CIDEr": 0.0,
    "METEOR": 0.14005334697942043,
    "SPICE": 0.14814814814814814,
    "BLEU_4": 5.307712169906119e-09
  },
  "4": {
    "BLEU_1": 0.23076923075147937,
    "BLEU_2": 4.385290096183762e-09,
    "ROUGE_L": 0.18798151001540828,
    "CIDEr": 0.0,
    "METEOR": 0.13307007539475504,
    "SPICE": 0.13333333333333333,
    "BLEU_4": 6.466227686450042e-13
  },
  "5": {
    "BLEU_1": 0.23076923075147937,
    "BLEU_2": 4.385290096183762e-09,
    "ROUGE_L": 0.18798151001540828,
    "CIDEr": 0.0,
    "METEOR": 0.17341899728922355,
    "SPICE": 0.13333333333333333,
    "BLEU_4": 6.466227686450042e-13
  },
  "6": {
    "BLEU_1": 0.27272727267768604,
    "BLEU_2": 5.222329677697684e-09,
    "ROUGE_L": 0.2036727879799666,
    "CIDEr": 0.0,
    "METEOR": 0.13836932618481165,
    "SPICE": 0.06666666666666667,
    "BLEU_4": 7.845109652856079e-13
  },
  "7": {
    "BLEU_1": 0.24999999997916675,
    "BLEU_2": 4.767312945812628e-09,
    "ROUGE_L": 0.19551282051282048,
    "CIDEr": 0.0,
    "METEOR": 0.13392491527951797,
    "SPICE": 0.13793103448275862,
    "BLEU_4": 7.08885680157797e-13
  },
  "8": {
    "BLEU_1": 0.24999999997916675,
    "BLEU_2": 4.767312945812628e-09,
    "ROUGE_L": 0.19551282051282048,
    "CIDEr": 0.0,
    "METEOR": 0.17453303795703443,
    "SPICE": 0.13793103448275862,
    "BLEU_4": 7.08885680157797e-13
  },
  "9": {
    "BLEU_1": 0.27272727267768604,
    "BLEU_2": 5.222329677697684e-09,
    "ROUGE_L": 0.2036727879799666,
    "CIDEr": 0.0,
    "METEOR": 0.1365566275885041,
    "SPICE": 0.14285714285714285,
    "BLEU_4": 7.845109652856079e-13
  }
}