{
  "0": {
    "BLEU_1": 0.7777777776049386,
    "BLEU_2": 0.6236095643194133,
    "ROUGE_L": 0.4911433172302737,
    "CIDEr": 0.0,
    "METEOR": 0.32567802726984474,
    "SPICE": 0.2,
    "BLEU_4": 5.51625153137941e-05
  },
  "1": {
    "BLEU_1": 0.5999999999400001,
    "BLEU_2": 0.5163977794398137,
    "ROUGE_L": 0.6376306620209059,
    "CIDEr": 0.0,
    "METEOR": 0.34385656456083713,
    "SPICE": 0.19354838709677416,
    "BLEU_4": 0.41113361685128985
  },
  "2": {
    "BLEU_1": 0.6666666665185187,
    "BLEU_2": 0.5773502690573166,
    "ROUGE_L": 0.6666666666666666,
    "CIDEr": 0.0,
    "METEOR": 0.45604288482176175,
    "SPICE": 0.19354838709677416,
    "BLEU_4": 0.46713797761257436
  },
  "3": {
    "BLEU_1": 0.7499999998125003,
    "BLEU_2": 0.7319250545218838,
    "ROUGE_L": 0.6984732824427481,
    "CIDEr": 0.0,
    "METEOR": 0.39461047956400247,
    "SPICE": 0.2,
    "BLEU_4": 0.6803749331241451
  },
  "4": {
    "BLEU_1": 0.7499999998125003,
    "BLEU_2": 0.7319250545218838,
    "ROUGE_L": 0.6984732824427481,
    "CIDEr": 0.0,
    "METEOR": 0.5155698826381114,
    "SPICE": 0.2,
    "BLEU_4": 0.6803749331241451
  },
  "5": {
    "BLEU_1": 0.6666666665185187,
    "BLEU_2": 0.6454972242199767,
    "ROUGE_L": 0.6666666666666666,
    "CIDEr": 0.0,
    "METEOR": 0.39160583124244913,
    "SPICE": 0.2,
    "BLEU_4": 0.5873949093245298
  },
  "6": {
    "BLEU_1": 0.6666666666111113,
    "BLEU_2": 0.49236596387443554,
    "ROUGE_L": 0.5865384615384615,
    "CIDEr": 0.0,
    "METEOR": 0.3419875814953085,
    "SPICE": 0.24242424242424243,
    "BLEU_4": 4.817712540506573e-05
  },
  "7": {
    "BLEU_1": 0.42857142854081637,
    "BLEU_2": 0.36313651957434556,
    "ROUGE_L": 0.543026706231454,
    "CIDEr": 0.0,
    "METEOR": 0.33237668927529984,
    "SPICE": 0.19354838709677416,
    "BLEU_4": 3.759663529163807e-05
  },
  "8": {
    "BLEU_1": 0.388888888867284,
    "BLEU_2": 0.2619684159828101,
    "ROUGE_L": 0.3940568475452197,
    "CIDEr": 0.0,
    "METEOR": 0.29459802944108177,
    "SPICE": 0.27777777777777773,
    "BLEU_4": 2.312446301793853e-05
  },
  "9": {
    "BLEU_1": 0.42857142854081637,
    "BLEU_2": 0.36313651957434556,
    "ROUGE_L": 0.543026706231454,
    "CIDEr": 0.0,
    "METEOR": 0.33237668927529984,
    "SPICE": 0.19354838709677416,
    "BLEU_4": 3.759663529163807e-05
  }
}