{
  "0": {
    "BLEU_1": 0.12383969992892904,
    "BLEU_2": 4.229931026759462e-09,
    "ROUGE_L": 0.12224448897795591,
    "CIDEr": 0.0,
    "METEOR": 0.22222222222222224,
    "SPICE": 0.1739130434782609,
    "BLEU_4": 9.054992803586729e-13
  },
  "1": {
    "BLEU_1": 0.09999999998000014,
    "BLEU_2": 3.333333332648151e-09,
    "ROUGE_L": 0.10627177700348434,
    "CIDEr": 0.0,
    "METEOR": 0.20356234096692113,
    "SPICE": 0.2,
    "BLEU_4": 6.674094717574907e-13
  },
  "2": {
    "BLEU_1": 1.2383969992892892e-16,
    "BLEU_2": 1.3376216389974536e-16,
    "ROUGE_L": 0.0,
    "CIDEr": 0.0,
    "METEOR": 0.13223140495867766,
    "SPICE": 0.08333333333333334,
    "BLEU_4": 1.61023072606689e-16
  },
  "3": {
    "BLEU_1": 1.2383969992892892e-16,
    "BLEU_2": 1.3376216389974536e-16,
    "ROUGE_L": 0.0,
    "CIDEr": 0.0,
    "METEOR": 0.13223140495867766,
    "SPICE": 0.08333333333333334,
    "BLEU_4": 1.61023072606689e-16
  },
  "4": {
    "BLEU_1": 1.2383969992892892e-16,
    "BLEU_2": 1.3376216389974536e-16,
    "ROUGE_L": 0.0,
    "CIDEr": 0.0,
    "METEOR": 0.13223140495867766,
    "SPICE": 0.08333333333333334,
    "BLEU_4": 1.61023072606689e-16
  },
  "5": {
    "BLEU_1": 1.2499999996875005e-16,
    "BLEU_2": 1.3363062092161143e-16,
    "ROUGE_L": 0.0,
    "CIDEr": 0.0,
    "METEOR": 0.1290322580645161,
    "SPICE": 0.08000000000000002,
    "BLEU_4": 1.561969968017105e-16
  },
  "6": {
    "BLEU_1": 0.12383969992892904,
    "BLEU_2": 4.229931026759462e-09,
    "ROUGE_L": 0.12224448897795591,
    "CIDEr": 0.0,
    "METEOR": 0.19834710743801653,
    "SPICE": 0.16666666666666669,
    "BLEU_4": 9.054992803586729e-13
  },
  "7": {
    "BLEU_1": 0.1194218850558244,
    "BLEU_2": 4.136895448977816e-09,
    "ROUGE_L": 0.12869198312236285,
    "CIDEr": 0.0,
    "METEOR": 0.13559322033898305,
    "SPICE": 0.08695652173913045,
    "BLEU_4": 9.250379439222845e-13
  },
  "8": {
    "BLEU_1": 0.1194218850558244,
    "BLEU_2": 4.136895448977816e-09,
    "ROUGE_L": 0.12869198312236285,
    "CIDEr": 0.0,
    "METEOR": 0.2,
    "SPICE": 0.16666666666666669,
    "BLEU_4": 9.250379439222845e-13
  },
  "9": {
    "BLEU_1": 0.0919698602468758,
    "BLEU_2": 3.3582644710475053e-09,
    "ROUGE_L": 0.14386792452830188,
    "CIDEr": 0.0,
    "METEOR": 0.14035087719298242,
    "SPICE": 0.09090909090909091,
    "BLEU_4": 9.346579564396796e-13
  }
}