{
  "0": {
    "BLEU_1": 0.21470779796016531,
    "BLEU_2": 5.1856859842473975e-09,
    "ROUGE_L": 0.22803738317757008,
    "CIDEr": 0.0,
    "METEOR": 0.09580838323353294,
    "SPICE": 0.16666666666666666,
    "BLEU_4": 9.334768232372482e-13
  },
  "1": {
    "BLEU_1": 0.22222222217283966,
    "BLEU_2": 5.270462765739487e-09,
    "ROUGE_L": 0.20854700854700853,
    "CIDEr": 0.0,
    "METEOR": 0.10666666666666667,
    "SPICE": 0.15384615384615383,
    "BLEU_4": 9.018037815333522e-13
  },
  "2": {
    "BLEU_1": 0.23076923075147937,
    "BLEU_2": 4.385290096183762e-09,
    "ROUGE_L": 0.2671532846715329,
    "CIDEr": 0.0,
    "METEOR": 0.1771622463703782,
    "SPICE": 0.20689655172413793,
    "BLEU_4": 6.466227686450042e-13
  },
  "3": {
    "BLEU_1": 0.24999999998437505,
    "BLEU_2": 0.12909944486524297,
    "ROUGE_L": 0.32105263157894737,
    "CIDEr": 0.0,
    "METEOR": 0.13691931540342298,
    "SPICE": 0.14285714285714285,
    "BLEU_4": 3.0934588292167494e-09
  },
  "4": {
    "BLEU_1": 0.1538461538343196,
    "BLEU_2": 3.5805743699102604e-09,
    "ROUGE_L": 0.1781021897810219,
    "CIDEr": 0.0,
    "METEOR": 0.1740722071894995,
    "SPICE": 0.20000000000000004,
    "BLEU_4": 5.84289629327371e-13
  },
  "5": {
    "BLEU_1": 0.07142857142346946,
    "BLEU_2": 2.344036154518608e-09,
    "ROUGE_L": 0.08591549295774649,
    "CIDEr": 0.0,
    "METEOR": 0.08000000000000002,
    "SPICE": 0.14814814814814817,
    "BLEU_4": 4.516881220590475e-13
  },
  "6": {
    "BLEU_1": 0.09999999998000014,
    "BLEU_2": 3.333333332648151e-09,
    "ROUGE_L": 0.1,
    "CIDEr": 0.0,
    "METEOR": 0.08579088471849866,
    "SPICE": 0.07142857142857142,
    "BLEU_4": 6.674094717574907e-13
  },
  "7": {
    "BLEU_1": 0.18181818180165296,
    "BLEU_2": 4.26401432670519e-09,
    "ROUGE_L": 0.1921259842519685,
    "CIDEr": 0.0,
    "METEOR": 0.10810810810810811,
    "SPICE": 0.14285714285714285,
    "BLEU_4": 7.088856801504128e-13
  },
  "8": {
    "BLEU_1": 0.19999999996000015,
    "BLEU_2": 4.714045206941321e-09,
    "ROUGE_L": 0.2,
    "CIDEr": 0.0,
    "METEOR": 0.1098901098901099,
    "SPICE": 0.07407407407407408,
    "BLEU_4": 7.936880924342154e-13
  },
  "9": {
    "BLEU_1": 1.0735389898008262e-16,
    "BLEU_2": 1.1595546370745083e-16,
    "ROUGE_L": 0.0,
    "CIDEr": 0.0,
    "METEOR": 0.09169054441260746,
    "SPICE": 0.08695652173913045,
    "BLEU_4": 1.3958734299260755e-16
  }
}