{
  "0": {
    "BLEU_1": 0.3422780792409688,
    "BLEU_2": 0.18747342493669486,
    "ROUGE_L": 0.31443298969072164,
    "CIDEr": 0.0,
    "METEOR": 0.12966681444119013,
    "SPICE": 0.07142857142857144,
    "BLEU_4": 5.271202710558196e-09
  },
  "1": {
    "BLEU_1": 0.4867504892979407,
    "BLEU_2": 0.23271124416448763,
    "ROUGE_L": 0.28955696202531644,
    "CIDEr": 0.0,
    "METEOR": 0.13820617896452897,
    "SPICE": 0.06666666666666667,
    "BLEU_4": 5.752300427890898e-09
  },
  "2": {
    "BLEU_1": 0.695986135145402,
    "BLEU_2": 0.48326846480711544,
    "ROUGE_L": 0.2785388127853881,
    "CIDEr": 0.0,
    "METEOR": 0.2065979106740547,
    "SPICE": 0.1290322580645161,
    "BLEU_4": 8.168727984007116e-09
  },
  "3": {
    "BLEU_1": 0.5999999998800002,
    "BLEU_2": 0.3651483715950527,
    "ROUGE_L": 0.28328173374613,
    "CIDEr": 0.0,
    "METEOR": 0.19348644537613183,
    "SPICE": 0.06451612903225805,
    "BLEU_4": 3.9281465081419535e-05
  },
  "4": {
    "BLEU_1": 0.5714285713877553,
    "BLEU_2": 0.3631365195743456,
    "ROUGE_L": 0.3270777479892761,
    "CIDEr": 0.0,
    "METEOR": 0.19687090988944414,
    "SPICE": 0.05714285714285715,
    "BLEU_4": 3.1614875842339754e-05
  },
  "5": {
    "BLEU_1": 0.5833333332361111,
    "BLEU_2": 0.23028309319666648,
    "ROUGE_L": 0.3505747126436781,
    "CIDEr": 0.0,
    "METEOR": 0.23408772018506926,
    "SPICE": 0.12121212121212123,
    "BLEU_4": 4.926862020234039e-09
  },
  "6": {
    "BLEU_1": 0.5714285713877553,
    "BLEU_2": 0.20965696732883235,
    "ROUGE_L": 0.3270777479892761,
    "CIDEr": 0.0,
    "METEOR": 0.2712623927808506,
    "SPICE": 0.16666666666666663,
    "BLEU_4": 4.271802513237464e-09
  },
  "7": {
    "BLEU_1": 0.46153846150295863,
    "BLEU_2": 0.1961161351224697,
    "ROUGE_L": 0.2417437252311757,
    "CIDEr": 0.0,
    "METEOR": 0.26972694527454394,
    "SPICE": 0.24242424242424246,
    "BLEU_4": 4.324227075083586e-09
  },
  "8": {
    "BLEU_1": 0.6153846153372783,
    "BLEU_2": 0.32025630758451284,
    "ROUGE_L": 0.2538141470180305,
    "CIDEr": 0.0,
    "METEOR": 0.30249703651779625,
    "SPICE": 0.25000000000000006,
    "BLEU_4": 5.5258701416393705e-09
  },
  "9": {
    "BLEU_1": 0.43478260867674867,
    "BLEU_2": 0.1405803892726323,
    "ROUGE_L": 0.18846549948506694,
    "CIDEr": 0.0,
    "METEOR": 0.2605627672125228,
    "SPICE": 0.20512820512820512,
    "BLEU_4": 2.619087743276261e-09
  }
}