{
  "0": {
    "BLEU_1": 0.2669124675796223,
    "BLEU_2": 5.168737709119127e-09,
    "ROUGE_L": 0.09822866344605477,
    "CIDEr": 0.0,
    "METEOR": 0.12723317367760545,
    "SPICE": 0.11764705882352941,
    "BLEU_4": 7.991438875531345e-13
  },
  "1": {
    "BLEU_1": 0.1718223196547876,
    "BLEU_2": 4.107339043435355e-09,
    "ROUGE_L": 0.09651898734177215,
    "CIDEr": 0.0,
    "METEOR": 0.10071942446043165,
    "SPICE": 0.11428571428571428,
    "BLEU_4": 7.179095782155307e-13
  },
  "2": {
    "BLEU_1": 0.1809674835709985,
    "BLEU_2": 4.265444493553575e-09,
    "ROUGE_L": 0.08944281524926685,
    "CIDEr": 0.0,
    "METEOR": 0.09859154929577466,
    "SPICE": 0.11428571428571428,
    "BLEU_4": 7.181586842840614e-13
  },
  "3": {
    "BLEU_1": 0.1809674835709985,
    "BLEU_2": 4.265444493553575e-09,
    "ROUGE_L": 0.08944281524926685,
    "CIDEr": 0.0,
    "METEOR": 0.11267605633802819,
    "SPICE": 0.1111111111111111,
    "BLEU_4": 7.181586842840614e-13
  },
  "4": {
    "BLEU_1": 0.09090909089256209,
    "BLEU_2": 3.0151134452157307e-09,
    "ROUGE_L": 0.08628005657708629,
    "CIDEr": 0.0,
    "METEOR": 0.05545927209705373,
    "SPICE": 0.05405405405405406,
    "BLEU_4": 5.960994272089826e-13
  },
  "5": {
    "BLEU_1": 0.16666666663888896,
    "BLEU_2": 3.8924947201441226e-09,
    "ROUGE_L": 0.08333333333333333,
    "CIDEr": 0.0,
    "METEOR": 0.13793103448275865,
    "SPICE": 0.10526315789473684,
    "BLEU_4": 6.405505208675338e-13
  },
  "6": {
    "BLEU_1": 0.09048374178549932,
    "BLEU_2": 3.016124726166553e-09,
    "ROUGE_L": 0.08090185676392574,
    "CIDEr": 0.0,
    "METEOR": 0.1234991423670669,
    "SPICE": 0.05405405405405406,
    "BLEU_4": 6.038970631977915e-13
  },
  "7": {
    "BLEU_1": 0.09048374178549932,
    "BLEU_2": 3.016124726166553e-09,
    "ROUGE_L": 0.08944281524926685,
    "CIDEr": 0.0,
    "METEOR": 0.09655172413793106,
    "SPICE": 0.10526315789473684,
    "BLEU_4": 6.038970631977915e-13
  },
  "8": {
    "BLEU_1": 0.17794164505308155,
    "BLEU_2": 4.220256667207975e-09,
    "ROUGE_L": 0.0928462709284627,
    "CIDEr": 0.0,
    "METEOR": 0.09911504424778761,
    "SPICE": 0.1111111111111111,
    "BLEU_4": 7.22108017965573e-13
  },
  "9": {
    "BLEU_1": 0.18181818178512404,
    "BLEU_2": 4.2640143263175525e-09,
    "ROUGE_L": 0.08628005657708629,
    "CIDEr": 0.0,
    "METEOR": 0.137221269296741,
    "SPICE": 0.10526315789473684,
    "BLEU_4": 7.088856800859686e-13
  }
}