{
  "0": {
    "BLEU_1": 0.4999999998750002,
    "BLEU_2": 8.451542545096823e-09,
    "ROUGE_L": 0.1930379746835443,
    "CIDEr": 0.0,
    "METEOR": 0.2267206477732794,
    "SPICE": 0.2,
    "BLEU_4": 1.2421889947772103e-12
  },
  "1": {
    "BLEU_1": 0.16666666663888896,
    "BLEU_2": 3.8924947201441226e-09,
    "ROUGE_L": 0.16666666666666666,
    "CIDEr": 0.0,
    "METEOR": 0.1056603773584906,
    "SPICE": 0.16,
    "BLEU_4": 6.405505208675338e-13
  },
  "2": {
    "BLEU_1": 0.18749999998828132,
    "BLEU_2": 3.535533905704402e-09,
    "ROUGE_L": 0.14663461538461536,
    "CIDEr": 0.0,
    "METEOR": 0.15346358792184725,
    "SPICE": 0.14285714285714288,
    "BLEU_4": 5.119289102444937e-13
  },
  "3": {
    "BLEU_1": 0.14285714284693884,
    "BLEU_2": 3.31496772041309e-09,
    "ROUGE_L": 0.15601023017902813,
    "CIDEr": 0.0,
    "METEOR": 0.11743119266055047,
    "SPICE": 0.14814814814814817,
    "BLEU_4": 5.371507285148366e-13
  },
  "4": {
    "BLEU_1": 0.1538461538343196,
    "BLEU_2": 3.5805743699102604e-09,
    "ROUGE_L": 0.16116248348745044,
    "CIDEr": 0.0,
    "METEOR": 0.11808118081180813,
    "SPICE": 0.15384615384615385,
    "BLEU_4": 5.84289629327371e-13
  },
  "5": {
    "BLEU_1": 0.1538461538343196,
    "BLEU_2": 3.5805743699102604e-09,
    "ROUGE_L": 0.09951060358890701,
    "CIDEr": 0.0,
    "METEOR": 0.16417910447761194,
    "SPICE": 0.16,
    "BLEU_4": 5.84289629327371e-13
  },
  "6": {
    "BLEU_1": 0.16666666663888896,
    "BLEU_2": 3.8924947201441226e-09,
    "ROUGE_L": 0.10374149659863945,
    "CIDEr": 0.0,
    "METEOR": 0.1651031894934334,
    "SPICE": 0.16,
    "BLEU_4": 6.405505208675338e-13
  },
  "7": {
    "BLEU_1": 0.16666666663888896,
    "BLEU_2": 3.8924947201441226e-09,
    "ROUGE_L": 0.10374149659863945,
    "CIDEr": 0.0,
    "METEOR": 0.1651031894934334,
    "SPICE": 0.16,
    "BLEU_4": 6.405505208675338e-13
  },
  "8": {
    "BLEU_1": 0.19999999996000015,
    "BLEU_2": 4.714045206941321e-09,
    "ROUGE_L": 0.08944281524926685,
    "CIDEr": 0.0,
    "METEOR": 0.13980582524271845,
    "SPICE": 0.17391304347826086,
    "BLEU_4": 7.936880924342154e-13
  },
  "9": {
    "BLEU_1": 0.36363636357024803,
    "BLEU_2": 0.19069251781358043,
    "ROUGE_L": 0.17256011315417258,
    "CIDEr": 0.0,
    "METEOR": 0.140625,
    "SPICE": 0.09090909090909093,
    "BLEU_4": 4.740604258941092e-09
  }
}