{
  "0": {
    "BLEU_1": 0.33093633838648934,
    "BLEU_2": 0.2042583425470713,
    "ROUGE_L": 0.3267857142857143,
    "CIDEr": 0.0,
    "METEOR": 0.18111644625506373,
    "SPICE": 0.0,
    "BLEU_4": 5.736753415588487e-09
  },
  "1": {
    "BLEU_1": 0.22222222217283966,
    "BLEU_2": 5.270462765739487e-09,
    "ROUGE_L": 0.20854700854700853,
    "CIDEr": 0.0,
    "METEOR": 0.15275248465890157,
    "SPICE": 0.1212121212121212,
    "BLEU_4": 9.018037815333522e-13
  },
  "2": {
    "BLEU_1": 0.3999999999200002,
    "BLEU_2": 6.666666665296299e-09,
    "ROUGE_L": 0.3,
    "CIDEr": 0.0,
    "METEOR": 0.16202531645569618,
    "SPICE": 0.05714285714285715,
    "BLEU_4": 9.438595266157062e-13
  },
  "3": {
    "BLEU_1": 0.22062422559099293,
    "BLEU_2": 5.273927726724911e-09,
    "ROUGE_L": 0.21785714285714283,
    "CIDEr": 0.0,
    "METEOR": 0.15275248465890157,
    "SPICE": 0.0625,
    "BLEU_4": 9.218141453123176e-13
  },
  "4": {
    "BLEU_1": 0.29999999994000015,
    "BLEU_2": 0.1825741857975264,
    "ROUGE_L": 0.3,
    "CIDEr": 0.0,
    "METEOR": 0.17561417447009978,
    "SPICE": 0.1176470588235294,
    "BLEU_4": 4.939382736029984e-09
  },
  "5": {
    "BLEU_1": 0.22062422559099293,
    "BLEU_2": 5.273927726724911e-09,
    "ROUGE_L": 0.21785714285714283,
    "CIDEr": 0.0,
    "METEOR": 0.10443864229765012,
    "SPICE": 0.0,
    "BLEU_4": 9.218141453123176e-13
  },
  "6": {
    "BLEU_1": 0.3999999999200002,
    "BLEU_2": 6.666666665296299e-09,
    "ROUGE_L": 0.3,
    "CIDEr": 0.0,
    "METEOR": 0.16202531645569618,
    "SPICE": 0.05714285714285715,
    "BLEU_4": 9.438595266157062e-13
  },
  "7": {
    "BLEU_1": 0.29999999994000015,
    "BLEU_2": 5.773502690709485e-09,
    "ROUGE_L": 0.2,
    "CIDEr": 0.0,
    "METEOR": 0.14814688210637186,
    "SPICE": 0.0588235294117647,
    "BLEU_4": 8.783602617783837e-13
  },
  "8": {
    "BLEU_1": 0.36363636360330587,
    "BLEU_2": 6.03022689097966e-09,
    "ROUGE_L": 0.28818897637795277,
    "CIDEr": 0.0,
    "METEOR": 0.15841584158415842,
    "SPICE": 0.2285714285714286,
    "BLEU_4": 8.430118945584141e-13
  },
  "9": {
    "BLEU_1": 0.22222222217283966,
    "BLEU_2": 5.270462765739487e-09,
    "ROUGE_L": 0.20854700854700853,
    "CIDEr": 0.0,
    "METEOR": 0.13877551020408163,
    "SPICE": 0.0,
    "BLEU_4": 9.018037815333522e-13
  }
}