{
  "0": {
    "BLEU_1": 0.29999999994000015,
    "BLEU_2": 0.1825741857975264,
    "ROUGE_L": 0.21254355400696867,
    "CIDEr": 0.0,
    "METEOR": 0.1628722276967054,
    "SPICE": 0.18181818181818182,
    "BLEU_4": 4.939382736029984e-09
  },
  "1": {
    "BLEU_1": 0.1538461538343196,
    "BLEU_2": 3.5805743699102604e-09,
    "ROUGE_L": 0.09399075500770414,
    "CIDEr": 0.0,
    "METEOR": 0.0921987041036717,
    "SPICE": 0.11428571428571427,
    "BLEU_4": 5.84289629327371e-13
  },
  "2": {
    "BLEU_1": 0.07142857142346946,
    "BLEU_2": 2.344036154518608e-09,
    "ROUGE_L": 0.09050445103857567,
    "CIDEr": 0.0,
    "METEOR": 0.08901493035282342,
    "SPICE": 0.057142857142857134,
    "BLEU_4": 4.516881220590475e-13
  },
  "3": {
    "BLEU_1": 0.28571428569387763,
    "BLEU_2": 0.14824986332122378,
    "ROUGE_L": 0.271513353115727,
    "CIDEr": 0.0,
    "METEOR": 0.20554063823748683,
    "SPICE": 0.1714285714285714,
    "BLEU_4": 3.592143420053192e-09
  },
  "4": {
    "BLEU_1": 0.14285714284693884,
    "BLEU_2": 3.31496772041309e-09,
    "ROUGE_L": 0.09050445103857567,
    "CIDEr": 0.0,
    "METEOR": 0.10875339140368412,
    "SPICE": 0.057142857142857134,
    "BLEU_4": 5.371507285148366e-13
  },
  "5": {
    "BLEU_1": 0.09523809523356014,
    "BLEU_2": 2.1821789022534134e-09,
    "ROUGE_L": 0.071849234393404,
    "CIDEr": 0.0,
    "METEOR": 0.07941657984819168,
    "SPICE": 0.04761904761904762,
    "BLEU_4": 3.435094189227651e-13
  },
  "6": {
    "BLEU_1": 0.17647058822491354,
    "BLEU_2": 3.3210558205738968e-09,
    "ROUGE_L": 0.0814419225634179,
    "CIDEr": 0.0,
    "METEOR": 0.10202277294038847,
    "SPICE": 0.05405405405405405,
    "BLEU_4": 4.787218652070603e-13
  },
  "7": {
    "BLEU_1": 0.1333333333244445,
    "BLEU_2": 3.0860669990287532e-09,
    "ROUGE_L": 0.08726752503576538,
    "CIDEr": 0.0,
    "METEOR": 0.08701182225845903,
    "SPICE": 0.05555555555555555,
    "BLEU_4": 4.970745472430083e-13
  },
  "8": {
    "BLEU_1": 0.19999999998666673,
    "BLEU_2": 3.7796447298312975e-09,
    "ROUGE_L": 0.08726752503576538,
    "CIDEr": 0.0,
    "METEOR": 0.16063277266879497,
    "SPICE": 0.1081081081081081,
    "BLEU_4": 5.501034141770605e-13
  },
  "9": {
    "BLEU_1": 0.2857142857006803,
    "BLEU_2": 0.11952286092760558,
    "ROUGE_L": 0.287396937573616,
    "CIDEr": 0.0,
    "METEOR": 0.2400355816536196,
    "SPICE": 0.19999999999999998,
    "BLEU_4": 2.5422541412587532e-09
  }
}