{
  "0": {
    "BLEU_1": 0.6249999998437503,
    "BLEU_2": 0.5175491693727575,
    "ROUGE_L": 0.3930412371134021,
    "CIDEr": 0.0,
    "METEOR": 0.16965019510470378,
    "SPICE": 0.1764705882352941,
    "BLEU_4": 0.36555522275082986
  },
  "1": {
    "BLEU_1": 0.47768754022329724,
    "BLEU_2": 0.2616402412150957,
    "ROUGE_L": 0.3360881542699724,
    "CIDEr": 0.0,
    "METEOR": 0.10889732953797396,
    "SPICE": 0.0,
    "BLEU_4": 7.356555998002494e-09
  },
  "2": {
    "BLEU_1": 0.36363636357024803,
    "BLEU_2": 0.19069251781358043,
    "ROUGE_L": 0.28672150411280845,
    "CIDEr": 0.0,
    "METEOR": 0.10171202187051233,
    "SPICE": 0.0,
    "BLEU_4": 4.740604258941092e-09
  },
  "3": {
    "BLEU_1": 0.6999999998600002,
    "BLEU_2": 0.27888667545403206,
    "ROUGE_L": 0.3342465753424658,
    "CIDEr": 0.0,
    "METEOR": 0.17435531082639547,
    "SPICE": 0.05714285714285715,
    "BLEU_4": 6.1047358344663795e-09
  },
  "4": {
    "BLEU_1": 0.636363636247934,
    "BLEU_2": 0.25226248950774416,
    "ROUGE_L": 0.32317880794701986,
    "CIDEr": 0.0,
    "METEOR": 0.1730209589578261,
    "SPICE": 0.16666666666666669,
    "BLEU_4": 5.452469118553107e-09
  },
  "5": {
    "BLEU_1": 0.5833333332361111,
    "BLEU_2": 0.23028309319666648,
    "ROUGE_L": 0.31282051282051276,
    "CIDEr": 0.0,
    "METEOR": 0.16913769553982005,
    "SPICE": 0.16216216216216214,
    "BLEU_4": 4.926862020234039e-09
  },
  "6": {
    "BLEU_1": 0.5833333332361111,
    "BLEU_2": 0.23028309319666648,
    "ROUGE_L": 0.31282051282051276,
    "CIDEr": 0.0,
    "METEOR": 0.16913769553982005,
    "SPICE": 0.16216216216216214,
    "BLEU_4": 4.926862020234039e-09
  },
  "7": {
    "BLEU_1": 0.5833333332361111,
    "BLEU_2": 0.23028309319666648,
    "ROUGE_L": 0.31282051282051276,
    "CIDEr": 0.0,
    "METEOR": 0.16913769553982005,
    "SPICE": 0.16216216216216214,
    "BLEU_4": 4.926862020234039e-09
  },
  "8": {
    "BLEU_1": 0.5833333332361111,
    "BLEU_2": 0.23028309319666648,
    "ROUGE_L": 0.31282051282051276,
    "CIDEr": 0.0,
    "METEOR": 0.16913769553982005,
    "SPICE": 0.16216216216216214,
    "BLEU_4": 4.926862020234039e-09
  },
  "9": {
    "BLEU_1": 0.5833333332361111,
    "BLEU_2": 0.23028309319666648,
    "ROUGE_L": 0.31282051282051276,
    "CIDEr": 0.0,
    "METEOR": 0.16913769553982005,
    "SPICE": 0.16216216216216214,
    "BLEU_4": 4.926862020234039e-09
  }
}