{
  "0": {
    "BLEU_1": 0.7777777776913581,
    "BLEU_2": 0.6236095643887031,
    "ROUGE_L": 0.6414300736067298,
    "CIDEr": 0.0,
    "METEOR": 0.3469911990541541,
    "SPICE": 0.4137931034482759,
    "BLEU_4": 5.516251531992326e-05
  },
  "1": {
    "BLEU_1": 0.7238699342839938,
    "BLEU_2": 0.4672560333810984,
    "ROUGE_L": 0.5,
    "CIDEr": 0.0,
    "METEOR": 0.2709189569250673,
    "SPICE": 0.3225806451612903,
    "BLEU_4": 7.516501146312996e-09
  },
  "2": {
    "BLEU_1": 0.5714285713877553,
    "BLEU_2": 0.3631365195743456,
    "ROUGE_L": 0.42957746478873243,
    "CIDEr": 0.0,
    "METEOR": 0.25430382498417736,
    "SPICE": 0.2857142857142857,
    "BLEU_4": 5.622008276136972e-09
  },
  "3": {
    "BLEU_1": 0.6666666665555557,
    "BLEU_2": 0.4264014326385389,
    "ROUGE_L": 0.46212121212121204,
    "CIDEr": 0.0,
    "METEOR": 0.2623485857042392,
    "SPICE": 0.30303030303030304,
    "BLEU_4": 6.704226836958771e-09
  },
  "4": {
    "BLEU_1": 0.6153846153372783,
    "BLEU_2": 0.3922322702449393,
    "ROUGE_L": 0.44525547445255476,
    "CIDEr": 0.0,
    "METEOR": 0.2609726315834128,
    "SPICE": 0.2941176470588235,
    "BLEU_4": 6.115380576364146e-09
  },
  "5": {
    "BLEU_1": 0.6153846153372783,
    "BLEU_2": 0.3922322702449393,
    "ROUGE_L": 0.44525547445255476,
    "CIDEr": 0.0,
    "METEOR": 0.25826357312406933,
    "SPICE": 0.2941176470588235,
    "BLEU_4": 6.115380576364146e-09
  },
  "6": {
    "BLEU_1": 0.5294117646747406,
    "BLEU_2": 0.31506301888719,
    "ROUGE_L": 0.3885350318471337,
    "CIDEr": 0.0,
    "METEOR": 0.2592642816616299,
    "SPICE": 0.27027027027027023,
    "BLEU_4": 4.662768902073827e-09
  },
  "7": {
    "BLEU_1": 0.5624999999648439,
    "BLEU_2": 0.3354101966033067,
    "ROUGE_L": 0.4013157894736842,
    "CIDEr": 0.0,
    "METEOR": 0.25301075468764767,
    "SPICE": 0.2777777777777778,
    "BLEU_4": 4.986206764815564e-09
  },
  "8": {
    "BLEU_1": 0.5384615384201185,
    "BLEU_2": 0.36689969282327245,
    "ROUGE_L": 0.44525547445255476,
    "CIDEr": 0.0,
    "METEOR": 0.24353540203664104,
    "SPICE": 0.2941176470588235,
    "BLEU_4": 3.3260249502635095e-05
  },
  "9": {
    "BLEU_1": 0.4999999999642858,
    "BLEU_2": 0.33968311021818254,
    "ROUGE_L": 0.42957746478873243,
    "CIDEr": 0.0,
    "METEOR": 0.24478644006080186,
    "SPICE": 0.2857142857142857,
    "BLEU_4": 5.437427681788999e-09
  }
}