{
  "0": {
    "BLEU_1": 0.1194218850558244,
    "BLEU_2": 4.136895448977816e-09,
    "ROUGE_L": 0.09327217125382263,
    "CIDEr": 0.0,
    "METEOR": 0.10020876826722339,
    "SPICE": 0.12903225806451613,
    "BLEU_4": 9.250379439222845e-13
  },
  "1": {
    "BLEU_1": 0.2999999999700001,
    "BLEU_2": 5.773502691286834e-09,
    "ROUGE_L": 0.16180371352785147,
    "CIDEr": 0.0,
    "METEOR": 0.1126760563380282,
    "SPICE": 0.16666666666666666,
    "BLEU_4": 8.783602618662196e-13
  },
  "2": {
    "BLEU_1": 0.22222222217283966,
    "BLEU_2": 5.270462765739487e-09,
    "ROUGE_L": 0.20854700854700853,
    "CIDEr": 0.0,
    "METEOR": 0.1671526114090019,
    "SPICE": 0.06060606060606061,
    "BLEU_4": 9.018037815333522e-13
  },
  "3": {
    "BLEU_1": 0.22222222217283966,
    "BLEU_2": 5.270462765739487e-09,
    "ROUGE_L": 0.20854700854700853,
    "CIDEr": 0.0,
    "METEOR": 0.1671526114090019,
    "SPICE": 0.0625,
    "BLEU_4": 9.018037815333522e-13
  },
  "4": {
    "BLEU_1": 0.16666666663888896,
    "BLEU_2": 3.8924947201441226e-09,
    "ROUGE_L": 0.18484848484848485,
    "CIDEr": 0.0,
    "METEOR": 0.15767126580386945,
    "SPICE": 0.058823529411764705,
    "BLEU_4": 6.405505208675338e-13
  },
  "5": {
    "BLEU_1": 0.15384615382248532,
    "BLEU_2": 3.580574369634832e-09,
    "ROUGE_L": 0.1781021897810219,
    "CIDEr": 0.0,
    "METEOR": 0.15474540726317906,
    "SPICE": 0.05405405405405406,
    "BLEU_4": 5.842896292824257e-13
  },
  "6": {
    "BLEU_1": 0.14285714284693884,
    "BLEU_2": 3.31496772041309e-09,
    "ROUGE_L": 0.17183098591549298,
    "CIDEr": 0.0,
    "METEOR": 0.15192615895271633,
    "SPICE": 0.05128205128205128,
    "BLEU_4": 5.371507285148366e-13
  },
  "7": {
    "BLEU_1": 0.19999999998666673,
    "BLEU_2": 3.7796447298312975e-09,
    "ROUGE_L": 0.1659863945578231,
    "CIDEr": 0.0,
    "METEOR": 0.16702239493019486,
    "SPICE": 0.1111111111111111,
    "BLEU_4": 5.501034141770605e-13
  },
  "8": {
    "BLEU_1": 0.27777777776234575,
    "BLEU_2": 4.042260417041042e-09,
    "ROUGE_L": 0.19182389937106917,
    "CIDEr": 0.0,
    "METEOR": 0.17349266376809716,
    "SPICE": 0.10526315789473684,
    "BLEU_4": 5.108099332632167e-13
  },
  "9": {
    "BLEU_1": 0.29411764704152255,
    "BLEU_2": 4.287464628302636e-09,
    "ROUGE_L": 0.19698600645855757,
    "CIDEr": 0.0,
    "METEOR": 0.17121983411174657,
    "SPICE": 0.1,
    "BLEU_4": 5.439330543997057e-13
  }
}