{
  "0": {
    "BLEU_1": 0.18181818178512404,
    "BLEU_2": 4.2640143263175525e-09,
    "ROUGE_L": 0.1921259842519685,
    "CIDEr": 0.0,
    "METEOR": 0.13559322033898305,
    "SPICE": 0.060606060606060615,
    "BLEU_4": 7.088856800859686e-13
  },
  "1": {
    "BLEU_1": 0.16666666665277785,
    "BLEU_2": 3.892494720468497e-09,
    "ROUGE_L": 0.18484848484848485,
    "CIDEr": 0.0,
    "METEOR": 0.13270142180094788,
    "SPICE": 0.05882352941176471,
    "BLEU_4": 6.40550520920913e-13
  },
  "2": {
    "BLEU_1": 0.24999999997916675,
    "BLEU_2": 4.767312945812628e-09,
    "ROUGE_L": 0.18484848484848485,
    "CIDEr": 0.0,
    "METEOR": 0.16913319238900634,
    "SPICE": 0.11764705882352942,
    "BLEU_4": 7.08885680157797e-13
  },
  "3": {
    "BLEU_1": 0.2142857142704082,
    "BLEU_2": 4.059989714404599e-09,
    "ROUGE_L": 0.17183098591549298,
    "CIDEr": 0.0,
    "METEOR": 0.18780398323948172,
    "SPICE": 0.2222222222222222,
    "BLEU_4": 5.944549994012258e-13
  },
  "4": {
    "BLEU_1": 0.2142857142704082,
    "BLEU_2": 4.059989714404599e-09,
    "ROUGE_L": 0.17183098591549298,
    "CIDEr": 0.0,
    "METEOR": 0.18780398323948172,
    "SPICE": 0.1714285714285714,
    "BLEU_4": 5.944549994012258e-13
  },
  "5": {
    "BLEU_1": 0.2142857142704082,
    "BLEU_2": 4.059989714404599e-09,
    "ROUGE_L": 0.17183098591549298,
    "CIDEr": 0.0,
    "METEOR": 0.18780398323948172,
    "SPICE": 0.1714285714285714,
    "BLEU_4": 5.944549994012258e-13
  },
  "6": {
    "BLEU_1": 0.2142857142704082,
    "BLEU_2": 4.059989714404599e-09,
    "ROUGE_L": 0.17183098591549298,
    "CIDEr": 0.0,
    "METEOR": 0.18780398323948172,
    "SPICE": 0.1714285714285714,
    "BLEU_4": 5.944549994012258e-13
  },
  "7": {
    "BLEU_1": 0.2142857142704082,
    "BLEU_2": 4.059989714404599e-09,
    "ROUGE_L": 0.17183098591549298,
    "CIDEr": 0.0,
    "METEOR": 0.18780398323948172,
    "SPICE": 0.1714285714285714,
    "BLEU_4": 5.944549994012258e-13
  },
  "8": {
    "BLEU_1": 0.2142857142704082,
    "BLEU_2": 4.059989714404599e-09,
    "ROUGE_L": 0.17183098591549298,
    "CIDEr": 0.0,
    "METEOR": 0.18780398323948172,
    "SPICE": 0.1714285714285714,
    "BLEU_4": 5.944549994012258e-13
  },
  "9": {
    "BLEU_1": 0.2142857142704082,
    "BLEU_2": 4.059989714404599e-09,
    "ROUGE_L": 0.17183098591549298,
    "CIDEr": 0.0,
    "METEOR": 0.18780398323948172,
    "SPICE": 0.1714285714285714,
    "BLEU_4": 5.944549994012258e-13
  }
}