{
  "0": {
    "BLEU_1": 0.4999999998750002,
    "BLEU_2": 0.26726124184322303,
    "ROUGE_L": 0.20469798657718125,
    "CIDEr": 0.0,
    "METEOR": 0.2059076234015492,
    "SPICE": 0.125,
    "BLEU_4": 6.985342054598842e-09
  },
  "1": {
    "BLEU_1": 0.3124999999804688,
    "BLEU_2": 0.14433756728808472,
    "ROUGE_L": 0.16052631578947368,
    "CIDEr": 0.0,
    "METEOR": 0.18463257590809604,
    "SPICE": 0.10810810810810811,
    "BLEU_4": 3.2709344706502825e-09
  },
  "2": {
    "BLEU_1": 0.3999999999200002,
    "BLEU_2": 0.21081851063455723,
    "ROUGE_L": 0.18885448916408668,
    "CIDEr": 0.0,
    "METEOR": 0.24109960756606333,
    "SPICE": 0.17647058823529413,
    "BLEU_4": 5.307712169906119e-09
  },
  "3": {
    "BLEU_1": 0.357142857117347,
    "BLEU_2": 0.16574838602065456,
    "ROUGE_L": 0.16353887399463804,
    "CIDEr": 0.0,
    "METEOR": 0.1889714985330235,
    "SPICE": 0.10810810810810811,
    "BLEU_4": 3.7982292265213524e-09
  },
  "4": {
    "BLEU_1": 0.42857142854081637,
    "BLEU_2": 0.18156825978717286,
    "ROUGE_L": 0.16353887399463804,
    "CIDEr": 0.0,
    "METEOR": 0.23407777563781224,
    "SPICE": 0.15789473684210525,
    "BLEU_4": 3.975360175943345e-09
  },
  "5": {
    "BLEU_1": 0.5624999999648439,
    "BLEU_2": 0.2738612787348963,
    "ROUGE_L": 0.22989949748743718,
    "CIDEr": 0.0,
    "METEOR": 0.21081895374127585,
    "SPICE": 0.2105263157894737,
    "BLEU_4": 4.505546423100306e-09
  },
  "6": {
    "BLEU_1": 0.5833333332361111,
    "BLEU_2": 0.32566947358395304,
    "ROUGE_L": 0.2629310344827586,
    "CIDEr": 0.0,
    "METEOR": 0.20733826497238975,
    "SPICE": 0.1142857142857143,
    "BLEU_4": 5.859059369098998e-09
  },
  "7": {
    "BLEU_1": 0.5833333332361111,
    "BLEU_2": 0.32566947358395304,
    "ROUGE_L": 0.2629310344827586,
    "CIDEr": 0.0,
    "METEOR": 0.20733826497238975,
    "SPICE": 0.1142857142857143,
    "BLEU_4": 5.859059369098998e-09
  },
  "8": {
    "BLEU_1": 0.5833333332361111,
    "BLEU_2": 0.32566947358395304,
    "ROUGE_L": 0.2629310344827586,
    "CIDEr": 0.0,
    "METEOR": 0.20733826497238975,
    "SPICE": 0.11764705882352941,
    "BLEU_4": 5.859059369098998e-09
  },
  "9": {
    "BLEU_1": 0.38461538458579886,
    "BLEU_2": 0.17902871849551308,
    "ROUGE_L": 0.19902120717781402,
    "CIDEr": 0.0,
    "METEOR": 0.18158177855433896,
    "SPICE": 0.16216216216216217,
    "BLEU_4": 4.131551590743584e-09
  }
}