{
  "0": {
    "BLEU_1": 0.1673476200276487,
    "BLEU_2": 3.5279976018248658e-09,
    "ROUGE_L": 0.13260869565217392,
    "CIDEr": 0.0,
    "METEOR": 0.140625,
    "SPICE": 0.15384615384615385,
    "BLEU_4": 7.460806561603907e-13
  },
  "1": {
    "BLEU_1": 0.06464797853317149,
    "BLEU_2": 1.77045780683885e-09,
    "ROUGE_L": 0.1295116772823779,
    "CIDEr": 0.0,
    "METEOR": 0.15986549813115988,
    "SPICE": 0.07999999999999999,
    "BLEU_4": 7.368276163290233e-11
  },
  "2": {
    "BLEU_1": 0.11156508001843247,
    "BLEU_2": 2.88059797941122e-09,
    "ROUGE_L": 0.12298387096774194,
    "CIDEr": 0.0,
    "METEOR": 0.140625,
    "SPICE": 0.07692307692307693,
    "BLEU_4": 6.741599757610769e-13
  },
  "3": {
    "BLEU_1": 0.2567085594307266,
    "BLEU_2": 5.134171188528962e-09,
    "ROUGE_L": 0.2234432234432234,
    "CIDEr": 0.0,
    "METEOR": 0.17810760667903525,
    "SPICE": 0.13333333333333333,
    "BLEU_4": 8.723184009457538e-13
  },
  "4": {
    "BLEU_1": 0.2207276646145745,
    "BLEU_2": 4.505584586736407e-09,
    "ROUGE_L": 0.20573355817875214,
    "CIDEr": 0.0,
    "METEOR": 0.16064257028112452,
    "SPICE": 0.14814814814814814,
    "BLEU_4": 8.22603437555541e-13
  },
  "5": {
    "BLEU_1": 0.2567085594307266,
    "BLEU_2": 0.1623567485296528,
    "ROUGE_L": 0.2234432234432234,
    "CIDEr": 0.0,
    "METEOR": 0.19632339315761155,
    "SPICE": 0.14285714285714285,
    "BLEU_4": 4.905406855757615e-09
  },
  "6": {
    "BLEU_1": 0.38940039143835253,
    "BLEU_2": 0.29435902747653925,
    "ROUGE_L": 0.2739520958083832,
    "CIDEr": 0.0,
    "METEOR": 0.19652978637220014,
    "SPICE": 0.14285714285714285,
    "BLEU_4": 3.63807422753928e-05
  },
  "7": {
    "BLEU_1": 0.4971329536752872,
    "BLEU_2": 0.333486923479643,
    "ROUGE_L": 0.26406926406926406,
    "CIDEr": 0.0,
    "METEOR": 0.14474838243100774,
    "SPICE": 0.12903225806451613,
    "BLEU_4": 3.8159230710608426e-05
  },
  "8": {
    "BLEU_1": 0.3422780792409688,
    "BLEU_2": 5.928430235525634e-09,
    "ROUGE_L": 0.23921568627450981,
    "CIDEr": 0.0,
    "METEOR": 0.12148955495004542,
    "SPICE": 0.13793103448275862,
    "BLEU_4": 9.373671246326997e-13
  },
  "9": {
    "BLEU_1": 0.5965595444103445,
    "BLEU_2": 8.168727984157037e-09,
    "ROUGE_L": 0.20854700854700853,
    "CIDEr": 0.0,
    "METEOR": 0.15339272487498887,
    "SPICE": 0.1875,
    "BLEU_4": 1.0620315615683514e-12
  }
}