{
  "0": {
    "BLEU_1": 0.33093633838648934,
    "BLEU_2": 6.459215935396237e-09,
    "ROUGE_L": 0.3267857142857143,
    "CIDEr": 0.0,
    "METEOR": 0.2293789053173723,
    "SPICE": 0.22222222222222218,
    "BLEU_4": 1.0201550479411466e-12
  },
  "1": {
    "BLEU_1": 0.08986579278749814,
    "BLEU_2": 3.1772355737578207e-09,
    "ROUGE_L": 0.1358574610244989,
    "CIDEr": 0.0,
    "METEOR": 0.15124105393846718,
    "SPICE": 0.0,
    "BLEU_4": 7.634297901288654e-13
  },
  "2": {
    "BLEU_1": 0.21470779796016531,
    "BLEU_2": 5.1856859842473975e-09,
    "ROUGE_L": 0.12224448897795591,
    "CIDEr": 0.0,
    "METEOR": 0.1443837769337004,
    "SPICE": 0.0,
    "BLEU_4": 9.334768232372482e-13
  },
  "3": {
    "BLEU_1": 0.4444444443456792,
    "BLEU_2": 0.23570226034150096,
    "ROUGE_L": 0.31282051282051276,
    "CIDEr": 0.0,
    "METEOR": 0.21200366416775496,
    "SPICE": 0.14285714285714285,
    "BLEU_4": 6.030725358915047e-09
  },
  "4": {
    "BLEU_1": 0.33093633838648934,
    "BLEU_2": 6.459215935396237e-09,
    "ROUGE_L": 0.3267857142857143,
    "CIDEr": 0.0,
    "METEOR": 0.21677374661152943,
    "SPICE": 0.07407407407407407,
    "BLEU_4": 1.0201550479411466e-12
  },
  "5": {
    "BLEU_1": 0.10108844325174288,
    "BLEU_2": 3.5018063953428727e-09,
    "ROUGE_L": 0.12869198312236285,
    "CIDEr": 0.0,
    "METEOR": 0.14773288516154398,
    "SPICE": 0.0,
    "BLEU_4": 7.830277143606023e-13
  },
  "6": {
    "BLEU_1": 0.11031211279549655,
    "BLEU_2": 3.729230059054939e-09,
    "ROUGE_L": 0.116412213740458,
    "CIDEr": 0.0,
    "METEOR": 0.14118315133664794,
    "SPICE": 0.0,
    "BLEU_4": 7.751502103232947e-13
  },
  "7": {
    "BLEU_1": 0.1111111110864199,
    "BLEU_2": 3.726779961645599e-09,
    "ROUGE_L": 0.1111111111111111,
    "CIDEr": 0.0,
    "METEOR": 0.1401475780994598,
    "SPICE": 0.14814814814814814,
    "BLEU_4": 7.583235671536399e-13
  },
  "8": {
    "BLEU_1": 0.1111111110864199,
    "BLEU_2": 3.726779961645599e-09,
    "ROUGE_L": 0.1111111111111111,
    "CIDEr": 0.0,
    "METEOR": 0.1401475780994598,
    "SPICE": 0.14814814814814814,
    "BLEU_4": 7.583235671536399e-13
  },
  "9": {
    "BLEU_1": 0.1111111110864199,
    "BLEU_2": 3.726779961645599e-09,
    "ROUGE_L": 0.1111111111111111,
    "CIDEr": 0.0,
    "METEOR": 0.1401475780994598,
    "SPICE": 0.14814814814814814,
    "BLEU_4": 7.583235671536399e-13
  }
}