{
  "0": {
    "BLEU_1": 0.22222222217283966,
    "BLEU_2": 5.270462765739487e-09,
    "ROUGE_L": 0.1856925418569254,
    "CIDEr": 0.0,
    "METEOR": 0.13145539906103285,
    "SPICE": 0.16,
    "BLEU_4": 9.018037815333522e-13
  },
  "1": {
    "BLEU_1": 0.2142857142704082,
    "BLEU_2": 4.059989714404599e-09,
    "ROUGE_L": 0.15601023017902813,
    "CIDEr": 0.0,
    "METEOR": 0.1647589409286096,
    "SPICE": 0.26666666666666666,
    "BLEU_4": 5.944549994012258e-13
  },
  "2": {
    "BLEU_1": 8.33333333263889e-17,
    "BLEU_2": 8.7038827970266e-17,
    "ROUGE_L": 0.0,
    "CIDEr": 0.0,
    "METEOR": 0.043407473986490364,
    "SPICE": 0.0,
    "BLEU_4": 9.578464407697051e-17
  },
  "3": {
    "BLEU_1": 0.14285714285034018,
    "BLEU_2": 2.6726124189937955e-09,
    "ROUGE_L": 0.12748171368861025,
    "CIDEr": 0.0,
    "METEOR": 0.1678181087600476,
    "SPICE": 0.16216216216216214,
    "BLEU_4": 3.8015566316858765e-13
  },
  "4": {
    "BLEU_1": 0.15789473683379507,
    "BLEU_2": 2.9617443886352513e-09,
    "ROUGE_L": 0.1345093715545755,
    "CIDEr": 0.0,
    "METEOR": 0.1678181087600476,
    "SPICE": 0.13793103448275862,
    "BLEU_4": 4.237713199509635e-13
  },
  "5": {
    "BLEU_1": 0.17647058822491354,
    "BLEU_2": 3.3210558205738968e-09,
    "ROUGE_L": 0.1423570595099183,
    "CIDEr": 0.0,
    "METEOR": 0.17211742722563325,
    "SPICE": 0.13793103448275862,
    "BLEU_4": 4.787218652070603e-13
  },
  "6": {
    "BLEU_1": 0.24999999998750005,
    "BLEU_2": 0.16222142112243806,
    "ROUGE_L": 0.25206611570247933,
    "CIDEr": 0.0,
    "METEOR": 0.2320960857457704,
    "SPICE": 0.24242424242424243,
    "BLEU_4": 1.7124730448017516e-05
  },
  "7": {
    "BLEU_1": 0.24999999998750005,
    "BLEU_2": 0.16222142112243806,
    "ROUGE_L": 0.25206611570247933,
    "CIDEr": 0.0,
    "METEOR": 0.2320960857457704,
    "SPICE": 0.23529411764705882,
    "BLEU_4": 1.7124730448017516e-05
  },
  "8": {
    "BLEU_1": 0.24999999998750005,
    "BLEU_2": 0.16222142112243806,
    "ROUGE_L": 0.25206611570247933,
    "CIDEr": 0.0,
    "METEOR": 0.2320960857457704,
    "SPICE": 0.23529411764705882,
    "BLEU_4": 1.7124730448017516e-05
  },
  "9": {
    "BLEU_1": 0.24999999998750005,
    "BLEU_2": 0.16222142112243806,
    "ROUGE_L": 0.25206611570247933,
    "CIDEr": 0.0,
    "METEOR": 0.2320960857457704,
    "SPICE": 0.23529411764705882,
    "BLEU_4": 1.7124730448017516e-05
  }
}