{
  "0": {
    "BLEU_1": 0.21470779796016531,
    "BLEU_2": 5.1856859842473975e-09,
    "ROUGE_L": 0.11401869158878504,
    "CIDEr": 0.0,
    "METEOR": 0.06398540484465083,
    "SPICE": 0.08695652173913045,
    "BLEU_4": 9.334768232372482e-13
  },
  "1": {
    "BLEU_1": 0.42857142854081637,
    "BLEU_2": 0.2567762954875012,
    "ROUGE_L": 0.34366197183098596,
    "CIDEr": 0.0,
    "METEOR": 0.2469709288714828,
    "SPICE": 0.18750000000000003,
    "BLEU_4": 4.727526605930294e-09
  },
  "2": {
    "BLEU_1": 0.4166666665972223,
    "BLEU_2": 0.27524094123467413,
    "ROUGE_L": 0.23828125000000006,
    "CIDEr": 0.0,
    "METEOR": 0.21430791038318492,
    "SPICE": 0.20689655172413793,
    "BLEU_4": 5.386366367864088e-09
  },
  "3": {
    "BLEU_1": 0.388888888867284,
    "BLEU_2": 0.21389631596101674,
    "ROUGE_L": 0.19934640522875816,
    "CIDEr": 0.0,
    "METEOR": 0.23708703385990115,
    "SPICE": 0.18750000000000003,
    "BLEU_4": 3.7157701522892835e-09
  },
  "4": {
    "BLEU_1": 0.4999999999750001,
    "BLEU_2": 0.32444284224487613,
    "ROUGE_L": 0.31508264462809915,
    "CIDEr": 0.0,
    "METEOR": 0.27541313846332277,
    "SPICE": 0.06060606060606061,
    "BLEU_4": 0.16195570127653763
  },
  "5": {
    "BLEU_1": 0.44999999997750006,
    "BLEU_2": 0.266556994977913,
    "ROUGE_L": 0.31508264462809915,
    "CIDEr": 0.0,
    "METEOR": 0.20839560115144015,
    "SPICE": 0.12903225806451615,
    "BLEU_4": 3.903594390470427e-09
  },
  "6": {
    "BLEU_1": 0.35999999998560006,
    "BLEU_2": 0.21213203434730224,
    "ROUGE_L": 0.2790484903934126,
    "CIDEr": 0.0,
    "METEOR": 0.19641404627974698,
    "SPICE": 0.12121212121212122,
    "BLEU_4": 3.0708987611324087e-09
  },
  "7": {
    "BLEU_1": 0.36842105261218844,
    "BLEU_2": 0.20232565954468354,
    "ROUGE_L": 0.2587486744432662,
    "CIDEr": 0.0,
    "METEOR": 0.16443806925880095,
    "SPICE": 0.06666666666666667,
    "BLEU_4": 3.502541230863007e-09
  },
  "8": {
    "BLEU_1": 0.5384615383786985,
    "BLEU_2": 0.2118296364008129,
    "ROUGE_L": 0.2671532846715329,
    "CIDEr": 0.0,
    "METEOR": 0.17241746490231286,
    "SPICE": 0.07692307692307691,
    "BLEU_4": 4.494125427342411e-09
  },
  "9": {
    "BLEU_1": 0.4444444443456792,
    "BLEU_2": 7.453559923291195e-09,
    "ROUGE_L": 0.20854700854700853,
    "CIDEr": 0.0,
    "METEOR": 0.10282776349614396,
    "SPICE": 0.0,
    "BLEU_4": 1.0724314733358218e-12
  }
}