{
  "0": {
    "BLEU_1": 0.3333333332592594,
    "BLEU_2": 0.20412414518515326,
    "ROUGE_L": 0.2222222222222222,
    "CIDEr": 0.0,
    "METEOR": 0.16648518749476895,
    "SPICE": 0.3703703703703704,
    "BLEU_4": 5.612222322916596e-09
  },
  "1": {
    "BLEU_1": 0.36363636360330587,
    "BLEU_2": 0.19069251783091612,
    "ROUGE_L": 0.2036727879799666,
    "CIDEr": 0.0,
    "METEOR": 0.16244918294944125,
    "SPICE": 0.3448275862068966,
    "BLEU_4": 4.740604259372055e-09
  },
  "2": {
    "BLEU_1": 0.4545454545041323,
    "BLEU_2": 0.21320071633525958,
    "ROUGE_L": 0.3055091819699499,
    "CIDEr": 0.0,
    "METEOR": 0.213094250062989,
    "SPICE": 0.3448275862068966,
    "BLEU_4": 5.01257871520395e-09
  },
  "3": {
    "BLEU_1": 0.4545454545041323,
    "BLEU_2": 0.21320071633525958,
    "ROUGE_L": 0.3055091819699499,
    "CIDEr": 0.0,
    "METEOR": 0.1773200381280404,
    "SPICE": 0.3448275862068966,
    "BLEU_4": 5.01257871520395e-09
  },
  "4": {
    "BLEU_1": 0.4545454545041323,
    "BLEU_2": 0.21320071633525958,
    "ROUGE_L": 0.3055091819699499,
    "CIDEr": 0.0,
    "METEOR": 0.26569764431507675,
    "SPICE": 0.35714285714285715,
    "BLEU_4": 5.01257871520395e-09
  },
  "5": {
    "BLEU_1": 0.33333333331111115,
    "BLEU_2": 0.1543033499514377,
    "ROUGE_L": 0.26180257510729615,
    "CIDEr": 0.0,
    "METEOR": 0.2532673451658334,
    "SPICE": 0.1875,
    "BLEU_4": 3.514847831107641e-09
  },
  "6": {
    "BLEU_1": 0.38461538458579886,
    "BLEU_2": 0.17902871849551308,
    "ROUGE_L": 0.2819722650231125,
    "CIDEr": 0.0,
    "METEOR": 0.25933362888238026,
    "SPICE": 0.2,
    "BLEU_4": 4.131551590743584e-09
  },
  "7": {
    "BLEU_1": 0.38461538458579886,
    "BLEU_2": 0.17902871849551308,
    "ROUGE_L": 0.2819722650231125,
    "CIDEr": 0.0,
    "METEOR": 0.2562645918541865,
    "SPICE": 0.33333333333333337,
    "BLEU_4": 4.131551590743584e-09
  },
  "8": {
    "BLEU_1": 0.4166666665972223,
    "BLEU_2": 0.19462473600720623,
    "ROUGE_L": 0.2932692307692307,
    "CIDEr": 0.0,
    "METEOR": 0.21717294794185407,
    "SPICE": 0.27586206896551724,
    "BLEU_4": 4.529376169980083e-09
  },
  "9": {
    "BLEU_1": 0.38461538458579886,
    "BLEU_2": 0.17902871849551308,
    "ROUGE_L": 0.2819722650231125,
    "CIDEr": 0.0,
    "METEOR": 0.21587251112783096,
    "SPICE": 0.26666666666666666,
    "BLEU_4": 4.131551590743584e-09
  }
}