{
  "0": {
    "BLEU_1": 0.4412484511819858,
    "BLEU_2": 7.458460118109875e-09,
    "ROUGE_L": 0.232824427480916,
    "CIDEr": 0.0,
    "METEOR": 0.22046292093338102,
    "SPICE": 0.3333333333333333,
    "BLEU_4": 1.0962279403155601e-12
  },
  "1": {
    "BLEU_1": 0.32206169694024794,
    "BLEU_2": 6.3511423138542446e-09,
    "ROUGE_L": 0.24448897795591182,
    "CIDEr": 0.0,
    "METEOR": 0.2310942907586396,
    "SPICE": 0.3478260869565218,
    "BLEU_4": 1.0330619227359553e-12
  },
  "2": {
    "BLEU_1": 0.4444444443456792,
    "BLEU_2": 7.453559923291195e-09,
    "ROUGE_L": 0.2222222222222222,
    "CIDEr": 0.0,
    "METEOR": 0.2309395813490521,
    "SPICE": 0.3333333333333333,
    "BLEU_4": 1.0724314733358218e-12
  },
  "3": {
    "BLEU_1": 0.32206169694024794,
    "BLEU_2": 6.3511423138542446e-09,
    "ROUGE_L": 0.24448897795591182,
    "CIDEr": 0.0,
    "METEOR": 0.2310942907586396,
    "SPICE": 0.3478260869565218,
    "BLEU_4": 1.0330619227359553e-12
  },
  "4": {
    "BLEU_1": 0.21470779796016531,
    "BLEU_2": 5.1856859842473975e-09,
    "ROUGE_L": 0.24448897795591182,
    "CIDEr": 0.0,
    "METEOR": 0.2310942907586396,
    "SPICE": 0.3636363636363636,
    "BLEU_4": 9.334768232372482e-13
  },
  "5": {
    "BLEU_1": 0.21470779796016531,
    "BLEU_2": 5.1856859842473975e-09,
    "ROUGE_L": 0.24448897795591182,
    "CIDEr": 0.0,
    "METEOR": 0.17341899728922355,
    "SPICE": 0.1739130434782609,
    "BLEU_4": 9.334768232372482e-13
  },
  "6": {
    "BLEU_1": 0.32206169694024794,
    "BLEU_2": 6.3511423138542446e-09,
    "ROUGE_L": 0.24448897795591182,
    "CIDEr": 0.0,
    "METEOR": 0.2310942907586396,
    "SPICE": 0.3478260869565218,
    "BLEU_4": 1.0330619227359553e-12
  },
  "7": {
    "BLEU_1": 0.3032653297552284,
    "BLEU_2": 6.0653065950034785e-09,
    "ROUGE_L": 0.2573839662447257,
    "CIDEr": 0.0,
    "METEOR": 0.22626457674741735,
    "SPICE": 0.2857142857142857,
    "BLEU_4": 1.0305224262915758e-12
  },
  "8": {
    "BLEU_1": 0.2695973783624942,
    "BLEU_2": 5.503133441363796e-09,
    "ROUGE_L": 0.2717149220489978,
    "CIDEr": 0.0,
    "METEOR": 0.2277630176530294,
    "SPICE": 0.2857142857142857,
    "BLEU_4": 1.0047301075023746e-12
  },
  "9": {
    "BLEU_1": 0.3032653297552284,
    "BLEU_2": 6.0653065950034785e-09,
    "ROUGE_L": 0.2573839662447257,
    "CIDEr": 0.0,
    "METEOR": 0.22626457674741735,
    "SPICE": 0.2857142857142857,
    "BLEU_4": 1.0305224262915758e-12
  }
}