{
  "0": {
    "BLEU_1": 0.2195246543498009,
    "BLEU_2": 0.17354947757230146,
    "ROUGE_L": 0.2515463917525773,
    "CIDEr": 0.0,
    "METEOR": 0.16135379578130868,
    "SPICE": 0.05714285714285715,
    "BLEU_4": 6.2357040914797075e-09
  },
  "1": {
    "BLEU_1": 0.4999999999000002,
    "BLEU_2": 0.33333333326481496,
    "ROUGE_L": 0.22676579925650556,
    "CIDEr": 0.0,
    "METEOR": 0.200529540049809,
    "SPICE": 0.05,
    "BLEU_4": 6.674094717574906e-09
  },
  "2": {
    "BLEU_1": 0.29999999994000015,
    "BLEU_2": 0.1825741857975264,
    "ROUGE_L": 0.3,
    "CIDEr": 0.0,
    "METEOR": 0.15567581860591995,
    "SPICE": 0.15,
    "BLEU_4": 4.939382736029984e-09
  },
  "3": {
    "BLEU_1": 0.36363636357024803,
    "BLEU_2": 0.26967994493503844,
    "ROUGE_L": 0.28818897637795277,
    "CIDEr": 0.0,
    "METEOR": 0.14567453905792285,
    "SPICE": 0.0975609756097561,
    "BLEU_4": 5.637560314144947e-09
  },
  "4": {
    "BLEU_1": 0.33333333330555565,
    "BLEU_2": 0.2461829819372178,
    "ROUGE_L": 0.2772727272727273,
    "CIDEr": 0.0,
    "METEOR": 0.143337514367154,
    "SPICE": 0.09523809523809522,
    "BLEU_4": 5.094110795848885e-09
  },
  "5": {
    "BLEU_1": 0.36363636357024803,
    "BLEU_2": 0.26967994493503844,
    "ROUGE_L": 0.28818897637795277,
    "CIDEr": 0.0,
    "METEOR": 0.14567453905792285,
    "SPICE": 0.0975609756097561,
    "BLEU_4": 5.637560314144947e-09
  },
  "6": {
    "BLEU_1": 0.36363636357024803,
    "BLEU_2": 0.26967994493503844,
    "ROUGE_L": 0.28818897637795277,
    "CIDEr": 0.0,
    "METEOR": 0.14567453905792285,
    "SPICE": 0.0975609756097561,
    "BLEU_4": 5.637560314144947e-09
  },
  "7": {
    "BLEU_1": 0.36363636357024803,
    "BLEU_2": 0.26967994493503844,
    "ROUGE_L": 0.28818897637795277,
    "CIDEr": 0.0,
    "METEOR": 0.14567453905792285,
    "SPICE": 0.0975609756097561,
    "BLEU_4": 5.637560314144947e-09
  },
  "8": {
    "BLEU_1": 0.36363636357024803,
    "BLEU_2": 0.26967994493503844,
    "ROUGE_L": 0.28818897637795277,
    "CIDEr": 0.0,
    "METEOR": 0.14567453905792285,
    "SPICE": 0.0975609756097561,
    "BLEU_4": 5.637560314144947e-09
  },
  "9": {
    "BLEU_1": 0.36363636357024803,
    "BLEU_2": 0.26967994493503844,
    "ROUGE_L": 0.28818897637795277,
    "CIDEr": 0.0,
    "METEOR": 0.14567453905792285,
    "SPICE": 0.0975609756097561,
    "BLEU_4": 5.637560314144947e-09
  }
}