{
  "0": {
    "BLEU_1": 0.23884377011164867,
    "BLEU_2": 5.85045365006396e-09,
    "ROUGE_L": 0.2573839662447257,
    "CIDEr": 0.0,
    "METEOR": 0.15342465753424656,
    "SPICE": 0.1818181818181818,
    "BLEU_4": 1.1000617045598687e-12
  },
  "1": {
    "BLEU_1": 0.24999999993750016,
    "BLEU_2": 5.976143045124577e-09,
    "ROUGE_L": 0.232824427480916,
    "CIDEr": 0.0,
    "METEOR": 0.14621409921671016,
    "SPICE": 0.16666666666666666,
    "BLEU_4": 1.0445522727757714e-12
  },
  "2": {
    "BLEU_1": 0.29999999994000015,
    "BLEU_2": 0.1825741857975264,
    "ROUGE_L": 0.31881533101045295,
    "CIDEr": 0.0,
    "METEOR": 0.17561417447009978,
    "SPICE": 0.15999999999999998,
    "BLEU_4": 4.939382736029984e-09
  },
  "3": {
    "BLEU_1": 0.33333333330555565,
    "BLEU_2": 0.2461829819372178,
    "ROUGE_L": 0.39102564102564097,
    "CIDEr": 0.0,
    "METEOR": 0.27052328408587906,
    "SPICE": 0.15384615384615383,
    "BLEU_4": 2.8646290156041263e-05
  },
  "4": {
    "BLEU_1": 0.30769230766863914,
    "BLEU_2": 0.22645540681077378,
    "ROUGE_L": 0.37596302003081655,
    "CIDEr": 0.0,
    "METEOR": 0.264670616882098,
    "SPICE": 0.14814814814814817,
    "BLEU_4": 2.6130226594483132e-05
  },
  "5": {
    "BLEU_1": 0.36363636360330587,
    "BLEU_2": 0.19069251783091612,
    "ROUGE_L": 0.4073455759599332,
    "CIDEr": 0.0,
    "METEOR": 0.24955391190331352,
    "SPICE": 0.24,
    "BLEU_4": 4.740604259372055e-09
  },
  "6": {
    "BLEU_1": 0.30769230766863914,
    "BLEU_2": 0.16012815379225645,
    "ROUGE_L": 0.37596302003081655,
    "CIDEr": 0.0,
    "METEOR": 0.24235524136764106,
    "SPICE": 0.14814814814814817,
    "BLEU_4": 3.9073802491094676e-09
  },
  "7": {
    "BLEU_1": 0.28571428569387763,
    "BLEU_2": 0.14824986332122378,
    "ROUGE_L": 0.3620178041543027,
    "CIDEr": 0.0,
    "METEOR": 0.23722301272691457,
    "SPICE": 0.14285714285714285,
    "BLEU_4": 3.592143420053192e-09
  },
  "8": {
    "BLEU_1": 0.36363636360330587,
    "BLEU_2": 0.19069251783091612,
    "ROUGE_L": 0.4073455759599332,
    "CIDEr": 0.0,
    "METEOR": 0.24955391190331352,
    "SPICE": 0.24,
    "BLEU_4": 4.740604259372055e-09
  },
  "9": {
    "BLEU_1": 0.30769230766863914,
    "BLEU_2": 0.16012815379225645,
    "ROUGE_L": 0.37596302003081655,
    "CIDEr": 0.0,
    "METEOR": 0.24235524136764106,
    "SPICE": 0.14814814814814817,
    "BLEU_4": 3.9073802491094676e-09
  }
}