{
  "0": {
    "BLEU_1": 0.3032653297552284,
    "BLEU_2": 6.0653065950034785e-09,
    "ROUGE_L": 0.31443298969072164,
    "CIDEr": 0.0,
    "METEOR": 0.1713292000506435,
    "SPICE": 0.13793103448275862,
    "BLEU_4": 1.0305224262915758e-12
  },
  "1": {
    "BLEU_1": 0.17973158557499613,
    "BLEU_2": 4.493289639262571e-09,
    "ROUGE_L": 0.2190305206463196,
    "CIDEr": 0.0,
    "METEOR": 0.1302325581395349,
    "SPICE": 0.06896551724137931,
    "BLEU_4": 9.078761382262807e-13
  },
  "2": {
    "BLEU_1": 0.17973158557499613,
    "BLEU_2": 4.493289639262571e-09,
    "ROUGE_L": 0.2190305206463196,
    "CIDEr": 0.0,
    "METEOR": 0.1302325581395349,
    "SPICE": 0.06896551724137931,
    "BLEU_4": 9.078761382262807e-13
  },
  "3": {
    "BLEU_1": 0.17973158557499613,
    "BLEU_2": 4.493289639262571e-09,
    "ROUGE_L": 0.2190305206463196,
    "CIDEr": 0.0,
    "METEOR": 0.1302325581395349,
    "SPICE": 0.06896551724137931,
    "BLEU_4": 9.078761382262807e-13
  },
  "4": {
    "BLEU_1": 0.17973158557499613,
    "BLEU_2": 4.493289639262571e-09,
    "ROUGE_L": 0.2190305206463196,
    "CIDEr": 0.0,
    "METEOR": 0.1302325581395349,
    "SPICE": 0.06896551724137931,
    "BLEU_4": 9.078761382262807e-13
  },
  "5": {
    "BLEU_1": 0.17973158557499613,
    "BLEU_2": 4.493289639262571e-09,
    "ROUGE_L": 0.2190305206463196,
    "CIDEr": 0.0,
    "METEOR": 0.1302325581395349,
    "SPICE": 0.06896551724137931,
    "BLEU_4": 9.078761382262807e-13
  },
  "6": {
    "BLEU_1": 0.17973158557499613,
    "BLEU_2": 4.493289639262571e-09,
    "ROUGE_L": 0.2190305206463196,
    "CIDEr": 0.0,
    "METEOR": 0.1302325581395349,
    "SPICE": 0.06896551724137931,
    "BLEU_4": 9.078761382262807e-13
  },
  "7": {
    "BLEU_1": 0.20217688650348561,
    "BLEU_2": 0.15660554288060333,
    "ROUGE_L": 0.17681159420289855,
    "CIDEr": 0.0,
    "METEOR": 0.14501510574018125,
    "SPICE": 0.13793103448275862,
    "BLEU_4": 5.236421925064999e-09
  },
  "8": {
    "BLEU_1": 0.32206169694024794,
    "BLEU_2": 0.20084075455651398,
    "ROUGE_L": 0.20098846787479407,
    "CIDEr": 0.0,
    "METEOR": 0.17263429594402344,
    "SPICE": 0.19354838709677416,
    "BLEU_4": 5.809334106350273e-09
  },
  "9": {
    "BLEU_1": 0.17973158557499613,
    "BLEU_2": 4.493289639262571e-09,
    "ROUGE_L": 0.1358574610244989,
    "CIDEr": 0.0,
    "METEOR": 0.1610738255033557,
    "SPICE": 0.20689655172413793,
    "BLEU_4": 9.078761382262807e-13
  }
}