{
  "0": {
    "BLEU_1": 0.17113903962048443,
    "BLEU_2": 4.192033221331537e-09,
    "ROUGE_L": 0.2234432234432234,
    "CIDEr": 0.0,
    "METEOR": 0.13270142180094788,
    "SPICE": 0.06060606060606061,
    "BLEU_4": 7.882286548803192e-13
  },
  "1": {
    "BLEU_1": 0.2982797722051723,
    "BLEU_2": 5.776162951265759e-09,
    "ROUGE_L": 0.19645732689210954,
    "CIDEr": 0.0,
    "METEOR": 0.176039119804401,
    "SPICE": 0.11111111111111112,
    "BLEU_4": 8.930585330091313e-13
  },
  "2": {
    "BLEU_1": 0.17113903962048443,
    "BLEU_2": 4.192033221331537e-09,
    "ROUGE_L": 0.2234432234432234,
    "CIDEr": 0.0,
    "METEOR": 0.13270142180094788,
    "SPICE": 0.06060606060606061,
    "BLEU_4": 7.882286548803192e-13
  },
  "3": {
    "BLEU_1": 0.1861254449556944,
    "BLEU_2": 4.495356574788337e-09,
    "ROUGE_L": 0.2136602451838879,
    "CIDEr": 0.0,
    "METEOR": 0.12993039443155455,
    "SPICE": 0.058823529411764705,
    "BLEU_4": 8.092104279933771e-13
  },
  "4": {
    "BLEU_1": 0.1861254449556944,
    "BLEU_2": 4.495356574788337e-09,
    "ROUGE_L": 0.2136602451838879,
    "CIDEr": 0.0,
    "METEOR": 0.12993039443155455,
    "SPICE": 0.058823529411764705,
    "BLEU_4": 8.092104279933771e-13
  },
  "5": {
    "BLEU_1": 0.1947001957191763,
    "BLEU_2": 4.654224883289751e-09,
    "ROUGE_L": 0.20469798657718125,
    "CIDEr": 0.0,
    "METEOR": 0.1272727272727273,
    "SPICE": 0.058823529411764705,
    "BLEU_4": 8.134981279967864e-13
  },
  "6": {
    "BLEU_1": 0.08556951981024227,
    "BLEU_2": 2.964215117762818e-09,
    "ROUGE_L": 0.11960784313725491,
    "CIDEr": 0.0,
    "METEOR": 0.12182741116751268,
    "SPICE": 0.06060606060606061,
    "BLEU_4": 6.628186502891177e-13
  },
  "7": {
    "BLEU_1": 0.09306272247784726,
    "BLEU_2": 3.1786971178843654e-09,
    "ROUGE_L": 0.11401869158878504,
    "CIDEr": 0.0,
    "METEOR": 0.12090680100755667,
    "SPICE": 0.06060606060606061,
    "BLEU_4": 6.804621480855548e-13
  },
  "8": {
    "BLEU_1": 0.08556951981024227,
    "BLEU_2": 2.964215117762818e-09,
    "ROUGE_L": 0.11960784313725491,
    "CIDEr": 0.0,
    "METEOR": 0.12182741116751268,
    "SPICE": 0.06060606060606061,
    "BLEU_4": 6.628186502891177e-13
  },
  "9": {
    "BLEU_1": 0.09735009785958822,
    "BLEU_2": 3.2910339761413517e-09,
    "ROUGE_L": 0.10892857142857142,
    "CIDEr": 0.0,
    "METEOR": 0.11822660098522167,
    "SPICE": 0.058823529411764705,
    "BLEU_4": 6.840676596481053e-13
  }
}