{
  "0": {
    "BLEU_1": 0.23884377011164867,
    "BLEU_2": 5.85045365006396e-09,
    "ROUGE_L": 0.12869198312236285,
    "CIDEr": 0.0,
    "METEOR": 0.15924170616113748,
    "SPICE": 0.06896551724137931,
    "BLEU_4": 1.1000617045598687e-12
  },
  "1": {
    "BLEU_1": 0.3333333332592594,
    "BLEU_2": 6.454972242199766e-09,
    "ROUGE_L": 0.2222222222222222,
    "CIDEr": 0.0,
    "METEOR": 0.1516930022573364,
    "SPICE": 0.0625,
    "BLEU_4": 9.980099401403394e-13
  },
  "2": {
    "BLEU_1": 0.29999999994000015,
    "BLEU_2": 0.1825741857975264,
    "ROUGE_L": 0.1788856304985337,
    "CIDEr": 0.0,
    "METEOR": 0.28444452152992106,
    "SPICE": 0.05405405405405406,
    "BLEU_4": 4.939382736029984e-09
  },
  "3": {
    "BLEU_1": 0.26666666663111116,
    "BLEU_2": 0.13801311184974058,
    "ROUGE_L": 0.21254355400696867,
    "CIDEr": 0.0,
    "METEOR": 0.25929716697423055,
    "SPICE": 0.047619047619047616,
    "BLEU_4": 3.324137842971454e-09
  },
  "4": {
    "BLEU_1": 0.23529411763321803,
    "BLEU_2": 0.12126781251081024,
    "ROUGE_L": 0.15541401273885352,
    "CIDEr": 0.0,
    "METEOR": 0.2562762291065696,
    "SPICE": 0.046511627906976744,
    "BLEU_4": 2.8927969314267103e-09
  },
  "5": {
    "BLEU_1": 0.24999999998437505,
    "BLEU_2": 0.12909944486524297,
    "ROUGE_L": 0.14663461538461536,
    "CIDEr": 0.0,
    "METEOR": 0.2608345019562912,
    "SPICE": 0.09302325581395349,
    "BLEU_4": 3.0934588292167494e-09
  },
  "6": {
    "BLEU_1": 0.24999999998437505,
    "BLEU_2": 0.12909944486524297,
    "ROUGE_L": 0.14663461538461536,
    "CIDEr": 0.0,
    "METEOR": 0.2608345019562912,
    "SPICE": 0.09302325581395349,
    "BLEU_4": 3.0934588292167494e-09
  },
  "7": {
    "BLEU_1": 0.24999999998437505,
    "BLEU_2": 0.12909944486524297,
    "ROUGE_L": 0.14663461538461536,
    "CIDEr": 0.0,
    "METEOR": 0.2608345019562912,
    "SPICE": 0.09302325581395349,
    "BLEU_4": 3.0934588292167494e-09
  },
  "8": {
    "BLEU_1": 0.24999999998437505,
    "BLEU_2": 0.12909944486524297,
    "ROUGE_L": 0.14663461538461536,
    "CIDEr": 0.0,
    "METEOR": 0.2608345019562912,
    "SPICE": 0.09302325581395349,
    "BLEU_4": 3.0934588292167494e-09
  },
  "9": {
    "BLEU_1": 0.24999999998437505,
    "BLEU_2": 0.12909944486524297,
    "ROUGE_L": 0.14663461538461536,
    "CIDEr": 0.0,
    "METEOR": 0.2608345019562912,
    "SPICE": 0.09302325581395349,
    "BLEU_4": 3.0934588292167494e-09
  }
}