{
  "0": {
    "BLEU_1": 0.29999999994000015,
    "BLEU_2": 5.773502690709485e-09,
    "ROUGE_L": 0.1,
    "CIDEr": 0.0,
    "METEOR": 0.051172707889125806,
    "SPICE": 0.058823529411764705,
    "BLEU_4": 8.783602617783837e-13
  },
  "1": {
    "BLEU_1": 0.36363636357024803,
    "BLEU_2": 6.030226890431458e-09,
    "ROUGE_L": 0.18181818181818182,
    "CIDEr": 0.0,
    "METEOR": 0.0716713393605248,
    "SPICE": 0.0,
    "BLEU_4": 8.430118944817767e-13
  },
  "2": {
    "BLEU_1": 0.1947001957191763,
    "BLEU_2": 4.654224883289751e-09,
    "ROUGE_L": 0.10892857142857142,
    "CIDEr": 0.0,
    "METEOR": 0.06597938144329897,
    "SPICE": 0.06451612903225806,
    "BLEU_4": 8.134981279967864e-13
  },
  "3": {
    "BLEU_1": 0.4166666666319445,
    "BLEU_2": 6.154574548430443e-09,
    "ROUGE_L": 0.2629310344827586,
    "CIDEr": 0.0,
    "METEOR": 0.10501930501930504,
    "SPICE": 0.10810810810810811,
    "BLEU_4": 8.054496384067745e-13
  },
  "4": {
    "BLEU_1": 0.45454545446281003,
    "BLEU_2": 6.741998623375958e-09,
    "ROUGE_L": 0.2727272727272727,
    "CIDEr": 0.0,
    "METEOR": 0.07225806451612905,
    "SPICE": 0.1142857142857143,
    "BLEU_4": 8.913765519636197e-13
  },
  "5": {
    "BLEU_1": 0.38461538458579886,
    "BLEU_2": 5.661385170269343e-09,
    "ROUGE_L": 0.2538141470180305,
    "CIDEr": 0.0,
    "METEOR": 0.06075949367088607,
    "SPICE": 0.05555555555555555,
    "BLEU_4": 7.347053125332871e-13
  },
  "6": {
    "BLEU_1": 0.5384615384201185,
    "BLEU_2": 6.698641270034088e-09,
    "ROUGE_L": 0.2538141470180305,
    "CIDEr": 0.0,
    "METEOR": 0.07142857142857144,
    "SPICE": 0.05714285714285715,
    "BLEU_4": 7.991810714190136e-13
  },
  "7": {
    "BLEU_1": 0.6249999999609376,
    "BLEU_2": 6.454972243262145e-09,
    "ROUGE_L": 0.2772727272727273,
    "CIDEr": 0.0,
    "METEOR": 0.12075471698113208,
    "SPICE": 0.10810810810810811,
    "BLEU_4": 6.917184227725563e-13
  },
  "8": {
    "BLEU_1": 0.2567085594307266,
    "BLEU_2": 5.134171188528962e-09,
    "ROUGE_L": 0.23921568627450981,
    "CIDEr": 0.0,
    "METEOR": 0.0903954802259887,
    "SPICE": 0.0,
    "BLEU_4": 8.723184009457538e-13
  },
  "9": {
    "BLEU_1": 0.38940039143835253,
    "BLEU_2": 6.5820679522827e-09,
    "ROUGE_L": 0.21785714285714283,
    "CIDEr": 0.0,
    "METEOR": 0.10786516853932585,
    "SPICE": 0.12903225806451613,
    "BLEU_4": 9.674177618551726e-13
  }
}