{
  "0": {
    "BLEU_1": 0.21470779796016531,
    "BLEU_2": 5.1856859842473975e-09,
    "ROUGE_L": 0.24448897795591182,
    "CIDEr": 0.0,
    "METEOR": 0.14117647058823532,
    "SPICE": 0.25,
    "BLEU_4": 9.334768232372482e-13
  },
  "1": {
    "BLEU_1": 0.10735389898008273,
    "BLEU_2": 3.666833724565372e-09,
    "ROUGE_L": 0.12224448897795591,
    "CIDEr": 0.0,
    "METEOR": 0.1437125748502994,
    "SPICE": 0.21052631578947367,
    "BLEU_4": 7.849573143826273e-13
  },
  "2": {
    "BLEU_1": 0.1111111110864199,
    "BLEU_2": 3.726779961645599e-09,
    "ROUGE_L": 0.1111111111111111,
    "CIDEr": 0.0,
    "METEOR": 0.13636363636363635,
    "SPICE": 0.10526315789473684,
    "BLEU_4": 7.583235671536399e-13
  },
  "3": {
    "BLEU_1": 0.1111111110864199,
    "BLEU_2": 3.726779961645599e-09,
    "ROUGE_L": 0.1111111111111111,
    "CIDEr": 0.0,
    "METEOR": 0.1340782122905028,
    "SPICE": 0.21052631578947367,
    "BLEU_4": 7.583235671536399e-13
  },
  "4": {
    "BLEU_1": 0.16666666665277785,
    "BLEU_2": 3.892494720468497e-09,
    "ROUGE_L": 0.09775641025641024,
    "CIDEr": 0.0,
    "METEOR": 0.14141414141414144,
    "SPICE": 0.18181818181818185,
    "BLEU_4": 6.40550520920913e-13
  },
  "5": {
    "BLEU_1": 0.16666666665277785,
    "BLEU_2": 3.892494720468497e-09,
    "ROUGE_L": 0.19551282051282048,
    "CIDEr": 0.0,
    "METEOR": 0.13930348258706468,
    "SPICE": 0.16,
    "BLEU_4": 6.40550520920913e-13
  },
  "6": {
    "BLEU_1": 0.22222222217283966,
    "BLEU_2": 5.270462765739487e-09,
    "ROUGE_L": 0.1111111111111111,
    "CIDEr": 0.0,
    "METEOR": 0.15176151761517617,
    "SPICE": 0.1904761904761905,
    "BLEU_4": 9.018037815333522e-13
  },
  "7": {
    "BLEU_1": 0.18181818178512404,
    "BLEU_2": 4.2640143263175525e-09,
    "ROUGE_L": 0.1018363939899833,
    "CIDEr": 0.0,
    "METEOR": 0.144702842377261,
    "SPICE": 0.16666666666666669,
    "BLEU_4": 7.088856800859686e-13
  },
  "8": {
    "BLEU_1": 0.18181818178512404,
    "BLEU_2": 4.2640143263175525e-09,
    "ROUGE_L": 0.1018363939899833,
    "CIDEr": 0.0,
    "METEOR": 0.144702842377261,
    "SPICE": 0.10526315789473684,
    "BLEU_4": 7.088856800859686e-13
  },
  "9": {
    "BLEU_1": 0.16666666665277785,
    "BLEU_2": 3.892494720468497e-09,
    "ROUGE_L": 0.09775641025641024,
    "CIDEr": 0.0,
    "METEOR": 0.1435897435897436,
    "SPICE": 0.16666666666666669,
    "BLEU_4": 6.40550520920913e-13
  }
}