{
  "0": {
    "BLEU_1": 0.32206169694024794,
    "BLEU_2": 0.284031718971068,
    "ROUGE_L": 0.24448897795591182,
    "CIDEr": 0.0,
    "METEOR": 0.13625911859593653,
    "SPICE": 0.16,
    "BLEU_4": 6.908501452699718e-09
  },
  "1": {
    "BLEU_1": 0.33093633838648934,
    "BLEU_2": 0.2042583425470713,
    "ROUGE_L": 0.20469798657718125,
    "CIDEr": 0.0,
    "METEOR": 0.13537431912453438,
    "SPICE": 0.16,
    "BLEU_4": 5.736753415588487e-09
  },
  "2": {
    "BLEU_1": 0.29999999994000015,
    "BLEU_2": 0.1825741857975264,
    "ROUGE_L": 0.18885448916408668,
    "CIDEr": 0.0,
    "METEOR": 0.17319994440072597,
    "SPICE": 0.14814814814814814,
    "BLEU_4": 4.939382736029984e-09
  },
  "3": {
    "BLEU_1": 0.27272727267768604,
    "BLEU_2": 0.1651445647381773,
    "ROUGE_L": 0.18181818181818182,
    "CIDEr": 0.0,
    "METEOR": 0.18284637297286563,
    "SPICE": 0.14285714285714285,
    "BLEU_4": 4.4116293584506874e-09
  },
  "4": {
    "BLEU_1": 0.2499999999583334,
    "BLEU_2": 0.15075567226318493,
    "ROUGE_L": 0.17528735632183906,
    "CIDEr": 0.0,
    "METEOR": 0.17939977628560524,
    "SPICE": 0.14285714285714285,
    "BLEU_4": 3.98635712755178e-09
  },
  "5": {
    "BLEU_1": 0.36363636357024803,
    "BLEU_2": 0.19069251781358043,
    "ROUGE_L": 0.2727272727272727,
    "CIDEr": 0.0,
    "METEOR": 0.20911197414444985,
    "SPICE": 0.14814814814814814,
    "BLEU_4": 4.740604258941092e-09
  },
  "6": {
    "BLEU_1": 0.36363636357024803,
    "BLEU_2": 0.19069251781358043,
    "ROUGE_L": 0.2727272727272727,
    "CIDEr": 0.0,
    "METEOR": 0.20911197414444985,
    "SPICE": 0.14814814814814814,
    "BLEU_4": 4.740604258941092e-09
  },
  "7": {
    "BLEU_1": 0.36363636357024803,
    "BLEU_2": 0.19069251781358043,
    "ROUGE_L": 0.2727272727272727,
    "CIDEr": 0.0,
    "METEOR": 0.20911197414444985,
    "SPICE": 0.14814814814814814,
    "BLEU_4": 4.740604258941092e-09
  },
  "8": {
    "BLEU_1": 0.36363636357024803,
    "BLEU_2": 0.19069251781358043,
    "ROUGE_L": 0.2727272727272727,
    "CIDEr": 0.0,
    "METEOR": 0.20911197414444985,
    "SPICE": 0.14814814814814814,
    "BLEU_4": 4.740604258941092e-09
  },
  "9": {
    "BLEU_1": 0.36363636357024803,
    "BLEU_2": 0.19069251781358043,
    "ROUGE_L": 0.2727272727272727,
    "CIDEr": 0.0,
    "METEOR": 0.20911197414444985,
    "SPICE": 0.14814814814814814,
    "BLEU_4": 4.740604258941092e-09
  }
}