{
  "0": {
    "BLEU_1": 0.32206169694024794,
    "BLEU_2": 6.3511423138542446e-09,
    "ROUGE_L": 0.34205607476635513,
    "CIDEr": 0.0,
    "METEOR": 0.17615880333815878,
    "SPICE": 0.13333333333333336,
    "BLEU_4": 1.0330619227359553e-12
  },
  "1": {
    "BLEU_1": 0.30769230766863914,
    "BLEU_2": 5.063696835012589e-09,
    "ROUGE_L": 0.3562043795620438,
    "CIDEr": 0.0,
    "METEOR": 0.18268070569539727,
    "SPICE": 0.1875,
    "BLEU_4": 6.948413844184121e-13
  },
  "2": {
    "BLEU_1": 0.30769230766863914,
    "BLEU_2": 5.063696835012589e-09,
    "ROUGE_L": 0.3562043795620438,
    "CIDEr": 0.0,
    "METEOR": 0.18860510805500982,
    "SPICE": 0.16666666666666669,
    "BLEU_4": 6.948413844184121e-13
  },
  "3": {
    "BLEU_1": 0.30769230766863914,
    "BLEU_2": 5.063696835012589e-09,
    "ROUGE_L": 0.3562043795620438,
    "CIDEr": 0.0,
    "METEOR": 0.18860510805500982,
    "SPICE": 0.16666666666666669,
    "BLEU_4": 6.948413844184121e-13
  },
  "4": {
    "BLEU_1": 0.28571428569387763,
    "BLEU_2": 4.688072309037213e-09,
    "ROUGE_L": 0.34366197183098596,
    "CIDEr": 0.0,
    "METEOR": 0.2167239259292421,
    "SPICE": 0.16216216216216214,
    "BLEU_4": 6.387834681787387e-13
  },
  "5": {
    "BLEU_1": 0.30769230766863914,
    "BLEU_2": 5.063696835012589e-09,
    "ROUGE_L": 0.3562043795620438,
    "CIDEr": 0.0,
    "METEOR": 0.2203801486405178,
    "SPICE": 0.17142857142857146,
    "BLEU_4": 6.948413844184121e-13
  },
  "6": {
    "BLEU_1": 0.30769230766863914,
    "BLEU_2": 5.063696835012589e-09,
    "ROUGE_L": 0.3562043795620438,
    "CIDEr": 0.0,
    "METEOR": 0.2255933425857582,
    "SPICE": 0.16666666666666669,
    "BLEU_4": 6.948413844184121e-13
  },
  "7": {
    "BLEU_1": 0.30769230766863914,
    "BLEU_2": 5.063696835012589e-09,
    "ROUGE_L": 0.3562043795620438,
    "CIDEr": 0.0,
    "METEOR": 0.2255933425857582,
    "SPICE": 0.16666666666666669,
    "BLEU_4": 6.948413844184121e-13
  },
  "8": {
    "BLEU_1": 0.30769230766863914,
    "BLEU_2": 5.063696835012589e-09,
    "ROUGE_L": 0.3562043795620438,
    "CIDEr": 0.0,
    "METEOR": 0.2255933425857582,
    "SPICE": 0.16666666666666669,
    "BLEU_4": 6.948413844184121e-13
  },
  "9": {
    "BLEU_1": 0.30769230766863914,
    "BLEU_2": 5.063696835012589e-09,
    "ROUGE_L": 0.3562043795620438,
    "CIDEr": 0.0,
    "METEOR": 0.2203801486405178,
    "SPICE": 0.17142857142857146,
    "BLEU_4": 6.948413844184121e-13
  }
}