{
  "0": {
    "BLEU_1": 0.2195246543498009,
    "BLEU_2": 5.488116358607818e-09,
    "ROUGE_L": 0.1476997578692494,
    "CIDEr": 0.0,
    "METEOR": 0.16372093023255815,
    "SPICE": 0.19047619047619047,
    "BLEU_4": 1.108882419297383e-12
  },
  "1": {
    "BLEU_1": 0.22222222219753096,
    "BLEU_2": 5.270462766325093e-09,
    "ROUGE_L": 0.1189083820662768,
    "CIDEr": 0.0,
    "METEOR": 0.15107296137339055,
    "SPICE": 0.08,
    "BLEU_4": 9.018037816335524e-13
  },
  "2": {
    "BLEU_1": 0.09999999998000014,
    "BLEU_2": 3.333333332648151e-09,
    "ROUGE_L": 0.1,
    "CIDEr": 0.0,
    "METEOR": 0.09893390191897655,
    "SPICE": 0.07692307692307693,
    "BLEU_4": 6.674094717574907e-13
  },
  "3": {
    "BLEU_1": 0.16666666663888896,
    "BLEU_2": 3.8924947201441226e-09,
    "ROUGE_L": 0.10374149659863945,
    "CIDEr": 0.0,
    "METEOR": 0.14636174636174634,
    "SPICE": 0.14814814814814814,
    "BLEU_4": 6.405505208675338e-13
  },
  "4": {
    "BLEU_1": 0.18181818180165296,
    "BLEU_2": 4.26401432670519e-09,
    "ROUGE_L": 0.108348134991119,
    "CIDEr": 0.0,
    "METEOR": 0.14915254237288134,
    "SPICE": 0.14814814814814814,
    "BLEU_4": 7.088856801504128e-13
  },
  "5": {
    "BLEU_1": 0.18181818180165296,
    "BLEU_2": 4.26401432670519e-09,
    "ROUGE_L": 0.108348134991119,
    "CIDEr": 0.0,
    "METEOR": 0.14636174636174634,
    "SPICE": 0.07407407407407407,
    "BLEU_4": 7.088856801504128e-13
  },
  "6": {
    "BLEU_1": 0.18181818180165296,
    "BLEU_2": 4.26401432670519e-09,
    "ROUGE_L": 0.108348134991119,
    "CIDEr": 0.0,
    "METEOR": 0.14127310061601642,
    "SPICE": 0.0,
    "BLEU_4": 7.088856801504128e-13
  },
  "7": {
    "BLEU_1": 0.19999999996000015,
    "BLEU_2": 4.714045206941321e-09,
    "ROUGE_L": 0.11338289962825278,
    "CIDEr": 0.0,
    "METEOR": 0.12540540540540543,
    "SPICE": 0.0,
    "BLEU_4": 7.936880924342154e-13
  },
  "8": {
    "BLEU_1": 0.09999999998000014,
    "BLEU_2": 3.333333332648151e-09,
    "ROUGE_L": 0.11338289962825278,
    "CIDEr": 0.0,
    "METEOR": 0.12540540540540543,
    "SPICE": 0.0,
    "BLEU_4": 6.674094717574907e-13
  },
  "9": {
    "BLEU_1": 0.11111111109876555,
    "BLEU_2": 3.726779962059685e-09,
    "ROUGE_L": 0.1189083820662768,
    "CIDEr": 0.0,
    "METEOR": 0.1285318559556787,
    "SPICE": 0.08,
    "BLEU_4": 7.583235672378979e-13
  }
}