{
  "0": {
    "BLEU_1": 0.4953587997157158,
    "BLEU_2": 0.2675243277994909,
    "ROUGE_L": 0.30148270181219106,
    "CIDEr": 0.0,
    "METEOR": 0.2550279371900347,
    "SPICE": 0.19047619047619047,
    "BLEU_4": 7.201170725888819e-09
  },
  "1": {
    "BLEU_1": 0.5429024507129954,
    "BLEU_2": 0.33039990975410255,
    "ROUGE_L": 0.4535315985130111,
    "CIDEr": 0.0,
    "METEOR": 0.27697741870587556,
    "SPICE": 0.24000000000000005,
    "BLEU_4": 6.320598869185035e-09
  },
  "2": {
    "BLEU_1": 0.6191984996446447,
    "BLEU_2": 0.42299310267594614,
    "ROUGE_L": 0.5269978401727862,
    "CIDEr": 0.0,
    "METEOR": 0.2939352198511332,
    "SPICE": 0.2727272727272727,
    "BLEU_4": 9.054992803586728e-09
  },
  "3": {
    "BLEU_1": 0.7777777776913581,
    "BLEU_2": 0.44095855179204096,
    "ROUGE_L": 0.594541910331384,
    "CIDEr": 0.0,
    "METEOR": 0.3072104892453617,
    "SPICE": 0.25,
    "BLEU_4": 8.248720005274413e-09
  },
  "4": {
    "BLEU_1": 0.5555555554938273,
    "BLEU_2": 0.37267799620596836,
    "ROUGE_L": 0.3713850837138508,
    "CIDEr": 0.0,
    "METEOR": 0.32708452527460935,
    "SPICE": 0.34782608695652173,
    "BLEU_4": 4.264366797236323e-05
  },
  "5": {
    "BLEU_1": 0.4953587997157158,
    "BLEU_2": 0.3783365326387855,
    "ROUGE_L": 0.3952483801295896,
    "CIDEr": 0.0,
    "METEOR": 0.2673123252243256,
    "SPICE": 0.2857142857142857,
    "BLEU_4": 4.8157131074181714e-05
  },
  "6": {
    "BLEU_1": 0.6191984996446447,
    "BLEU_2": 0.5180586331363808,
    "ROUGE_L": 0.5269978401727862,
    "CIDEr": 0.0,
    "METEOR": 0.3018510276641213,
    "SPICE": 0.19047619047619047,
    "BLEU_4": 0.37684991632384973
  },
  "7": {
    "BLEU_1": 0.6191984996446447,
    "BLEU_2": 0.5180586331363808,
    "ROUGE_L": 0.5269978401727862,
    "CIDEr": 0.0,
    "METEOR": 0.3018510276641213,
    "SPICE": 0.19047619047619047,
    "BLEU_4": 0.37684991632384973
  },
  "8": {
    "BLEU_1": 0.6191984996446447,
    "BLEU_2": 0.5180586331363808,
    "ROUGE_L": 0.5269978401727862,
    "CIDEr": 0.0,
    "METEOR": 0.3018510276641213,
    "SPICE": 0.19047619047619047,
    "BLEU_4": 0.37684991632384973
  },
  "9": {
    "BLEU_1": 0.6191984996446447,
    "BLEU_2": 0.5180586331363808,
    "ROUGE_L": 0.5269978401727862,
    "CIDEr": 0.0,
    "METEOR": 0.3018510276641213,
    "SPICE": 0.19047619047619047,
    "BLEU_4": 0.37684991632384973
  }
}