{
  "0": {
    "BLEU_1": 0.4295557991369689,
    "BLEU_2": 0.2904327290245407,
    "ROUGE_L": 0.22932330827067668,
    "CIDEr": 0.0,
    "METEOR": 0.14701579844931864,
    "SPICE": 0.0816326530612245,
    "BLEU_4": 6.0368759079774596e-09
  },
  "1": {
    "BLEU_1": 0.6333861924984946,
    "BLEU_2": 0.4370779972037695,
    "ROUGE_L": 0.2515463917525773,
    "CIDEr": 0.0,
    "METEOR": 0.17099913994678026,
    "SPICE": 0.07999999999999999,
    "BLEU_4": 7.2697209601484576e-09
  },
  "2": {
    "BLEU_1": 0.6333861924984946,
    "BLEU_2": 0.4370779972037695,
    "ROUGE_L": 0.2515463917525773,
    "CIDEr": 0.0,
    "METEOR": 0.17099913994678026,
    "SPICE": 0.07999999999999999,
    "BLEU_4": 7.2697209601484576e-09
  },
  "3": {
    "BLEU_1": 0.4448541126327038,
    "BLEU_2": 0.2984172107730498,
    "ROUGE_L": 0.22405876951331496,
    "CIDEr": 0.0,
    "METEOR": 0.14477938064745674,
    "SPICE": 0.07999999999999999,
    "BLEU_4": 6.072180437332153e-09
  },
  "4": {
    "BLEU_1": 0.6333861924984946,
    "BLEU_2": 0.4370779972037695,
    "ROUGE_L": 0.2515463917525773,
    "CIDEr": 0.0,
    "METEOR": 0.17099913994678026,
    "SPICE": 0.07999999999999999,
    "BLEU_4": 7.2697209601484576e-09
  },
  "5": {
    "BLEU_1": 0.6333861924984946,
    "BLEU_2": 0.4370779972037695,
    "ROUGE_L": 0.2515463917525773,
    "CIDEr": 0.0,
    "METEOR": 0.17099913994678026,
    "SPICE": 0.07999999999999999,
    "BLEU_4": 7.2697209601484576e-09
  },
  "6": {
    "BLEU_1": 0.6333861924984946,
    "BLEU_2": 0.4370779972037695,
    "ROUGE_L": 0.2515463917525773,
    "CIDEr": 0.0,
    "METEOR": 0.17099913994678026,
    "SPICE": 0.07999999999999999,
    "BLEU_4": 7.2697209601484576e-09
  },
  "7": {
    "BLEU_1": 0.6333861924984946,
    "BLEU_2": 0.4370779972037695,
    "ROUGE_L": 0.2515463917525773,
    "CIDEr": 0.0,
    "METEOR": 0.17099913994678026,
    "SPICE": 0.07999999999999999,
    "BLEU_4": 7.2697209601484576e-09
  },
  "8": {
    "BLEU_1": 0.6333861924984946,
    "BLEU_2": 0.4370779972037695,
    "ROUGE_L": 0.2515463917525773,
    "CIDEr": 0.0,
    "METEOR": 0.17099913994678026,
    "SPICE": 0.07999999999999999,
    "BLEU_4": 7.2697209601484576e-09
  },
  "9": {
    "BLEU_1": 0.4448541126327038,
    "BLEU_2": 0.2984172107730498,
    "ROUGE_L": 0.22405876951331496,
    "CIDEr": 0.0,
    "METEOR": 0.11116602390334844,
    "SPICE": 0.07999999999999999,
    "BLEU_4": 6.072180437332153e-09
  }
}