{
  "0": {
    "BLEU_1": 0.29999999994000015,
    "BLEU_2": 0.1825741857975264,
    "ROUGE_L": 0.2,
    "CIDEr": 0.0,
    "METEOR": 0.1437768630701951,
    "SPICE": 0.06451612903225806,
    "BLEU_4": 4.939382736029984e-09
  },
  "1": {
    "BLEU_1": 0.24767939985785795,
    "BLEU_2": 0.18916826631939285,
    "ROUGE_L": 0.17967599410898377,
    "CIDEr": 0.0,
    "METEOR": 0.136477046292093,
    "SPICE": 0.06451612903225806,
    "BLEU_4": 6.055438649029897e-09
  },
  "2": {
    "BLEU_1": 0.24999999993750016,
    "BLEU_2": 0.18898223645568088,
    "ROUGE_L": 0.1732954545454545,
    "CIDEr": 0.0,
    "METEOR": 0.13550912397796466,
    "SPICE": 0.06060606060606061,
    "BLEU_4": 5.873949093033183e-09
  },
  "3": {
    "BLEU_1": 0.24999999993750016,
    "BLEU_2": 0.18898223645568088,
    "ROUGE_L": 0.1732954545454545,
    "CIDEr": 0.0,
    "METEOR": 0.13550912397796466,
    "SPICE": 0.06060606060606061,
    "BLEU_4": 5.873949093033183e-09
  },
  "4": {
    "BLEU_1": 0.4444444443950618,
    "BLEU_2": 0.33333333329398157,
    "ROUGE_L": 0.2378167641325536,
    "CIDEr": 0.0,
    "METEOR": 0.17035142913648033,
    "SPICE": 0.06451612903225806,
    "BLEU_4": 7.171781506245974e-09
  },
  "5": {
    "BLEU_1": 0.22222222219753096,
    "BLEU_2": 0.16666666664699087,
    "ROUGE_L": 0.1673525377229081,
    "CIDEr": 0.0,
    "METEOR": 0.136477046292093,
    "SPICE": 0.06896551724137931,
    "BLEU_4": 5.071215336254801e-09
  },
  "6": {
    "BLEU_1": 0.1194218850558244,
    "BLEU_2": 4.136895448977816e-09,
    "ROUGE_L": 0.09327217125382263,
    "CIDEr": 0.0,
    "METEOR": 0.136477046292093,
    "SPICE": 0.06896551724137931,
    "BLEU_4": 9.250379439222845e-13
  },
  "7": {
    "BLEU_1": 0.12499999996875016,
    "BLEU_2": 4.225771272548414e-09,
    "ROUGE_L": 0.08664772727272725,
    "CIDEr": 0.0,
    "METEOR": 0.13455483437248605,
    "SPICE": 0.06451612903225806,
    "BLEU_4": 8.783602617222665e-13
  },
  "8": {
    "BLEU_1": 0.22222222219753096,
    "BLEU_2": 0.16666666664699087,
    "ROUGE_L": 0.1673525377229081,
    "CIDEr": 0.0,
    "METEOR": 0.13455483437248605,
    "SPICE": 0.12903225806451613,
    "BLEU_4": 5.071215336254801e-09
  },
  "9": {
    "BLEU_1": 0.11111111109876555,
    "BLEU_2": 3.726779962059685e-09,
    "ROUGE_L": 0.08367626886145405,
    "CIDEr": 0.0,
    "METEOR": 0.13177094124753808,
    "SPICE": 0.06451612903225806,
    "BLEU_4": 7.583235672378979e-13
  }
}