{
  "0": {
    "BLEU_1": 0.4999999999500001,
    "BLEU_2": 0.33333333329814824,
    "ROUGE_L": 0.44721407624633425,
    "CIDEr": 0.0,
    "METEOR": 0.23596001948478024,
    "SPICE": 0.07142857142857144,
    "BLEU_4": 3.753119268302293e-05
  },
  "1": {
    "BLEU_1": 0.4444444443456792,
    "BLEU_2": 0.3333333332569446,
    "ROUGE_L": 0.3713850837138508,
    "CIDEr": 0.0,
    "METEOR": 0.15134088301697443,
    "SPICE": 0.1935483870967742,
    "BLEU_4": 4.032989115749891e-05
  },
  "2": {
    "BLEU_1": 0.545454545355372,
    "BLEU_2": 0.3302891294763544,
    "ROUGE_L": 0.4314002828854314,
    "CIDEr": 0.0,
    "METEOR": 0.20981694862354447,
    "SPICE": 0.24242424242424246,
    "BLEU_4": 3.5084396949451944e-05
  },
  "3": {
    "BLEU_1": 0.555555555432099,
    "BLEU_2": 0.37267799616455977,
    "ROUGE_L": 0.3713850837138508,
    "CIDEr": 0.0,
    "METEOR": 0.17095545798693756,
    "SPICE": 0.1935483870967742,
    "BLEU_4": 4.264366796762506e-05
  },
  "4": {
    "BLEU_1": 0.6249999998437503,
    "BLEU_2": 0.42257712725484126,
    "ROUGE_L": 0.3860759493670886,
    "CIDEr": 0.0,
    "METEOR": 0.15597376719096342,
    "SPICE": 0.16,
    "BLEU_4": 4.939382735714412e-05
  },
  "5": {
    "BLEU_1": 0.4999999999166667,
    "BLEU_2": 0.3015113445263697,
    "ROUGE_L": 0.4166666666666667,
    "CIDEr": 0.0,
    "METEOR": 0.233033208672718,
    "SPICE": 0.24242424242424246,
    "BLEU_4": 3.170233137953831e-05
  },
  "6": {
    "BLEU_1": 0.4444444443456792,
    "BLEU_2": 0.3333333332569446,
    "ROUGE_L": 0.3713850837138508,
    "CIDEr": 0.0,
    "METEOR": 0.19150380242639528,
    "SPICE": 0.07407407407407407,
    "BLEU_4": 4.032989115749891e-05
  },
  "7": {
    "BLEU_1": 0.545454545355372,
    "BLEU_2": 0.3302891294763544,
    "ROUGE_L": 0.4314002828854314,
    "CIDEr": 0.0,
    "METEOR": 0.20981694862354447,
    "SPICE": 0.24242424242424246,
    "BLEU_4": 3.5084396949451944e-05
  },
  "8": {
    "BLEU_1": 0.555555555432099,
    "BLEU_2": 0.37267799616455977,
    "ROUGE_L": 0.3713850837138508,
    "CIDEr": 0.0,
    "METEOR": 0.17095545798693756,
    "SPICE": 0.1935483870967742,
    "BLEU_4": 4.264366796762506e-05
  },
  "9": {
    "BLEU_1": 0.32928698152470126,
    "BLEU_2": 0.3005965127822614,
    "ROUGE_L": 0.3285457809694794,
    "CIDEr": 0.0,
    "METEOR": 0.1527783343413487,
    "SPICE": 0.08333333333333334,
    "BLEU_4": 4.61493737200632e-05
  }
}