{
  "0": {
    "BLEU_1": 0.4043537730069712,
    "BLEU_2": 0.22147368268455053,
    "ROUGE_L": 0.3588235294117647,
    "CIDEr": 0.0,
    "METEOR": 0.15003019407629622,
    "SPICE": 0.0,
    "BLEU_4": 6.227190210443543e-09
  },
  "1": {
    "BLEU_1": 0.5367694949004131,
    "BLEU_2": 0.36668337245653715,
    "ROUGE_L": 0.4273204903677758,
    "CIDEr": 0.0,
    "METEOR": 0.22192701993108538,
    "SPICE": 0.0,
    "BLEU_4": 7.849573143826273e-09
  },
  "2": {
    "BLEU_1": 0.4294155959203306,
    "BLEU_2": 0.2319109274149018,
    "ROUGE_L": 0.34205607476635513,
    "CIDEr": 0.0,
    "METEOR": 0.19475228279666676,
    "SPICE": 0.0,
    "BLEU_4": 6.2425357546009905e-09
  },
  "3": {
    "BLEU_1": 0.4412484511819858,
    "BLEU_2": 7.458460118109875e-09,
    "ROUGE_L": 0.3267857142857143,
    "CIDEr": 0.0,
    "METEOR": 0.17477325368209487,
    "SPICE": 0.0,
    "BLEU_4": 1.0962279403155601e-12
  },
  "4": {
    "BLEU_1": 0.4294155959203306,
    "BLEU_2": 0.2319109274149018,
    "ROUGE_L": 0.34205607476635513,
    "CIDEr": 0.0,
    "METEOR": 0.146975280622254,
    "SPICE": 0.0,
    "BLEU_4": 6.2425357546009905e-09
  },
  "5": {
    "BLEU_1": 0.5367694949004131,
    "BLEU_2": 0.36668337245653715,
    "ROUGE_L": 0.4273204903677758,
    "CIDEr": 0.0,
    "METEOR": 0.22192701993108538,
    "SPICE": 0.0,
    "BLEU_4": 7.849573143826273e-09
  },
  "6": {
    "BLEU_1": 0.4294155959203306,
    "BLEU_2": 0.2319109274149018,
    "ROUGE_L": 0.34205607476635513,
    "CIDEr": 0.0,
    "METEOR": 0.19475228279666676,
    "SPICE": 0.0,
    "BLEU_4": 6.2425357546009905e-09
  },
  "7": {
    "BLEU_1": 0.4412484511819858,
    "BLEU_2": 7.458460118109875e-09,
    "ROUGE_L": 0.3267857142857143,
    "CIDEr": 0.0,
    "METEOR": 0.17477325368209487,
    "SPICE": 0.0,
    "BLEU_4": 1.0962279403155601e-12
  },
  "8": {
    "BLEU_1": 0.4294155959203306,
    "BLEU_2": 0.2319109274149018,
    "ROUGE_L": 0.34205607476635513,
    "CIDEr": 0.0,
    "METEOR": 0.146975280622254,
    "SPICE": 0.0,
    "BLEU_4": 6.2425357546009905e-09
  },
  "9": {
    "BLEU_1": 0.5367694949004131,
    "BLEU_2": 0.36668337245653715,
    "ROUGE_L": 0.4273204903677758,
    "CIDEr": 0.0,
    "METEOR": 0.22192701993108538,
    "SPICE": 0.0,
    "BLEU_4": 7.849573143826273e-09
  }
}