{
  "0": {
    "BLEU_1": 0.27272727270247943,
    "BLEU_2": 0.16514456475319042,
    "ROUGE_L": 0.28818897637795277,
    "CIDEr": 0.0,
    "METEOR": 0.15593531617413403,
    "SPICE": 0.1081081081081081,
    "BLEU_4": 4.411629358851744e-09
  },
  "1": {
    "BLEU_1": 0.36363636360330587,
    "BLEU_2": 0.19069251783091612,
    "ROUGE_L": 0.28818897637795277,
    "CIDEr": 0.0,
    "METEOR": 0.1579302242701784,
    "SPICE": 0.1081081081081081,
    "BLEU_4": 4.740604259372055e-09
  },
  "2": {
    "BLEU_1": 0.36363636360330587,
    "BLEU_2": 0.19069251783091612,
    "ROUGE_L": 0.28818897637795277,
    "CIDEr": 0.0,
    "METEOR": 0.1579302242701784,
    "SPICE": 0.1081081081081081,
    "BLEU_4": 4.740604259372055e-09
  },
  "3": {
    "BLEU_1": 0.36363636360330587,
    "BLEU_2": 0.19069251783091612,
    "ROUGE_L": 0.28818897637795277,
    "CIDEr": 0.0,
    "METEOR": 0.1579302242701784,
    "SPICE": 0.1081081081081081,
    "BLEU_4": 4.740604259372055e-09
  },
  "4": {
    "BLEU_1": 0.36363636360330587,
    "BLEU_2": 0.19069251783091612,
    "ROUGE_L": 0.28818897637795277,
    "CIDEr": 0.0,
    "METEOR": 0.1579302242701784,
    "SPICE": 0.1081081081081081,
    "BLEU_4": 4.740604259372055e-09
  },
  "5": {
    "BLEU_1": 0.36363636360330587,
    "BLEU_2": 0.19069251783091612,
    "ROUGE_L": 0.28818897637795277,
    "CIDEr": 0.0,
    "METEOR": 0.1579302242701784,
    "SPICE": 0.1081081081081081,
    "BLEU_4": 4.740604259372055e-09
  },
  "6": {
    "BLEU_1": 0.36363636360330587,
    "BLEU_2": 0.19069251783091612,
    "ROUGE_L": 0.28818897637795277,
    "CIDEr": 0.0,
    "METEOR": 0.1579302242701784,
    "SPICE": 0.1081081081081081,
    "BLEU_4": 4.740604259372055e-09
  },
  "7": {
    "BLEU_1": 0.36363636360330587,
    "BLEU_2": 0.19069251783091612,
    "ROUGE_L": 0.28818897637795277,
    "CIDEr": 0.0,
    "METEOR": 0.1579302242701784,
    "SPICE": 0.1081081081081081,
    "BLEU_4": 4.740604259372055e-09
  },
  "8": {
    "BLEU_1": 0.36363636360330587,
    "BLEU_2": 0.19069251783091612,
    "ROUGE_L": 0.28818897637795277,
    "CIDEr": 0.0,
    "METEOR": 0.1579302242701784,
    "SPICE": 0.1081081081081081,
    "BLEU_4": 4.740604259372055e-09
  },
  "9": {
    "BLEU_1": 0.4444444443456792,
    "BLEU_2": 0.23570226034150096,
    "ROUGE_L": 0.31282051282051276,
    "CIDEr": 0.0,
    "METEOR": 0.16207718858361853,
    "SPICE": 0.1142857142857143,
    "BLEU_4": 6.030725358915047e-09
  }
}