{
  "0": {
    "BLEU_1": 0.2420220522198906,
    "BLEU_2": 0.150927266573327,
    "ROUGE_L": 0.2846034214618974,
    "CIDEr": 0.0,
    "METEOR": 0.13162732242066302,
    "SPICE": 0.1111111111111111,
    "BLEU_4": 4.365582668810038e-09
  },
  "1": {
    "BLEU_1": 0.2669124675796223,
    "BLEU_2": 5.168737709119127e-09,
    "ROUGE_L": 0.26406926406926406,
    "CIDEr": 0.0,
    "METEOR": 0.11873840445269015,
    "SPICE": 0.05,
    "BLEU_4": 7.991438875531345e-13
  },
  "2": {
    "BLEU_1": 0.27145122535649774,
    "BLEU_2": 5.224081267685234e-09,
    "ROUGE_L": 0.18885448916408668,
    "CIDEr": 0.0,
    "METEOR": 0.11678832116788321,
    "SPICE": 0.047619047619047616,
    "BLEU_4": 7.947732313729421e-13
  },
  "3": {
    "BLEU_1": 0.27145122535649774,
    "BLEU_2": 5.224081267685234e-09,
    "ROUGE_L": 0.18885448916408668,
    "CIDEr": 0.0,
    "METEOR": 0.11678832116788321,
    "SPICE": 0.047619047619047616,
    "BLEU_4": 7.947732313729421e-13
  },
  "4": {
    "BLEU_1": 0.3076923076449706,
    "BLEU_2": 5.063696834623075e-09,
    "ROUGE_L": 0.23076923076923084,
    "CIDEr": 0.0,
    "METEOR": 0.1265377855887522,
    "SPICE": 0.0,
    "BLEU_4": 6.94841384364963e-13
  },
  "5": {
    "BLEU_1": 0.33333333330555565,
    "BLEU_2": 5.504818825152218e-09,
    "ROUGE_L": 0.23828125000000006,
    "CIDEr": 0.0,
    "METEOR": 0.12857142857142856,
    "SPICE": 0.045454545454545456,
    "BLEU_4": 7.61747236997849e-13
  },
  "6": {
    "BLEU_1": 0.33333333330555565,
    "BLEU_2": 5.504818825152218e-09,
    "ROUGE_L": 0.23828125000000006,
    "CIDEr": 0.0,
    "METEOR": 0.12857142857142856,
    "SPICE": 0.045454545454545456,
    "BLEU_4": 7.61747236997849e-13
  },
  "7": {
    "BLEU_1": 0.33333333330555565,
    "BLEU_2": 5.504818825152218e-09,
    "ROUGE_L": 0.23828125000000006,
    "CIDEr": 0.0,
    "METEOR": 0.12857142857142856,
    "SPICE": 0.045454545454545456,
    "BLEU_4": 7.61747236997849e-13
  },
  "8": {
    "BLEU_1": 0.27272727267768604,
    "BLEU_2": 5.222329677697684e-09,
    "ROUGE_L": 0.18181818181818182,
    "CIDEr": 0.0,
    "METEOR": 0.11490125673249552,
    "SPICE": 0.04651162790697675,
    "BLEU_4": 7.845109652856079e-13
  },
  "9": {
    "BLEU_1": 0.36363636357024803,
    "BLEU_2": 6.030226890431458e-09,
    "ROUGE_L": 0.1641991924629879,
    "CIDEr": 0.0,
    "METEOR": 0.11490125673249552,
    "SPICE": 0.09090909090909091,
    "BLEU_4": 8.430118944817767e-13
  }
}