{
  "0": {
    "BLEU_1": 0.1194218850558244,
    "BLEU_2": 4.136895448977816e-09,
    "ROUGE_L": 0.10481099656357389,
    "CIDEr": 0.0,
    "METEOR": 0.15031315240083507,
    "SPICE": 0.14285714285714288,
    "BLEU_4": 9.250379439222845e-13
  },
  "1": {
    "BLEU_1": 0.09999999998000014,
    "BLEU_2": 3.333333332648151e-09,
    "ROUGE_L": 0.08944281524926685,
    "CIDEr": 0.0,
    "METEOR": 0.14314115308151093,
    "SPICE": 0.18749999999999997,
    "BLEU_4": 6.674094717574907e-13
  },
  "2": {
    "BLEU_1": 0.07692307691715985,
    "BLEU_2": 2.531848417506296e-09,
    "ROUGE_L": 0.08058124174372522,
    "CIDEr": 0.0,
    "METEOR": 0.09160305343511452,
    "SPICE": 0.12500000000000003,
    "BLEU_4": 4.91327054771308e-13
  },
  "3": {
    "BLEU_1": 0.05882352940830456,
    "BLEU_2": 1.9174124720021137e-09,
    "ROUGE_L": 0.07117852975495916,
    "CIDEr": 0.0,
    "METEOR": 0.09841827768014061,
    "SPICE": 0.1111111111111111,
    "BLEU_4": 3.63749956686016e-13
  },
  "4": {
    "BLEU_1": 0.05882352940830456,
    "BLEU_2": 1.9174124720021137e-09,
    "ROUGE_L": 0.07117852975495916,
    "CIDEr": 0.0,
    "METEOR": 0.0973913043478261,
    "SPICE": 0.1111111111111111,
    "BLEU_4": 3.63749956686016e-13
  },
  "5": {
    "BLEU_1": 9.196986024687569e-17,
    "BLEU_2": 1.0619764713730698e-16,
    "ROUGE_L": 0.0,
    "CIDEr": 0.0,
    "METEOR": 0.03927986906710311,
    "SPICE": 0.0,
    "BLEU_4": 1.6620829993657386e-16
  },
  "6": {
    "BLEU_1": 9.196986024687569e-17,
    "BLEU_2": 1.0619764713730698e-16,
    "ROUGE_L": 0.0,
    "CIDEr": 0.0,
    "METEOR": 0.04240282685512368,
    "SPICE": 0.0,
    "BLEU_4": 1.6620829993657386e-16
  },
  "7": {
    "BLEU_1": 0.1111111110864199,
    "BLEU_2": 3.726779961645599e-09,
    "ROUGE_L": 0.0928462709284627,
    "CIDEr": 0.0,
    "METEOR": 0.11001964636542241,
    "SPICE": 0.06451612903225805,
    "BLEU_4": 7.583235671536399e-13
  },
  "8": {
    "BLEU_1": 0.09999999998000014,
    "BLEU_2": 3.333333332648151e-09,
    "ROUGE_L": 0.08944281524926685,
    "CIDEr": 0.0,
    "METEOR": 0.10937500000000003,
    "SPICE": 0.06451612903225805,
    "BLEU_4": 6.674094717574907e-13
  },
  "9": {
    "BLEU_1": 8.333333331944446e-17,
    "BLEU_2": 8.703882796301277e-17,
    "ROUGE_L": 0.0,
    "CIDEr": 0.0,
    "METEOR": 0.07476635514018691,
    "SPICE": 0.060606060606060615,
    "BLEU_4": 9.578464406898846e-17
  }
}