{
  "0": {
    "BLEU_1": 0.33093633838648934,
    "BLEU_2": 0.2042583425470713,
    "ROUGE_L": 0.232824427480916,
    "CIDEr": 0.0,
    "METEOR": 0.14803061641546716,
    "SPICE": 0.26666666666666666,
    "BLEU_4": 5.736753415588487e-09
  },
  "1": {
    "BLEU_1": 0.4444444443456792,
    "BLEU_2": 0.23570226034150096,
    "ROUGE_L": 0.2222222222222222,
    "CIDEr": 0.0,
    "METEOR": 0.1447753135081826,
    "SPICE": 0.125,
    "BLEU_4": 6.030725358915047e-09
  },
  "2": {
    "BLEU_1": 0.33093633838648934,
    "BLEU_2": 0.2042583425470713,
    "ROUGE_L": 0.232824427480916,
    "CIDEr": 0.0,
    "METEOR": 0.13268601722842377,
    "SPICE": 0.30303030303030304,
    "BLEU_4": 5.736753415588487e-09
  },
  "3": {
    "BLEU_1": 0.4444444443456792,
    "BLEU_2": 0.3333333332569446,
    "ROUGE_L": 0.3333333333333333,
    "CIDEr": 0.0,
    "METEOR": 0.16798543706514033,
    "SPICE": 0.12121212121212122,
    "BLEU_4": 4.032989115749891e-05
  },
  "4": {
    "BLEU_1": 0.29999999994000015,
    "BLEU_2": 0.1825741857975264,
    "ROUGE_L": 0.21254355400696867,
    "CIDEr": 0.0,
    "METEOR": 0.1273785765392868,
    "SPICE": 0.17647058823529413,
    "BLEU_4": 4.939382736029984e-09
  },
  "5": {
    "BLEU_1": 0.33333333327777787,
    "BLEU_2": 0.17407765592602564,
    "ROUGE_L": 0.19551282051282048,
    "CIDEr": 0.0,
    "METEOR": 0.12407004208372091,
    "SPICE": 0.16216216216216217,
    "BLEU_4": 4.283619506777607e-09
  },
  "6": {
    "BLEU_1": 0.18181818180165296,
    "BLEU_2": 4.26401432670519e-09,
    "ROUGE_L": 0.09606299212598425,
    "CIDEr": 0.0,
    "METEOR": 0.11130166882073604,
    "SPICE": 0.05555555555555555,
    "BLEU_4": 7.088856801504128e-13
  },
  "7": {
    "BLEU_1": 0.29999999994000015,
    "BLEU_2": 0.1825741857975264,
    "ROUGE_L": 0.21254355400696867,
    "CIDEr": 0.0,
    "METEOR": 0.12823346631471827,
    "SPICE": 0.0,
    "BLEU_4": 4.939382736029984e-09
  },
  "8": {
    "BLEU_1": 0.27272727270247943,
    "BLEU_2": 0.16514456475319042,
    "ROUGE_L": 0.2036727879799666,
    "CIDEr": 0.0,
    "METEOR": 0.13456164548681993,
    "SPICE": 0.16666666666666666,
    "BLEU_4": 4.411629358851744e-09
  },
  "9": {
    "BLEU_1": 0.11031211279549655,
    "BLEU_2": 3.729230059054939e-09,
    "ROUGE_L": 0.10892857142857142,
    "CIDEr": 0.0,
    "METEOR": 0.11464071888535812,
    "SPICE": 0.06060606060606061,
    "BLEU_4": 7.751502103232947e-13
  }
}