{
  "0": {
    "BLEU_1": 0.12383969992892904,
    "BLEU_2": 4.229931026759462e-09,
    "ROUGE_L": 0.13174946004319654,
    "CIDEr": 0.0,
    "METEOR": 0.20887728459530025,
    "SPICE": 0.23076923076923078,
    "BLEU_4": 9.054992803586729e-13
  },
  "1": {
    "BLEU_1": 0.18181818178512404,
    "BLEU_2": 4.2640143263175525e-09,
    "ROUGE_L": 0.108348134991119,
    "CIDEr": 0.0,
    "METEOR": 0.21307506053268765,
    "SPICE": 0.13793103448275862,
    "BLEU_4": 7.088856800859686e-13
  },
  "2": {
    "BLEU_1": 0.4166666666319445,
    "BLEU_2": 0.19462473602342495,
    "ROUGE_L": 0.2074829931972789,
    "CIDEr": 0.0,
    "METEOR": 0.26540284360189575,
    "SPICE": 0.19999999999999998,
    "BLEU_4": 4.5293761703575315e-09
  },
  "3": {
    "BLEU_1": 0.33333333331111115,
    "BLEU_2": 4.879500364405748e-09,
    "ROUGE_L": 0.2760180995475113,
    "CIDEr": 0.0,
    "METEOR": 0.27088036117381487,
    "SPICE": 0.18749999999999997,
    "BLEU_4": 6.250381527478681e-13
  },
  "4": {
    "BLEU_1": 0.3619349671419969,
    "BLEU_2": 0.19075647683675923,
    "ROUGE_L": 0.34014869888475835,
    "CIDEr": 0.0,
    "METEOR": 0.29211796863257083,
    "SPICE": 0.21428571428571427,
    "BLEU_4": 4.802616575495893e-09
  },
  "5": {
    "BLEU_1": 0.27272727267768604,
    "BLEU_2": 5.222329677697684e-09,
    "ROUGE_L": 0.17256011315417258,
    "CIDEr": 0.0,
    "METEOR": 0.31680660936635235,
    "SPICE": 0.20689655172413793,
    "BLEU_4": 7.845109652856079e-13
  },
  "6": {
    "BLEU_1": 0.3619349671419969,
    "BLEU_2": 6.032249452333103e-09,
    "ROUGE_L": 0.22676579925650556,
    "CIDEr": 0.0,
    "METEOR": 0.2536585365853658,
    "SPICE": 0.20689655172413793,
    "BLEU_4": 8.540394170515986e-13
  },
  "7": {
    "BLEU_1": 0.27272727267768604,
    "BLEU_2": 5.222329677697684e-09,
    "ROUGE_L": 0.17256011315417258,
    "CIDEr": 0.0,
    "METEOR": 0.1909307875894988,
    "SPICE": 0.20689655172413793,
    "BLEU_4": 7.845109652856079e-13
  },
  "8": {
    "BLEU_1": 0.33333333330555565,
    "BLEU_2": 5.504818825152218e-09,
    "ROUGE_L": 0.2074829931972789,
    "CIDEr": 0.0,
    "METEOR": 0.22369668246445498,
    "SPICE": 0.1935483870967742,
    "BLEU_4": 7.61747236997849e-13
  },
  "9": {
    "BLEU_1": 0.1538461538343196,
    "BLEU_2": 3.5805743699102604e-09,
    "ROUGE_L": 0.09951060358890701,
    "CIDEr": 0.0,
    "METEOR": 0.16822429906542055,
    "SPICE": 0.18749999999999997,
    "BLEU_4": 5.84289629327371e-13
  }
}