{
  "0": {
    "BLEU_1": 0.24999999993750016,
    "BLEU_2": 5.976143045124577e-09,
    "ROUGE_L": 0.116412213740458,
    "CIDEr": 0.0,
    "METEOR": 0.08742328207712366,
    "SPICE": 0.1111111111111111,
    "BLEU_4": 1.0445522727757714e-12
  },
  "1": {
    "BLEU_1": 0.24767939985785795,
    "BLEU_2": 5.982025825945981e-09,
    "ROUGE_L": 0.12224448897795591,
    "CIDEr": 0.0,
    "METEOR": 0.0891374640786359,
    "SPICE": 0.10810810810810811,
    "BLEU_4": 1.0768261868323776e-12
  },
  "2": {
    "BLEU_1": 0.3749999999062502,
    "BLEU_2": 7.319250545218839e-09,
    "ROUGE_L": 0.34923664122137404,
    "CIDEr": 0.0,
    "METEOR": 0.1671018276762402,
    "SPICE": 0.1111111111111111,
    "BLEU_4": 1.1559871144628244e-12
  },
  "3": {
    "BLEU_1": 0.3715190997867868,
    "BLEU_2": 7.326455450859374e-09,
    "ROUGE_L": 0.12224448897795591,
    "CIDEr": 0.0,
    "METEOR": 0.14395886889460152,
    "SPICE": 0.10810810810810811,
    "BLEU_4": 1.1917040716272326e-12
  },
  "4": {
    "BLEU_1": 0.3999999999200002,
    "BLEU_2": 6.666666665296299e-09,
    "ROUGE_L": 0.10627177700348434,
    "CIDEr": 0.0,
    "METEOR": 0.15609756097560976,
    "SPICE": 0.1,
    "BLEU_4": 9.438595266157062e-13
  },
  "5": {
    "BLEU_1": 0.3333333332592594,
    "BLEU_2": 6.454972242199766e-09,
    "ROUGE_L": 0.2222222222222222,
    "CIDEr": 0.0,
    "METEOR": 0.14285714285714285,
    "SPICE": 0.10810810810810811,
    "BLEU_4": 9.980099401403394e-13
  },
  "6": {
    "BLEU_1": 0.3333333332592594,
    "BLEU_2": 6.454972242199766e-09,
    "ROUGE_L": 0.2222222222222222,
    "CIDEr": 0.0,
    "METEOR": 0.16326530612244897,
    "SPICE": 0.05405405405405406,
    "BLEU_4": 9.980099401403394e-13
  },
  "7": {
    "BLEU_1": 0.22222222217283966,
    "BLEU_2": 5.270462765739487e-09,
    "ROUGE_L": 0.1111111111111111,
    "CIDEr": 0.0,
    "METEOR": 0.08290155440414507,
    "SPICE": 0.05555555555555555,
    "BLEU_4": 9.018037815333522e-13
  },
  "8": {
    "BLEU_1": 0.22222222217283966,
    "BLEU_2": 5.270462765739487e-09,
    "ROUGE_L": 0.1111111111111111,
    "CIDEr": 0.0,
    "METEOR": 0.08577378618887606,
    "SPICE": 0.05405405405405406,
    "BLEU_4": 9.018037815333522e-13
  },
  "9": {
    "BLEU_1": 0.27272727270247943,
    "BLEU_2": 5.222329678172441e-09,
    "ROUGE_L": 0.1018363939899833,
    "CIDEr": 0.0,
    "METEOR": 0.10050251256281406,
    "SPICE": 0.05714285714285715,
    "BLEU_4": 7.84510965356927e-13
  }
}