{
  "0": {
    "BLEU_1": 0.47768754022329724,
    "BLEU_2": 8.273790897955628e-09,
    "ROUGE_L": 0.20962199312714777,
    "CIDEr": 0.0,
    "METEOR": 0.10545749835155484,
    "SPICE": 0.06060606060606061,
    "BLEU_4": 1.3082012060046169e-12
  },
  "1": {
    "BLEU_1": 0.3749999999062502,
    "BLEU_2": 7.319250545218839e-09,
    "ROUGE_L": 0.1930379746835443,
    "CIDEr": 0.0,
    "METEOR": 0.07373271889400922,
    "SPICE": 0.058823529411764705,
    "BLEU_4": 1.1559871144628244e-12
  },
  "2": {
    "BLEU_1": 0.6249999998437503,
    "BLEU_2": 0.29880715225622895,
    "ROUGE_L": 0.28955696202531644,
    "CIDEr": 0.0,
    "METEOR": 0.12633171987956685,
    "SPICE": 0.11764705882352941,
    "BLEU_4": 7.386099953835683e-09
  },
  "3": {
    "BLEU_1": 0.3333333332592594,
    "BLEU_2": 6.454972242199766e-09,
    "ROUGE_L": 0.1189083820662768,
    "CIDEr": 0.0,
    "METEOR": 0.06122448979591836,
    "SPICE": 0.1142857142857143,
    "BLEU_4": 9.980099401403394e-13
  },
  "4": {
    "BLEU_1": 0.35826565516747294,
    "BLEU_2": 7.1653131032300366e-09,
    "ROUGE_L": 0.2798165137614679,
    "CIDEr": 0.0,
    "METEOR": 0.07692307692307693,
    "SPICE": 0.0625,
    "BLEU_4": 1.2174183989911234e-12
  },
  "5": {
    "BLEU_1": 0.4444444443456792,
    "BLEU_2": 7.453559923291195e-09,
    "ROUGE_L": 0.2785388127853881,
    "CIDEr": 0.0,
    "METEOR": 0.08290155440414507,
    "SPICE": 0.0,
    "BLEU_4": 1.0724314733358218e-12
  },
  "6": {
    "BLEU_1": 0.4953587997157158,
    "BLEU_2": 8.459862053518921e-09,
    "ROUGE_L": 0.35935198821796754,
    "CIDEr": 0.0,
    "METEOR": 0.08391608391608392,
    "SPICE": 0.06060606060606061,
    "BLEU_4": 1.2805693630023128e-12
  },
  "7": {
    "BLEU_1": 0.33203662404227063,
    "BLEU_2": 5.5062044929975245e-09,
    "ROUGE_L": 0.31322207958921694,
    "CIDEr": 0.0,
    "METEOR": 0.08849557522123894,
    "SPICE": 0.058823529411764705,
    "BLEU_4": 7.697547646857773e-13
  },
  "8": {
    "BLEU_1": 0.35826565516747294,
    "BLEU_2": 7.1653131032300366e-09,
    "ROUGE_L": 0.2573839662447257,
    "CIDEr": 0.0,
    "METEOR": 0.11287844825068344,
    "SPICE": 0.0625,
    "BLEU_4": 1.2174183989911234e-12
  },
  "9": {
    "BLEU_1": 0.4999999999500001,
    "BLEU_2": 7.453559924212536e-09,
    "ROUGE_L": 0.32360742705570295,
    "CIDEr": 0.0,
    "METEOR": 0.09135399673735728,
    "SPICE": 0.05714285714285715,
    "BLEU_4": 9.98009940267863e-13
  }
}