{
  "0": {
    "BLEU_1": 0.32206169694024794,
    "BLEU_2": 6.3511423138542446e-09,
    "ROUGE_L": 0.17967599410898377,
    "CIDEr": 0.0,
    "METEOR": 0.06138107416879795,
    "SPICE": 0.0,
    "BLEU_4": 1.0330619227359553e-12
  },
  "1": {
    "BLEU_1": 0.4294155959203306,
    "BLEU_2": 7.333667449130742e-09,
    "ROUGE_L": 0.17967599410898377,
    "CIDEr": 0.0,
    "METEOR": 0.1227621483375959,
    "SPICE": 0.0625,
    "BLEU_4": 1.1100972798838728e-12
  },
  "2": {
    "BLEU_1": 0.3333333332592594,
    "BLEU_2": 6.454972242199766e-09,
    "ROUGE_L": 0.10427350427350426,
    "CIDEr": 0.0,
    "METEOR": 0.11566265060240964,
    "SPICE": 0.05714285714285715,
    "BLEU_4": 9.980099401403394e-13
  },
  "3": {
    "BLEU_1": 0.27272727270247943,
    "BLEU_2": 5.222329678172441e-09,
    "ROUGE_L": 0.15661103979460847,
    "CIDEr": 0.0,
    "METEOR": 0.10000000000000003,
    "SPICE": 0.05263157894736842,
    "BLEU_4": 7.84510965356927e-13
  },
  "4": {
    "BLEU_1": 0.4999999999000002,
    "BLEU_2": 7.453559923467182e-09,
    "ROUGE_L": 0.16180371352785147,
    "CIDEr": 0.0,
    "METEOR": 0.11241217798594848,
    "SPICE": 0.05714285714285715,
    "BLEU_4": 9.98009940168062e-13
  },
  "5": {
    "BLEU_1": 0.3999999999200002,
    "BLEU_2": 6.666666665296299e-09,
    "ROUGE_L": 0.16180371352785147,
    "CIDEr": 0.0,
    "METEOR": 0.11241217798594848,
    "SPICE": 0.05714285714285715,
    "BLEU_4": 9.438595266157062e-13
  },
  "6": {
    "BLEU_1": 0.29999999994000015,
    "BLEU_2": 5.773502690709485e-09,
    "ROUGE_L": 0.1,
    "CIDEr": 0.0,
    "METEOR": 0.11085450346420322,
    "SPICE": 0.0,
    "BLEU_4": 8.783602617783837e-13
  },
  "7": {
    "BLEU_1": 0.29999999994000015,
    "BLEU_2": 5.773502690709485e-09,
    "ROUGE_L": 0.1,
    "CIDEr": 0.0,
    "METEOR": 0.11085450346420322,
    "SPICE": 0.0,
    "BLEU_4": 8.783602617783837e-13
  },
  "8": {
    "BLEU_1": 0.3333333332592594,
    "BLEU_2": 6.454972242199766e-09,
    "ROUGE_L": 0.10427350427350426,
    "CIDEr": 0.0,
    "METEOR": 0.11320754716981132,
    "SPICE": 0.0,
    "BLEU_4": 9.980099401403394e-13
  },
  "9": {
    "BLEU_1": 0.29999999994000015,
    "BLEU_2": 5.773502690709485e-09,
    "ROUGE_L": 0.1,
    "CIDEr": 0.0,
    "METEOR": 0.11085450346420322,
    "SPICE": 0.0,
    "BLEU_4": 8.783602617783837e-13
  }
}