{
  "0": {
    "BLEU_1": 0.22062422559099293,
    "BLEU_2": 5.273927726724911e-09,
    "ROUGE_L": 0.21785714285714283,
    "CIDEr": 0.0,
    "METEOR": 0.17764836212182103,
    "SPICE": 0.21428571428571425,
    "BLEU_4": 9.218141453123176e-13
  },
  "1": {
    "BLEU_1": 0.22062422559099293,
    "BLEU_2": 5.273927726724911e-09,
    "ROUGE_L": 0.21785714285714283,
    "CIDEr": 0.0,
    "METEOR": 0.11962616822429908,
    "SPICE": 0.14814814814814817,
    "BLEU_4": 9.218141453123176e-13
  },
  "2": {
    "BLEU_1": 0.36363636357024803,
    "BLEU_2": 6.030226890431458e-09,
    "ROUGE_L": 0.28818897637795277,
    "CIDEr": 0.0,
    "METEOR": 0.14253897550111358,
    "SPICE": 0.07142857142857144,
    "BLEU_4": 8.430118944817767e-13
  },
  "3": {
    "BLEU_1": 0.26666666664888894,
    "BLEU_2": 4.3643578044184995e-09,
    "ROUGE_L": 0.2489795918367347,
    "CIDEr": 0.0,
    "METEOR": 0.13704496788008566,
    "SPICE": 0.13333333333333333,
    "BLEU_4": 5.911245882681416e-13
  },
  "4": {
    "BLEU_1": 0.4444444443456792,
    "BLEU_2": 7.453559923291195e-09,
    "ROUGE_L": 0.31282051282051276,
    "CIDEr": 0.0,
    "METEOR": 0.14849187935034802,
    "SPICE": 0.15384615384615383,
    "BLEU_4": 1.0724314733358218e-12
  },
  "5": {
    "BLEU_1": 0.5367694949004131,
    "BLEU_2": 0.36668337245653715,
    "ROUGE_L": 0.45607476635514016,
    "CIDEr": 0.0,
    "METEOR": 0.19973101996047726,
    "SPICE": 0.16666666666666669,
    "BLEU_4": 4.4141393638778416e-05
  },
  "6": {
    "BLEU_1": 0.4999999999000002,
    "BLEU_2": 0.33333333326481496,
    "ROUGE_L": 0.4,
    "CIDEr": 0.0,
    "METEOR": 0.19006661576884126,
    "SPICE": 0.15384615384615383,
    "BLEU_4": 3.753119267926982e-05
  },
  "7": {
    "BLEU_1": 0.5367694949004131,
    "BLEU_2": 0.36668337245653715,
    "ROUGE_L": 0.45607476635514016,
    "CIDEr": 0.0,
    "METEOR": 0.19973101996047726,
    "SPICE": 0.16666666666666669,
    "BLEU_4": 4.4141393638778416e-05
  },
  "8": {
    "BLEU_1": 0.4999999999000002,
    "BLEU_2": 0.33333333326481496,
    "ROUGE_L": 0.4,
    "CIDEr": 0.0,
    "METEOR": 0.19006661576884126,
    "SPICE": 0.15384615384615383,
    "BLEU_4": 3.753119267926982e-05
  },
  "9": {
    "BLEU_1": 0.5367694949004131,
    "BLEU_2": 0.36668337245653715,
    "ROUGE_L": 0.45607476635514016,
    "CIDEr": 0.0,
    "METEOR": 0.19973101996047726,
    "SPICE": 0.16666666666666669,
    "BLEU_4": 4.4141393638778416e-05
  }
}