{
  "0": {
    "BLEU_1": 0.33093633838648934,
    "BLEU_2": 6.459215935396237e-09,
    "ROUGE_L": 0.20469798657718125,
    "CIDEr": 0.0,
    "METEOR": 0.097323600973236,
    "SPICE": 0.16216216216216214,
    "BLEU_4": 1.0201550479411466e-12
  },
  "1": {
    "BLEU_1": 0.4999999999583334,
    "BLEU_2": 6.741998624045051e-09,
    "ROUGE_L": 0.2629310344827586,
    "CIDEr": 0.0,
    "METEOR": 0.199546485260771,
    "SPICE": 0.09523809523809523,
    "BLEU_4": 8.430118945671953e-13
  },
  "2": {
    "BLEU_1": 0.46153846146745575,
    "BLEU_2": 6.201736728486434e-09,
    "ROUGE_L": 0.2538141470180305,
    "CIDEr": 0.0,
    "METEOR": 0.19819819819819823,
    "SPICE": 0.13636363636363635,
    "BLEU_4": 7.689683971362461e-13
  },
  "3": {
    "BLEU_1": 0.33333333330555565,
    "BLEU_2": 5.504818825152218e-09,
    "ROUGE_L": 0.17528735632183906,
    "CIDEr": 0.0,
    "METEOR": 0.1610738255033557,
    "SPICE": 0.046511627906976744,
    "BLEU_4": 7.61747236997849e-13
  },
  "4": {
    "BLEU_1": 0.36363636357024803,
    "BLEU_2": 6.030226890431458e-09,
    "ROUGE_L": 0.18181818181818182,
    "CIDEr": 0.0,
    "METEOR": 0.16326530612244897,
    "SPICE": 0.09999999999999999,
    "BLEU_4": 8.430118944817767e-13
  },
  "5": {
    "BLEU_1": 0.18181818178512404,
    "BLEU_2": 4.2640143263175525e-09,
    "ROUGE_L": 0.18181818181818182,
    "CIDEr": 0.0,
    "METEOR": 0.10884353741496598,
    "SPICE": 0.0975609756097561,
    "BLEU_4": 7.088856800859686e-13
  },
  "6": {
    "BLEU_1": 0.16666666665277785,
    "BLEU_2": 3.892494720468497e-09,
    "ROUGE_L": 0.17528735632183906,
    "CIDEr": 0.0,
    "METEOR": 0.10666666666666667,
    "SPICE": 0.09302325581395349,
    "BLEU_4": 6.40550520920913e-13
  },
  "7": {
    "BLEU_1": 0.3076923076449706,
    "BLEU_2": 5.063696834623075e-09,
    "ROUGE_L": 0.16920943134535368,
    "CIDEr": 0.0,
    "METEOR": 0.1589403973509934,
    "SPICE": 0.13636363636363635,
    "BLEU_4": 6.94841384364963e-13
  },
  "8": {
    "BLEU_1": 0.38461538455621314,
    "BLEU_2": 5.661385169833853e-09,
    "ROUGE_L": 0.2538141470180305,
    "CIDEr": 0.0,
    "METEOR": 0.1589403973509934,
    "SPICE": 0.09302325581395349,
    "BLEU_4": 7.347053124767714e-13
  },
  "9": {
    "BLEU_1": 0.4285714285102042,
    "BLEU_2": 5.741692516796131e-09,
    "ROUGE_L": 0.24530831099195713,
    "CIDEr": 0.0,
    "METEOR": 0.20779220779220778,
    "SPICE": 0.13636363636363635,
    "BLEU_4": 7.06930114786381e-13
  }
}