{
  "0": {
    "BLEU_1": 0.32206169694024794,
    "BLEU_2": 0.20084075455651398,
    "ROUGE_L": 0.32049036777583184,
    "CIDEr": 0.0,
    "METEOR": 0.22809905069895633,
    "SPICE": 0.3,
    "BLEU_4": 5.809334106350273e-09
  },
  "1": {
    "BLEU_1": 0.27272727267768604,
    "BLEU_2": 0.1651445647381773,
    "ROUGE_L": 0.3055091819699499,
    "CIDEr": 0.0,
    "METEOR": 0.22482435597189696,
    "SPICE": 0.16666666666666666,
    "BLEU_4": 4.4116293584506874e-09
  },
  "2": {
    "BLEU_1": 0.30769230766863914,
    "BLEU_2": 0.16012815379225645,
    "ROUGE_L": 0.33841886269070737,
    "CIDEr": 0.0,
    "METEOR": 0.2157303370786517,
    "SPICE": 0.17391304347826086,
    "BLEU_4": 3.9073802491094676e-09
  },
  "3": {
    "BLEU_1": 0.33333333327777787,
    "BLEU_2": 0.17407765592602564,
    "ROUGE_L": 0.3505747126436781,
    "CIDEr": 0.0,
    "METEOR": 0.2157303370786517,
    "SPICE": 0.16,
    "BLEU_4": 4.283619506777607e-09
  },
  "4": {
    "BLEU_1": 0.3999999999200002,
    "BLEU_2": 0.21081851063455723,
    "ROUGE_L": 0.37770897832817335,
    "CIDEr": 0.0,
    "METEOR": 0.22641509433962265,
    "SPICE": 0.2857142857142857,
    "BLEU_4": 5.307712169906119e-09
  },
  "5": {
    "BLEU_1": 0.2631578947229917,
    "BLEU_2": 0.1709963920049426,
    "ROUGE_L": 0.3053817271589487,
    "CIDEr": 0.0,
    "METEOR": 0.23585227132404685,
    "SPICE": 0.1935483870967742,
    "BLEU_4": 3.2199657145442074e-09
  },
  "6": {
    "BLEU_1": 0.22727272726239672,
    "BLEU_2": 0.14712247157727837,
    "ROUGE_L": 0.2791762013729977,
    "CIDEr": 0.0,
    "METEOR": 0.22079787102676726,
    "SPICE": 0.17142857142857143,
    "BLEU_4": 2.7472210589594458e-09
  },
  "7": {
    "BLEU_1": 0.2105263157783934,
    "BLEU_2": 0.108147614081325,
    "ROUGE_L": 0.2801377726750861,
    "CIDEr": 0.0,
    "METEOR": 0.19123505976095617,
    "SPICE": 0.12121212121212122,
    "BLEU_4": 2.5607444804104893e-09
  },
  "8": {
    "BLEU_1": 0.15789473683379507,
    "BLEU_2": 0.09365858115310313,
    "ROUGE_L": 0.21010332950631458,
    "CIDEr": 0.0,
    "METEOR": 0.17425742574257427,
    "SPICE": 0.13333333333333333,
    "BLEU_4": 2.383041256388883e-09
  },
  "9": {
    "BLEU_1": 0.2105263157783934,
    "BLEU_2": 0.108147614081325,
    "ROUGE_L": 0.2801377726750861,
    "CIDEr": 0.0,
    "METEOR": 0.19238476953907818,
    "SPICE": 0.13333333333333333,
    "BLEU_4": 2.5607444804104893e-09
  }
}