{
  "0": {
    "BLEU_1": 0.37225088991138877,
    "BLEU_2": 0.28431131341888405,
    "ROUGE_L": 0.40197693574958815,
    "CIDEr": 0.0,
    "METEOR": 0.2644628099173553,
    "SPICE": 0.25,
    "BLEU_4": 3.618899050189781e-05
  },
  "1": {
    "BLEU_1": 0.2499999999583334,
    "BLEU_2": 0.15075567226318493,
    "ROUGE_L": 0.25,
    "CIDEr": 0.0,
    "METEOR": 0.25870646766169153,
    "SPICE": 0.1111111111111111,
    "BLEU_4": 3.98635712755178e-09
  },
  "2": {
    "BLEU_1": 0.4999999999000002,
    "BLEU_2": 0.33333333326481496,
    "ROUGE_L": 0.3577712609970674,
    "CIDEr": 0.0,
    "METEOR": 0.25,
    "SPICE": 0.21621621621621623,
    "BLEU_4": 3.753119267926982e-05
  },
  "3": {
    "BLEU_1": 0.4166666665972223,
    "BLEU_2": 0.27524094123467413,
    "ROUGE_L": 0.3333333333333333,
    "CIDEr": 0.0,
    "METEOR": 0.23880597014925373,
    "SPICE": 0.2702702702702703,
    "BLEU_4": 3.0289764012654195e-05
  },
  "4": {
    "BLEU_1": 0.33333333327777787,
    "BLEU_2": 0.17407765592602564,
    "ROUGE_L": 0.16666666666666666,
    "CIDEr": 0.0,
    "METEOR": 0.19900497512437815,
    "SPICE": 0.2222222222222222,
    "BLEU_4": 4.283619506777607e-09
  },
  "5": {
    "BLEU_1": 0.33333333327777787,
    "BLEU_2": 0.17407765592602564,
    "ROUGE_L": 0.16666666666666666,
    "CIDEr": 0.0,
    "METEOR": 0.19900497512437815,
    "SPICE": 0.2222222222222222,
    "BLEU_4": 4.283619506777607e-09
  },
  "6": {
    "BLEU_1": 0.30769230766863914,
    "BLEU_2": 0.16012815379225645,
    "ROUGE_L": 0.16116248348745044,
    "CIDEr": 0.0,
    "METEOR": 0.19464720194647206,
    "SPICE": 0.16216216216216217,
    "BLEU_4": 3.9073802491094676e-09
  },
  "7": {
    "BLEU_1": 0.357142857117347,
    "BLEU_2": 0.16574838602065456,
    "ROUGE_L": 0.15601023017902813,
    "CIDEr": 0.0,
    "METEOR": 0.19323671497584544,
    "SPICE": 0.22857142857142856,
    "BLEU_4": 3.7982292265213524e-09
  },
  "8": {
    "BLEU_1": 0.33333333327777787,
    "BLEU_2": 0.17407765592602564,
    "ROUGE_L": 0.16666666666666666,
    "CIDEr": 0.0,
    "METEOR": 0.19900497512437815,
    "SPICE": 0.2222222222222222,
    "BLEU_4": 4.283619506777607e-09
  },
  "9": {
    "BLEU_1": 0.4166666665972223,
    "BLEU_2": 0.19462473600720623,
    "ROUGE_L": 0.25,
    "CIDEr": 0.0,
    "METEOR": 0.2549019607843137,
    "SPICE": 0.16666666666666666,
    "BLEU_4": 4.529376169980083e-09
  }
}