{
  "0": {
    "BLEU_1": 0.4953587997157158,
    "BLEU_2": 0.2675243277994909,
    "ROUGE_L": 0.24448897795591182,
    "CIDEr": 0.0,
    "METEOR": 0.16114698509012707,
    "SPICE": 0.2,
    "BLEU_4": 7.201170725888819e-09
  },
  "1": {
    "BLEU_1": 0.6191984996446447,
    "BLEU_2": 0.42299310267594614,
    "ROUGE_L": 0.3667334669338677,
    "CIDEr": 0.0,
    "METEOR": 0.2684504602000365,
    "SPICE": 0.27586206896551724,
    "BLEU_4": 9.054992803586728e-09
  },
  "2": {
    "BLEU_1": 0.4999999998750002,
    "BLEU_2": 8.451542545096823e-09,
    "ROUGE_L": 0.232824427480916,
    "CIDEr": 0.0,
    "METEOR": 0.21301775147928997,
    "SPICE": 0.2,
    "BLEU_4": 1.2421889947772103e-12
  },
  "3": {
    "BLEU_1": 0.4953587997157158,
    "BLEU_2": 8.459862053518921e-09,
    "ROUGE_L": 0.24448897795591182,
    "CIDEr": 0.0,
    "METEOR": 0.2188449848024316,
    "SPICE": 0.14285714285714285,
    "BLEU_4": 1.2805693630023128e-12
  },
  "4": {
    "BLEU_1": 0.4953587997157158,
    "BLEU_2": 8.459862053518921e-09,
    "ROUGE_L": 0.24448897795591182,
    "CIDEr": 0.0,
    "METEOR": 0.2188449848024316,
    "SPICE": 0.14285714285714285,
    "BLEU_4": 1.2805693630023128e-12
  },
  "5": {
    "BLEU_1": 0.4953587997157158,
    "BLEU_2": 8.459862053518921e-09,
    "ROUGE_L": 0.24448897795591182,
    "CIDEr": 0.0,
    "METEOR": 0.2188449848024316,
    "SPICE": 0.14285714285714285,
    "BLEU_4": 1.2805693630023128e-12
  },
  "6": {
    "BLEU_1": 0.3715190997867868,
    "BLEU_2": 7.326455450859374e-09,
    "ROUGE_L": 0.24448897795591182,
    "CIDEr": 0.0,
    "METEOR": 0.16114698509012707,
    "SPICE": 0.07142857142857142,
    "BLEU_4": 1.1917040716272326e-12
  },
  "7": {
    "BLEU_1": 0.4953587997157158,
    "BLEU_2": 8.459862053518921e-09,
    "ROUGE_L": 0.24448897795591182,
    "CIDEr": 0.0,
    "METEOR": 0.2188449848024316,
    "SPICE": 0.14285714285714285,
    "BLEU_4": 1.2805693630023128e-12
  },
  "8": {
    "BLEU_1": 0.4953587997157158,
    "BLEU_2": 8.459862053518921e-09,
    "ROUGE_L": 0.24448897795591182,
    "CIDEr": 0.0,
    "METEOR": 0.2188449848024316,
    "SPICE": 0.14285714285714285,
    "BLEU_4": 1.2805693630023128e-12
  },
  "9": {
    "BLEU_1": 0.4953587997157158,
    "BLEU_2": 8.459862053518921e-09,
    "ROUGE_L": 0.24448897795591182,
    "CIDEr": 0.0,
    "METEOR": 0.2188449848024316,
    "SPICE": 0.14285714285714285,
    "BLEU_4": 1.2805693630023128e-12
  }
}