{
  "0": {
    "BLEU_1": 0.23884377011164867,
    "BLEU_2": 5.85045365006396e-09,
    "ROUGE_L": 0.13926940639269406,
    "CIDEr": 0.0,
    "METEOR": 0.0784313725490196,
    "SPICE": 0.1,
    "BLEU_4": 1.1000617045598687e-12
  },
  "1": {
    "BLEU_1": 0.11111111109876555,
    "BLEU_2": 3.726779962059685e-09,
    "ROUGE_L": 0.1189083820662768,
    "CIDEr": 0.0,
    "METEOR": 0.0928821041585744,
    "SPICE": 0.2608695652173913,
    "BLEU_4": 7.583235672378979e-13
  },
  "2": {
    "BLEU_1": 0.24999999993750016,
    "BLEU_2": 5.976143045124577e-09,
    "ROUGE_L": 0.125,
    "CIDEr": 0.0,
    "METEOR": 0.12164621915697595,
    "SPICE": 0.19047619047619047,
    "BLEU_4": 1.0445522727757714e-12
  },
  "3": {
    "BLEU_1": 0.09048374178549932,
    "BLEU_2": 3.016124726166553e-09,
    "ROUGE_L": 0.11338289962825278,
    "CIDEr": 0.0,
    "METEOR": 0.13296069506956054,
    "SPICE": 0.08333333333333333,
    "BLEU_4": 6.038970631977915e-13
  },
  "4": {
    "BLEU_1": 0.09090909089256209,
    "BLEU_2": 3.0151134452157307e-09,
    "ROUGE_L": 0.108348134991119,
    "CIDEr": 0.0,
    "METEOR": 0.1219723657454619,
    "SPICE": 0.08333333333333333,
    "BLEU_4": 5.960994272089826e-13
  },
  "5": {
    "BLEU_1": 0.18181818178512404,
    "BLEU_2": 4.2640143263175525e-09,
    "ROUGE_L": 0.108348134991119,
    "CIDEr": 0.0,
    "METEOR": 0.18070190013477172,
    "SPICE": 0.15384615384615383,
    "BLEU_4": 7.088856800859686e-13
  },
  "6": {
    "BLEU_1": 0.09090909089256209,
    "BLEU_2": 3.0151134452157307e-09,
    "ROUGE_L": 0.108348134991119,
    "CIDEr": 0.0,
    "METEOR": 0.1219723657454619,
    "SPICE": 0.18181818181818182,
    "BLEU_4": 5.960994272089826e-13
  },
  "7": {
    "BLEU_1": 0.1809674835709985,
    "BLEU_2": 4.265444493553575e-09,
    "ROUGE_L": 0.11338289962825278,
    "CIDEr": 0.0,
    "METEOR": 0.12415146771928773,
    "SPICE": 0.2608695652173913,
    "BLEU_4": 7.181586842840614e-13
  },
  "8": {
    "BLEU_1": 0.1538461538343196,
    "BLEU_2": 3.5805743699102604e-09,
    "ROUGE_L": 0.09951060358890701,
    "CIDEr": 0.0,
    "METEOR": 0.11717357129371025,
    "SPICE": 0.22222222222222224,
    "BLEU_4": 5.84289629327371e-13
  },
  "9": {
    "BLEU_1": 0.2142857142704082,
    "BLEU_2": 4.059989714404599e-09,
    "ROUGE_L": 0.19122257053291536,
    "CIDEr": 0.0,
    "METEOR": 0.11912940082959021,
    "SPICE": 0.21428571428571427,
    "BLEU_4": 5.944549994012258e-13
  }
}