{
  "0": {
    "BLEU_1": 0.4444444443456792,
    "BLEU_2": 7.453559923291195e-09,
    "ROUGE_L": 0.20854700854700853,
    "CIDEr": 0.0,
    "METEOR": 0.16093311915925432,
    "SPICE": 0.19354838709677416,
    "BLEU_4": 1.0724314733358218e-12
  },
  "1": {
    "BLEU_1": 0.10108844325174288,
    "BLEU_2": 3.5018063953428727e-09,
    "ROUGE_L": 0.12869198312236285,
    "CIDEr": 0.0,
    "METEOR": 0.1339260734642034,
    "SPICE": 0.0,
    "BLEU_4": 7.830277143606023e-13
  },
  "2": {
    "BLEU_1": 0.22062422559099293,
    "BLEU_2": 5.273927726724911e-09,
    "ROUGE_L": 0.1930379746835443,
    "CIDEr": 0.0,
    "METEOR": 0.1852819022119203,
    "SPICE": 0.06451612903225806,
    "BLEU_4": 9.218141453123176e-13
  },
  "3": {
    "BLEU_1": 0.10108844325174288,
    "BLEU_2": 3.5018063953428727e-09,
    "ROUGE_L": 0.12869198312236285,
    "CIDEr": 0.0,
    "METEOR": 0.13583023564615893,
    "SPICE": 0.0,
    "BLEU_4": 7.830277143606023e-13
  },
  "4": {
    "BLEU_1": 0.33093633838648934,
    "BLEU_2": 6.459215935396237e-09,
    "ROUGE_L": 0.21785714285714283,
    "CIDEr": 0.0,
    "METEOR": 0.13999999999999999,
    "SPICE": 0.06451612903225806,
    "BLEU_4": 1.0201550479411466e-12
  },
  "5": {
    "BLEU_1": 0.10108844325174288,
    "BLEU_2": 3.5018063953428727e-09,
    "ROUGE_L": 0.12869198312236285,
    "CIDEr": 0.0,
    "METEOR": 0.13583023564615893,
    "SPICE": 0.0,
    "BLEU_4": 7.830277143606023e-13
  },
  "6": {
    "BLEU_1": 0.33093633838648934,
    "BLEU_2": 6.459215935396237e-09,
    "ROUGE_L": 0.21785714285714283,
    "CIDEr": 0.0,
    "METEOR": 0.13999999999999999,
    "SPICE": 0.06451612903225806,
    "BLEU_4": 1.0201550479411466e-12
  },
  "7": {
    "BLEU_1": 0.10108844325174288,
    "BLEU_2": 3.5018063953428727e-09,
    "ROUGE_L": 0.12869198312236285,
    "CIDEr": 0.0,
    "METEOR": 0.13583023564615893,
    "SPICE": 0.0,
    "BLEU_4": 7.830277143606023e-13
  },
  "8": {
    "BLEU_1": 0.33093633838648934,
    "BLEU_2": 6.459215935396237e-09,
    "ROUGE_L": 0.21785714285714283,
    "CIDEr": 0.0,
    "METEOR": 0.13999999999999999,
    "SPICE": 0.06451612903225806,
    "BLEU_4": 1.0201550479411466e-12
  },
  "9": {
    "BLEU_1": 0.10108844325174288,
    "BLEU_2": 3.5018063953428727e-09,
    "ROUGE_L": 0.12869198312236285,
    "CIDEr": 0.0,
    "METEOR": 0.13583023564615893,
    "SPICE": 0.0,
    "BLEU_4": 7.830277143606023e-13
  }
}