{
  "0": {
    "BLEU_1": 0.4953587997157158,
    "BLEU_2": 8.459862053518921e-09,
    "ROUGE_L": 0.2634989200863931,
    "CIDEr": 0.0,
    "METEOR": 0.17328465097862897,
    "SPICE": 0.14814814814814817,
    "BLEU_4": 1.2805693630023128e-12
  },
  "1": {
    "BLEU_1": 0.45454545446281003,
    "BLEU_2": 0.2132007163158777,
    "ROUGE_L": 0.2727272727272727,
    "CIDEr": 0.0,
    "METEOR": 0.12720219850065295,
    "SPICE": 0.13333333333333333,
    "BLEU_4": 5.012578714748261e-09
  },
  "2": {
    "BLEU_1": 0.35294117644982703,
    "BLEU_2": 0.14852213143749163,
    "ROUGE_L": 0.2566619915848527,
    "CIDEr": 0.0,
    "METEOR": 0.14471570732993086,
    "SPICE": 0.1142857142857143,
    "BLEU_4": 3.2014060613745118e-09
  },
  "3": {
    "BLEU_1": 0.3157894736675901,
    "BLEU_2": 0.1324532356993396,
    "ROUGE_L": 0.2398427260812582,
    "CIDEr": 0.0,
    "METEOR": 0.14108267702039284,
    "SPICE": 0.1142857142857143,
    "BLEU_4": 2.833929617442683e-09
  },
  "4": {
    "BLEU_1": 0.29999999998500004,
    "BLEU_2": 0.1256561724810606,
    "ROUGE_L": 0.23223350253807104,
    "CIDEr": 0.0,
    "METEOR": 0.13679010064046204,
    "SPICE": 0.10256410256410256,
    "BLEU_4": 2.680165156210373e-09
  },
  "5": {
    "BLEU_1": 0.29999999998500004,
    "BLEU_2": 0.1256561724810606,
    "ROUGE_L": 0.23223350253807104,
    "CIDEr": 0.0,
    "METEOR": 0.13679010064046204,
    "SPICE": 0.10256410256410256,
    "BLEU_4": 2.680165156210373e-09
  },
  "6": {
    "BLEU_1": 0.29999999998500004,
    "BLEU_2": 0.1256561724810606,
    "ROUGE_L": 0.23223350253807104,
    "CIDEr": 0.0,
    "METEOR": 0.1384753996216587,
    "SPICE": 0.11111111111111112,
    "BLEU_4": 2.680165156210373e-09
  },
  "7": {
    "BLEU_1": 0.29999999998500004,
    "BLEU_2": 0.1256561724810606,
    "ROUGE_L": 0.23223350253807104,
    "CIDEr": 0.0,
    "METEOR": 0.13679010064046204,
    "SPICE": 0.10526315789473685,
    "BLEU_4": 2.680165156210373e-09
  },
  "8": {
    "BLEU_1": 0.3157894736675901,
    "BLEU_2": 0.1324532356993396,
    "ROUGE_L": 0.2398427260812582,
    "CIDEr": 0.0,
    "METEOR": 0.14108267702039284,
    "SPICE": 0.1142857142857143,
    "BLEU_4": 2.833929617442683e-09
  },
  "9": {
    "BLEU_1": 0.3124999999804688,
    "BLEU_2": 0.14433756728808472,
    "ROUGE_L": 0.22989949748743718,
    "CIDEr": 0.0,
    "METEOR": 0.12482508371890565,
    "SPICE": 0.1081081081081081,
    "BLEU_4": 3.2709344706502825e-09
  }
}