{
  "0": {
    "BLEU_1": 0.33093633838648934,
    "BLEU_2": 6.459215935396237e-09,
    "ROUGE_L": 0.232824427480916,
    "CIDEr": 0.0,
    "METEOR": 0.15838795337570521,
    "SPICE": 0.18181818181818182,
    "BLEU_4": 1.0201550479411466e-12
  },
  "1": {
    "BLEU_1": 0.4444444443456792,
    "BLEU_2": 7.453559923291195e-09,
    "ROUGE_L": 0.2222222222222222,
    "CIDEr": 0.0,
    "METEOR": 0.14289205769149507,
    "SPICE": 0.17142857142857146,
    "BLEU_4": 1.0724314733358218e-12
  },
  "2": {
    "BLEU_1": 0.32206169694024794,
    "BLEU_2": 6.3511423138542446e-09,
    "ROUGE_L": 0.24448897795591182,
    "CIDEr": 0.0,
    "METEOR": 0.16169535843459465,
    "SPICE": 0.12121212121212123,
    "BLEU_4": 1.0330619227359553e-12
  },
  "3": {
    "BLEU_1": 0.4412484511819858,
    "BLEU_2": 0.2358572181075568,
    "ROUGE_L": 0.3267857142857143,
    "CIDEr": 0.0,
    "METEOR": 0.19370935602748685,
    "SPICE": 0.30303030303030304,
    "BLEU_4": 6.164542726677392e-09
  },
  "4": {
    "BLEU_1": 0.4999999999166667,
    "BLEU_2": 0.21320071631926954,
    "ROUGE_L": 0.2772727272727273,
    "CIDEr": 0.0,
    "METEOR": 0.1935802993745296,
    "SPICE": 0.37837837837837834,
    "BLEU_4": 4.7406042590263856e-09
  },
  "5": {
    "BLEU_1": 0.33093633838648934,
    "BLEU_2": 0.2042583425470713,
    "ROUGE_L": 0.232824427480916,
    "CIDEr": 0.0,
    "METEOR": 0.16729444384192046,
    "SPICE": 0.24242424242424246,
    "BLEU_4": 5.736753415588487e-09
  },
  "6": {
    "BLEU_1": 0.4999999999000002,
    "BLEU_2": 7.453559923467182e-09,
    "ROUGE_L": 0.25487465181058494,
    "CIDEr": 0.0,
    "METEOR": 0.16881495311340344,
    "SPICE": 0.2777777777777778,
    "BLEU_4": 9.98009940168062e-13
  },
  "7": {
    "BLEU_1": 0.4545454545041323,
    "BLEU_2": 6.741998623988867e-09,
    "ROUGE_L": 0.24629878869448185,
    "CIDEr": 0.0,
    "METEOR": 0.213464098046607,
    "SPICE": 0.27027027027027023,
    "BLEU_4": 8.913765520446539e-13
  },
  "8": {
    "BLEU_1": 0.36363636360330587,
    "BLEU_2": 6.03022689097966e-09,
    "ROUGE_L": 0.24629878869448185,
    "CIDEr": 0.0,
    "METEOR": 0.18967293095424065,
    "SPICE": 0.21621621621621623,
    "BLEU_4": 8.430118945584141e-13
  },
  "9": {
    "BLEU_1": 0.4999999999000002,
    "BLEU_2": 7.453559923467182e-09,
    "ROUGE_L": 0.25487465181058494,
    "CIDEr": 0.0,
    "METEOR": 0.16881495311340344,
    "SPICE": 0.2777777777777778,
    "BLEU_4": 9.98009940168062e-13
  }
}