{
  "0": {
    "BLEU_1": 0.4444444443456792,
    "BLEU_2": 0.23570226034150096,
    "ROUGE_L": 0.2222222222222222,
    "CIDEr": 0.0,
    "METEOR": 0.1551933881775059,
    "SPICE": 0.18181818181818182,
    "BLEU_4": 6.030725358915047e-09
  },
  "1": {
    "BLEU_1": 0.45454545446281003,
    "BLEU_2": 0.30151134452157297,
    "ROUGE_L": 0.3055091819699499,
    "CIDEr": 0.0,
    "METEOR": 0.19088757894177183,
    "SPICE": 0.1764705882352941,
    "BLEU_4": 5.960994272089826e-09
  },
  "2": {
    "BLEU_1": 0.4999999999000002,
    "BLEU_2": 0.33333333326481496,
    "ROUGE_L": 0.31881533101045295,
    "CIDEr": 0.0,
    "METEOR": 0.1951825494679617,
    "SPICE": 0.18181818181818182,
    "BLEU_4": 6.674094717574906e-09
  },
  "3": {
    "BLEU_1": 0.38461538458579886,
    "BLEU_2": 0.25318484175062944,
    "ROUGE_L": 0.2819722650231125,
    "CIDEr": 0.0,
    "METEOR": 0.18030720505123485,
    "SPICE": 0.19999999999999998,
    "BLEU_4": 4.913270547713079e-09
  },
  "4": {
    "BLEU_1": 0.5054422162587139,
    "BLEU_2": 0.35018063953428713,
    "ROUGE_L": 0.3860759493670886,
    "CIDEr": 0.0,
    "METEOR": 0.2084362948187783,
    "SPICE": 0.1935483870967742,
    "BLEU_4": 4.403288425543113e-05
  },
  "5": {
    "BLEU_1": 0.5515605639774822,
    "BLEU_2": 0.3729230059054938,
    "ROUGE_L": 0.34923664122137404,
    "CIDEr": 0.0,
    "METEOR": 0.20778063285560983,
    "SPICE": 0.18181818181818182,
    "BLEU_4": 4.358989964947794e-05
  },
  "6": {
    "BLEU_1": 0.4444444443456792,
    "BLEU_2": 0.3333333332569446,
    "ROUGE_L": 0.3333333333333333,
    "CIDEr": 0.0,
    "METEOR": 0.20021580398950756,
    "SPICE": 0.17142857142857143,
    "BLEU_4": 4.032989115749891e-05
  },
  "7": {
    "BLEU_1": 0.22222222217283966,
    "BLEU_2": 5.270462765739487e-09,
    "ROUGE_L": 0.1111111111111111,
    "CIDEr": 0.0,
    "METEOR": 0.17557280689950527,
    "SPICE": 0.16216216216216217,
    "BLEU_4": 9.018037815333522e-13
  },
  "8": {
    "BLEU_1": 0.29999999994000015,
    "BLEU_2": 5.773502690709485e-09,
    "ROUGE_L": 0.10627177700348434,
    "CIDEr": 0.0,
    "METEOR": 0.18898856566672323,
    "SPICE": 0.12121212121212122,
    "BLEU_4": 8.783602617783837e-13
  },
  "9": {
    "BLEU_1": 0.10108844325174288,
    "BLEU_2": 3.5018063953428727e-09,
    "ROUGE_L": 0.12869198312236285,
    "CIDEr": 0.0,
    "METEOR": 0.045584045584045586,
    "SPICE": 0.0,
    "BLEU_4": 7.830277143606023e-13
  }
}