{
  "0": {
    "BLEU_1": 0.23884377011164867,
    "BLEU_2": 0.1850075887944782,
    "ROUGE_L": 0.2785388127853881,
    "CIDEr": 0.0,
    "METEOR": 0.1758293234438008,
    "SPICE": 0.14285714285714285,
    "BLEU_4": 6.1861015673335086e-09
  },
  "1": {
    "BLEU_1": 0.18181818180165296,
    "BLEU_2": 4.26401432670519e-09,
    "ROUGE_L": 0.108348134991119,
    "CIDEr": 0.0,
    "METEOR": 0.06575342465753424,
    "SPICE": 0.0,
    "BLEU_4": 7.088856801504128e-13
  },
  "2": {
    "BLEU_1": 0.12499999996875016,
    "BLEU_2": 4.225771272548414e-09,
    "ROUGE_L": 0.125,
    "CIDEr": 0.0,
    "METEOR": 0.06976744186046512,
    "SPICE": 0.0,
    "BLEU_4": 8.783602617222665e-13
  },
  "3": {
    "BLEU_1": 0.29999999994000015,
    "BLEU_2": 5.773502690709485e-09,
    "ROUGE_L": 0.1788856304985337,
    "CIDEr": 0.0,
    "METEOR": 0.06741573033707865,
    "SPICE": 0.06060606060606061,
    "BLEU_4": 8.783602617783837e-13
  },
  "4": {
    "BLEU_1": 0.36363636360330587,
    "BLEU_2": 6.03022689097966e-09,
    "ROUGE_L": 0.1921259842519685,
    "CIDEr": 0.0,
    "METEOR": 0.091324200913242,
    "SPICE": 0.0,
    "BLEU_4": 8.430118945584141e-13
  },
  "5": {
    "BLEU_1": 0.2142857142704082,
    "BLEU_2": 4.059989714404599e-09,
    "ROUGE_L": 0.15601023017902813,
    "CIDEr": 0.0,
    "METEOR": 0.05985037406483791,
    "SPICE": 0.05405405405405405,
    "BLEU_4": 5.944549994012258e-13
  },
  "6": {
    "BLEU_1": 0.27272727270247943,
    "BLEU_2": 5.222329678172441e-09,
    "ROUGE_L": 0.17256011315417258,
    "CIDEr": 0.0,
    "METEOR": 0.06521739130434782,
    "SPICE": 0.0588235294117647,
    "BLEU_4": 7.84510965356927e-13
  },
  "7": {
    "BLEU_1": 0.29411764704152255,
    "BLEU_2": 0.13558153612843557,
    "ROUGE_L": 0.2847141190198366,
    "CIDEr": 0.0,
    "METEOR": 0.08714522476845403,
    "SPICE": 0.05128205128205128,
    "BLEU_4": 3.058760346259648e-09
  },
  "8": {
    "BLEU_1": 0.4999999999000002,
    "BLEU_2": 0.23570226034706615,
    "ROUGE_L": 0.3577712609970674,
    "CIDEr": 0.0,
    "METEOR": 0.09634388738290196,
    "SPICE": 0.06060606060606061,
    "BLEU_4": 5.612222323072491e-09
  },
  "9": {
    "BLEU_1": 0.4999999999000002,
    "BLEU_2": 0.23570226034706615,
    "ROUGE_L": 0.3577712609970674,
    "CIDEr": 0.0,
    "METEOR": 0.09634388738290196,
    "SPICE": 0.06060606060606061,
    "BLEU_4": 5.612222323072491e-09
  }
}