{
  "0": {
    "BLEU_1": 0.2567085594307266,
    "BLEU_2": 5.134171188528962e-09,
    "ROUGE_L": 0.23921568627450981,
    "CIDEr": 0.0,
    "METEOR": 0.1831716299771604,
    "SPICE": 0.20689655172413793,
    "BLEU_4": 8.723184009457538e-13
  },
  "1": {
    "BLEU_1": 0.07357588820485822,
    "BLEU_2": 2.6013004740088944e-09,
    "ROUGE_L": 0.12577319587628866,
    "CIDEr": 0.0,
    "METEOR": 0.11009174311926606,
    "SPICE": 0.14285714285714285,
    "BLEU_4": 6.250434469943716e-13
  },
  "2": {
    "BLEU_1": 0.07357588820485822,
    "BLEU_2": 2.6013004740088944e-09,
    "ROUGE_L": 0.12577319587628866,
    "CIDEr": 0.0,
    "METEOR": 0.11162790697674418,
    "SPICE": 0.14285714285714285,
    "BLEU_4": 6.250434469943716e-13
  },
  "3": {
    "BLEU_1": 0.17113903962048443,
    "BLEU_2": 4.192033221331537e-09,
    "ROUGE_L": 0.23921568627450981,
    "CIDEr": 0.0,
    "METEOR": 0.18070190013477172,
    "SPICE": 0.20689655172413793,
    "BLEU_4": 7.882286548803192e-13
  },
  "4": {
    "BLEU_1": 0.07357588820485822,
    "BLEU_2": 2.6013004740088944e-09,
    "ROUGE_L": 0.12577319587628866,
    "CIDEr": 0.0,
    "METEOR": 0.11162790697674418,
    "SPICE": 0.14285714285714285,
    "BLEU_4": 6.250434469943716e-13
  },
  "5": {
    "BLEU_1": 0.07357588820485822,
    "BLEU_2": 2.6013004740088944e-09,
    "ROUGE_L": 0.12577319587628866,
    "CIDEr": 0.0,
    "METEOR": 0.1483443708609272,
    "SPICE": 0.14285714285714285,
    "BLEU_4": 6.250434469943716e-13
  },
  "6": {
    "BLEU_1": 0.07357588820485822,
    "BLEU_2": 2.6013004740088944e-09,
    "ROUGE_L": 0.12577319587628866,
    "CIDEr": 0.0,
    "METEOR": 0.11162790697674418,
    "SPICE": 0.14285714285714285,
    "BLEU_4": 6.250434469943716e-13
  },
  "7": {
    "BLEU_1": 0.07357588820485822,
    "BLEU_2": 2.6013004740088944e-09,
    "ROUGE_L": 0.12577319587628866,
    "CIDEr": 0.0,
    "METEOR": 0.1483443708609272,
    "SPICE": 0.14285714285714285,
    "BLEU_4": 6.250434469943716e-13
  },
  "8": {
    "BLEU_1": 0.07357588820485822,
    "BLEU_2": 2.6013004740088944e-09,
    "ROUGE_L": 0.12577319587628866,
    "CIDEr": 0.0,
    "METEOR": 0.11162790697674418,
    "SPICE": 0.14285714285714285,
    "BLEU_4": 6.250434469943716e-13
  },
  "9": {
    "BLEU_1": 0.17113903962048443,
    "BLEU_2": 4.192033221331537e-09,
    "ROUGE_L": 0.23921568627450981,
    "CIDEr": 0.0,
    "METEOR": 0.18070190013477172,
    "SPICE": 0.20689655172413793,
    "BLEU_4": 7.882286548803192e-13
  }
}