{
  "0": {
    "BLEU_1": 0.1988531814701149,
    "BLEU_2": 4.716217300589896e-09,
    "ROUGE_L": 0.1856925418569254,
    "CIDEr": 0.0,
    "METEOR": 0.09456264775413711,
    "SPICE": 0.0,
    "BLEU_4": 8.0696947976792e-13
  },
  "1": {
    "BLEU_1": 0.09999999998000014,
    "BLEU_2": 3.333333332648151e-09,
    "ROUGE_L": 0.1,
    "CIDEr": 0.0,
    "METEOR": 0.019950124688279298,
    "SPICE": 0.0,
    "BLEU_4": 6.674094717574907e-13
  },
  "2": {
    "BLEU_1": 0.2499999999583334,
    "BLEU_2": 0.15075567226318493,
    "ROUGE_L": 0.2629310344827586,
    "CIDEr": 0.0,
    "METEOR": 0.15518478504628502,
    "SPICE": 0.18749999999999997,
    "BLEU_4": 3.98635712755178e-09
  },
  "3": {
    "BLEU_1": 0.09942659073505752,
    "BLEU_2": 3.3348692347964305e-09,
    "ROUGE_L": 0.09822866344605477,
    "CIDEr": 0.0,
    "METEOR": 0.08970322291499071,
    "SPICE": 0.07142857142857144,
    "BLEU_4": 6.785777427559989e-13
  },
  "4": {
    "BLEU_1": 0.09999999998000014,
    "BLEU_2": 3.333333332648151e-09,
    "ROUGE_L": 0.09442724458204334,
    "CIDEr": 0.0,
    "METEOR": 0.05442176870748299,
    "SPICE": 0.06666666666666667,
    "BLEU_4": 6.674094717574907e-13
  },
  "5": {
    "BLEU_1": 0.4999999999000002,
    "BLEU_2": 0.33333333326481496,
    "ROUGE_L": 0.28328173374613,
    "CIDEr": 0.0,
    "METEOR": 0.2150947514978713,
    "SPICE": 0.23076923076923075,
    "BLEU_4": 6.674094717574906e-09
  },
  "6": {
    "BLEU_1": 0.3124999999804688,
    "BLEU_2": 0.20412414521874855,
    "ROUGE_L": 0.3065326633165829,
    "CIDEr": 0.0,
    "METEOR": 0.17513569266173482,
    "SPICE": 0.11764705882352941,
    "BLEU_4": 3.889818545204975e-09
  },
  "7": {
    "BLEU_1": 0.30769230766863914,
    "BLEU_2": 0.16012815379225645,
    "ROUGE_L": 0.2538141470180305,
    "CIDEr": 0.0,
    "METEOR": 0.10292634080183234,
    "SPICE": 0.0625,
    "BLEU_4": 3.9073802491094676e-09
  },
  "8": {
    "BLEU_1": 0.28571428569387763,
    "BLEU_2": 0.20965696732883227,
    "ROUGE_L": 0.24530831099195713,
    "CIDEr": 0.0,
    "METEOR": 0.11367435590874157,
    "SPICE": 0.058823529411764705,
    "BLEU_4": 2.4022110862454197e-05
  },
  "9": {
    "BLEU_1": 0.3157894736675901,
    "BLEU_2": 0.18731716230620618,
    "ROUGE_L": 0.21010332950631458,
    "CIDEr": 0.0,
    "METEOR": 0.13201243226011422,
    "SPICE": 0.052631578947368425,
    "BLEU_4": 1.895162956650335e-05
  }
}