{
  "0": {
    "BLEU_1": 0.27590958074062716,
    "BLEU_2": 5.816684689107698e-09,
    "ROUGE_L": 0.24596774193548387,
    "CIDEr": 0.0,
    "METEOR": 0.06916426512968299,
    "SPICE": 0.0588235294117647,
    "BLEU_4": 1.2300790474695449e-12
  },
  "1": {
    "BLEU_1": 0.3333333332962964,
    "BLEU_2": 6.454972242916984e-09,
    "ROUGE_L": 0.1523096129837703,
    "CIDEr": 0.0,
    "METEOR": 0.06217616580310881,
    "SPICE": 0.10256410256410256,
    "BLEU_4": 9.980099402512292e-13
  },
  "2": {
    "BLEU_1": 0.3333333332962964,
    "BLEU_2": 6.454972242916984e-09,
    "ROUGE_L": 0.1523096129837703,
    "CIDEr": 0.0,
    "METEOR": 0.06217616580310881,
    "SPICE": 0.10256410256410256,
    "BLEU_4": 9.980099402512292e-13
  },
  "3": {
    "BLEU_1": 0.3333333332962964,
    "BLEU_2": 6.454972242916984e-09,
    "ROUGE_L": 0.1523096129837703,
    "CIDEr": 0.0,
    "METEOR": 0.06217616580310881,
    "SPICE": 0.10256410256410256,
    "BLEU_4": 9.980099402512292e-13
  },
  "4": {
    "BLEU_1": 0.29999999994000015,
    "BLEU_2": 5.773502690709485e-09,
    "ROUGE_L": 0.1476997578692494,
    "CIDEr": 0.0,
    "METEOR": 0.06075949367088607,
    "SPICE": 0.09999999999999999,
    "BLEU_4": 8.783602617783837e-13
  },
  "5": {
    "BLEU_1": 0.19999999996000015,
    "BLEU_2": 4.714045206941321e-09,
    "ROUGE_L": 0.11338289962825278,
    "CIDEr": 0.0,
    "METEOR": 0.06075949367088607,
    "SPICE": 0.09999999999999999,
    "BLEU_4": 7.936880924342154e-13
  },
  "6": {
    "BLEU_1": 0.24999999993750016,
    "BLEU_2": 5.976143045124577e-09,
    "ROUGE_L": 0.15721649484536082,
    "CIDEr": 0.0,
    "METEOR": 0.06266318537859007,
    "SPICE": 0.10526315789473685,
    "BLEU_4": 1.0445522727757714e-12
  },
  "7": {
    "BLEU_1": 0.12383969992892904,
    "BLEU_2": 4.229931026759462e-09,
    "ROUGE_L": 0.13174946004319654,
    "CIDEr": 0.0,
    "METEOR": 0.0744186046511628,
    "SPICE": 0.10526315789473685,
    "BLEU_4": 9.054992803586729e-13
  },
  "8": {
    "BLEU_1": 0.3749999999062502,
    "BLEU_2": 7.319250545218839e-09,
    "ROUGE_L": 0.22536945812807882,
    "CIDEr": 0.0,
    "METEOR": 0.06266318537859007,
    "SPICE": 0.10526315789473685,
    "BLEU_4": 1.1559871144628244e-12
  },
  "9": {
    "BLEU_1": 0.23884377011164867,
    "BLEU_2": 5.85045365006396e-09,
    "ROUGE_L": 0.1680440771349862,
    "CIDEr": 0.0,
    "METEOR": 0.0855614973262032,
    "SPICE": 0.1111111111111111,
    "BLEU_4": 1.1000617045598687e-12
  }
}