{
  "0": {
    "BLEU_1": 0.545454545355372,
    "BLEU_2": 0.23354968320493186,
    "ROUGE_L": 0.384251968503937,
    "CIDEr": 0.0,
    "METEOR": 0.20738193568013774,
    "SPICE": 0.21621621621621623,
    "BLEU_4": 5.246341021824447e-09
  },
  "1": {
    "BLEU_1": 0.33333333331481485,
    "BLEU_2": 0.14002800839479293,
    "ROUGE_L": 0.3012345679012346,
    "CIDEr": 0.0,
    "METEOR": 0.1887613745539282,
    "SPICE": 0.18604651162790697,
    "BLEU_4": 3.006454568869563e-09
  },
  "2": {
    "BLEU_1": 0.19999999998666673,
    "BLEU_2": 3.7796447298312975e-09,
    "ROUGE_L": 0.18401206636500753,
    "CIDEr": 0.0,
    "METEOR": 0.11804393931861445,
    "SPICE": 0.15384615384615383,
    "BLEU_4": 5.501034141770605e-13
  },
  "3": {
    "BLEU_1": 0.16666666665740745,
    "BLEU_2": 3.1311214552466808e-09,
    "ROUGE_L": 0.16531165311653115,
    "CIDEr": 0.0,
    "METEOR": 0.10895981783194231,
    "SPICE": 0.13953488372093023,
    "BLEU_4": 4.49569817535607e-13
  },
  "4": {
    "BLEU_1": 0.34999999998250003,
    "BLEU_2": 0.19194297397762897,
    "ROUGE_L": 0.3096446700507614,
    "CIDEr": 0.0,
    "METEOR": 0.18598475780904178,
    "SPICE": 0.08888888888888888,
    "BLEU_4": 1.8627550657037597e-05
  },
  "5": {
    "BLEU_1": 0.33333333331746035,
    "BLEU_2": 0.18257418582614404,
    "ROUGE_L": 0.3001230012300123,
    "CIDEr": 0.0,
    "METEOR": 0.18504701953437433,
    "SPICE": 0.08888888888888888,
    "BLEU_4": 1.7669048375481507e-05
  },
  "6": {
    "BLEU_1": 0.1333333333244445,
    "BLEU_2": 0.09759000728811504,
    "ROUGE_L": 0.18401206636500753,
    "CIDEr": 0.0,
    "METEOR": 0.111409833707831,
    "SPICE": 0.04444444444444444,
    "BLEU_4": 2.7952555961502613e-09
  },
  "7": {
    "BLEU_1": 0.3749999999765626,
    "BLEU_2": 0.15811388299820756,
    "ROUGE_L": 0.2659883720930233,
    "CIDEr": 0.0,
    "METEOR": 0.19706704237411765,
    "SPICE": 0.09302325581395349,
    "BLEU_4": 3.4234749556315017e-09
  },
  "8": {
    "BLEU_1": 0.4090909090723141,
    "BLEU_2": 0.13957263155327546,
    "ROUGE_L": 0.2911694510739857,
    "CIDEr": 0.0,
    "METEOR": 0.21726005030846582,
    "SPICE": 0.125,
    "BLEU_4": 2.6758036036849715e-09
  },
  "9": {
    "BLEU_1": 0.2857142857006803,
    "BLEU_2": 0.11952286092760558,
    "ROUGE_L": 0.3001230012300123,
    "CIDEr": 0.0,
    "METEOR": 0.1774107389148067,
    "SPICE": 0.14285714285714288,
    "BLEU_4": 2.5422541412587532e-09
  }
}