{
  "0": {
    "BLEU_1": 9.196986024687569e-17,
    "BLEU_2": 1.0619764713730698e-16,
    "ROUGE_L": 0.0,
    "CIDEr": 0.0,
    "METEOR": 0.04848484848484849,
    "SPICE": 0.0606060606060606,
    "BLEU_4": 1.6620829993657386e-16
  },
  "1": {
    "BLEU_1": 0.10976232717490052,
    "BLEU_2": 3.8806842931124116e-09,
    "ROUGE_L": 0.1095152603231598,
    "CIDEr": 0.0,
    "METEOR": 0.09523809523809523,
    "SPICE": 0.1176470588235294,
    "BLEU_4": 9.324552513250358e-13
  },
  "2": {
    "BLEU_1": 0.10976232717490052,
    "BLEU_2": 3.8806842931124116e-09,
    "ROUGE_L": 0.1095152603231598,
    "CIDEr": 0.0,
    "METEOR": 0.09523809523809523,
    "SPICE": 0.0588235294117647,
    "BLEU_4": 9.324552513250358e-13
  },
  "3": {
    "BLEU_1": 0.10976232717490052,
    "BLEU_2": 3.8806842931124116e-09,
    "ROUGE_L": 0.1095152603231598,
    "CIDEr": 0.0,
    "METEOR": 0.09523809523809523,
    "SPICE": 0.0588235294117647,
    "BLEU_4": 9.324552513250358e-13
  },
  "4": {
    "BLEU_1": 0.1194218850558244,
    "BLEU_2": 4.136895448977816e-09,
    "ROUGE_L": 0.12869198312236285,
    "CIDEr": 0.0,
    "METEOR": 0.12335884701288931,
    "SPICE": 0.1142857142857143,
    "BLEU_4": 9.250379439222845e-13
  },
  "5": {
    "BLEU_1": 0.3333333332592594,
    "BLEU_2": 6.454972242199766e-09,
    "ROUGE_L": 0.2222222222222222,
    "CIDEr": 0.0,
    "METEOR": 0.08657659944010918,
    "SPICE": 0.10526315789473684,
    "BLEU_4": 9.980099401403394e-13
  },
  "6": {
    "BLEU_1": 0.3749999999062502,
    "BLEU_2": 7.319250545218839e-09,
    "ROUGE_L": 0.232824427480916,
    "CIDEr": 0.0,
    "METEOR": 0.13521949106372208,
    "SPICE": 0.1081081081081081,
    "BLEU_4": 1.1559871144628244e-12
  },
  "7": {
    "BLEU_1": 0.3333333332592594,
    "BLEU_2": 6.454972242199766e-09,
    "ROUGE_L": 0.2222222222222222,
    "CIDEr": 0.0,
    "METEOR": 0.13288812052814064,
    "SPICE": 0.10526315789473684,
    "BLEU_4": 9.980099401403394e-13
  },
  "8": {
    "BLEU_1": 0.30769230766863914,
    "BLEU_2": 5.063696835012589e-09,
    "ROUGE_L": 0.18798151001540828,
    "CIDEr": 0.0,
    "METEOR": 0.1314722286086826,
    "SPICE": 0.09523809523809525,
    "BLEU_4": 6.948413844184121e-13
  },
  "9": {
    "BLEU_1": 0.28571428569387763,
    "BLEU_2": 4.688072309037213e-09,
    "ROUGE_L": 0.18100890207715134,
    "CIDEr": 0.0,
    "METEOR": 0.1288132397154733,
    "SPICE": 0.09302325581395349,
    "BLEU_4": 6.387834681787387e-13
  }
}