{
  "0": {
    "BLEU_1": 0.4999999998750002,
    "BLEU_2": 0.26726124184322303,
    "ROUGE_L": 0.25,
    "CIDEr": 0.0,
    "METEOR": 0.2424144784323057,
    "SPICE": 0.23076923076923073,
    "BLEU_4": 6.985342054598842e-09
  },
  "1": {
    "BLEU_1": 0.36363636357024803,
    "BLEU_2": 0.19069251781358043,
    "ROUGE_L": 0.216696269982238,
    "CIDEr": 0.0,
    "METEOR": 0.21944889626503467,
    "SPICE": 0.2857142857142857,
    "BLEU_4": 4.740604258941092e-09
  },
  "2": {
    "BLEU_1": 0.1538461538343196,
    "BLEU_2": 3.5805743699102604e-09,
    "ROUGE_L": 0.09951060358890701,
    "CIDEr": 0.0,
    "METEOR": 0.1636828644501279,
    "SPICE": 0.12121212121212123,
    "BLEU_4": 5.84289629327371e-13
  },
  "3": {
    "BLEU_1": 0.24999999997916675,
    "BLEU_2": 4.767312945812628e-09,
    "ROUGE_L": 0.2074829931972789,
    "CIDEr": 0.0,
    "METEOR": 0.18848167539267016,
    "SPICE": 0.12903225806451613,
    "BLEU_4": 7.08885680157797e-13
  },
  "4": {
    "BLEU_1": 0.27272727267768604,
    "BLEU_2": 5.222329677697684e-09,
    "ROUGE_L": 0.108348134991119,
    "CIDEr": 0.0,
    "METEOR": 0.17158176943699732,
    "SPICE": 0.13333333333333333,
    "BLEU_4": 7.845109652856079e-13
  },
  "5": {
    "BLEU_1": 0.2999999999700001,
    "BLEU_2": 5.773502691286834e-09,
    "ROUGE_L": 0.11338289962825278,
    "CIDEr": 0.0,
    "METEOR": 0.17297297297297298,
    "SPICE": 0.13333333333333333,
    "BLEU_4": 8.783602618662196e-13
  },
  "6": {
    "BLEU_1": 0.2476793998932407,
    "BLEU_2": 4.06398627684488e-09,
    "ROUGE_L": 0.19122257053291536,
    "CIDEr": 0.0,
    "METEOR": 0.16243654822335027,
    "SPICE": 0.11764705882352941,
    "BLEU_4": 5.537472712503688e-13
  },
  "7": {
    "BLEU_1": 0.36363636357024803,
    "BLEU_2": 0.19069251781358043,
    "ROUGE_L": 0.216696269982238,
    "CIDEr": 0.0,
    "METEOR": 0.22178345899125843,
    "SPICE": 0.2,
    "BLEU_4": 4.740604258941092e-09
  },
  "8": {
    "BLEU_1": 0.371519099839861,
    "BLEU_2": 0.15739751169435715,
    "ROUGE_L": 0.2340153452685422,
    "CIDEr": 0.0,
    "METEOR": 0.24742268041237114,
    "SPICE": 0.18181818181818182,
    "BLEU_4": 3.446151879826127e-09
  },
  "9": {
    "BLEU_1": 0.27272727267768604,
    "BLEU_2": 5.222329677697684e-09,
    "ROUGE_L": 0.216696269982238,
    "CIDEr": 0.0,
    "METEOR": 0.2445040214477212,
    "SPICE": 0.13333333333333333,
    "BLEU_4": 7.845109652856079e-13
  }
}