{
  "0": {
    "BLEU_1": 0.36363636357024803,
    "BLEU_2": 0.3302891294763544,
    "ROUGE_L": 0.4073455759599332,
    "CIDEr": 0.0,
    "METEOR": 0.3022671491252572,
    "SPICE": 0.24242424242424246,
    "BLEU_4": 0.23462350315890346
  },
  "1": {
    "BLEU_1": 0.2631578947229917,
    "BLEU_2": 0.20942695413451914,
    "ROUGE_L": 0.3053817271589487,
    "CIDEr": 0.0,
    "METEOR": 0.2781386626654627,
    "SPICE": 0.2,
    "BLEU_4": 0.1340082578100999
  },
  "2": {
    "BLEU_1": 0.3749999999765626,
    "BLEU_2": 0.27386127873489624,
    "ROUGE_L": 0.3546511627906977,
    "CIDEr": 0.0,
    "METEOR": 0.24326942999545492,
    "SPICE": 0.15384615384615388,
    "BLEU_4": 0.16943571814755354
  },
  "3": {
    "BLEU_1": 0.4166666665972223,
    "BLEU_2": 0.38924947201441223,
    "ROUGE_L": 0.4149659863945578,
    "CIDEr": 0.0,
    "METEOR": 0.38910992185458104,
    "SPICE": 0.2285714285714286,
    "BLEU_4": 0.31702331379538307
  },
  "4": {
    "BLEU_1": 0.3999999999733334,
    "BLEU_2": 0.33806170186806433,
    "ROUGE_L": 0.36802413273001505,
    "CIDEr": 0.0,
    "METEOR": 0.37378871868155683,
    "SPICE": 0.21621621621621623,
    "BLEU_4": 0.2574866101436915
  },
  "5": {
    "BLEU_1": 0.3999999999733334,
    "BLEU_2": 0.33806170186806433,
    "ROUGE_L": 0.36802413273001505,
    "CIDEr": 0.0,
    "METEOR": 0.37378871868155683,
    "SPICE": 0.21621621621621623,
    "BLEU_4": 0.2574866101436915
  },
  "6": {
    "BLEU_1": 0.3999999999733334,
    "BLEU_2": 0.33806170186806433,
    "ROUGE_L": 0.36802413273001505,
    "CIDEr": 0.0,
    "METEOR": 0.37378871868155683,
    "SPICE": 0.21621621621621623,
    "BLEU_4": 0.2574866101436915
  },
  "7": {
    "BLEU_1": 0.3749999999765626,
    "BLEU_2": 0.31622776599641494,
    "ROUGE_L": 0.3546511627906977,
    "CIDEr": 0.0,
    "METEOR": 0.3708681321409469,
    "SPICE": 0.21621621621621623,
    "BLEU_4": 0.23961829055469527
  },
  "8": {
    "BLEU_1": 0.38461538458579886,
    "BLEU_2": 0.35805743699102605,
    "ROUGE_L": 0.39804241435562804,
    "CIDEr": 0.0,
    "METEOR": 0.3859460182566411,
    "SPICE": 0.2285714285714286,
    "BLEU_4": 0.2891784932978699
  },
  "9": {
    "BLEU_1": 0.3157894736675901,
    "BLEU_2": 0.2294157338581519,
    "ROUGE_L": 0.3197903014416776,
    "CIDEr": 0.0,
    "METEOR": 0.3262694039156173,
    "SPICE": 0.2,
    "BLEU_4": 0.14025775159276713
  }
}