{
  "0": {
    "BLEU_1": 0.6191984996446447,
    "BLEU_2": 9.458413315969635e-09,
    "ROUGE_L": 0.2136602451838879,
    "CIDEr": 0.0,
    "METEOR": 0.1568627450980392,
    "SPICE": 0.14814814814814817,
    "BLEU_4": 1.3540372452810337e-12
  },
  "1": {
    "BLEU_1": 0.6666666665185187,
    "BLEU_2": 9.128709289660775e-09,
    "ROUGE_L": 0.2378167641325536,
    "CIDEr": 0.0,
    "METEOR": 0.22857142857142856,
    "SPICE": 0.19354838709677416,
    "BLEU_4": 1.1868405216583314e-12
  },
  "2": {
    "BLEU_1": 0.4166666666319445,
    "BLEU_2": 6.154574548430443e-09,
    "ROUGE_L": 0.2629310344827586,
    "CIDEr": 0.0,
    "METEOR": 0.20402684563758391,
    "SPICE": 0.2857142857142857,
    "BLEU_4": 8.054496384067745e-13
  },
  "3": {
    "BLEU_1": 0.38461538458579886,
    "BLEU_2": 5.661385170269343e-09,
    "ROUGE_L": 0.16920943134535368,
    "CIDEr": 0.0,
    "METEOR": 0.168714627490039,
    "SPICE": 0.1714285714285714,
    "BLEU_4": 7.347053125332871e-13
  },
  "4": {
    "BLEU_1": 0.26666666664888894,
    "BLEU_2": 4.3643578044184995e-09,
    "ROUGE_L": 0.1582360570687419,
    "CIDEr": 0.0,
    "METEOR": 0.17357505759783223,
    "SPICE": 0.1714285714285714,
    "BLEU_4": 5.911245882681416e-13
  },
  "5": {
    "BLEU_1": 0.18181818178512404,
    "BLEU_2": 4.2640143263175525e-09,
    "ROUGE_L": 0.108348134991119,
    "CIDEr": 0.0,
    "METEOR": 0.13564439341579368,
    "SPICE": 0.13333333333333333,
    "BLEU_4": 7.088856800859686e-13
  },
  "6": {
    "BLEU_1": 0.28571428569387763,
    "BLEU_2": 4.688072309037213e-09,
    "ROUGE_L": 0.24530831099195713,
    "CIDEr": 0.0,
    "METEOR": 0.1470041438717564,
    "SPICE": 0.06060606060606061,
    "BLEU_4": 6.387834681787387e-13
  },
  "7": {
    "BLEU_1": 0.19999999998666673,
    "BLEU_2": 3.7796447298312975e-09,
    "ROUGE_L": 0.18401206636500753,
    "CIDEr": 0.0,
    "METEOR": 0.09808429118773947,
    "SPICE": 0.057142857142857134,
    "BLEU_4": 5.501034141770605e-13
  },
  "8": {
    "BLEU_1": 0.1111111110864199,
    "BLEU_2": 3.726779961645599e-09,
    "ROUGE_L": 0.1111111111111111,
    "CIDEr": 0.0,
    "METEOR": 0.1047034764826176,
    "SPICE": 0.13333333333333333,
    "BLEU_4": 7.583235671536399e-13
  },
  "9": {
    "BLEU_1": 0.1111111110864199,
    "BLEU_2": 3.726779961645599e-09,
    "ROUGE_L": 0.1111111111111111,
    "CIDEr": 0.0,
    "METEOR": 0.11451942740286299,
    "SPICE": 0.06666666666666667,
    "BLEU_4": 7.583235671536399e-13
  }
}