{
  "0": {
    "BLEU_1": 0.5367694949004131,
    "BLEU_2": 0.25928429921237,
    "ROUGE_L": 0.40612516644474045,
    "CIDEr": 0.0,
    "METEOR": 0.1990049751243781,
    "SPICE": 0.24242424242424246,
    "BLEU_4": 6.600677917915344e-09
  },
  "1": {
    "BLEU_1": 0.4412484511819858,
    "BLEU_2": 0.2358572181075568,
    "ROUGE_L": 0.23582474226804123,
    "CIDEr": 0.0,
    "METEOR": 0.15217259230057145,
    "SPICE": 0.1764705882352941,
    "BLEU_4": 6.164542726677392e-09
  },
  "2": {
    "BLEU_1": 0.4444444443456792,
    "BLEU_2": 0.23570226034150096,
    "ROUGE_L": 0.22846441947565538,
    "CIDEr": 0.0,
    "METEOR": 0.14891175103698776,
    "SPICE": 0.23529411764705882,
    "BLEU_4": 6.030725358915047e-09
  },
  "3": {
    "BLEU_1": 0.4999999999000002,
    "BLEU_2": 7.453559923467182e-09,
    "ROUGE_L": 0.2953995157384988,
    "CIDEr": 0.0,
    "METEOR": 0.1337538802107206,
    "SPICE": 0.2285714285714286,
    "BLEU_4": 9.98009940168062e-13
  },
  "4": {
    "BLEU_1": 0.45454545446281003,
    "BLEU_2": 6.741998623375958e-09,
    "ROUGE_L": 0.28672150411280845,
    "CIDEr": 0.0,
    "METEOR": 0.13318390628936808,
    "SPICE": 0.2285714285714286,
    "BLEU_4": 8.913765519636197e-13
  },
  "5": {
    "BLEU_1": 0.4999999999000002,
    "BLEU_2": 7.453559923467182e-09,
    "ROUGE_L": 0.2953995157384988,
    "CIDEr": 0.0,
    "METEOR": 0.1337538802107206,
    "SPICE": 0.2285714285714286,
    "BLEU_4": 9.98009940168062e-13
  },
  "6": {
    "BLEU_1": 0.4294155959203306,
    "BLEU_2": 7.333667449130742e-09,
    "ROUGE_L": 0.30148270181219106,
    "CIDEr": 0.0,
    "METEOR": 0.1372549019607843,
    "SPICE": 0.125,
    "BLEU_4": 1.1100972798838728e-12
  },
  "7": {
    "BLEU_1": 0.636363636247934,
    "BLEU_2": 0.25226248950774416,
    "ROUGE_L": 0.3038605230386052,
    "CIDEr": 0.0,
    "METEOR": 0.24956984241611313,
    "SPICE": 0.3428571428571429,
    "BLEU_4": 5.452469118553107e-09
  },
  "8": {
    "BLEU_1": 0.636363636247934,
    "BLEU_2": 0.25226248950774416,
    "ROUGE_L": 0.3038605230386052,
    "CIDEr": 0.0,
    "METEOR": 0.24956984241611313,
    "SPICE": 0.3428571428571429,
    "BLEU_4": 5.452469118553107e-09
  },
  "9": {
    "BLEU_1": 0.7272727271404961,
    "BLEU_2": 0.5393598898700768,
    "ROUGE_L": 0.3961038961038962,
    "CIDEr": 0.0,
    "METEOR": 0.25298860738071743,
    "SPICE": 0.33333333333333337,
    "BLEU_4": 4.483386699498255e-05
  }
}