{
  "0": {
    "BLEU_1": 0.4999999998750002,
    "BLEU_2": 0.37796447291136165,
    "ROUGE_L": 0.5,
    "CIDEr": 0.0,
    "METEOR": 0.21898895680106617,
    "SPICE": 0.1935483870967742,
    "BLEU_4": 4.6713797759570566e-05
  },
  "1": {
    "BLEU_1": 0.36363636357024803,
    "BLEU_2": 0.19069251781358043,
    "ROUGE_L": 0.32504440497335696,
    "CIDEr": 0.0,
    "METEOR": 0.18747999706943086,
    "SPICE": 0.13793103448275862,
    "BLEU_4": 4.740604258941092e-09
  },
  "2": {
    "BLEU_1": 0.4999999999000002,
    "BLEU_2": 0.4082482903799455,
    "ROUGE_L": 0.4535315985130111,
    "CIDEr": 0.0,
    "METEOR": 0.2457622670633828,
    "SPICE": 0.3225806451612903,
    "BLEU_4": 0.27776190334014333
  },
  "3": {
    "BLEU_1": 0.46153846150295863,
    "BLEU_2": 0.3922322702449393,
    "ROUGE_L": 0.39804241435562804,
    "CIDEr": 0.0,
    "METEOR": 0.23768932348442667,
    "SPICE": 0.1142857142857143,
    "BLEU_4": 0.2299751911087547
  },
  "4": {
    "BLEU_1": 0.4666666666044445,
    "BLEU_2": 0.36514837162055497,
    "ROUGE_L": 0.36802413273001505,
    "CIDEr": 0.0,
    "METEOR": 0.23398507428726678,
    "SPICE": 0.10810810810810811,
    "BLEU_4": 0.203334481871757
  },
  "5": {
    "BLEU_1": 0.3333333332888889,
    "BLEU_2": 0.26726124187615324,
    "ROUGE_L": 0.2760180995475113,
    "CIDEr": 0.0,
    "METEOR": 0.19106786480893023,
    "SPICE": 0.10526315789473685,
    "BLEU_4": 2.6012784400363508e-05
  },
  "6": {
    "BLEU_1": 0.36363636357024803,
    "BLEU_2": 0.19069251781358043,
    "ROUGE_L": 0.216696269982238,
    "CIDEr": 0.0,
    "METEOR": 0.1571281782968176,
    "SPICE": 0.11764705882352942,
    "BLEU_4": 4.740604258941092e-09
  },
  "7": {
    "BLEU_1": 0.26666666663111116,
    "BLEU_2": 0.13801311184974058,
    "ROUGE_L": 0.1333333333333333,
    "CIDEr": 0.0,
    "METEOR": 0.15261011566208482,
    "SPICE": 0.1142857142857143,
    "BLEU_4": 3.324137842971454e-09
  },
  "8": {
    "BLEU_1": 0.33333333330555565,
    "BLEU_2": 0.17407765594053212,
    "ROUGE_L": 0.14523809523809522,
    "CIDEr": 0.0,
    "METEOR": 0.1579073262883721,
    "SPICE": 0.12500000000000003,
    "BLEU_4": 4.283619507134575e-09
  },
  "9": {
    "BLEU_1": 0.33333333330555565,
    "BLEU_2": 0.17407765594053212,
    "ROUGE_L": 0.14523809523809522,
    "CIDEr": 0.0,
    "METEOR": 0.1579073262883721,
    "SPICE": 0.12500000000000003,
    "BLEU_4": 4.283619507134575e-09
  }
}