{
  "0": {
    "BLEU_1": 0.24999999993750016,
    "BLEU_2": 5.976143045124577e-09,
    "ROUGE_L": 0.125,
    "CIDEr": 0.0,
    "METEOR": 0.10023460224539991,
    "SPICE": 0.05555555555555555,
    "BLEU_4": 1.0445522727757714e-12
  },
  "1": {
    "BLEU_1": 0.30769230766863914,
    "BLEU_2": 0.16012815379225645,
    "ROUGE_L": 0.2985318107667211,
    "CIDEr": 0.0,
    "METEOR": 0.15106989235636445,
    "SPICE": 0.10526315789473684,
    "BLEU_4": 3.9073802491094676e-09
  },
  "2": {
    "BLEU_1": 0.23076923075147937,
    "BLEU_2": 4.385290096183762e-09,
    "ROUGE_L": 0.19902120717781402,
    "CIDEr": 0.0,
    "METEOR": 0.13725490196078433,
    "SPICE": 0.15,
    "BLEU_4": 6.466227686450042e-13
  },
  "3": {
    "BLEU_1": 0.14285714284693884,
    "BLEU_2": 3.31496772041309e-09,
    "ROUGE_L": 0.09561128526645768,
    "CIDEr": 0.0,
    "METEOR": 0.10969267139479905,
    "SPICE": 0.09302325581395349,
    "BLEU_4": 5.371507285148366e-13
  },
  "4": {
    "BLEU_1": 0.09999999999000012,
    "BLEU_2": 3.333333332981484e-09,
    "ROUGE_L": 0.11338289962825278,
    "CIDEr": 0.0,
    "METEOR": 0.09770992366412214,
    "SPICE": 0.05128205128205129,
    "BLEU_4": 6.674094718242315e-13
  },
  "5": {
    "BLEU_1": 0.08333333331944454,
    "BLEU_2": 2.752409412346742e-09,
    "ROUGE_L": 0.10374149659863945,
    "CIDEr": 0.0,
    "METEOR": 0.09352946832035382,
    "SPICE": 0.04878048780487805,
    "BLEU_4": 5.38636636786409e-13
  },
  "6": {
    "BLEU_1": 0.16666666663888896,
    "BLEU_2": 3.8924947201441226e-09,
    "ROUGE_L": 0.10374149659863945,
    "CIDEr": 0.0,
    "METEOR": 0.11289537712895377,
    "SPICE": 0.04878048780487805,
    "BLEU_4": 6.405505208675338e-13
  },
  "7": {
    "BLEU_1": 0.2499999999583334,
    "BLEU_2": 4.7673129454153526e-09,
    "ROUGE_L": 0.17528735632183906,
    "CIDEr": 0.0,
    "METEOR": 0.11456790123456789,
    "SPICE": 0.05,
    "BLEU_4": 7.088856800987232e-13
  },
  "8": {
    "BLEU_1": 0.18181818178512404,
    "BLEU_2": 4.2640143263175525e-09,
    "ROUGE_L": 0.108348134991119,
    "CIDEr": 0.0,
    "METEOR": 0.1154228855721393,
    "SPICE": 0.05,
    "BLEU_4": 7.088856800859686e-13
  },
  "9": {
    "BLEU_1": 0.18181818178512404,
    "BLEU_2": 4.2640143263175525e-09,
    "ROUGE_L": 0.108348134991119,
    "CIDEr": 0.0,
    "METEOR": 0.1154228855721393,
    "SPICE": 0.05,
    "BLEU_4": 7.088856800859686e-13
  }
}