{
  "0": {
    "BLEU_1": 0.2999999999700001,
    "BLEU_2": 5.773502691286834e-09,
    "ROUGE_L": 0.18885448916408668,
    "CIDEr": 0.0,
    "METEOR": 0.1451889572610631,
    "SPICE": 0.14285714285714285,
    "BLEU_4": 8.783602618662196e-13
  },
  "1": {
    "BLEU_1": 0.18749999998828132,
    "BLEU_2": 3.535533905704402e-09,
    "ROUGE_L": 0.15326633165829145,
    "CIDEr": 0.0,
    "METEOR": 0.16941652939648275,
    "SPICE": 0.2424242424242424,
    "BLEU_4": 5.119289102444937e-13
  },
  "2": {
    "BLEU_1": 0.18749999998828132,
    "BLEU_2": 3.535533905704402e-09,
    "ROUGE_L": 0.15326633165829145,
    "CIDEr": 0.0,
    "METEOR": 0.13116787057821294,
    "SPICE": 0.125,
    "BLEU_4": 5.119289102444937e-13
  },
  "3": {
    "BLEU_1": 0.19047619046712022,
    "BLEU_2": 3.0860669990912095e-09,
    "ROUGE_L": 0.13246471226927253,
    "CIDEr": 0.0,
    "METEOR": 0.15767126580386945,
    "SPICE": 0.16216216216216214,
    "BLEU_4": 4.085038450534026e-13
  },
  "4": {
    "BLEU_1": 0.16666666665740745,
    "BLEU_2": 3.1311214552466808e-09,
    "ROUGE_L": 0.14420803782505912,
    "CIDEr": 0.0,
    "METEOR": 0.14064437444934186,
    "SPICE": 0.11764705882352941,
    "BLEU_4": 4.49569817535607e-13
  },
  "5": {
    "BLEU_1": 0.16666666665740745,
    "BLEU_2": 3.1311214552466808e-09,
    "ROUGE_L": 0.14420803782505912,
    "CIDEr": 0.0,
    "METEOR": 0.14064437444934186,
    "SPICE": 0.11764705882352941,
    "BLEU_4": 4.49569817535607e-13
  },
  "6": {
    "BLEU_1": 0.16666666665740745,
    "BLEU_2": 3.1311214552466808e-09,
    "ROUGE_L": 0.14420803782505912,
    "CIDEr": 0.0,
    "METEOR": 0.14064437444934186,
    "SPICE": 0.11764705882352941,
    "BLEU_4": 4.49569817535607e-13
  },
  "7": {
    "BLEU_1": 0.16666666665740745,
    "BLEU_2": 3.1311214552466808e-09,
    "ROUGE_L": 0.14420803782505912,
    "CIDEr": 0.0,
    "METEOR": 0.14064437444934186,
    "SPICE": 0.11764705882352941,
    "BLEU_4": 4.49569817535607e-13
  },
  "8": {
    "BLEU_1": 0.2105263157783934,
    "BLEU_2": 3.4199278400988515e-09,
    "ROUGE_L": 0.15269086357947434,
    "CIDEr": 0.0,
    "METEOR": 0.17443025067239348,
    "SPICE": 0.16666666666666666,
    "BLEU_4": 4.553719183884792e-13
  },
  "9": {
    "BLEU_1": 0.2105263157783934,
    "BLEU_2": 3.4199278400988515e-09,
    "ROUGE_L": 0.15269086357947434,
    "CIDEr": 0.0,
    "METEOR": 0.17443025067239348,
    "SPICE": 0.16666666666666666,
    "BLEU_4": 4.553719183884792e-13
  }
}