{
  "0": {
    "BLEU_1": 0.1947001957191763,
    "BLEU_2": 0.14717951373826968,
    "ROUGE_L": 0.1732954545454545,
    "CIDEr": 0.0,
    "METEOR": 0.11188360543029494,
    "SPICE": 0.12903225806451613,
    "BLEU_4": 4.574636153375811e-09
  },
  "1": {
    "BLEU_1": 0.19999999996000015,
    "BLEU_2": 0.14907119846934372,
    "ROUGE_L": 0.16991643454039,
    "CIDEr": 0.0,
    "METEOR": 0.1095322862268562,
    "SPICE": 0.12121212121212122,
    "BLEU_4": 4.46323613687257e-09
  },
  "2": {
    "BLEU_1": 0.1538461538343196,
    "BLEU_2": 0.11322770340538693,
    "ROUGE_L": 0.15384615384615383,
    "CIDEr": 0.0,
    "METEOR": 0.10458684855440616,
    "SPICE": 0.1111111111111111,
    "BLEU_4": 3.2857020445093175e-09
  },
  "3": {
    "BLEU_1": 0.1333333333244445,
    "BLEU_2": 0.09759000728811504,
    "ROUGE_L": 0.14472123368920523,
    "CIDEr": 0.0,
    "METEOR": 0.10153073934340077,
    "SPICE": 0.10526315789473685,
    "BLEU_4": 2.7952555961502613e-09
  },
  "4": {
    "BLEU_1": 0.1538461538343196,
    "BLEU_2": 0.11322770340538693,
    "ROUGE_L": 0.15384615384615383,
    "CIDEr": 0.0,
    "METEOR": 0.10458684855440616,
    "SPICE": 0.1111111111111111,
    "BLEU_4": 3.2857020445093175e-09
  },
  "5": {
    "BLEU_1": 0.18181818178512404,
    "BLEU_2": 0.13483997246751928,
    "ROUGE_L": 0.1641991924629879,
    "CIDEr": 0.0,
    "METEOR": 0.10895981783194231,
    "SPICE": 0.11764705882352941,
    "BLEU_4": 3.986357127480056e-09
  },
  "6": {
    "BLEU_1": 0.1988531814701149,
    "BLEU_2": 0.14913988610155055,
    "ROUGE_L": 0.1673525377229081,
    "CIDEr": 0.0,
    "METEOR": 0.1112863619849375,
    "SPICE": 0.125,
    "BLEU_4": 4.537922866408588e-09
  },
  "7": {
    "BLEU_1": 0.14285714283673479,
    "BLEU_2": 0.10482848365692844,
    "ROUGE_L": 0.1491442542787286,
    "CIDEr": 0.0,
    "METEOR": 0.10406478441852726,
    "SPICE": 0.10810810810810811,
    "BLEU_4": 3.02062052478419e-09
  },
  "8": {
    "BLEU_1": 0.12499999999218755,
    "BLEU_2": 0.09128709291163213,
    "ROUGE_L": 0.14055299539170507,
    "CIDEr": 0.0,
    "METEOR": 0.10202762713790353,
    "SPICE": 0.10810810810810811,
    "BLEU_4": 2.6012784402233177e-09
  },
  "9": {
    "BLEU_1": 0.14285714283673479,
    "BLEU_2": 0.10482848365692844,
    "ROUGE_L": 0.1491442542787286,
    "CIDEr": 0.0,
    "METEOR": 0.10406478441852726,
    "SPICE": 0.10810810810810811,
    "BLEU_4": 3.02062052478419e-09
  }
}