{
  "0": {
    "BLEU_1": 0.32206169694024794,
    "BLEU_2": 6.3511423138542446e-09,
    "ROUGE_L": 0.1897356143079316,
    "CIDEr": 0.0,
    "METEOR": 0.10457516339869283,
    "SPICE": 0.08695652173913045,
    "BLEU_4": 1.0330619227359553e-12
  },
  "1": {
    "BLEU_1": 0.33093633838648934,
    "BLEU_2": 6.459215935396237e-09,
    "ROUGE_L": 0.18263473053892215,
    "CIDEr": 0.0,
    "METEOR": 0.10256410256410259,
    "SPICE": 0.08333333333333333,
    "BLEU_4": 1.0201550479411466e-12
  },
  "2": {
    "BLEU_1": 0.3333333332592594,
    "BLEU_2": 6.454972242199766e-09,
    "ROUGE_L": 0.17604617604617603,
    "CIDEr": 0.0,
    "METEOR": 0.10191082802547771,
    "SPICE": 0.07999999999999999,
    "BLEU_4": 9.980099401403394e-13
  },
  "3": {
    "BLEU_1": 0.4166666665972223,
    "BLEU_2": 0.27524094123467413,
    "ROUGE_L": 0.31770833333333337,
    "CIDEr": 0.0,
    "METEOR": 0.17473098857701674,
    "SPICE": 0.07407407407407408,
    "BLEU_4": 3.0289764012654195e-05
  },
  "4": {
    "BLEU_1": 0.4545454545041323,
    "BLEU_2": 0.3015113445489831,
    "ROUGE_L": 0.3283983849259758,
    "CIDEr": 0.0,
    "METEOR": 0.1774996133960188,
    "SPICE": 0.07407407407407408,
    "BLEU_4": 3.352113418723811e-05
  },
  "5": {
    "BLEU_1": 0.33093633838648934,
    "BLEU_2": 6.459215935396237e-09,
    "ROUGE_L": 0.18263473053892215,
    "CIDEr": 0.0,
    "METEOR": 0.10389610389610389,
    "SPICE": 0.07999999999999999,
    "BLEU_4": 1.0201550479411466e-12
  },
  "6": {
    "BLEU_1": 0.3333333332592594,
    "BLEU_2": 6.454972242199766e-09,
    "ROUGE_L": 0.17604617604617603,
    "CIDEr": 0.0,
    "METEOR": 0.10191082802547771,
    "SPICE": 0.07692307692307691,
    "BLEU_4": 9.980099401403394e-13
  },
  "7": {
    "BLEU_1": 0.3333333332592594,
    "BLEU_2": 6.454972242199766e-09,
    "ROUGE_L": 0.17604617604617603,
    "CIDEr": 0.0,
    "METEOR": 0.10191082802547771,
    "SPICE": 0.07692307692307691,
    "BLEU_4": 9.980099401403394e-13
  },
  "8": {
    "BLEU_1": 0.3333333332592594,
    "BLEU_2": 6.454972242199766e-09,
    "ROUGE_L": 0.17604617604617603,
    "CIDEr": 0.0,
    "METEOR": 0.10191082802547771,
    "SPICE": 0.07692307692307691,
    "BLEU_4": 9.980099401403394e-13
  },
  "9": {
    "BLEU_1": 0.3333333332592594,
    "BLEU_2": 6.454972242199766e-09,
    "ROUGE_L": 0.17604617604617603,
    "CIDEr": 0.0,
    "METEOR": 0.10191082802547771,
    "SPICE": 0.07692307692307691,
    "BLEU_4": 9.980099401403394e-13
  }
}