{
  "0": {
    "BLEU_1": 0.5971094252791215,
    "BLEU_2": 0.4136895448977815,
    "ROUGE_L": 0.4468864468864468,
    "CIDEr": 0.0,
    "METEOR": 0.3248097907182817,
    "SPICE": 0.20689655172413793,
    "BLEU_4": 9.250379439222842e-09
  },
  "1": {
    "BLEU_1": 0.6249999998437503,
    "BLEU_2": 0.42257712725484126,
    "ROUGE_L": 0.4093959731543625,
    "CIDEr": 0.0,
    "METEOR": 0.3149425243486944,
    "SPICE": 0.19354838709677416,
    "BLEU_4": 8.783602617222663e-09
  },
  "2": {
    "BLEU_1": 0.4999999998750002,
    "BLEU_2": 0.37796447291136165,
    "ROUGE_L": 0.3070469798657718,
    "CIDEr": 0.0,
    "METEOR": 0.2376295298132218,
    "SPICE": 0.19354838709677416,
    "BLEU_4": 8.307018472056666e-09
  },
  "3": {
    "BLEU_1": 0.4999999998750002,
    "BLEU_2": 0.37796447291136165,
    "ROUGE_L": 0.3070469798657718,
    "CIDEr": 0.0,
    "METEOR": 0.2765240604005397,
    "SPICE": 0.19354838709677416,
    "BLEU_4": 8.307018472056666e-09
  },
  "4": {
    "BLEU_1": 0.4999999998750002,
    "BLEU_2": 0.37796447291136165,
    "ROUGE_L": 0.3070469798657718,
    "CIDEr": 0.0,
    "METEOR": 0.2765240604005397,
    "SPICE": 0.19354838709677416,
    "BLEU_4": 8.307018472056666e-09
  },
  "5": {
    "BLEU_1": 0.3999999999200002,
    "BLEU_2": 0.2981423969386873,
    "ROUGE_L": 0.28328173374613,
    "CIDEr": 0.0,
    "METEOR": 0.26492165227184566,
    "SPICE": 0.18750000000000003,
    "BLEU_4": 6.311969076838887e-09
  },
  "6": {
    "BLEU_1": 0.4444444443456792,
    "BLEU_2": 0.3333333332569446,
    "ROUGE_L": 0.2946859903381642,
    "CIDEr": 0.0,
    "METEOR": 0.23155377478958825,
    "SPICE": 0.19354838709677416,
    "BLEU_4": 7.171781505449111e-09
  },
  "7": {
    "BLEU_1": 0.4444444443456792,
    "BLEU_2": 0.3333333332569446,
    "ROUGE_L": 0.2946859903381642,
    "CIDEr": 0.0,
    "METEOR": 0.22767298526797505,
    "SPICE": 0.26666666666666666,
    "BLEU_4": 7.171781505449111e-09
  },
  "8": {
    "BLEU_1": 0.4953587997157158,
    "BLEU_2": 0.3783365326387855,
    "ROUGE_L": 0.32049036777583184,
    "CIDEr": 0.0,
    "METEOR": 0.23972626095863256,
    "SPICE": 0.2,
    "BLEU_4": 8.563683463576291e-09
  },
  "9": {
    "BLEU_1": 0.4444444443456792,
    "BLEU_2": 0.3333333332569446,
    "ROUGE_L": 0.2946859903381642,
    "CIDEr": 0.0,
    "METEOR": 0.23155377478958825,
    "SPICE": 0.18750000000000003,
    "BLEU_4": 7.171781505449111e-09
  }
}