{
  "0": {
    "BLEU_1": 0.09090909089256209,
    "BLEU_2": 3.0151134452157307e-09,
    "ROUGE_L": 0.06877113866967305,
    "CIDEr": 0.0,
    "METEOR": 0.06798866855524079,
    "SPICE": 0.14285714285714288,
    "BLEU_4": 5.960994272089826e-13
  },
  "1": {
    "BLEU_1": 0.07142857142346946,
    "BLEU_2": 2.344036154518608e-09,
    "ROUGE_L": 0.06340956340956341,
    "CIDEr": 0.0,
    "METEOR": 0.08263988522238164,
    "SPICE": 0.07142857142857144,
    "BLEU_4": 4.516881220590475e-13
  },
  "2": {
    "BLEU_1": 0.05834488792841724,
    "BLEU_2": 1.9097847524646465e-09,
    "ROUGE_L": 0.06180344478216819,
    "CIDEr": 0.0,
    "METEOR": 0.061696658097686374,
    "SPICE": 0.06451612903225808,
    "BLEU_4": 3.658121245704428e-13
  },
  "3": {
    "BLEU_1": 0.1111111110864199,
    "BLEU_2": 3.726779961645599e-09,
    "ROUGE_L": 0.07287933094384706,
    "CIDEr": 0.0,
    "METEOR": 0.08483063328424154,
    "SPICE": 0.07407407407407407,
    "BLEU_4": 7.583235671536399e-13
  },
  "4": {
    "BLEU_1": 1.4285714281632656e-16,
    "BLEU_2": 1.5430334991616832e-16,
    "ROUGE_L": 0.0,
    "CIDEr": 0.0,
    "METEOR": 0.08398950131233596,
    "SPICE": 0.09090909090909091,
    "BLEU_4": 1.8575057992952973e-16
  },
  "5": {
    "BLEU_1": 7.14285714234694e-17,
    "BLEU_2": 7.412493166061185e-17,
    "ROUGE_L": 0.0,
    "CIDEr": 0.0,
    "METEOR": 0.0706401766004415,
    "SPICE": 0.0689655172413793,
    "BLEU_4": 8.032276872167517e-17
  },
  "6": {
    "BLEU_1": 0.09999999999000012,
    "BLEU_2": 3.333333332981484e-09,
    "ROUGE_L": 0.07076566125290024,
    "CIDEr": 0.0,
    "METEOR": 0.08263988522238164,
    "SPICE": 0.0689655172413793,
    "BLEU_4": 6.674094718242315e-13
  },
  "7": {
    "BLEU_1": 0.18181818178512404,
    "BLEU_2": 4.2640143263175525e-09,
    "ROUGE_L": 0.108348134991119,
    "CIDEr": 0.0,
    "METEOR": 0.09803921568627451,
    "SPICE": 0.07142857142857144,
    "BLEU_4": 7.088856800859686e-13
  },
  "8": {
    "BLEU_1": 5.871331641850307e-17,
    "BLEU_2": 6.063885245039871e-17,
    "ROUGE_L": 0.0,
    "CIDEr": 0.0,
    "METEOR": 0.06751054852320675,
    "SPICE": 0.06451612903225808,
    "BLEU_4": 6.498093221006606e-17
  },
  "9": {
    "BLEU_1": 0.05834488792841724,
    "BLEU_2": 1.9097847524646465e-09,
    "ROUGE_L": 0.06180344478216819,
    "CIDEr": 0.0,
    "METEOR": 0.06971677559912853,
    "SPICE": 0.058823529411764705,
    "BLEU_4": 3.658121245704428e-13
  }
}