{
  "0": {
    "BLEU_1": 0.1194218850558244,
    "BLEU_2": 4.136895448977816e-09,
    "ROUGE_L": 0.13926940639269406,
    "CIDEr": 0.0,
    "METEOR": 0.17319587628865982,
    "SPICE": 0.15384615384615383,
    "BLEU_4": 9.250379439222845e-13
  },
  "1": {
    "BLEU_1": 0.1111111110864199,
    "BLEU_2": 3.726779961645599e-09,
    "ROUGE_L": 0.1189083820662768,
    "CIDEr": 0.0,
    "METEOR": 0.1619277108433735,
    "SPICE": 0.125,
    "BLEU_4": 7.583235671536399e-13
  },
  "2": {
    "BLEU_1": 0.27272727270247943,
    "BLEU_2": 0.16514456475319042,
    "ROUGE_L": 0.2036727879799666,
    "CIDEr": 0.0,
    "METEOR": 0.1841617974061978,
    "SPICE": 0.06451612903225806,
    "BLEU_4": 4.411629358851744e-09
  },
  "3": {
    "BLEU_1": 0.1111111110864199,
    "BLEU_2": 3.726779961645599e-09,
    "ROUGE_L": 0.1111111111111111,
    "CIDEr": 0.0,
    "METEOR": 0.0389734667246629,
    "SPICE": 0.06666666666666667,
    "BLEU_4": 7.583235671536399e-13
  },
  "4": {
    "BLEU_1": 0.36363636360330587,
    "BLEU_2": 0.2696799449595548,
    "ROUGE_L": 0.4073455759599332,
    "CIDEr": 0.0,
    "METEOR": 0.191834677310877,
    "SPICE": 0.0,
    "BLEU_4": 5.637560314657452e-09
  },
  "5": {
    "BLEU_1": 0.1999999999800001,
    "BLEU_2": 4.714045207412725e-09,
    "ROUGE_L": 0.21254355400696867,
    "CIDEr": 0.0,
    "METEOR": 0.11320754716981132,
    "SPICE": 0.0625,
    "BLEU_4": 7.93688092513584e-13
  },
  "6": {
    "BLEU_1": 0.12499999996875016,
    "BLEU_2": 4.225771272548414e-09,
    "ROUGE_L": 0.125,
    "CIDEr": 0.0,
    "METEOR": 0.11822660098522167,
    "SPICE": 0.0,
    "BLEU_4": 8.783602617222665e-13
  },
  "7": {
    "BLEU_1": 1.194218850558243e-16,
    "BLEU_2": 1.3082012060754779e-16,
    "ROUGE_L": 0.0,
    "CIDEr": 0.0,
    "METEOR": 0.06997084548104957,
    "SPICE": 0.0,
    "BLEU_4": 1.6449759291817379e-16
  },
  "8": {
    "BLEU_1": 0.2476793998932407,
    "BLEU_2": 4.06398627684488e-09,
    "ROUGE_L": 0.18100890207715134,
    "CIDEr": 0.0,
    "METEOR": 0.14230512239435922,
    "SPICE": 0.16216216216216214,
    "BLEU_4": 5.537472712503688e-13
  },
  "9": {
    "BLEU_1": 0.36363636360330587,
    "BLEU_2": 6.03022689097966e-09,
    "ROUGE_L": 0.2036727879799666,
    "CIDEr": 0.0,
    "METEOR": 0.14855804141457213,
    "SPICE": 0.1176470588235294,
    "BLEU_4": 8.430118945584141e-13
  }
}