{
  "0": {
    "BLEU_1": 0.19999999996000015,
    "BLEU_2": 4.714045206941321e-09,
    "ROUGE_L": 0.11338289962825278,
    "CIDEr": 0.0,
    "METEOR": 0.0980735551663748,
    "SPICE": 0.09523809523809523,
    "BLEU_4": 7.936880924342154e-13
  },
  "1": {
    "BLEU_1": 0.24999999993750016,
    "BLEU_2": 5.976143045124577e-09,
    "ROUGE_L": 0.125,
    "CIDEr": 0.0,
    "METEOR": 0.10126582278481011,
    "SPICE": 0.10256410256410256,
    "BLEU_4": 1.0445522727757714e-12
  },
  "2": {
    "BLEU_1": 0.29999999994000015,
    "BLEU_2": 5.773502690709485e-09,
    "ROUGE_L": 0.11338289962825278,
    "CIDEr": 0.0,
    "METEOR": 0.10017889087656529,
    "SPICE": 0.10256410256410256,
    "BLEU_4": 8.783602617783837e-13
  },
  "3": {
    "BLEU_1": 0.24999999993750016,
    "BLEU_2": 5.976143045124577e-09,
    "ROUGE_L": 0.125,
    "CIDEr": 0.0,
    "METEOR": 0.10126582278481011,
    "SPICE": 0.10256410256410256,
    "BLEU_4": 1.0445522727757714e-12
  },
  "4": {
    "BLEU_1": 0.24999999993750016,
    "BLEU_2": 5.976143045124577e-09,
    "ROUGE_L": 0.125,
    "CIDEr": 0.0,
    "METEOR": 0.10126582278481011,
    "SPICE": 0.10256410256410256,
    "BLEU_4": 1.0445522727757714e-12
  },
  "5": {
    "BLEU_1": 0.35826565516747294,
    "BLEU_2": 7.1653131032300366e-09,
    "ROUGE_L": 0.2785388127853881,
    "CIDEr": 0.0,
    "METEOR": 0.141043177092899,
    "SPICE": 0.16216216216216214,
    "BLEU_4": 1.2174183989911234e-12
  },
  "6": {
    "BLEU_1": 0.3715190997867868,
    "BLEU_2": 7.326455450859374e-09,
    "ROUGE_L": 0.2634989200863931,
    "CIDEr": 0.0,
    "METEOR": 0.12890868000216854,
    "SPICE": 0.10810810810810811,
    "BLEU_4": 1.1917040716272326e-12
  },
  "7": {
    "BLEU_1": 0.2195246543498009,
    "BLEU_2": 5.488116358607818e-09,
    "ROUGE_L": 0.2953995157384988,
    "CIDEr": 0.0,
    "METEOR": 0.09125475285171103,
    "SPICE": 0.05555555555555555,
    "BLEU_4": 1.108882419297383e-12
  },
  "8": {
    "BLEU_1": 0.23884377011164867,
    "BLEU_2": 5.85045365006396e-09,
    "ROUGE_L": 0.13926940639269406,
    "CIDEr": 0.0,
    "METEOR": 0.12795380089104139,
    "SPICE": 0.10810810810810811,
    "BLEU_4": 1.1000617045598687e-12
  },
  "9": {
    "BLEU_1": 0.23884377011164867,
    "BLEU_2": 5.85045365006396e-09,
    "ROUGE_L": 0.13926940639269406,
    "CIDEr": 0.0,
    "METEOR": 0.12987791819767355,
    "SPICE": 0.10810810810810811,
    "BLEU_4": 1.1000617045598687e-12
  }
}