{
  "0": {
    "BLEU_1": 0.22222222217283966,
    "BLEU_2": 0.16666666662847238,
    "ROUGE_L": 0.2222222222222222,
    "CIDEr": 0.0,
    "METEOR": 0.11756190871341142,
    "SPICE": 0.08695652173913045,
    "BLEU_4": 5.071215335691334e-09
  },
  "1": {
    "BLEU_1": 0.3032653297552284,
    "BLEU_2": 0.1918018354745145,
    "ROUGE_L": 0.2573839662447257,
    "CIDEr": 0.0,
    "METEOR": 0.19322450951445516,
    "SPICE": 0.4,
    "BLEU_4": 5.795053468391787e-09
  },
  "2": {
    "BLEU_1": 0.4444444443456792,
    "BLEU_2": 0.23570226034150096,
    "ROUGE_L": 0.3333333333333333,
    "CIDEr": 0.0,
    "METEOR": 0.18254631293602475,
    "SPICE": 0.27272727272727276,
    "BLEU_4": 6.030725358915047e-09
  },
  "3": {
    "BLEU_1": 0.3999999999200002,
    "BLEU_2": 0.21081851063455723,
    "ROUGE_L": 0.31881533101045295,
    "CIDEr": 0.0,
    "METEOR": 0.17561417447009978,
    "SPICE": 0.26086956521739135,
    "BLEU_4": 5.307712169906119e-09
  },
  "4": {
    "BLEU_1": 0.3999999999200002,
    "BLEU_2": 0.21081851063455723,
    "ROUGE_L": 0.31881533101045295,
    "CIDEr": 0.0,
    "METEOR": 0.17832287638994707,
    "SPICE": 0.26086956521739135,
    "BLEU_4": 5.307712169906119e-09
  },
  "5": {
    "BLEU_1": 0.3999999999200002,
    "BLEU_2": 0.21081851063455723,
    "ROUGE_L": 0.31881533101045295,
    "CIDEr": 0.0,
    "METEOR": 0.17832287638994707,
    "SPICE": 0.1739130434782609,
    "BLEU_4": 5.307712169906119e-09
  },
  "6": {
    "BLEU_1": 0.36363636357024803,
    "BLEU_2": 0.19069251781358043,
    "ROUGE_L": 0.3055091819699499,
    "CIDEr": 0.0,
    "METEOR": 0.1717019775140827,
    "SPICE": 0.16666666666666669,
    "BLEU_4": 4.740604258941092e-09
  },
  "7": {
    "BLEU_1": 0.36363636357024803,
    "BLEU_2": 0.19069251781358043,
    "ROUGE_L": 0.3055091819699499,
    "CIDEr": 0.0,
    "METEOR": 0.1717019775140827,
    "SPICE": 0.16666666666666669,
    "BLEU_4": 4.740604258941092e-09
  },
  "8": {
    "BLEU_1": 0.36363636357024803,
    "BLEU_2": 0.19069251781358043,
    "ROUGE_L": 0.3055091819699499,
    "CIDEr": 0.0,
    "METEOR": 0.1717019775140827,
    "SPICE": 0.16666666666666669,
    "BLEU_4": 4.740604258941092e-09
  },
  "9": {
    "BLEU_1": 0.30769230766863914,
    "BLEU_2": 0.16012815379225645,
    "ROUGE_L": 0.2819722650231125,
    "CIDEr": 0.0,
    "METEOR": 0.16918926564802295,
    "SPICE": 0.15384615384615383,
    "BLEU_4": 3.9073802491094676e-09
  }
}