{
  "0": {
    "BLEU_1": 0.4999999999000002,
    "BLEU_2": 0.23570226034706615,
    "ROUGE_L": 0.4,
    "CIDEr": 0.0,
    "METEOR": 0.3048087014829601,
    "SPICE": 0.08,
    "BLEU_4": 5.612222323072491e-09
  },
  "1": {
    "BLEU_1": 0.46153846150295863,
    "BLEU_2": 6.20173672896349e-09,
    "ROUGE_L": 0.3562043795620438,
    "CIDEr": 0.0,
    "METEOR": 0.275255182105093,
    "SPICE": 0.07407407407407407,
    "BLEU_4": 7.689683971953974e-13
  },
  "2": {
    "BLEU_1": 0.545454545355372,
    "BLEU_2": 7.385489457383579e-09,
    "ROUGE_L": 0.384251968503937,
    "CIDEr": 0.0,
    "METEOR": 0.2857522017616431,
    "SPICE": 0.23076923076923078,
    "BLEU_4": 9.329460217152974e-13
  },
  "3": {
    "BLEU_1": 0.42857142854081637,
    "BLEU_2": 5.7416925172062516e-09,
    "ROUGE_L": 0.34366197183098596,
    "CIDEr": 0.0,
    "METEOR": 0.2735802012809241,
    "SPICE": 0.20689655172413793,
    "BLEU_4": 7.069301148368759e-13
  },
  "4": {
    "BLEU_1": 0.42857142854081637,
    "BLEU_2": 5.7416925172062516e-09,
    "ROUGE_L": 0.34366197183098596,
    "CIDEr": 0.0,
    "METEOR": 0.21568627450980396,
    "SPICE": 0.06896551724137931,
    "BLEU_4": 7.069301148368759e-13
  },
  "5": {
    "BLEU_1": 0.42857142854081637,
    "BLEU_2": 5.7416925172062516e-09,
    "ROUGE_L": 0.34366197183098596,
    "CIDEr": 0.0,
    "METEOR": 0.21568627450980396,
    "SPICE": 0.06896551724137931,
    "BLEU_4": 7.069301148368759e-13
  },
  "6": {
    "BLEU_1": 0.42857142854081637,
    "BLEU_2": 5.7416925172062516e-09,
    "ROUGE_L": 0.34366197183098596,
    "CIDEr": 0.0,
    "METEOR": 0.21568627450980396,
    "SPICE": 0.06896551724137931,
    "BLEU_4": 7.069301148368759e-13
  },
  "7": {
    "BLEU_1": 0.42857142854081637,
    "BLEU_2": 0.18156825978717286,
    "ROUGE_L": 0.34366197183098596,
    "CIDEr": 0.0,
    "METEOR": 0.28925406697931033,
    "SPICE": 0.12903225806451615,
    "BLEU_4": 3.975360175943345e-09
  },
  "8": {
    "BLEU_1": 0.6666666665185187,
    "BLEU_2": 0.40824829037030635,
    "ROUGE_L": 0.41709401709401706,
    "CIDEr": 0.0,
    "METEOR": 0.3389860999215983,
    "SPICE": 0.14814814814814814,
    "BLEU_4": 7.936880924121685e-09
  },
  "9": {
    "BLEU_1": 0.46153846150295863,
    "BLEU_2": 6.20173672896349e-09,
    "ROUGE_L": 0.3562043795620438,
    "CIDEr": 0.0,
    "METEOR": 0.27866743642870984,
    "SPICE": 0.26666666666666666,
    "BLEU_4": 7.689683971953974e-13
  }
}