{
  "0": {
    "BLEU_1": 0.12047768471668985,
    "BLEU_2": 0.0952459727297183,
    "ROUGE_L": 0.2341650671785029,
    "CIDEr": 0.0,
    "METEOR": 0.1389691857758342,
    "SPICE": 0.13333333333333333,
    "BLEU_4": 3.422226964643193e-09
  },
  "1": {
    "BLEU_1": 0.1718223196547876,
    "BLEU_2": 4.107339043435355e-09,
    "ROUGE_L": 0.20469798657718125,
    "CIDEr": 0.0,
    "METEOR": 0.10022906319797255,
    "SPICE": 0.125,
    "BLEU_4": 7.179095782155307e-13
  },
  "2": {
    "BLEU_1": 0.25773347948218134,
    "BLEU_2": 5.030442428513886e-09,
    "ROUGE_L": 0.20469798657718125,
    "CIDEr": 0.0,
    "METEOR": 0.1068480193007665,
    "SPICE": 0.1276595744680851,
    "BLEU_4": 7.944975501908116e-13
  },
  "3": {
    "BLEU_1": 0.14486606945407082,
    "BLEU_2": 3.548479511991478e-09,
    "ROUGE_L": 0.2234432234432234,
    "CIDEr": 0.0,
    "METEOR": 0.0755753841795907,
    "SPICE": 0.08888888888888888,
    "BLEU_4": 6.672211513913011e-13
  },
  "4": {
    "BLEU_1": 0.4448541126327038,
    "BLEU_2": 0.36548494842927554,
    "ROUGE_L": 0.4401154401154401,
    "CIDEr": 0.0,
    "METEOR": 0.2334056568602754,
    "SPICE": 0.1702127659574468,
    "BLEU_4": 0.25271148628693896
  },
  "5": {
    "BLEU_1": 0.2420220522198906,
    "BLEU_2": 0.150927266573327,
    "ROUGE_L": 0.23797139141742524,
    "CIDEr": 0.0,
    "METEOR": 0.15342433152672436,
    "SPICE": 0.046511627906976744,
    "BLEU_4": 4.365582668810038e-09
  },
  "6": {
    "BLEU_1": 0.4524187089274962,
    "BLEU_2": 0.3693983289849845,
    "ROUGE_L": 0.2717149220489978,
    "CIDEr": 0.0,
    "METEOR": 0.19338852713454474,
    "SPICE": 0.08333333333333334,
    "BLEU_4": 6.683219612011181e-09
  },
  "7": {
    "BLEU_1": 0.4524187089274962,
    "BLEU_2": 0.3693983289849845,
    "ROUGE_L": 0.2717149220489978,
    "CIDEr": 0.0,
    "METEOR": 0.19338852713454474,
    "SPICE": 0.08333333333333334,
    "BLEU_4": 6.683219612011181e-09
  },
  "8": {
    "BLEU_1": 0.5429024507129954,
    "BLEU_2": 0.4672560333810984,
    "ROUGE_L": 0.27917620137299776,
    "CIDEr": 0.0,
    "METEOR": 0.19338852713454474,
    "SPICE": 0.0909090909090909,
    "BLEU_4": 4.2268392154124294e-05
  },
  "9": {
    "BLEU_1": 0.2420220522198906,
    "BLEU_2": 0.150927266573327,
    "ROUGE_L": 0.23797139141742524,
    "CIDEr": 0.0,
    "METEOR": 0.15342433152672436,
    "SPICE": 0.046511627906976744,
    "BLEU_4": 4.365582668810038e-09
  }
}