{
  "0": {
    "BLEU_1": 8.986579278749804e-17,
    "BLEU_2": 1.0047301075986612e-16,
    "ROUGE_L": 0.0,
    "CIDEr": 0.0,
    "METEOR": 0.08170212765957448,
    "SPICE": 0.0,
    "BLEU_4": 1.357591476796497e-16
  },
  "1": {
    "BLEU_1": 0.10735389898008273,
    "BLEU_2": 3.666833724565372e-09,
    "ROUGE_L": 0.10049423393739704,
    "CIDEr": 0.0,
    "METEOR": 0.12946058091286305,
    "SPICE": 0.05714285714285715,
    "BLEU_4": 7.849573143826273e-13
  },
  "2": {
    "BLEU_1": 0.2999999999700001,
    "BLEU_2": 0.18257418581578377,
    "ROUGE_L": 0.1788856304985337,
    "CIDEr": 0.0,
    "METEOR": 0.1528817535843416,
    "SPICE": 0.05405405405405406,
    "BLEU_4": 4.939382736523921e-09
  },
  "3": {
    "BLEU_1": 0.22222222217283966,
    "BLEU_2": 5.270462765739487e-09,
    "ROUGE_L": 0.1856925418569254,
    "CIDEr": 0.0,
    "METEOR": 0.1425101214574899,
    "SPICE": 0.0,
    "BLEU_4": 9.018037815333522e-13
  },
  "4": {
    "BLEU_1": 0.2499999999583334,
    "BLEU_2": 0.15075567226318493,
    "ROUGE_L": 0.16666666666666666,
    "CIDEr": 0.0,
    "METEOR": 0.14988717737702048,
    "SPICE": 0.05128205128205127,
    "BLEU_4": 3.98635712755178e-09
  },
  "5": {
    "BLEU_1": 0.1999999999800001,
    "BLEU_2": 4.714045207412725e-09,
    "ROUGE_L": 0.1788856304985337,
    "CIDEr": 0.0,
    "METEOR": 0.1399602385685885,
    "SPICE": 0.0,
    "BLEU_4": 7.93688092513584e-13
  },
  "6": {
    "BLEU_1": 0.23529411763321803,
    "BLEU_2": 0.12126781251081024,
    "ROUGE_L": 0.1764705882352941,
    "CIDEr": 0.0,
    "METEOR": 0.13024936823753566,
    "SPICE": 0.0,
    "BLEU_4": 2.8927969314267103e-09
  },
  "7": {
    "BLEU_1": 0.15384615382248532,
    "BLEU_2": 3.580574369634832e-09,
    "ROUGE_L": 0.09399075500770414,
    "CIDEr": 0.0,
    "METEOR": 0.05391756381007904,
    "SPICE": 0.0,
    "BLEU_4": 5.842896292824257e-13
  },
  "8": {
    "BLEU_1": 0.08300915601056774,
    "BLEU_2": 2.7531022464987635e-09,
    "ROUGE_L": 0.06877113866967305,
    "CIDEr": 0.0,
    "METEOR": 0.04300280361631488,
    "SPICE": 0.0,
    "BLEU_4": 5.442988139599684e-13
  },
  "9": {
    "BLEU_1": 0.24946852930850233,
    "BLEU_2": 0.1825922669624633,
    "ROUGE_L": 0.24721377912867276,
    "CIDEr": 0.0,
    "METEOR": 0.14222606885591818,
    "SPICE": 0.09523809523809523,
    "BLEU_4": 2.0796179529220322e-05
  }
}