{
  "0": {
    "BLEU_1": 4.344348584088956e-17,
    "BLEU_2": 5.0164216487456386e-17,
    "ROUGE_L": 0.0,
    "CIDEr": 0.0,
    "METEOR": 0.0,
    "SPICE": 0.0,
    "BLEU_4": 7.851124167798401e-17
  },
  "1": {
    "BLEU_1": 0.14486606945407082,
    "BLEU_2": 3.548479511991478e-09,
    "ROUGE_L": 0.1117216117216117,
    "CIDEr": 0.0,
    "METEOR": 0.14733763104716763,
    "SPICE": 0.12121212121212122,
    "BLEU_4": 6.672211513913011e-13
  },
  "2": {
    "BLEU_1": 0.40337008703315097,
    "BLEU_2": 0.1948462633090343,
    "ROUGE_L": 0.32049036777583184,
    "CIDEr": 0.0,
    "METEOR": 0.18519200012849885,
    "SPICE": 0.12903225806451613,
    "BLEU_4": 4.960259574216837e-09
  },
  "3": {
    "BLEU_1": 0.2897321389081416,
    "BLEU_2": 5.018307851661409e-09,
    "ROUGE_L": 0.2234432234432234,
    "CIDEr": 0.0,
    "METEOR": 0.1212012164961918,
    "SPICE": 0.12903225806451613,
    "BLEU_4": 7.934641405148429e-13
  },
  "4": {
    "BLEU_1": 0.2897321389081416,
    "BLEU_2": 5.018307851661409e-09,
    "ROUGE_L": 0.2234432234432234,
    "CIDEr": 0.0,
    "METEOR": 0.1212012164961918,
    "SPICE": 0.12903225806451613,
    "BLEU_4": 7.934641405148429e-13
  },
  "5": {
    "BLEU_1": 0.2897321389081416,
    "BLEU_2": 5.018307851661409e-09,
    "ROUGE_L": 0.2234432234432234,
    "CIDEr": 0.0,
    "METEOR": 0.1212012164961918,
    "SPICE": 0.12903225806451613,
    "BLEU_4": 7.934641405148429e-13
  },
  "6": {
    "BLEU_1": 0.2897321389081416,
    "BLEU_2": 5.018307851661409e-09,
    "ROUGE_L": 0.2234432234432234,
    "CIDEr": 0.0,
    "METEOR": 0.1212012164961918,
    "SPICE": 0.12903225806451613,
    "BLEU_4": 7.934641405148429e-13
  },
  "7": {
    "BLEU_1": 0.2897321389081416,
    "BLEU_2": 5.018307851661409e-09,
    "ROUGE_L": 0.2234432234432234,
    "CIDEr": 0.0,
    "METEOR": 0.1212012164961918,
    "SPICE": 0.12903225806451613,
    "BLEU_4": 7.934641405148429e-13
  },
  "8": {
    "BLEU_1": 0.2897321389081416,
    "BLEU_2": 5.018307851661409e-09,
    "ROUGE_L": 0.2234432234432234,
    "CIDEr": 0.0,
    "METEOR": 0.1212012164961918,
    "SPICE": 0.12903225806451613,
    "BLEU_4": 7.934641405148429e-13
  },
  "9": {
    "BLEU_1": 0.3226960696265208,
    "BLEU_2": 5.511084562987106e-09,
    "ROUGE_L": 0.2136602451838879,
    "CIDEr": 0.0,
    "METEOR": 0.11933338952964088,
    "SPICE": 0.125,
    "BLEU_4": 8.342128989373708e-13
  }
}