{
  "0": {
    "BLEU_1": 0.4971329536752872,
    "BLEU_2": 7.456994305077522e-09,
    "ROUGE_L": 0.20854700854700853,
    "CIDEr": 0.0,
    "METEOR": 0.18779342723004694,
    "SPICE": 0.1142857142857143,
    "BLEU_4": 1.0147104005940296e-12
  },
  "1": {
    "BLEU_1": 0.4166666665972223,
    "BLEU_2": 6.1545745479175624e-09,
    "ROUGE_L": 0.18484848484848485,
    "CIDEr": 0.0,
    "METEOR": 0.12444444444444445,
    "SPICE": 0.15789473684210528,
    "BLEU_4": 8.054496383396537e-13
  },
  "2": {
    "BLEU_1": 0.5999999998800002,
    "BLEU_2": 8.16496580759891e-09,
    "ROUGE_L": 0.2,
    "CIDEr": 0.0,
    "METEOR": 0.1864801864801865,
    "SPICE": 0.20512820512820515,
    "BLEU_4": 1.0445522728425065e-12
  },
  "3": {
    "BLEU_1": 0.5965595444103445,
    "BLEU_2": 8.168727984157037e-09,
    "ROUGE_L": 0.20854700854700853,
    "CIDEr": 0.0,
    "METEOR": 0.16761904761904764,
    "SPICE": 0.17142857142857143,
    "BLEU_4": 1.0620315615683514e-12
  },
  "4": {
    "BLEU_1": 0.5833333332361111,
    "BLEU_2": 0.32566947358395304,
    "ROUGE_L": 0.2772727272727273,
    "CIDEr": 0.0,
    "METEOR": 0.1959183673469388,
    "SPICE": 0.1,
    "BLEU_4": 5.859059369098998e-09
  },
  "5": {
    "BLEU_1": 0.4971329536752872,
    "BLEU_2": 7.456994305077522e-09,
    "ROUGE_L": 0.20854700854700853,
    "CIDEr": 0.0,
    "METEOR": 0.18069494107225062,
    "SPICE": 0.10526315789473684,
    "BLEU_4": 1.0147104005940296e-12
  },
  "6": {
    "BLEU_1": 0.4653136123892359,
    "BLEU_2": 0.22476782873941695,
    "ROUGE_L": 0.34205607476635513,
    "CIDEr": 0.0,
    "METEOR": 0.17254901960784313,
    "SPICE": 0.1176470588235294,
    "BLEU_4": 5.7219818104098545e-09
  },
  "7": {
    "BLEU_1": 0.4999999999000002,
    "BLEU_2": 0.33333333326481496,
    "ROUGE_L": 0.3577712609970674,
    "CIDEr": 0.0,
    "METEOR": 0.17136131372998223,
    "SPICE": 0.05555555555555555,
    "BLEU_4": 6.674094717574906e-09
  },
  "8": {
    "BLEU_1": 0.4867504892979407,
    "BLEU_2": 0.3291033976141351,
    "ROUGE_L": 0.3267857142857143,
    "CIDEr": 0.0,
    "METEOR": 0.1441081461648269,
    "SPICE": 0.0625,
    "BLEU_4": 6.840676596481051e-09
  },
  "9": {
    "BLEU_1": 0.5841005871575288,
    "BLEU_2": 0.3605147092497073,
    "ROUGE_L": 0.3267857142857143,
    "CIDEr": 0.0,
    "METEOR": 0.16207382924226502,
    "SPICE": 0.06451612903225806,
    "BLEU_4": 7.159692503094259e-09
  }
}