{
  "0": {
    "BLEU_1": 0.6249999998437503,
    "BLEU_2": 0.5976143045124577,
    "ROUGE_L": 0.625,
    "CIDEr": 0.0,
    "METEOR": 0.30584160173042435,
    "SPICE": 0.5,
    "BLEU_4": 0.4347208718216914
  },
  "1": {
    "BLEU_1": 0.5454545454049587,
    "BLEU_2": 0.4045199174393321,
    "ROUGE_L": 0.5417406749555951,
    "CIDEr": 0.0,
    "METEOR": 0.2994151244577739,
    "SPICE": 0.21052631578947364,
    "BLEU_4": 3.882726777107734e-05
  },
  "2": {
    "BLEU_1": 0.42857142854081637,
    "BLEU_2": 0.36313651957434556,
    "ROUGE_L": 0.5736677115987461,
    "CIDEr": 0.0,
    "METEOR": 0.31296864083980197,
    "SPICE": 0.41666666666666663,
    "BLEU_4": 3.759663529163807e-05
  },
  "3": {
    "BLEU_1": 0.6249999998437503,
    "BLEU_2": 0.5976143045124577,
    "ROUGE_L": 0.625,
    "CIDEr": 0.0,
    "METEOR": 0.30331398518719777,
    "SPICE": 0.38095238095238093,
    "BLEU_4": 0.4347208718216914
  },
  "4": {
    "BLEU_1": 0.4666666666355556,
    "BLEU_2": 0.3651483716448982,
    "ROUGE_L": 0.46003016591251883,
    "CIDEr": 0.0,
    "METEOR": 0.264875556345835,
    "SPICE": 0.2727272727272727,
    "BLEU_4": 0.20333448188531264
  },
  "5": {
    "BLEU_1": 0.4166666666319445,
    "BLEU_2": 0.2752409412576109,
    "ROUGE_L": 0.5187074829931972,
    "CIDEr": 0.0,
    "METEOR": 0.2748583034442961,
    "SPICE": 0.2,
    "BLEU_4": 5.386366368312952e-09
  },
  "6": {
    "BLEU_1": 0.4999999999500001,
    "BLEU_2": 0.4714045207412724,
    "ROUGE_L": 0.5669144981412639,
    "CIDEr": 0.0,
    "METEOR": 0.2936079376612074,
    "SPICE": 0.45454545454545453,
    "BLEU_4": 0.33031643176182807
  },
  "7": {
    "BLEU_1": 0.4666666666355556,
    "BLEU_2": 0.3651483716448982,
    "ROUGE_L": 0.46003016591251883,
    "CIDEr": 0.0,
    "METEOR": 0.264875556345835,
    "SPICE": 0.2727272727272727,
    "BLEU_4": 0.20333448188531264
  },
  "8": {
    "BLEU_1": 0.4999999999500001,
    "BLEU_2": 0.33333333329814824,
    "ROUGE_L": 0.4535315985130111,
    "CIDEr": 0.0,
    "METEOR": 0.2735113794556918,
    "SPICE": 0.36363636363636365,
    "BLEU_4": 3.753119268302293e-05
  },
  "9": {
    "BLEU_1": 0.4999999999500001,
    "BLEU_2": 0.4714045207412724,
    "ROUGE_L": 0.5669144981412639,
    "CIDEr": 0.0,
    "METEOR": 0.2936079376612074,
    "SPICE": 0.45454545454545453,
    "BLEU_4": 0.33031643176182807
  }
}