{
  "0": {
    "BLEU_1": 0.19999999996000015,
    "BLEU_2": 4.714045206941321e-09,
    "ROUGE_L": 0.18885448916408668,
    "CIDEr": 0.0,
    "METEOR": 0.0735632183908046,
    "SPICE": 0.05714285714285714,
    "BLEU_4": 7.936880924342154e-13
  },
  "1": {
    "BLEU_1": 0.18181818178512404,
    "BLEU_2": 4.2640143263175525e-09,
    "ROUGE_L": 0.18181818181818182,
    "CIDEr": 0.0,
    "METEOR": 0.08736083824492469,
    "SPICE": 0.1111111111111111,
    "BLEU_4": 7.088856800859686e-13
  },
  "2": {
    "BLEU_1": 0.22222222217283966,
    "BLEU_2": 5.270462765739487e-09,
    "ROUGE_L": 0.19645732689210954,
    "CIDEr": 0.0,
    "METEOR": 0.09523809523809523,
    "SPICE": 0.11428571428571428,
    "BLEU_4": 9.018037815333522e-13
  },
  "3": {
    "BLEU_1": 0.19999999996000015,
    "BLEU_2": 4.714045206941321e-09,
    "ROUGE_L": 0.18885448916408668,
    "CIDEr": 0.0,
    "METEOR": 0.0878570840536758,
    "SPICE": 0.1111111111111111,
    "BLEU_4": 7.936880924342154e-13
  },
  "4": {
    "BLEU_1": 0.27272727267768604,
    "BLEU_2": 5.222329677697684e-09,
    "ROUGE_L": 0.2727272727272727,
    "CIDEr": 0.0,
    "METEOR": 0.10698131760078662,
    "SPICE": 0.16216216216216217,
    "BLEU_4": 7.845109652856079e-13
  },
  "5": {
    "BLEU_1": 0.29999999994000015,
    "BLEU_2": 5.773502690709485e-09,
    "ROUGE_L": 0.18885448916408668,
    "CIDEr": 0.0,
    "METEOR": 0.07459207459207459,
    "SPICE": 0.058823529411764705,
    "BLEU_4": 8.783602617783837e-13
  },
  "6": {
    "BLEU_1": 0.2499999999583334,
    "BLEU_2": 4.7673129454153526e-09,
    "ROUGE_L": 0.2629310344827586,
    "CIDEr": 0.0,
    "METEOR": 0.10512077294685991,
    "SPICE": 0.16216216216216217,
    "BLEU_4": 7.088856800987232e-13
  },
  "7": {
    "BLEU_1": 0.29999999994000015,
    "BLEU_2": 5.773502690709485e-09,
    "ROUGE_L": 0.28328173374613,
    "CIDEr": 0.0,
    "METEOR": 0.10635386119257087,
    "SPICE": 0.16666666666666666,
    "BLEU_4": 8.783602617783837e-13
  },
  "8": {
    "BLEU_1": 0.4444444443456792,
    "BLEU_2": 7.453559923291195e-09,
    "ROUGE_L": 0.3929146537842191,
    "CIDEr": 0.0,
    "METEOR": 0.11594202898550726,
    "SPICE": 0.1111111111111111,
    "BLEU_4": 1.0724314733358218e-12
  },
  "9": {
    "BLEU_1": 0.545454545355372,
    "BLEU_2": 0.40451991740255755,
    "ROUGE_L": 0.5454545454545454,
    "CIDEr": 0.0,
    "METEOR": 0.18196939505612397,
    "SPICE": 0.16666666666666666,
    "BLEU_4": 3.882726776754759e-05
  }
}