{
  "0": {
    "BLEU_1": 0.05578254000921627,
    "BLEU_2": 2.036890365113941e-09,
    "ROUGE_L": 0.12298387096774194,
    "CIDEr": 0.0,
    "METEOR": 0.082687338501292,
    "SPICE": 0.125,
    "BLEU_4": 5.668987069250207e-13
  },
  "1": {
    "BLEU_1": 0.08556951981024227,
    "BLEU_2": 2.964215117762818e-09,
    "ROUGE_L": 0.1117216117216117,
    "CIDEr": 0.0,
    "METEOR": 0.07901234567901234,
    "SPICE": 0.058823529411764705,
    "BLEU_4": 6.628186502891177e-13
  },
  "2": {
    "BLEU_1": 0.09306272247784726,
    "BLEU_2": 3.1786971178843654e-09,
    "ROUGE_L": 0.10683012259194395,
    "CIDEr": 0.0,
    "METEOR": 0.07729468599033816,
    "SPICE": 0.05714285714285715,
    "BLEU_4": 6.804621480855548e-13
  },
  "3": {
    "BLEU_1": 0.09306272247784726,
    "BLEU_2": 3.1786971178843654e-09,
    "ROUGE_L": 0.10683012259194395,
    "CIDEr": 0.0,
    "METEOR": 0.07729468599033816,
    "SPICE": 0.05714285714285715,
    "BLEU_4": 6.804621480855548e-13
  },
  "4": {
    "BLEU_1": 0.07357588820485822,
    "BLEU_2": 2.6013004740088944e-09,
    "ROUGE_L": 0.12577319587628866,
    "CIDEr": 0.0,
    "METEOR": 0.08080808080808081,
    "SPICE": 0.06060606060606061,
    "BLEU_4": 6.250434469943716e-13
  },
  "5": {
    "BLEU_1": 0.08556951981024227,
    "BLEU_2": 2.964215117762818e-09,
    "ROUGE_L": 0.1117216117216117,
    "CIDEr": 0.0,
    "METEOR": 0.1382716049382716,
    "SPICE": 0.058823529411764705,
    "BLEU_4": 6.628186502891177e-13
  },
  "6": {
    "BLEU_1": 0.1947001957191763,
    "BLEU_2": 4.654224883289751e-09,
    "ROUGE_L": 0.10892857142857142,
    "CIDEr": 0.0,
    "METEOR": 0.13238770685579196,
    "SPICE": 0.05555555555555556,
    "BLEU_4": 8.134981279967864e-13
  },
  "7": {
    "BLEU_1": 0.5999999998800002,
    "BLEU_2": 0.2581988896940871,
    "ROUGE_L": 0.3,
    "CIDEr": 0.0,
    "METEOR": 0.23079766035202237,
    "SPICE": 0.22222222222222224,
    "BLEU_4": 5.873949093408464e-09
  },
  "8": {
    "BLEU_1": 0.2982797722051723,
    "BLEU_2": 5.776162951265759e-09,
    "ROUGE_L": 0.20854700854700853,
    "CIDEr": 0.0,
    "METEOR": 0.12962962962962962,
    "SPICE": 0.05405405405405406,
    "BLEU_4": 8.930585330091313e-13
  },
  "9": {
    "BLEU_1": 0.1861254449556944,
    "BLEU_2": 4.495356574788337e-09,
    "ROUGE_L": 0.22803738317757008,
    "CIDEr": 0.0,
    "METEOR": 0.07729468599033816,
    "SPICE": 0.05714285714285715,
    "BLEU_4": 8.092104279933771e-13
  }
}