{
  "0": {
    "BLEU_1": 8.556951981024217e-17,
    "BLEU_2": 9.373671246834737e-17,
    "ROUGE_L": 0.0,
    "CIDEr": 0.0,
    "METEOR": 0.050928381962864734,
    "SPICE": 0.08000000000000002,
    "BLEU_4": 1.1786767583989272e-16
  },
  "1": {
    "BLEU_1": 0.19999999996000015,
    "BLEU_2": 4.714045206941321e-09,
    "ROUGE_L": 0.18885448916408668,
    "CIDEr": 0.0,
    "METEOR": 0.09664692165147806,
    "SPICE": 0.06896551724137932,
    "BLEU_4": 7.936880924342154e-13
  },
  "2": {
    "BLEU_1": 8.556951981024217e-17,
    "BLEU_2": 9.373671246834737e-17,
    "ROUGE_L": 0.0,
    "CIDEr": 0.0,
    "METEOR": 0.08406183507034257,
    "SPICE": 0.15384615384615383,
    "BLEU_4": 1.1786767583989272e-16
  },
  "3": {
    "BLEU_1": 0.1988531814701149,
    "BLEU_2": 4.716217300589896e-09,
    "ROUGE_L": 0.19645732689210954,
    "CIDEr": 0.0,
    "METEOR": 0.11845968423686574,
    "SPICE": 0.06896551724137932,
    "BLEU_4": 8.0696947976792e-13
  },
  "4": {
    "BLEU_1": 0.09942659073505752,
    "BLEU_2": 3.3348692347964305e-09,
    "ROUGE_L": 0.10427350427350426,
    "CIDEr": 0.0,
    "METEOR": 0.10693069306930691,
    "SPICE": 0.06896551724137932,
    "BLEU_4": 6.785777427559989e-13
  },
  "5": {
    "BLEU_1": 0.36363636357024803,
    "BLEU_2": 0.19069251781358043,
    "ROUGE_L": 0.24629878869448185,
    "CIDEr": 0.0,
    "METEOR": 0.15260871761451672,
    "SPICE": 0.2,
    "BLEU_4": 4.740604258941092e-09
  },
  "6": {
    "BLEU_1": 0.2142857142704082,
    "BLEU_2": 4.059989714404599e-09,
    "ROUGE_L": 0.24530831099195713,
    "CIDEr": 0.0,
    "METEOR": 0.14128878281622914,
    "SPICE": 0.12121212121212123,
    "BLEU_4": 5.944549994012258e-13
  },
  "7": {
    "BLEU_1": 0.19999999998666673,
    "BLEU_2": 3.7796447298312975e-09,
    "ROUGE_L": 0.2373540856031128,
    "CIDEr": 0.0,
    "METEOR": 0.13546910755148744,
    "SPICE": 0.1142857142857143,
    "BLEU_4": 5.501034141770605e-13
  },
  "8": {
    "BLEU_1": 0.19999999998666673,
    "BLEU_2": 3.7796447298312975e-09,
    "ROUGE_L": 0.2373540856031128,
    "CIDEr": 0.0,
    "METEOR": 0.13546910755148744,
    "SPICE": 0.1142857142857143,
    "BLEU_4": 5.501034141770605e-13
  },
  "9": {
    "BLEU_1": 0.17647058822491354,
    "BLEU_2": 3.3210558205738968e-09,
    "ROUGE_L": 0.22289890377588306,
    "CIDEr": 0.0,
    "METEOR": 0.12841648590021693,
    "SPICE": 0.10256410256410256,
    "BLEU_4": 4.787218652070603e-13
  }
}