{
  "0": {
    "BLEU_1": 0.5965595444103445,
    "BLEU_2": 0.3653166212455994,
    "ROUGE_L": 0.26406926406926406,
    "CIDEr": 0.0,
    "METEOR": 0.2263004013951268,
    "SPICE": 0.2777777777777778,
    "BLEU_4": 7.102233103778052e-09
  },
  "1": {
    "BLEU_1": 0.5999999998800002,
    "BLEU_2": 0.3651483715950527,
    "ROUGE_L": 0.25487465181058494,
    "CIDEr": 0.0,
    "METEOR": 0.2047262020175262,
    "SPICE": 0.32432432432432434,
    "BLEU_4": 6.985342055045127e-09
  },
  "2": {
    "BLEU_1": 0.4867504892979407,
    "BLEU_2": 0.23271124416448763,
    "ROUGE_L": 0.2739520958083832,
    "CIDEr": 0.0,
    "METEOR": 0.16760339018327208,
    "SPICE": 0.22857142857142856,
    "BLEU_4": 5.752300427890898e-09
  },
  "3": {
    "BLEU_1": 0.4971329536752872,
    "BLEU_2": 0.2358108650294949,
    "ROUGE_L": 0.26406926406926406,
    "CIDEr": 0.0,
    "METEOR": 0.1649981561389725,
    "SPICE": 0.2222222222222222,
    "BLEU_4": 5.706135913544768e-09
  },
  "4": {
    "BLEU_1": 0.4867504892979407,
    "BLEU_2": 0.23271124416448763,
    "ROUGE_L": 0.2739520958083832,
    "CIDEr": 0.0,
    "METEOR": 0.16760339018327208,
    "SPICE": 0.22857142857142856,
    "BLEU_4": 5.752300427890898e-09
  },
  "5": {
    "BLEU_1": 0.5965595444103445,
    "BLEU_2": 0.3653166212455994,
    "ROUGE_L": 0.26406926406926406,
    "CIDEr": 0.0,
    "METEOR": 0.1649981561389725,
    "SPICE": 0.2222222222222222,
    "BLEU_4": 7.102233103778052e-09
  },
  "6": {
    "BLEU_1": 0.6363636363057852,
    "BLEU_2": 0.3567530339722843,
    "ROUGE_L": 0.25884016973125884,
    "CIDEr": 0.0,
    "METEOR": 0.1705918450235849,
    "SPICE": 0.21621621621621623,
    "BLEU_4": 6.484115070705435e-09
  },
  "7": {
    "BLEU_1": 0.4971329536752872,
    "BLEU_2": 0.2358108650294949,
    "ROUGE_L": 0.26406926406926406,
    "CIDEr": 0.0,
    "METEOR": 0.16330586735806,
    "SPICE": 0.16666666666666666,
    "BLEU_4": 5.706135913544768e-09
  },
  "8": {
    "BLEU_1": 0.38940039143835253,
    "BLEU_2": 0.20814326443213824,
    "ROUGE_L": 0.2739520958083832,
    "CIDEr": 0.0,
    "METEOR": 0.16760339018327208,
    "SPICE": 0.11428571428571428,
    "BLEU_4": 5.4401898621431946e-09
  },
  "9": {
    "BLEU_1": 0.4971329536752872,
    "BLEU_2": 0.2358108650294949,
    "ROUGE_L": 0.26406926406926406,
    "CIDEr": 0.0,
    "METEOR": 0.1649981561389725,
    "SPICE": 0.1111111111111111,
    "BLEU_4": 5.706135913544768e-09
  }
}