{
  "0": {
    "BLEU_1": 0.3977063629402297,
    "BLEU_2": 6.6697384695928586e-09,
    "ROUGE_L": 0.20854700854700853,
    "CIDEr": 0.0,
    "METEOR": 0.11889596602972399,
    "SPICE": 0.047619047619047616,
    "BLEU_4": 9.596538469300547e-13
  },
  "1": {
    "BLEU_1": 0.3977063629402297,
    "BLEU_2": 6.6697384695928586e-09,
    "ROUGE_L": 0.15947712418300655,
    "CIDEr": 0.0,
    "METEOR": 0.13588110403397025,
    "SPICE": 0.047619047619047616,
    "BLEU_4": 9.596538469300547e-13
  },
  "2": {
    "BLEU_1": 0.4545454545041323,
    "BLEU_2": 6.741998623988867e-09,
    "ROUGE_L": 0.14969325153374236,
    "CIDEr": 0.0,
    "METEOR": 0.13250517598343686,
    "SPICE": 0.04545454545454545,
    "BLEU_4": 8.913765520446539e-13
  },
  "3": {
    "BLEU_1": 0.36363636360330587,
    "BLEU_2": 6.03022689097966e-09,
    "ROUGE_L": 0.14969325153374236,
    "CIDEr": 0.0,
    "METEOR": 0.14545454545454548,
    "SPICE": 0.0909090909090909,
    "BLEU_4": 8.430118945584141e-13
  },
  "4": {
    "BLEU_1": 0.05578254000921627,
    "BLEU_2": 2.036890365113941e-09,
    "ROUGE_L": 0.0953125,
    "CIDEr": 0.0,
    "METEOR": 0.1081081081081081,
    "SPICE": 0.05263157894736842,
    "BLEU_4": 5.668987069250207e-13
  },
  "5": {
    "BLEU_1": 0.07357588820485822,
    "BLEU_2": 2.6013004740088944e-09,
    "ROUGE_L": 0.09172932330827067,
    "CIDEr": 0.0,
    "METEOR": 0.10596026490066227,
    "SPICE": 0.05128205128205128,
    "BLEU_4": 6.250434469943716e-13
  },
  "6": {
    "BLEU_1": 0.37225088991138877,
    "BLEU_2": 0.28431131341888405,
    "ROUGE_L": 0.34205607476635513,
    "CIDEr": 0.0,
    "METEOR": 0.2649075646093364,
    "SPICE": 0.0975609756097561,
    "BLEU_4": 3.618899050189781e-05
  },
  "7": {
    "BLEU_1": 0.3422780792409688,
    "BLEU_2": 0.26512746013000815,
    "ROUGE_L": 0.3588235294117647,
    "CIDEr": 0.0,
    "METEOR": 0.273953758157353,
    "SPICE": 0.1,
    "BLEU_4": 3.5250657082512305e-05
  },
  "8": {
    "BLEU_1": 0.5965595444103445,
    "BLEU_2": 0.3653166212455994,
    "ROUGE_L": 0.41709401709401706,
    "CIDEr": 0.0,
    "METEOR": 0.3002808453353257,
    "SPICE": 0.18604651162790695,
    "BLEU_4": 3.9938791753893164e-05
  },
  "9": {
    "BLEU_1": 0.17113903962048443,
    "BLEU_2": 4.192033221331537e-09,
    "ROUGE_L": 0.11960784313725491,
    "CIDEr": 0.0,
    "METEOR": 0.09320458087331296,
    "SPICE": 0.05128205128205128,
    "BLEU_4": 7.882286548803192e-13
  }
}