{
  "0": {
    "BLEU_1": 0.11031211279549655,
    "BLEU_2": 3.729230059054939e-09,
    "ROUGE_L": 0.116412213740458,
    "CIDEr": 0.0,
    "METEOR": 0.06398678591620333,
    "SPICE": 0.05555555555555555,
    "BLEU_4": 7.751502103232947e-13
  },
  "1": {
    "BLEU_1": 0.36363636357024803,
    "BLEU_2": 0.19069251781358043,
    "ROUGE_L": 0.36363636363636365,
    "CIDEr": 0.0,
    "METEOR": 0.14361821721674828,
    "SPICE": 0.1111111111111111,
    "BLEU_4": 4.740604258941092e-09
  },
  "2": {
    "BLEU_1": 0.33333333331111115,
    "BLEU_2": 0.1543033499514377,
    "ROUGE_L": 0.3164721141374838,
    "CIDEr": 0.0,
    "METEOR": 0.14970062011593488,
    "SPICE": 0.10526315789473684,
    "BLEU_4": 3.514847831107641e-09
  },
  "3": {
    "BLEU_1": 0.33333333331111115,
    "BLEU_2": 0.1543033499514377,
    "ROUGE_L": 0.3164721141374838,
    "CIDEr": 0.0,
    "METEOR": 0.19519008904806479,
    "SPICE": 0.10526315789473684,
    "BLEU_4": 3.514847831107641e-09
  },
  "4": {
    "BLEU_1": 0.33333333331111115,
    "BLEU_2": 0.1543033499514377,
    "ROUGE_L": 0.3164721141374838,
    "CIDEr": 0.0,
    "METEOR": 0.19519008904806479,
    "SPICE": 0.10526315789473684,
    "BLEU_4": 3.514847831107641e-09
  },
  "5": {
    "BLEU_1": 0.33333333331111115,
    "BLEU_2": 0.1543033499514377,
    "ROUGE_L": 0.3164721141374838,
    "CIDEr": 0.0,
    "METEOR": 0.19519008904806479,
    "SPICE": 0.10526315789473684,
    "BLEU_4": 3.514847831107641e-09
  },
  "6": {
    "BLEU_1": 0.29411764704152255,
    "BLEU_2": 0.13558153612843557,
    "ROUGE_L": 0.2971985383678441,
    "CIDEr": 0.0,
    "METEOR": 0.1889096870619908,
    "SPICE": 0.1,
    "BLEU_4": 3.058760346259648e-09
  },
  "7": {
    "BLEU_1": 0.29411764704152255,
    "BLEU_2": 0.13558153612843557,
    "ROUGE_L": 0.2971985383678441,
    "CIDEr": 0.0,
    "METEOR": 0.1889096870619908,
    "SPICE": 0.1,
    "BLEU_4": 3.058760346259648e-09
  },
  "8": {
    "BLEU_1": 0.2631578947229917,
    "BLEU_2": 0.12091270834512809,
    "ROUGE_L": 0.2801377726750861,
    "CIDEr": 0.0,
    "METEOR": 0.18494256737500175,
    "SPICE": 0.10256410256410257,
    "BLEU_4": 2.70765762660009e-09
  },
  "9": {
    "BLEU_1": 0.2631578947229917,
    "BLEU_2": 0.12091270834512809,
    "ROUGE_L": 0.2801377726750861,
    "CIDEr": 0.0,
    "METEOR": 0.19540041366841662,
    "SPICE": 0.09523809523809525,
    "BLEU_4": 2.70765762660009e-09
  }
}