{
  "0": {
    "BLEU_1": 0.33093633838648934,
    "BLEU_2": 6.459215935396237e-09,
    "ROUGE_L": 0.20469798657718125,
    "CIDEr": 0.0,
    "METEOR": 0.09668151000162639,
    "SPICE": 0.06451612903225806,
    "BLEU_4": 1.0201550479411466e-12
  },
  "1": {
    "BLEU_1": 0.29999999994000015,
    "BLEU_2": 5.773502690709485e-09,
    "ROUGE_L": 0.10627177700348434,
    "CIDEr": 0.0,
    "METEOR": 0.08664259927797834,
    "SPICE": 0.1111111111111111,
    "BLEU_4": 8.783602617783837e-13
  },
  "2": {
    "BLEU_1": 0.4166666666319445,
    "BLEU_2": 6.154574548430443e-09,
    "ROUGE_L": 0.17528735632183906,
    "CIDEr": 0.0,
    "METEOR": 0.1413427561837456,
    "SPICE": 0.16216216216216214,
    "BLEU_4": 8.054496384067745e-13
  },
  "3": {
    "BLEU_1": 0.555555555432099,
    "BLEU_2": 8.333333331423613e-09,
    "ROUGE_L": 0.19645732689210954,
    "CIDEr": 0.0,
    "METEOR": 0.14678899082568805,
    "SPICE": 0.1764705882352941,
    "BLEU_4": 1.1339582219145234e-12
  },
  "4": {
    "BLEU_1": 0.38461538455621314,
    "BLEU_2": 5.661385169833853e-09,
    "ROUGE_L": 0.16920943134535368,
    "CIDEr": 0.0,
    "METEOR": 0.1808695652173913,
    "SPICE": 0.15789473684210525,
    "BLEU_4": 7.347053124767714e-13
  },
  "5": {
    "BLEU_1": 0.3749999999765626,
    "BLEU_2": 4.999999999677084e-09,
    "ROUGE_L": 0.16850828729281767,
    "CIDEr": 0.0,
    "METEOR": 0.136986301369863,
    "SPICE": 0.17142857142857146,
    "BLEU_4": 6.087895024383412e-13
  },
  "6": {
    "BLEU_1": 0.4666666666355556,
    "BLEU_2": 5.773502691497612e-09,
    "ROUGE_L": 0.1659863945578231,
    "CIDEr": 0.0,
    "METEOR": 0.14915254237288136,
    "SPICE": 0.14634146341463417,
    "BLEU_4": 6.798898171410334e-13
  },
  "7": {
    "BLEU_1": 0.4374999999726563,
    "BLEU_2": 5.400617248324428e-09,
    "ROUGE_L": 0.16052631578947368,
    "CIDEr": 0.0,
    "METEOR": 0.14691151919866446,
    "SPICE": 0.14285714285714285,
    "BLEU_4": 6.32708767488779e-13
  },
  "8": {
    "BLEU_1": 0.23076923073372793,
    "BLEU_2": 4.385290095846432e-09,
    "ROUGE_L": 0.16920943134535368,
    "CIDEr": 0.0,
    "METEOR": 0.09638554216867469,
    "SPICE": 0.10526315789473684,
    "BLEU_4": 6.466227685952641e-13
  },
  "9": {
    "BLEU_1": 0.27272727267768604,
    "BLEU_2": 5.222329677697684e-09,
    "ROUGE_L": 0.18181818181818182,
    "CIDEr": 0.0,
    "METEOR": 0.07804878048780488,
    "SPICE": 0.05555555555555555,
    "BLEU_4": 7.845109652856079e-13
  }
}