{
  "0": {
    "BLEU_1": 1.194218850558243e-16,
    "BLEU_2": 1.3082012060754779e-16,
    "ROUGE_L": 0.0,
    "CIDEr": 0.0,
    "METEOR": 0.08307298469953488,
    "SPICE": 0.0,
    "BLEU_4": 1.6449759291817379e-16
  },
  "1": {
    "BLEU_1": 0.07667036787299863,
    "BLEU_2": 2.5323389066027985e-09,
    "ROUGE_L": 0.10374149659863945,
    "CIDEr": 0.0,
    "METEOR": 0.08868360277136261,
    "SPICE": 0.0,
    "BLEU_4": 4.955696291900591e-13
  },
  "2": {
    "BLEU_1": 1.1111111109876545e-16,
    "BLEU_2": 1.1785113018384495e-16,
    "ROUGE_L": 0.0,
    "CIDEr": 0.0,
    "METEOR": 0.024922118380062308,
    "SPICE": 0.0,
    "BLEU_4": 1.34851118576642e-16
  },
  "3": {
    "BLEU_1": 0.09999999999000012,
    "BLEU_2": 3.333333332981484e-09,
    "ROUGE_L": 0.11338289962825278,
    "CIDEr": 0.0,
    "METEOR": 0.09523809523809523,
    "SPICE": 0.06896551724137931,
    "BLEU_4": 6.674094718242315e-13
  },
  "4": {
    "BLEU_1": 0.15159143962247085,
    "BLEU_2": 0.11242322051797121,
    "ROUGE_L": 0.1641991924629879,
    "CIDEr": 0.0,
    "METEOR": 0.13415473066395298,
    "SPICE": 0.07407407407407407,
    "BLEU_4": 3.3236368875262915e-09
  },
  "5": {
    "BLEU_1": 0.1999999999800001,
    "BLEU_2": 0.1490711984842508,
    "ROUGE_L": 0.16991643454039,
    "CIDEr": 0.0,
    "METEOR": 0.1378812509601739,
    "SPICE": 0.07692307692307693,
    "BLEU_4": 4.463236137318893e-09
  },
  "6": {
    "BLEU_1": 0.12499999996875016,
    "BLEU_2": 4.225771272548414e-09,
    "ROUGE_L": 0.125,
    "CIDEr": 0.0,
    "METEOR": 0.11030500076813912,
    "SPICE": 0.07407407407407407,
    "BLEU_4": 8.783602617222665e-13
  },
  "7": {
    "BLEU_1": 0.15159143962247085,
    "BLEU_2": 0.11242322051797121,
    "ROUGE_L": 0.1641991924629879,
    "CIDEr": 0.0,
    "METEOR": 0.13415473066395298,
    "SPICE": 0.0,
    "BLEU_4": 3.3236368875262915e-09
  },
  "8": {
    "BLEU_1": 0.09999999999000012,
    "BLEU_2": 3.333333332981484e-09,
    "ROUGE_L": 0.084958217270195,
    "CIDEr": 0.0,
    "METEOR": 0.05470085470085471,
    "SPICE": 0.0,
    "BLEU_4": 6.674094718242315e-13
  },
  "9": {
    "BLEU_1": 0.15159143962247085,
    "BLEU_2": 3.555134387281635e-09,
    "ROUGE_L": 0.1641991924629879,
    "CIDEr": 0.0,
    "METEOR": 0.09609609609609611,
    "SPICE": 0.07142857142857142,
    "BLEU_4": 5.910355043533853e-13
  }
}