{
  "0": {
    "BLEU_1": 0.24767939985785795,
    "BLEU_2": 5.982025825945981e-09,
    "ROUGE_L": 0.16245006657789615,
    "CIDEr": 0.0,
    "METEOR": 0.09433323595103299,
    "SPICE": 0.09302325581395349,
    "BLEU_4": 1.0768261868323776e-12
  },
  "1": {
    "BLEU_1": 0.24767939985785795,
    "BLEU_2": 5.982025825945981e-09,
    "ROUGE_L": 0.16245006657789615,
    "CIDEr": 0.0,
    "METEOR": 0.0919502302880319,
    "SPICE": 0.045454545454545456,
    "BLEU_4": 1.0768261868323776e-12
  },
  "2": {
    "BLEU_1": 0.4444444443456792,
    "BLEU_2": 7.453559923291195e-09,
    "ROUGE_L": 0.2222222222222222,
    "CIDEr": 0.0,
    "METEOR": 0.12993039443155455,
    "SPICE": 0.17777777777777778,
    "BLEU_4": 1.0724314733358218e-12
  },
  "3": {
    "BLEU_1": 0.4545454545041323,
    "BLEU_2": 6.741998623988867e-09,
    "ROUGE_L": 0.2036727879799666,
    "CIDEr": 0.0,
    "METEOR": 0.12641083521444696,
    "SPICE": 0.1702127659574468,
    "BLEU_4": 8.913765520446539e-13
  },
  "4": {
    "BLEU_1": 0.30668147149199426,
    "BLEU_2": 5.064677813205595e-09,
    "ROUGE_L": 0.19551282051282048,
    "CIDEr": 0.0,
    "METEOR": 0.11914893617021277,
    "SPICE": 0.163265306122449,
    "BLEU_4": 7.00841290700787e-13
  },
  "5": {
    "BLEU_1": 0.31183566163562787,
    "BLEU_2": 4.564806674061582e-09,
    "ROUGE_L": 0.22676579925650556,
    "CIDEr": 0.0,
    "METEOR": 0.13114754098360656,
    "SPICE": 0.16,
    "BLEU_4": 5.847275577679081e-13
  },
  "6": {
    "BLEU_1": 0.3124999999609375,
    "BLEU_2": 4.564354645296331e-09,
    "ROUGE_L": 0.21995192307692307,
    "CIDEr": 0.0,
    "METEOR": 0.1558648111332008,
    "SPICE": 0.15384615384615385,
    "BLEU_4": 5.81663542038042e-13
  },
  "7": {
    "BLEU_1": 0.29411764704152255,
    "BLEU_2": 4.287464628302636e-09,
    "ROUGE_L": 0.21353558926487748,
    "CIDEr": 0.0,
    "METEOR": 0.1264822134387352,
    "SPICE": 0.15384615384615385,
    "BLEU_4": 5.439330543997057e-13
  },
  "8": {
    "BLEU_1": 0.34999999998250003,
    "BLEU_2": 4.291975376174515e-09,
    "ROUGE_L": 0.22208737864077668,
    "CIDEr": 0.0,
    "METEOR": 0.13358070500927643,
    "SPICE": 0.13333333333333333,
    "BLEU_4": 4.953341311472897e-13
  },
  "9": {
    "BLEU_1": 0.3124999999609375,
    "BLEU_2": 4.564354645296331e-09,
    "ROUGE_L": 0.17732558139534885,
    "CIDEr": 0.0,
    "METEOR": 0.10640394088669952,
    "SPICE": 0.12,
    "BLEU_4": 5.81663542038042e-13
  }
}