{
  "0": {
    "BLEU_1": 0.4294155959203306,
    "BLEU_2": 0.4016815091130278,
    "ROUGE_L": 0.48897795591182364,
    "CIDEr": 0.0,
    "METEOR": 0.2566502951583981,
    "SPICE": 0.37037037037037035,
    "BLEU_4": 0.3089575774178525
  },
  "1": {
    "BLEU_1": 0.6999999998600002,
    "BLEU_2": 0.3944053187922357,
    "ROUGE_L": 0.37770897832817335,
    "CIDEr": 0.0,
    "METEOR": 0.2763832771137204,
    "SPICE": 0.3448275862068965,
    "BLEU_4": 4.082482903741539e-05
  },
  "2": {
    "BLEU_1": 0.36363636357024803,
    "BLEU_2": 6.030226890431458e-09,
    "ROUGE_L": 0.1921259842519685,
    "CIDEr": 0.0,
    "METEOR": 0.1024,
    "SPICE": 0.06451612903225806,
    "BLEU_4": 8.430118944817767e-13
  },
  "3": {
    "BLEU_1": 0.29999999994000015,
    "BLEU_2": 5.773502690709485e-09,
    "ROUGE_L": 0.2,
    "CIDEr": 0.0,
    "METEOR": 0.08692152917505032,
    "SPICE": 0.06451612903225806,
    "BLEU_4": 8.783602617783837e-13
  },
  "4": {
    "BLEU_1": 0.22062422559099293,
    "BLEU_2": 5.273927726724911e-09,
    "ROUGE_L": 0.10892857142857142,
    "CIDEr": 0.0,
    "METEOR": 0.0879837067209776,
    "SPICE": 0.06896551724137931,
    "BLEU_4": 9.218141453123176e-13
  },
  "5": {
    "BLEU_1": 0.3333333332592594,
    "BLEU_2": 6.454972242199766e-09,
    "ROUGE_L": 0.19645732689210954,
    "CIDEr": 0.0,
    "METEOR": 0.19769765690971483,
    "SPICE": 0.2,
    "BLEU_4": 9.980099401403394e-13
  },
  "6": {
    "BLEU_1": 0.29999999994000015,
    "BLEU_2": 5.773502690709485e-09,
    "ROUGE_L": 0.18885448916408668,
    "CIDEr": 0.0,
    "METEOR": 0.19420202053999494,
    "SPICE": 0.12903225806451613,
    "BLEU_4": 8.783602617783837e-13
  },
  "7": {
    "BLEU_1": 0.4444444443456792,
    "BLEU_2": 0.23570226034150096,
    "ROUGE_L": 0.20854700854700853,
    "CIDEr": 0.0,
    "METEOR": 0.20009884302602718,
    "SPICE": 0.2,
    "BLEU_4": 6.030725358915047e-09
  },
  "8": {
    "BLEU_1": 0.27272727267768604,
    "BLEU_2": 5.222329677697684e-09,
    "ROUGE_L": 0.18181818181818182,
    "CIDEr": 0.0,
    "METEOR": 0.19082785415995643,
    "SPICE": 0.19354838709677416,
    "BLEU_4": 7.845109652856079e-13
  },
  "9": {
    "BLEU_1": 0.16666666665277785,
    "BLEU_2": 3.892494720468497e-09,
    "ROUGE_L": 0.17528735632183906,
    "CIDEr": 0.0,
    "METEOR": 0.08291746641074858,
    "SPICE": 0.060606060606060615,
    "BLEU_4": 6.40550520920913e-13
  }
}