{
  "0": {
    "BLEU_1": 0.24767939985785795,
    "BLEU_2": 5.982025825945981e-09,
    "ROUGE_L": 0.17967599410898377,
    "CIDEr": 0.0,
    "METEOR": 0.0954653937947494,
    "SPICE": 0.0,
    "BLEU_4": 1.0768261868323776e-12
  },
  "1": {
    "BLEU_1": 0.12383969992892904,
    "BLEU_2": 4.229931026759462e-09,
    "ROUGE_L": 0.12224448897795591,
    "CIDEr": 0.0,
    "METEOR": 0.12532637075718014,
    "SPICE": 0.07692307692307693,
    "BLEU_4": 9.054992803586729e-13
  },
  "2": {
    "BLEU_1": 0.12499999996875016,
    "BLEU_2": 4.225771272548414e-09,
    "ROUGE_L": 0.116412213740458,
    "CIDEr": 0.0,
    "METEOR": 0.12244897959183672,
    "SPICE": 0.07407407407407407,
    "BLEU_4": 8.783602617222665e-13
  },
  "3": {
    "BLEU_1": 0.1111111110864199,
    "BLEU_2": 3.726779961645599e-09,
    "ROUGE_L": 0.1111111111111111,
    "CIDEr": 0.0,
    "METEOR": 0.11881188118811879,
    "SPICE": 0.07142857142857144,
    "BLEU_4": 7.583235671536399e-13
  },
  "4": {
    "BLEU_1": 0.12499999996875016,
    "BLEU_2": 4.225771272548414e-09,
    "ROUGE_L": 0.116412213740458,
    "CIDEr": 0.0,
    "METEOR": 0.12244897959183672,
    "SPICE": 0.07407407407407407,
    "BLEU_4": 8.783602617222665e-13
  },
  "5": {
    "BLEU_1": 0.1111111110864199,
    "BLEU_2": 3.726779961645599e-09,
    "ROUGE_L": 0.1111111111111111,
    "CIDEr": 0.0,
    "METEOR": 0.11881188118811879,
    "SPICE": 0.07142857142857144,
    "BLEU_4": 7.583235671536399e-13
  },
  "6": {
    "BLEU_1": 0.12499999996875016,
    "BLEU_2": 4.225771272548414e-09,
    "ROUGE_L": 0.125,
    "CIDEr": 0.0,
    "METEOR": 0.14285714285714285,
    "SPICE": 0.07407407407407407,
    "BLEU_4": 8.783602617222665e-13
  },
  "7": {
    "BLEU_1": 0.1111111110864199,
    "BLEU_2": 3.726779961645599e-09,
    "ROUGE_L": 0.1189083820662768,
    "CIDEr": 0.0,
    "METEOR": 0.1386138613861386,
    "SPICE": 0.07142857142857144,
    "BLEU_4": 7.583235671536399e-13
  },
  "8": {
    "BLEU_1": 0.12499999996875016,
    "BLEU_2": 4.225771272548414e-09,
    "ROUGE_L": 0.125,
    "CIDEr": 0.0,
    "METEOR": 0.14285714285714285,
    "SPICE": 0.07407407407407407,
    "BLEU_4": 8.783602617222665e-13
  },
  "9": {
    "BLEU_1": 0.1111111110864199,
    "BLEU_2": 3.726779961645599e-09,
    "ROUGE_L": 0.1189083820662768,
    "CIDEr": 0.0,
    "METEOR": 0.1386138613861386,
    "SPICE": 0.07142857142857144,
    "BLEU_4": 7.583235671536399e-13
  }
}