{
  "0": {
    "BLEU_1": 9.196986024687569e-17,
    "BLEU_2": 1.0619764713730698e-16,
    "ROUGE_L": 0.0,
    "CIDEr": 0.0,
    "METEOR": 0.07384615384615385,
    "SPICE": 0.0,
    "BLEU_4": 1.6620829993657386e-16
  },
  "1": {
    "BLEU_1": 0.12383969992892904,
    "BLEU_2": 4.229931026759462e-09,
    "ROUGE_L": 0.12224448897795591,
    "CIDEr": 0.0,
    "METEOR": 0.09411764705882353,
    "SPICE": 0.0,
    "BLEU_4": 9.054992803586729e-13
  },
  "2": {
    "BLEU_1": 0.24767939985785795,
    "BLEU_2": 5.982025825945981e-09,
    "ROUGE_L": 0.12224448897795591,
    "CIDEr": 0.0,
    "METEOR": 0.09248554913294799,
    "SPICE": 0.07407407407407407,
    "BLEU_4": 1.0768261868323776e-12
  },
  "3": {
    "BLEU_1": 0.24999999993750016,
    "BLEU_2": 5.976143045124577e-09,
    "ROUGE_L": 0.116412213740458,
    "CIDEr": 0.0,
    "METEOR": 0.09014084507042254,
    "SPICE": 0.07142857142857142,
    "BLEU_4": 1.0445522727757714e-12
  },
  "4": {
    "BLEU_1": 0.12499999996875016,
    "BLEU_2": 4.225771272548414e-09,
    "ROUGE_L": 0.116412213740458,
    "CIDEr": 0.0,
    "METEOR": 0.09014084507042254,
    "SPICE": 0.07142857142857142,
    "BLEU_4": 8.783602617222665e-13
  },
  "5": {
    "BLEU_1": 0.1111111110864199,
    "BLEU_2": 3.726779961645599e-09,
    "ROUGE_L": 0.1111111111111111,
    "CIDEr": 0.0,
    "METEOR": 0.1325478223516045,
    "SPICE": 0.0,
    "BLEU_4": 7.583235671536399e-13
  },
  "6": {
    "BLEU_1": 9.196986024687569e-17,
    "BLEU_2": 1.0619764713730698e-16,
    "ROUGE_L": 0.0,
    "CIDEr": 0.0,
    "METEOR": 0.07384615384615385,
    "SPICE": 0.0,
    "BLEU_4": 1.6620829993657386e-16
  },
  "7": {
    "BLEU_1": 1.194218850558243e-16,
    "BLEU_2": 1.3082012060754779e-16,
    "ROUGE_L": 0.0,
    "CIDEr": 0.0,
    "METEOR": 0.113946587537092,
    "SPICE": 0.07407407407407407,
    "BLEU_4": 1.6449759291817379e-16
  },
  "8": {
    "BLEU_1": 1.194218850558243e-16,
    "BLEU_2": 1.3082012060754779e-16,
    "ROUGE_L": 0.0,
    "CIDEr": 0.0,
    "METEOR": 0.113946587537092,
    "SPICE": 0.07692307692307693,
    "BLEU_4": 1.6449759291817379e-16
  },
  "9": {
    "BLEU_1": 1.194218850558243e-16,
    "BLEU_2": 1.3082012060754779e-16,
    "ROUGE_L": 0.0,
    "CIDEr": 0.0,
    "METEOR": 0.113946587537092,
    "SPICE": 0.07407407407407407,
    "BLEU_4": 1.6449759291817379e-16
  }
}