{
  "0": {
    "BLEU_1": 0.3333333332592594,
    "BLEU_2": 6.454972242199766e-09,
    "ROUGE_L": 0.10427350427350426,
    "CIDEr": 0.0,
    "METEOR": 0.11910669975186104,
    "SPICE": 0.07407407407407407,
    "BLEU_4": 9.980099401403394e-13
  },
  "1": {
    "BLEU_1": 0.22062422559099293,
    "BLEU_2": 5.273927726724911e-09,
    "ROUGE_L": 0.10892857142857142,
    "CIDEr": 0.0,
    "METEOR": 0.12,
    "SPICE": 0.07692307692307693,
    "BLEU_4": 9.218141453123176e-13
  },
  "2": {
    "BLEU_1": 0.3333333332592594,
    "BLEU_2": 6.454972242199766e-09,
    "ROUGE_L": 0.10427350427350426,
    "CIDEr": 0.0,
    "METEOR": 0.11910669975186104,
    "SPICE": 0.07407407407407407,
    "BLEU_4": 9.980099401403394e-13
  },
  "3": {
    "BLEU_1": 0.3333333332592594,
    "BLEU_2": 6.454972242199766e-09,
    "ROUGE_L": 0.10427350427350426,
    "CIDEr": 0.0,
    "METEOR": 0.11483253588516747,
    "SPICE": 0.07407407407407407,
    "BLEU_4": 9.980099401403394e-13
  },
  "4": {
    "BLEU_1": 0.3333333332592594,
    "BLEU_2": 6.454972242199766e-09,
    "ROUGE_L": 0.10427350427350426,
    "CIDEr": 0.0,
    "METEOR": 0.11910669975186104,
    "SPICE": 0.07407407407407407,
    "BLEU_4": 9.980099401403394e-13
  },
  "5": {
    "BLEU_1": 0.3333333332592594,
    "BLEU_2": 6.454972242199766e-09,
    "ROUGE_L": 0.10427350427350426,
    "CIDEr": 0.0,
    "METEOR": 0.11735941320293397,
    "SPICE": 0.07407407407407407,
    "BLEU_4": 9.980099401403394e-13
  },
  "6": {
    "BLEU_1": 0.33093633838648934,
    "BLEU_2": 6.459215935396237e-09,
    "ROUGE_L": 0.10892857142857142,
    "CIDEr": 0.0,
    "METEOR": 0.11822660098522167,
    "SPICE": 0.07407407407407407,
    "BLEU_4": 1.0201550479411466e-12
  },
  "7": {
    "BLEU_1": 0.33093633838648934,
    "BLEU_2": 6.459215935396237e-09,
    "ROUGE_L": 0.10892857142857142,
    "CIDEr": 0.0,
    "METEOR": 0.12,
    "SPICE": 0.07407407407407407,
    "BLEU_4": 1.0201550479411466e-12
  },
  "8": {
    "BLEU_1": 0.4294155959203306,
    "BLEU_2": 7.333667449130742e-09,
    "ROUGE_L": 0.11401869158878504,
    "CIDEr": 0.0,
    "METEOR": 0.1227621483375959,
    "SPICE": 0.07692307692307693,
    "BLEU_4": 1.1100972798838728e-12
  },
  "9": {
    "BLEU_1": 0.33093633838648934,
    "BLEU_2": 6.459215935396237e-09,
    "ROUGE_L": 0.10892857142857142,
    "CIDEr": 0.0,
    "METEOR": 0.12,
    "SPICE": 0.08,
    "BLEU_4": 1.0201550479411466e-12
  }
}