{
  "0": {
    "BLEU_1": 0.21470779796016531,
    "BLEU_2": 0.1639857894063383,
    "ROUGE_L": 0.24448897795591182,
    "CIDEr": 0.0,
    "METEOR": 0.16207382924226502,
    "SPICE": 0.06896551724137931,
    "BLEU_4": 5.249325938137114e-09
  },
  "1": {
    "BLEU_1": 1.111111110864198e-16,
    "BLEU_2": 1.178511301707504e-16,
    "ROUGE_L": 0.0,
    "CIDEr": 0.0,
    "METEOR": 0.08089887640449439,
    "SPICE": 0.0,
    "BLEU_4": 1.3485111856165858e-16
  },
  "2": {
    "BLEU_1": 1.111111110864198e-16,
    "BLEU_2": 1.178511301707504e-16,
    "ROUGE_L": 0.0,
    "CIDEr": 0.0,
    "METEOR": 0.08089887640449439,
    "SPICE": 0.0,
    "BLEU_4": 1.3485111856165858e-16
  },
  "3": {
    "BLEU_1": 1.1031211279549644e-16,
    "BLEU_2": 1.1792860905377833e-16,
    "ROUGE_L": 0.0,
    "CIDEr": 0.0,
    "METEOR": 0.0822857142857143,
    "SPICE": 0.0,
    "BLEU_4": 1.3784336587052549e-16
  },
  "4": {
    "BLEU_1": 9.999999998000002e-17,
    "BLEU_2": 1.0540925531727854e-16,
    "ROUGE_L": 0.0,
    "CIDEr": 0.0,
    "METEOR": 0.08951048951048951,
    "SPICE": 0.0,
    "BLEU_4": 1.1868405216912992e-16
  },
  "5": {
    "BLEU_1": 1.1031211279549644e-16,
    "BLEU_2": 1.1792860905377833e-16,
    "ROUGE_L": 0.0,
    "CIDEr": 0.0,
    "METEOR": 0.09208633093525181,
    "SPICE": 0.0,
    "BLEU_4": 1.3784336587052549e-16
  },
  "6": {
    "BLEU_1": 0.10735389898008273,
    "BLEU_2": 3.666833724565372e-09,
    "ROUGE_L": 0.12224448897795591,
    "CIDEr": 0.0,
    "METEOR": 0.11428571428571428,
    "SPICE": 0.0,
    "BLEU_4": 7.849573143826273e-13
  },
  "7": {
    "BLEU_1": 1.1031211279549644e-16,
    "BLEU_2": 1.1792860905377833e-16,
    "ROUGE_L": 0.0,
    "CIDEr": 0.0,
    "METEOR": 0.08951048951048951,
    "SPICE": 0.0,
    "BLEU_4": 1.3784336587052549e-16
  },
  "8": {
    "BLEU_1": 0.22222222217283966,
    "BLEU_2": 0.16666666662847238,
    "ROUGE_L": 0.2222222222222222,
    "CIDEr": 0.0,
    "METEOR": 0.1835898300456014,
    "SPICE": 0.0,
    "BLEU_4": 5.071215335691334e-09
  },
  "9": {
    "BLEU_1": 1.0735389898008262e-16,
    "BLEU_2": 1.1595546370745083e-16,
    "ROUGE_L": 0.0,
    "CIDEr": 0.0,
    "METEOR": 0.08275862068965519,
    "SPICE": 0.0,
    "BLEU_4": 1.3958734299260755e-16
  }
}