{
  "0": {
    "BLEU_1": 0.17113903962048443,
    "BLEU_2": 4.192033221331537e-09,
    "ROUGE_L": 0.1680440771349862,
    "CIDEr": 0.0,
    "METEOR": 0.11044539241938976,
    "SPICE": 0.06896551724137931,
    "BLEU_4": 7.882286548803192e-13
  },
  "1": {
    "BLEU_1": 0.2920502935787644,
    "BLEU_2": 5.700238056112239e-09,
    "ROUGE_L": 0.15721649484536082,
    "CIDEr": 0.0,
    "METEOR": 0.11428571428571428,
    "SPICE": 0.06451612903225806,
    "BLEU_4": 9.002836699641014e-13
  },
  "2": {
    "BLEU_1": 0.1947001957191763,
    "BLEU_2": 4.654224883289751e-09,
    "ROUGE_L": 0.10234899328859062,
    "CIDEr": 0.0,
    "METEOR": 0.07056858261955631,
    "SPICE": 0.06451612903225806,
    "BLEU_4": 8.134981279967864e-13
  },
  "3": {
    "BLEU_1": 0.1947001957191763,
    "BLEU_2": 4.654224883289751e-09,
    "ROUGE_L": 0.10234899328859062,
    "CIDEr": 0.0,
    "METEOR": 0.07056858261955631,
    "SPICE": 0.06451612903225806,
    "BLEU_4": 8.134981279967864e-13
  },
  "4": {
    "BLEU_1": 0.4166666666319445,
    "BLEU_2": 0.19462473602342495,
    "ROUGE_L": 0.2089041095890411,
    "CIDEr": 0.0,
    "METEOR": 0.17622253766110477,
    "SPICE": 0.05405405405405405,
    "BLEU_4": 4.5293761703575315e-09
  },
  "5": {
    "BLEU_1": 0.4999999999000002,
    "BLEU_2": 0.23570226034706615,
    "ROUGE_L": 0.18885448916408668,
    "CIDEr": 0.0,
    "METEOR": 0.17876483567668422,
    "SPICE": 0.18181818181818182,
    "BLEU_4": 5.612222323072491e-09
  },
  "6": {
    "BLEU_1": 0.4166666666319445,
    "BLEU_2": 0.19462473602342495,
    "ROUGE_L": 0.2089041095890411,
    "CIDEr": 0.0,
    "METEOR": 0.19477875045610266,
    "SPICE": 0.057142857142857134,
    "BLEU_4": 4.5293761703575315e-09
  },
  "7": {
    "BLEU_1": 0.4999999999000002,
    "BLEU_2": 0.23570226034706615,
    "ROUGE_L": 0.18885448916408668,
    "CIDEr": 0.0,
    "METEOR": 0.1823471693134293,
    "SPICE": 0.18181818181818182,
    "BLEU_4": 5.612222323072491e-09
  },
  "8": {
    "BLEU_1": 0.4166666666319445,
    "BLEU_2": 0.19462473602342495,
    "ROUGE_L": 0.2089041095890411,
    "CIDEr": 0.0,
    "METEOR": 0.19477875045610266,
    "SPICE": 0.057142857142857134,
    "BLEU_4": 4.5293761703575315e-09
  },
  "9": {
    "BLEU_1": 0.29999999994000015,
    "BLEU_2": 0.1825741857975264,
    "ROUGE_L": 0.18885448916408668,
    "CIDEr": 0.0,
    "METEOR": 0.16207472693468478,
    "SPICE": 0.18181818181818182,
    "BLEU_4": 4.939382736029984e-09
  }
}