{
  "0": {
    "BLEU_1": 0.3749999999062502,
    "BLEU_2": 7.319250545218839e-09,
    "ROUGE_L": 0.232824427480916,
    "CIDEr": 0.0,
    "METEOR": 0.07373271889400922,
    "SPICE": 0.13333333333333333,
    "BLEU_4": 1.1559871144628244e-12
  },
  "1": {
    "BLEU_1": 0.45454545446281003,
    "BLEU_2": 6.741998623375958e-09,
    "ROUGE_L": 0.3055091819699499,
    "CIDEr": 0.0,
    "METEOR": 0.14446952595936796,
    "SPICE": 0.18181818181818182,
    "BLEU_4": 8.913765519636197e-13
  },
  "2": {
    "BLEU_1": 0.45454545446281003,
    "BLEU_2": 6.741998623375958e-09,
    "ROUGE_L": 0.3055091819699499,
    "CIDEr": 0.0,
    "METEOR": 0.14446952595936796,
    "SPICE": 0.18181818181818182,
    "BLEU_4": 8.913765519636197e-13
  },
  "3": {
    "BLEU_1": 0.45454545446281003,
    "BLEU_2": 6.741998623375958e-09,
    "ROUGE_L": 0.3055091819699499,
    "CIDEr": 0.0,
    "METEOR": 0.14446952595936796,
    "SPICE": 0.18181818181818182,
    "BLEU_4": 8.913765519636197e-13
  },
  "4": {
    "BLEU_1": 0.45454545446281003,
    "BLEU_2": 6.741998623375958e-09,
    "ROUGE_L": 0.3055091819699499,
    "CIDEr": 0.0,
    "METEOR": 0.14446952595936796,
    "SPICE": 0.18181818181818182,
    "BLEU_4": 8.913765519636197e-13
  },
  "5": {
    "BLEU_1": 0.45454545446281003,
    "BLEU_2": 6.741998623375958e-09,
    "ROUGE_L": 0.3055091819699499,
    "CIDEr": 0.0,
    "METEOR": 0.14446952595936796,
    "SPICE": 0.18181818181818182,
    "BLEU_4": 8.913765519636197e-13
  },
  "6": {
    "BLEU_1": 0.45454545446281003,
    "BLEU_2": 6.741998623375958e-09,
    "ROUGE_L": 0.3055091819699499,
    "CIDEr": 0.0,
    "METEOR": 0.14446952595936796,
    "SPICE": 0.18181818181818182,
    "BLEU_4": 8.913765519636197e-13
  },
  "7": {
    "BLEU_1": 0.45454545446281003,
    "BLEU_2": 6.741998623375958e-09,
    "ROUGE_L": 0.3055091819699499,
    "CIDEr": 0.0,
    "METEOR": 0.14446952595936796,
    "SPICE": 0.18181818181818182,
    "BLEU_4": 8.913765519636197e-13
  },
  "8": {
    "BLEU_1": 0.45454545446281003,
    "BLEU_2": 6.741998623375958e-09,
    "ROUGE_L": 0.3055091819699499,
    "CIDEr": 0.0,
    "METEOR": 0.14446952595936796,
    "SPICE": 0.18181818181818182,
    "BLEU_4": 8.913765519636197e-13
  },
  "9": {
    "BLEU_1": 0.45454545446281003,
    "BLEU_2": 6.741998623375958e-09,
    "ROUGE_L": 0.3055091819699499,
    "CIDEr": 0.0,
    "METEOR": 0.14446952595936796,
    "SPICE": 0.18181818181818182,
    "BLEU_4": 8.913765519636197e-13
  }
}