{
  "0": {
    "BLEU_1": 0.09999999998000014,
    "BLEU_2": 3.333333332648151e-09,
    "ROUGE_L": 0.10627177700348434,
    "CIDEr": 0.0,
    "METEOR": 0.0792792792792793,
    "SPICE": 0.0,
    "BLEU_4": 6.674094717574907e-13
  },
  "1": {
    "BLEU_1": 0.12383969992892904,
    "BLEU_2": 4.229931026759462e-09,
    "ROUGE_L": 0.12224448897795591,
    "CIDEr": 0.0,
    "METEOR": 0.08441247002398083,
    "SPICE": 0.07142857142857144,
    "BLEU_4": 9.054992803586729e-13
  },
  "2": {
    "BLEU_1": 0.12383969992892904,
    "BLEU_2": 4.229931026759462e-09,
    "ROUGE_L": 0.12224448897795591,
    "CIDEr": 0.0,
    "METEOR": 0.046764091858037565,
    "SPICE": 0.0,
    "BLEU_4": 9.054992803586729e-13
  },
  "3": {
    "BLEU_1": 0.24999999993750016,
    "BLEU_2": 5.976143045124577e-09,
    "ROUGE_L": 0.125,
    "CIDEr": 0.0,
    "METEOR": 0.08380952380952382,
    "SPICE": 0.0,
    "BLEU_4": 1.0445522727757714e-12
  },
  "4": {
    "BLEU_1": 0.22222222217283966,
    "BLEU_2": 5.270462765739487e-09,
    "ROUGE_L": 0.1189083820662768,
    "CIDEr": 0.0,
    "METEOR": 0.08205128205128205,
    "SPICE": 0.0,
    "BLEU_4": 9.018037815333522e-13
  },
  "5": {
    "BLEU_1": 0.29999999994000015,
    "BLEU_2": 5.773502690709485e-09,
    "ROUGE_L": 0.11338289962825278,
    "CIDEr": 0.0,
    "METEOR": 0.10563106796116506,
    "SPICE": 0.06250000000000001,
    "BLEU_4": 8.783602617783837e-13
  },
  "6": {
    "BLEU_1": 0.12499999996875016,
    "BLEU_2": 4.225771272548414e-09,
    "ROUGE_L": 0.125,
    "CIDEr": 0.0,
    "METEOR": 0.09508196721311477,
    "SPICE": 0.0,
    "BLEU_4": 8.783602617222665e-13
  },
  "7": {
    "BLEU_1": 1.0976232717490041e-16,
    "BLEU_2": 1.227180124627569e-16,
    "ROUGE_L": 0.0,
    "CIDEr": 0.0,
    "METEOR": 0.04796573875802998,
    "SPICE": 0.0,
    "BLEU_4": 1.6581659742139797e-16
  },
  "8": {
    "BLEU_1": 1.2499999996875005e-16,
    "BLEU_2": 1.3363062092161143e-16,
    "ROUGE_L": 0.0,
    "CIDEr": 0.0,
    "METEOR": 0.1133603238866397,
    "SPICE": 0.06896551724137931,
    "BLEU_4": 1.561969968017105e-16
  },
  "9": {
    "BLEU_1": 0.4999999999000002,
    "BLEU_2": 7.453559923467182e-09,
    "ROUGE_L": 0.2683284457478006,
    "CIDEr": 0.0,
    "METEOR": 0.27982318052005406,
    "SPICE": 0.12500000000000003,
    "BLEU_4": 9.98009940168062e-13
  }
}