{
  "0": {
    "BLEU_1": 0.3333333332592594,
    "BLEU_2": 0.20412414518515326,
    "ROUGE_L": 0.2378167641325536,
    "CIDEr": 0.0,
    "METEOR": 0.24611056019392208,
    "SPICE": 0.21428571428571425,
    "BLEU_4": 5.612222322916596e-09
  },
  "1": {
    "BLEU_1": 0.6153846153372783,
    "BLEU_2": 0.3922322702449393,
    "ROUGE_L": 0.42302357836338417,
    "CIDEr": 0.0,
    "METEOR": 0.3151506750985051,
    "SPICE": 0.3870967741935483,
    "BLEU_4": 3.4389312173559354e-05
  },
  "2": {
    "BLEU_1": 0.42857142854081637,
    "BLEU_2": 0.18156825978717286,
    "ROUGE_L": 0.24530831099195713,
    "CIDEr": 0.0,
    "METEOR": 0.2060030887427819,
    "SPICE": 0.25,
    "BLEU_4": 3.975360175943345e-09
  },
  "3": {
    "BLEU_1": 0.4999999999583334,
    "BLEU_2": 0.3692744729058266,
    "ROUGE_L": 0.39102564102564097,
    "CIDEr": 0.0,
    "METEOR": 0.2758616929652252,
    "SPICE": 0.3333333333333333,
    "BLEU_4": 3.50843969530069e-05
  },
  "4": {
    "BLEU_1": 0.38461538458579886,
    "BLEU_2": 0.17902871849551308,
    "ROUGE_L": 0.19902120717781402,
    "CIDEr": 0.0,
    "METEOR": 0.20435065754965798,
    "SPICE": 0.25806451612903225,
    "BLEU_4": 4.131551590743584e-09
  },
  "5": {
    "BLEU_1": 0.46153846150295863,
    "BLEU_2": 0.3396831102161606,
    "ROUGE_L": 0.37596302003081655,
    "CIDEr": 0.0,
    "METEOR": 0.26826738282947665,
    "SPICE": 0.3225806451612903,
    "BLEU_4": 3.200286100989332e-05
  },
  "6": {
    "BLEU_1": 0.4117647058581315,
    "BLEU_2": 0.27785946509625026,
    "ROUGE_L": 0.3257676902536716,
    "CIDEr": 0.0,
    "METEOR": 0.249920293078754,
    "SPICE": 0.3225806451612903,
    "BLEU_4": 2.4623953023675646e-05
  },
  "7": {
    "BLEU_1": 0.46153846150295863,
    "BLEU_2": 0.3396831102161606,
    "ROUGE_L": 0.37596302003081655,
    "CIDEr": 0.0,
    "METEOR": 0.2950435974472214,
    "SPICE": 0.3333333333333333,
    "BLEU_4": 3.200286100989332e-05
  },
  "8": {
    "BLEU_1": 0.4117647058581315,
    "BLEU_2": 0.27785946509625026,
    "ROUGE_L": 0.3257676902536716,
    "CIDEr": 0.0,
    "METEOR": 0.2542677022803916,
    "SPICE": 0.2941176470588235,
    "BLEU_4": 2.4623953023675646e-05
  },
  "9": {
    "BLEU_1": 0.388888888867284,
    "BLEU_2": 0.2619684159828101,
    "ROUGE_L": 0.3152454780361757,
    "CIDEr": 0.0,
    "METEOR": 0.27487606040652524,
    "SPICE": 0.30303030303030304,
    "BLEU_4": 2.312446301793853e-05
  }
}