{
  "0": {
    "BLEU_1": 0.4166666666319445,
    "BLEU_2": 0.19462473602342495,
    "ROUGE_L": 0.18484848484848485,
    "CIDEr": 0.0,
    "METEOR": 0.11177644710578843,
    "SPICE": 0.14285714285714288,
    "BLEU_4": 4.5293761703575315e-09
  },
  "1": {
    "BLEU_1": 0.16666666665277785,
    "BLEU_2": 3.892494720468497e-09,
    "ROUGE_L": 0.09242424242424242,
    "CIDEr": 0.0,
    "METEOR": 0.1416401043175891,
    "SPICE": 0.13953488372093023,
    "BLEU_4": 6.40550520920913e-13
  },
  "2": {
    "BLEU_1": 0.45454545446281003,
    "BLEU_2": 0.2132007163158777,
    "ROUGE_L": 0.1921259842519685,
    "CIDEr": 0.0,
    "METEOR": 0.12722044779879935,
    "SPICE": 0.10256410256410256,
    "BLEU_4": 5.012578714748261e-09
  },
  "3": {
    "BLEU_1": 0.6428571428112246,
    "BLEU_2": 0.31448545099324837,
    "ROUGE_L": 0.271513353115727,
    "CIDEr": 0.0,
    "METEOR": 0.13845828126884113,
    "SPICE": 0.2,
    "BLEU_4": 5.231868219685284e-09
  },
  "4": {
    "BLEU_1": 0.4666666666355556,
    "BLEU_2": 0.2581988897293332,
    "ROUGE_L": 0.2489795918367347,
    "CIDEr": 0.0,
    "METEOR": 0.13316579548927004,
    "SPICE": 0.14634146341463417,
    "BLEU_4": 4.546697236652585e-09
  },
  "5": {
    "BLEU_1": 0.4210526315567868,
    "BLEU_2": 0.21629522816264993,
    "ROUGE_L": 0.21916167664670658,
    "CIDEr": 0.0,
    "METEOR": 0.1270255858989867,
    "SPICE": 0.13636363636363638,
    "BLEU_4": 3.621439573968558e-09
  },
  "6": {
    "BLEU_1": 0.4210526315567868,
    "BLEU_2": 0.21629522816264993,
    "ROUGE_L": 0.21916167664670658,
    "CIDEr": 0.0,
    "METEOR": 0.1270255858989867,
    "SPICE": 0.13636363636363638,
    "BLEU_4": 3.621439573968558e-09
  },
  "7": {
    "BLEU_1": 0.47368421050138515,
    "BLEU_2": 0.1622214211219875,
    "ROUGE_L": 0.2290362953692115,
    "CIDEr": 0.0,
    "METEOR": 0.14365904498628468,
    "SPICE": 0.18604651162790697,
    "BLEU_4": 3.1362586693270664e-09
  },
  "8": {
    "BLEU_1": 0.5882352940830451,
    "BLEU_2": 0.19174124720021138,
    "ROUGE_L": 0.2443257676902537,
    "CIDEr": 0.0,
    "METEOR": 0.14696155176757858,
    "SPICE": 0.18604651162790697,
    "BLEU_4": 3.63749956686016e-09
  },
  "9": {
    "BLEU_1": 0.5882352940830451,
    "BLEU_2": 0.19174124720021138,
    "ROUGE_L": 0.2443257676902537,
    "CIDEr": 0.0,
    "METEOR": 0.14696155176757858,
    "SPICE": 0.18604651162790697,
    "BLEU_4": 3.63749956686016e-09
  }
}