{
  "0": {
    "BLEU_1": 0.32928698152470126,
    "BLEU_2": 6.721542363805207e-09,
    "ROUGE_L": 0.2953995157384988,
    "CIDEr": 0.0,
    "METEOR": 0.24390243902439024,
    "SPICE": 0.2,
    "BLEU_4": 1.2271801245099645e-12
  },
  "1": {
    "BLEU_1": 0.3715190997867868,
    "BLEU_2": 7.326455450859374e-09,
    "ROUGE_L": 0.2634989200863931,
    "CIDEr": 0.0,
    "METEOR": 0.23121387283236997,
    "SPICE": 0.18181818181818182,
    "BLEU_4": 1.1917040716272326e-12
  },
  "2": {
    "BLEU_1": 0.3715190997867868,
    "BLEU_2": 7.326455450859374e-09,
    "ROUGE_L": 0.2634989200863931,
    "CIDEr": 0.0,
    "METEOR": 0.23529411764705888,
    "SPICE": 0.18181818181818182,
    "BLEU_4": 1.1917040716272326e-12
  },
  "3": {
    "BLEU_1": 0.3715190997867868,
    "BLEU_2": 7.326455450859374e-09,
    "ROUGE_L": 0.2634989200863931,
    "CIDEr": 0.0,
    "METEOR": 0.23121387283236997,
    "SPICE": 0.18181818181818182,
    "BLEU_4": 1.1917040716272326e-12
  },
  "4": {
    "BLEU_1": 0.3715190997867868,
    "BLEU_2": 7.326455450859374e-09,
    "ROUGE_L": 0.2634989200863931,
    "CIDEr": 0.0,
    "METEOR": 0.23529411764705888,
    "SPICE": 0.18181818181818182,
    "BLEU_4": 1.1917040716272326e-12
  },
  "5": {
    "BLEU_1": 0.3715190997867868,
    "BLEU_2": 7.326455450859374e-09,
    "ROUGE_L": 0.2634989200863931,
    "CIDEr": 0.0,
    "METEOR": 0.23121387283236997,
    "SPICE": 0.18181818181818182,
    "BLEU_4": 1.1917040716272326e-12
  },
  "6": {
    "BLEU_1": 0.3715190997867868,
    "BLEU_2": 7.326455450859374e-09,
    "ROUGE_L": 0.2634989200863931,
    "CIDEr": 0.0,
    "METEOR": 0.23529411764705888,
    "SPICE": 0.18181818181818182,
    "BLEU_4": 1.1917040716272326e-12
  },
  "7": {
    "BLEU_1": 0.3715190997867868,
    "BLEU_2": 7.326455450859374e-09,
    "ROUGE_L": 0.2634989200863931,
    "CIDEr": 0.0,
    "METEOR": 0.23121387283236997,
    "SPICE": 0.18181818181818182,
    "BLEU_4": 1.1917040716272326e-12
  },
  "8": {
    "BLEU_1": 0.3715190997867868,
    "BLEU_2": 7.326455450859374e-09,
    "ROUGE_L": 0.2634989200863931,
    "CIDEr": 0.0,
    "METEOR": 0.23529411764705888,
    "SPICE": 0.18181818181818182,
    "BLEU_4": 1.1917040716272326e-12
  },
  "9": {
    "BLEU_1": 0.3715190997867868,
    "BLEU_2": 7.326455450859374e-09,
    "ROUGE_L": 0.2634989200863931,
    "CIDEr": 0.0,
    "METEOR": 0.23121387283236997,
    "SPICE": 0.18181818181818182,
    "BLEU_4": 1.1917040716272326e-12
  }
}