{
  "0": {
    "BLEU_1": 0.1999999999800001,
    "BLEU_2": 4.714045207412725e-09,
    "ROUGE_L": 0.1788856304985337,
    "CIDEr": 0.0,
    "METEOR": 0.13714285714285715,
    "SPICE": 0.07142857142857142,
    "BLEU_4": 7.93688092513584e-13
  },
  "1": {
    "BLEU_1": 0.09999999999000012,
    "BLEU_2": 3.333333332981484e-09,
    "ROUGE_L": 0.11338289962825278,
    "CIDEr": 0.0,
    "METEOR": 0.15694822888283377,
    "SPICE": 0.07142857142857142,
    "BLEU_4": 6.674094718242315e-13
  },
  "2": {
    "BLEU_1": 0.09999999999000012,
    "BLEU_2": 3.333333332981484e-09,
    "ROUGE_L": 0.11338289962825278,
    "CIDEr": 0.0,
    "METEOR": 0.13714285714285715,
    "SPICE": 0.07142857142857142,
    "BLEU_4": 6.674094718242315e-13
  },
  "3": {
    "BLEU_1": 0.08300915601056774,
    "BLEU_2": 2.7531022464987635e-09,
    "ROUGE_L": 0.108348134991119,
    "CIDEr": 0.0,
    "METEOR": 0.1496103896103896,
    "SPICE": 0.06896551724137931,
    "BLEU_4": 5.442988139599684e-13
  },
  "4": {
    "BLEU_1": 0.08300915601056774,
    "BLEU_2": 2.7531022464987635e-09,
    "ROUGE_L": 0.108348134991119,
    "CIDEr": 0.0,
    "METEOR": 0.1496103896103896,
    "SPICE": 0.06896551724137931,
    "BLEU_4": 5.442988139599684e-13
  },
  "5": {
    "BLEU_1": 0.08300915601056774,
    "BLEU_2": 2.7531022464987635e-09,
    "ROUGE_L": 0.108348134991119,
    "CIDEr": 0.0,
    "METEOR": 0.1496103896103896,
    "SPICE": 0.07142857142857142,
    "BLEU_4": 5.442988139599684e-13
  },
  "6": {
    "BLEU_1": 0.09999999999000012,
    "BLEU_2": 3.333333332981484e-09,
    "ROUGE_L": 0.11338289962825278,
    "CIDEr": 0.0,
    "METEOR": 0.15694822888283377,
    "SPICE": 0.07142857142857142,
    "BLEU_4": 6.674094718242315e-13
  },
  "7": {
    "BLEU_1": 0.16601831202113534,
    "BLEU_2": 3.893474535598386e-09,
    "ROUGE_L": 0.17256011315417258,
    "CIDEr": 0.0,
    "METEOR": 0.15319148936170213,
    "SPICE": 0.07142857142857142,
    "BLEU_4": 6.472840222487366e-13
  },
  "8": {
    "BLEU_1": 0.09999999999000012,
    "BLEU_2": 3.333333332981484e-09,
    "ROUGE_L": 0.11338289962825278,
    "CIDEr": 0.0,
    "METEOR": 0.15694822888283377,
    "SPICE": 0.07142857142857142,
    "BLEU_4": 6.674094718242315e-13
  },
  "9": {
    "BLEU_1": 0.16601831202113534,
    "BLEU_2": 3.893474535598386e-09,
    "ROUGE_L": 0.17256011315417258,
    "CIDEr": 0.0,
    "METEOR": 0.15319148936170213,
    "SPICE": 0.07142857142857142,
    "BLEU_4": 6.472840222487366e-13
  }
}