{
  "0": {
    "BLEU_1": 0.09306272247784726,
    "BLEU_2": 3.1786971178843654e-09,
    "ROUGE_L": 0.0948678071539658,
    "CIDEr": 0.0,
    "METEOR": 0.08556149732620322,
    "SPICE": 0.06451612903225806,
    "BLEU_4": 6.804621480855548e-13
  },
  "1": {
    "BLEU_1": 9.942659073505743e-17,
    "BLEU_2": 1.0545782480779564e-16,
    "ROUGE_L": 0.0,
    "CIDEr": 0.0,
    "METEOR": 0.07832947545391297,
    "SPICE": 0.0625,
    "BLEU_4": 1.2067008280536814e-16
  },
  "2": {
    "BLEU_1": 9.0909090892562e-17,
    "BLEU_2": 9.534625890679017e-17,
    "ROUGE_L": 0.0,
    "CIDEr": 0.0,
    "METEOR": 0.07547169811320754,
    "SPICE": 0.05555555555555555,
    "BLEU_4": 1.0600313377417292e-16
  },
  "3": {
    "BLEU_1": 0.09999999998000014,
    "BLEU_2": 3.333333332648151e-09,
    "ROUGE_L": 0.09442724458204334,
    "CIDEr": 0.0,
    "METEOR": 0.07600950118764846,
    "SPICE": 0.058823529411764705,
    "BLEU_4": 6.674094717574907e-13
  },
  "4": {
    "BLEU_1": 0.07142857142346946,
    "BLEU_2": 2.344036154518608e-09,
    "ROUGE_L": 0.08176943699731902,
    "CIDEr": 0.0,
    "METEOR": 0.06956521739130435,
    "SPICE": 0.05,
    "BLEU_4": 4.516881220590475e-13
  },
  "5": {
    "BLEU_1": 0.07692307691124271,
    "BLEU_2": 2.5318484173115386e-09,
    "ROUGE_L": 0.08460471567267684,
    "CIDEr": 0.0,
    "METEOR": 0.07095343680709534,
    "SPICE": 0.05128205128205128,
    "BLEU_4": 4.913270547335137e-13
  },
  "6": {
    "BLEU_1": 0.18181818178512404,
    "BLEU_2": 4.2640143263175525e-09,
    "ROUGE_L": 0.09606299212598425,
    "CIDEr": 0.0,
    "METEOR": 0.11572867805612685,
    "SPICE": 0.17142857142857143,
    "BLEU_4": 7.088856800859686e-13
  },
  "7": {
    "BLEU_1": 0.19999999996000015,
    "BLEU_2": 4.714045206941321e-09,
    "ROUGE_L": 0.16991643454039,
    "CIDEr": 0.0,
    "METEOR": 0.09671848013816925,
    "SPICE": 0.11764705882352941,
    "BLEU_4": 7.936880924342154e-13
  },
  "8": {
    "BLEU_1": 0.07142857142346946,
    "BLEU_2": 2.344036154518608e-09,
    "ROUGE_L": 0.0745721271393643,
    "CIDEr": 0.0,
    "METEOR": 0.0915032679738562,
    "SPICE": 0.10526315789473685,
    "BLEU_4": 4.516881220590475e-13
  },
  "9": {
    "BLEU_1": 0.08333333332638898,
    "BLEU_2": 2.7524094125761097e-09,
    "ROUGE_L": 0.07942708333333334,
    "CIDEr": 0.0,
    "METEOR": 0.09380234505862647,
    "SPICE": 0.11764705882352941,
    "BLEU_4": 5.386366368312954e-13
  }
}