{
  "0": {
    "BLEU_1": 4.5111761048796427e-17,
    "BLEU_2": 5.525039797935208e-17,
    "ROUGE_L": 0.0,
    "CIDEr": 0.0,
    "METEOR": 0.04593301435406699,
    "SPICE": 0.0,
    "BLEU_4": 1.5377056965806874e-14
  },
  "1": {
    "BLEU_1": 7.162619917923445e-17,
    "BLEU_2": 8.27068107508754e-17,
    "ROUGE_L": 0.0,
    "CIDEr": 0.0,
    "METEOR": 0.0449648711943794,
    "SPICE": 0.05263157894736842,
    "BLEU_4": 1.2944315414357063e-16
  },
  "2": {
    "BLEU_1": 0.20217688650348561,
    "BLEU_2": 4.952302097098729e-09,
    "ROUGE_L": 0.12869198312236285,
    "CIDEr": 0.0,
    "METEOR": 0.0628175519630485,
    "SPICE": 0.05263157894736842,
    "BLEU_4": 9.311821291619466e-13
  },
  "3": {
    "BLEU_1": 0.29999999994000015,
    "BLEU_2": 0.1825741857975264,
    "ROUGE_L": 0.2683284457478006,
    "CIDEr": 0.0,
    "METEOR": 0.08413093278925865,
    "SPICE": 0.09302325581395347,
    "BLEU_4": 4.939382736029984e-09
  },
  "4": {
    "BLEU_1": 0.27272727270247943,
    "BLEU_2": 0.16514456475319042,
    "ROUGE_L": 0.17256011315417258,
    "CIDEr": 0.0,
    "METEOR": 0.07794112237717912,
    "SPICE": 0.0,
    "BLEU_4": 4.411629358851744e-09
  },
  "5": {
    "BLEU_1": 0.21470779796016531,
    "BLEU_2": 0.1639857894063383,
    "ROUGE_L": 0.20098846787479407,
    "CIDEr": 0.0,
    "METEOR": 0.037464287217437296,
    "SPICE": 0.0,
    "BLEU_4": 5.249325938137114e-09
  },
  "6": {
    "BLEU_1": 0.22222222217283966,
    "BLEU_2": 5.270462765739487e-09,
    "ROUGE_L": 0.20854700854700853,
    "CIDEr": 0.0,
    "METEOR": 0.03970223325062035,
    "SPICE": 0.05,
    "BLEU_4": 9.018037815333522e-13
  },
  "7": {
    "BLEU_1": 0.20217688650348561,
    "BLEU_2": 0.15660554288060333,
    "ROUGE_L": 0.20962199312714777,
    "CIDEr": 0.0,
    "METEOR": 0.046455576262880945,
    "SPICE": 0.0,
    "BLEU_4": 5.236421925064999e-09
  },
  "8": {
    "BLEU_1": 0.21470779796016531,
    "BLEU_2": 5.1856859842473975e-09,
    "ROUGE_L": 0.22803738317757008,
    "CIDEr": 0.0,
    "METEOR": 0.04092071611253197,
    "SPICE": 0.05128205128205128,
    "BLEU_4": 9.334768232372482e-13
  },
  "9": {
    "BLEU_1": 0.2499999999583334,
    "BLEU_2": 4.7673129454153526e-09,
    "ROUGE_L": 0.18484848484848485,
    "CIDEr": 0.0,
    "METEOR": 0.05620608899297424,
    "SPICE": 0.04651162790697674,
    "BLEU_4": 7.088856800987232e-13
  }
}