{
  "0": {
    "BLEU_1": 0.4444444443456792,
    "BLEU_2": 0.23570226034150096,
    "ROUGE_L": 0.2378167641325536,
    "CIDEr": 0.0,
    "METEOR": 0.2463338029676471,
    "SPICE": 0.17647058823529413,
    "BLEU_4": 6.030725358915047e-09
  },
  "1": {
    "BLEU_1": 0.388888888867284,
    "BLEU_2": 0.2619684159828101,
    "ROUGE_L": 0.4149659863945578,
    "CIDEr": 0.0,
    "METEOR": 0.29168281130956375,
    "SPICE": 0.27906976744186046,
    "BLEU_4": 2.312446301793853e-05
  },
  "2": {
    "BLEU_1": 0.37499999998437505,
    "BLEU_2": 0.2211629342229303,
    "ROUGE_L": 0.4137596899224806,
    "CIDEr": 0.0,
    "METEOR": 0.2828910582968573,
    "SPICE": 0.25531914893617025,
    "BLEU_4": 1.8038302997832295e-05
  },
  "3": {
    "BLEU_1": 0.30769230768047345,
    "BLEU_2": 0.19215378455856627,
    "ROUGE_L": 0.3382624768946396,
    "CIDEr": 0.0,
    "METEOR": 0.2619743768243304,
    "SPICE": 0.24489795918367346,
    "BLEU_4": 1.6081986818635915e-05
  },
  "4": {
    "BLEU_1": 0.3636363636198348,
    "BLEU_2": 0.22792115290866924,
    "ROUGE_L": 0.3727087576374745,
    "CIDEr": 0.0,
    "METEOR": 0.2585979676544764,
    "SPICE": 0.21739130434782608,
    "BLEU_4": 1.9228544752192987e-05
  },
  "5": {
    "BLEU_1": 0.34999999998250003,
    "BLEU_2": 0.2350811729787503,
    "ROUGE_L": 0.26180257510729615,
    "CIDEr": 0.0,
    "METEOR": 0.23007495494424351,
    "SPICE": 0.1818181818181818,
    "BLEU_4": 3.665882729402356e-09
  },
  "6": {
    "BLEU_1": 0.34999999998250003,
    "BLEU_2": 0.2350811729787503,
    "ROUGE_L": 0.26180257510729615,
    "CIDEr": 0.0,
    "METEOR": 0.23007495494424351,
    "SPICE": 0.1818181818181818,
    "BLEU_4": 3.665882729402356e-09
  },
  "7": {
    "BLEU_1": 0.34999999998250003,
    "BLEU_2": 0.2350811729787503,
    "ROUGE_L": 0.26180257510729615,
    "CIDEr": 0.0,
    "METEOR": 0.23007495494424351,
    "SPICE": 0.1818181818181818,
    "BLEU_4": 3.665882729402356e-09
  },
  "8": {
    "BLEU_1": 0.34999999998250003,
    "BLEU_2": 0.2350811729787503,
    "ROUGE_L": 0.26180257510729615,
    "CIDEr": 0.0,
    "METEOR": 0.23007495494424351,
    "SPICE": 0.1818181818181818,
    "BLEU_4": 3.665882729402356e-09
  },
  "9": {
    "BLEU_1": 0.34999999998250003,
    "BLEU_2": 0.2350811729787503,
    "ROUGE_L": 0.26180257510729615,
    "CIDEr": 0.0,
    "METEOR": 0.23007495494424351,
    "SPICE": 0.1818181818181818,
    "BLEU_4": 3.665882729402356e-09
  }
}