{
  "0": {
    "BLEU_1": 0.12499999996875016,
    "BLEU_2": 4.225771272548414e-09,
    "ROUGE_L": 0.116412213740458,
    "CIDEr": 0.0,
    "METEOR": 0.06169665809768637,
    "SPICE": 0.0,
    "BLEU_4": 8.783602617222665e-13
  },
  "1": {
    "BLEU_1": 0.12499999996875016,
    "BLEU_2": 4.225771272548414e-09,
    "ROUGE_L": 0.116412213740458,
    "CIDEr": 0.0,
    "METEOR": 0.06169665809768637,
    "SPICE": 0.052631578947368425,
    "BLEU_4": 8.783602617222665e-13
  },
  "2": {
    "BLEU_1": 0.1111111110864199,
    "BLEU_2": 3.726779961645599e-09,
    "ROUGE_L": 0.1111111111111111,
    "CIDEr": 0.0,
    "METEOR": 0.059405940594059396,
    "SPICE": 0.05128205128205128,
    "BLEU_4": 7.583235671536399e-13
  },
  "3": {
    "BLEU_1": 0.1410802874347424,
    "BLEU_2": 4.887164515586444e-09,
    "ROUGE_L": 0.12869198312236285,
    "CIDEr": 0.0,
    "METEOR": 0.0636604774535809,
    "SPICE": 0.0,
    "BLEU_4": 1.0928032073484179e-12
  },
  "4": {
    "BLEU_1": 1.4285714281632656e-16,
    "BLEU_2": 1.5430334991616832e-16,
    "ROUGE_L": 0.0,
    "CIDEr": 0.0,
    "METEOR": 0.037151702786377715,
    "SPICE": 0.0,
    "BLEU_4": 1.8575057992952973e-16
  },
  "5": {
    "BLEU_1": 0.1410802874347424,
    "BLEU_2": 4.887164515586444e-09,
    "ROUGE_L": 0.12869198312236285,
    "CIDEr": 0.0,
    "METEOR": 0.06217616580310881,
    "SPICE": 0.05555555555555555,
    "BLEU_4": 1.0928032073484179e-12
  },
  "6": {
    "BLEU_1": 0.1428571428163267,
    "BLEU_2": 4.879500363290437e-09,
    "ROUGE_L": 0.12224448897795591,
    "CIDEr": 0.0,
    "METEOR": 0.06169665809768637,
    "SPICE": 0.0,
    "BLEU_4": 1.0445522727244761e-12
  },
  "7": {
    "BLEU_1": 0.22222222217283966,
    "BLEU_2": 5.270462765739487e-09,
    "ROUGE_L": 0.2222222222222222,
    "CIDEr": 0.0,
    "METEOR": 0.08290155440414507,
    "SPICE": 0.05405405405405406,
    "BLEU_4": 9.018037815333522e-13
  },
  "8": {
    "BLEU_1": 0.24999999993750016,
    "BLEU_2": 5.976143045124577e-09,
    "ROUGE_L": 0.232824427480916,
    "CIDEr": 0.0,
    "METEOR": 0.0835509138381201,
    "SPICE": 0.05714285714285715,
    "BLEU_4": 1.0445522727757714e-12
  },
  "9": {
    "BLEU_1": 0.12499999996875016,
    "BLEU_2": 4.225771272548414e-09,
    "ROUGE_L": 0.116412213740458,
    "CIDEr": 0.0,
    "METEOR": 0.06266318537859007,
    "SPICE": 0.05555555555555555,
    "BLEU_4": 8.783602617222665e-13
  }
}