{
  "0": {
    "BLEU_1": 0.6618726767729786,
    "BLEU_2": 0.2888649182579176,
    "ROUGE_L": 0.346590909090909,
    "CIDEr": 0.0,
    "METEOR": 0.21069993264655087,
    "SPICE": 0.1818181818181818,
    "BLEU_4": 6.822187978833989e-09
  },
  "1": {
    "BLEU_1": 0.555555555432099,
    "BLEU_2": 8.333333331423613e-09,
    "ROUGE_L": 0.2785388127853881,
    "CIDEr": 0.0,
    "METEOR": 0.17391304347826086,
    "SPICE": 0.0909090909090909,
    "BLEU_4": 1.1339582219145234e-12
  },
  "2": {
    "BLEU_1": 0.5999999999400001,
    "BLEU_2": 0.25819888971990695,
    "ROUGE_L": 0.24270557029177717,
    "CIDEr": 0.0,
    "METEOR": 0.1394540000412215,
    "SPICE": 0.2173913043478261,
    "BLEU_4": 5.873949093995857e-09
  },
  "3": {
    "BLEU_1": 0.4999999999166667,
    "BLEU_2": 0.21320071631926954,
    "ROUGE_L": 0.22761194029850743,
    "CIDEr": 0.0,
    "METEOR": 0.1460370503488198,
    "SPICE": 0.1276595744680851,
    "BLEU_4": 4.7406042590263856e-09
  },
  "4": {
    "BLEU_1": 0.33093633838648934,
    "BLEU_2": 6.459215935396237e-09,
    "ROUGE_L": 0.1502463054187192,
    "CIDEr": 0.0,
    "METEOR": 0.07447074735450093,
    "SPICE": 0.0,
    "BLEU_4": 1.0201550479411466e-12
  },
  "5": {
    "BLEU_1": 0.5515605639774822,
    "BLEU_2": 0.26369638633624565,
    "ROUGE_L": 0.1930379746835443,
    "CIDEr": 0.0,
    "METEOR": 0.1299903897909001,
    "SPICE": 0.13636363636363638,
    "BLEU_4": 6.518210331440214e-09
  },
  "6": {
    "BLEU_1": 0.6666666665185187,
    "BLEU_2": 0.40824829037030635,
    "ROUGE_L": 0.2510288065843621,
    "CIDEr": 0.0,
    "METEOR": 0.17302600788271036,
    "SPICE": 0.1818181818181818,
    "BLEU_4": 7.936880924121685e-09
  },
  "7": {
    "BLEU_1": 0.5833333332361111,
    "BLEU_2": 0.398862017540745,
    "ROUGE_L": 0.22761194029850743,
    "CIDEr": 0.0,
    "METEOR": 0.17845179794572794,
    "SPICE": 0.1739130434782609,
    "BLEU_4": 6.484115070232633e-09
  },
  "8": {
    "BLEU_1": 0.4999999999166667,
    "BLEU_2": 0.21320071631926954,
    "ROUGE_L": 0.16666666666666666,
    "CIDEr": 0.0,
    "METEOR": 0.12366994944450302,
    "SPICE": 0.16666666666666666,
    "BLEU_4": 4.7406042590263856e-09
  },
  "9": {
    "BLEU_1": 0.3999999999733334,
    "BLEU_2": 5.345224837879414e-09,
    "ROUGE_L": 0.2081911262798635,
    "CIDEr": 0.0,
    "METEOR": 0.14136747124419177,
    "SPICE": 0.11764705882352941,
    "BLEU_4": 6.541868941266492e-13
  }
}