{
  "0": {
    "BLEU_1": 0.10735389898008273,
    "BLEU_2": 3.666833724565372e-09,
    "ROUGE_L": 0.11401869158878504,
    "CIDEr": 0.0,
    "METEOR": 0.15000000000000002,
    "SPICE": 0.11764705882352941,
    "BLEU_4": 7.849573143826273e-13
  },
  "1": {
    "BLEU_1": 0.16666666665277785,
    "BLEU_2": 3.892494720468497e-09,
    "ROUGE_L": 0.14523809523809522,
    "CIDEr": 0.0,
    "METEOR": 0.1297297297297297,
    "SPICE": 0.05128205128205128,
    "BLEU_4": 6.40550520920913e-13
  },
  "2": {
    "BLEU_1": 0.22062422559099293,
    "BLEU_2": 5.273927726724911e-09,
    "ROUGE_L": 0.16486486486486487,
    "CIDEr": 0.0,
    "METEOR": 0.10786516853932585,
    "SPICE": 0.0,
    "BLEU_4": 9.218141453123176e-13
  },
  "3": {
    "BLEU_1": 0.22222222217283966,
    "BLEU_2": 5.270462765739487e-09,
    "ROUGE_L": 0.15947712418300655,
    "CIDEr": 0.0,
    "METEOR": 0.10434782608695653,
    "SPICE": 0.0,
    "BLEU_4": 9.018037815333522e-13
  },
  "4": {
    "BLEU_1": 0.3333333332592594,
    "BLEU_2": 6.454972242199766e-09,
    "ROUGE_L": 0.15947712418300655,
    "CIDEr": 0.0,
    "METEOR": 0.1565217391304348,
    "SPICE": 0.0,
    "BLEU_4": 9.980099401403394e-13
  },
  "5": {
    "BLEU_1": 0.18181818180165296,
    "BLEU_2": 4.26401432670519e-09,
    "ROUGE_L": 0.14969325153374236,
    "CIDEr": 0.0,
    "METEOR": 0.1016949152542373,
    "SPICE": 0.0,
    "BLEU_4": 7.088856801504128e-13
  },
  "6": {
    "BLEU_1": 0.2857142856734695,
    "BLEU_2": 0.14824986331063453,
    "ROUGE_L": 0.13707865168539324,
    "CIDEr": 0.0,
    "METEOR": 0.17588133599312736,
    "SPICE": 0.05263157894736842,
    "BLEU_4": 3.592143419796611e-09
  },
  "7": {
    "BLEU_1": 0.24999999996875005,
    "BLEU_2": 0.12909944485717426,
    "ROUGE_L": 0.12978723404255318,
    "CIDEr": 0.0,
    "METEOR": 0.19916927926679362,
    "SPICE": 0.05,
    "BLEU_4": 3.0934588290234084e-09
  },
  "8": {
    "BLEU_1": 0.08333333332638898,
    "BLEU_2": 2.7524094125761097e-09,
    "ROUGE_L": 0.09775641025641024,
    "CIDEr": 0.0,
    "METEOR": 0.1297297297297297,
    "SPICE": 0.058823529411764705,
    "BLEU_4": 5.386366368312954e-13
  },
  "9": {
    "BLEU_1": 0.21368332580766022,
    "BLEU_2": 4.060607947309428e-09,
    "ROUGE_L": 0.2115606936416185,
    "CIDEr": 0.0,
    "METEOR": 0.14876033057851243,
    "SPICE": 0.1,
    "BLEU_4": 5.987475162831515e-13
  }
}