{
  "0": {
    "BLEU_1": 9.196986024687569e-17,
    "BLEU_2": 1.0619764713730698e-16,
    "ROUGE_L": 0.0,
    "CIDEr": 0.0,
    "METEOR": 0.0,
    "SPICE": 0.0,
    "BLEU_4": 1.6620829993657386e-16
  },
  "1": {
    "BLEU_1": 0.1194218850558244,
    "BLEU_2": 4.136895448977816e-09,
    "ROUGE_L": 0.13926940639269406,
    "CIDEr": 0.0,
    "METEOR": 0.021563342318059297,
    "SPICE": 0.0,
    "BLEU_4": 9.250379439222845e-13
  },
  "2": {
    "BLEU_1": 0.23884377011164867,
    "BLEU_2": 5.85045365006396e-09,
    "ROUGE_L": 0.11960784313725491,
    "CIDEr": 0.0,
    "METEOR": 0.07582938388625593,
    "SPICE": 0.07692307692307693,
    "BLEU_4": 1.1000617045598687e-12
  },
  "3": {
    "BLEU_1": 0.555555555432099,
    "BLEU_2": 8.333333331423613e-09,
    "ROUGE_L": 0.1189083820662768,
    "CIDEr": 0.0,
    "METEOR": 0.15182940058767574,
    "SPICE": 0.06896551724137931,
    "BLEU_4": 1.1339582219145234e-12
  },
  "4": {
    "BLEU_1": 0.4999999999000002,
    "BLEU_2": 7.453559923467182e-09,
    "ROUGE_L": 0.11338289962825278,
    "CIDEr": 0.0,
    "METEOR": 0.10690423162583518,
    "SPICE": 0.06666666666666667,
    "BLEU_4": 9.98009940168062e-13
  },
  "5": {
    "BLEU_1": 0.5714285713877553,
    "BLEU_2": 0.20965696732883235,
    "ROUGE_L": 0.271513353115727,
    "CIDEr": 0.0,
    "METEOR": 0.19951928880398753,
    "SPICE": 0.12500000000000003,
    "BLEU_4": 4.271802513237464e-09
  },
  "6": {
    "BLEU_1": 0.555555555432099,
    "BLEU_2": 8.333333331423613e-09,
    "ROUGE_L": 0.2378167641325536,
    "CIDEr": 0.0,
    "METEOR": 0.11484196738071038,
    "SPICE": 0.13793103448275862,
    "BLEU_4": 1.1339582219145234e-12
  },
  "7": {
    "BLEU_1": 0.3999999999200002,
    "BLEU_2": 6.666666665296299e-09,
    "ROUGE_L": 0.11338289962825278,
    "CIDEr": 0.0,
    "METEOR": 0.10690423162583518,
    "SPICE": 0.06666666666666667,
    "BLEU_4": 9.438595266157062e-13
  },
  "8": {
    "BLEU_1": 0.555555555432099,
    "BLEU_2": 0.26352313828697443,
    "ROUGE_L": 0.35672514619883033,
    "CIDEr": 0.0,
    "METEOR": 0.14735310910714408,
    "SPICE": 0.13793103448275862,
    "BLEU_4": 6.376715692219053e-09
  },
  "9": {
    "BLEU_1": 0.7272727272066117,
    "BLEU_2": 0.26967994495955483,
    "ROUGE_L": 0.32504440497335696,
    "CIDEr": 0.0,
    "METEOR": 0.20570800808897033,
    "SPICE": 0.20689655172413793,
    "BLEU_4": 5.637560314657453e-09
  }
}