{
  "0": {
    "BLEU_1": 0.3715190997867868,
    "BLEU_2": 7.326455450859374e-09,
    "ROUGE_L": 0.22803738317757008,
    "CIDEr": 0.0,
    "METEOR": 0.18399893611588702,
    "SPICE": 0.14285714285714288,
    "BLEU_4": 1.1917040716272326e-12
  },
  "1": {
    "BLEU_1": 0.24999999997916675,
    "BLEU_2": 4.767312945812628e-09,
    "ROUGE_L": 0.2629310344827586,
    "CIDEr": 0.0,
    "METEOR": 0.13503001984189397,
    "SPICE": 0.0,
    "BLEU_4": 7.08885680157797e-13
  },
  "2": {
    "BLEU_1": 0.46153846150295863,
    "BLEU_2": 0.1961161351224697,
    "ROUGE_L": 0.2671532846715329,
    "CIDEr": 0.0,
    "METEOR": 0.2675280649363825,
    "SPICE": 0.18749999999999997,
    "BLEU_4": 4.324227075083586e-09
  },
  "3": {
    "BLEU_1": 0.29411764704152255,
    "BLEU_2": 0.13558153612843557,
    "ROUGE_L": 0.2331210191082802,
    "CIDEr": 0.0,
    "METEOR": 0.24916229388811822,
    "SPICE": 0.15789473684210525,
    "BLEU_4": 3.058760346259648e-09
  },
  "4": {
    "BLEU_1": 0.2916666666545139,
    "BLEU_2": 0.19504737439306988,
    "ROUGE_L": 0.25416666666666665,
    "CIDEr": 0.0,
    "METEOR": 0.2703089633860367,
    "SPICE": 0.1904761904761905,
    "BLEU_4": 3.012378646053519e-09
  },
  "5": {
    "BLEU_1": 0.29999999994000015,
    "BLEU_2": 0.1825741857975264,
    "ROUGE_L": 0.2,
    "CIDEr": 0.0,
    "METEOR": 0.1717019775140827,
    "SPICE": 0.12500000000000003,
    "BLEU_4": 4.939382736029984e-09
  },
  "6": {
    "BLEU_1": 0.23076923075147937,
    "BLEU_2": 0.1386750490451956,
    "ROUGE_L": 0.1781021897810219,
    "CIDEr": 0.0,
    "METEOR": 0.16321787980162214,
    "SPICE": 0.12121212121212123,
    "BLEU_4": 3.636227046180843e-09
  },
  "7": {
    "BLEU_1": 0.24999999997916675,
    "BLEU_2": 0.1507556722757479,
    "ROUGE_L": 0.18484848484848485,
    "CIDEr": 0.0,
    "METEOR": 0.1667490358550226,
    "SPICE": 0.11764705882352942,
    "BLEU_4": 3.986357127883976e-09
  },
  "8": {
    "BLEU_1": 0.24999999997916675,
    "BLEU_2": 0.1507556722757479,
    "ROUGE_L": 0.18484848484848485,
    "CIDEr": 0.0,
    "METEOR": 0.16437819648267632,
    "SPICE": 0.13793103448275862,
    "BLEU_4": 3.986357127883976e-09
  },
  "9": {
    "BLEU_1": 0.30769230766863914,
    "BLEU_2": 0.16012815379225645,
    "ROUGE_L": 0.1781021897810219,
    "CIDEr": 0.0,
    "METEOR": 0.165555128677063,
    "SPICE": 0.12121212121212123,
    "BLEU_4": 3.9073802491094676e-09
  }
}