{
  "0": {
    "BLEU_1": 0.1194218850558244,
    "BLEU_2": 4.136895448977816e-09,
    "ROUGE_L": 0.13926940639269406,
    "CIDEr": 0.0,
    "METEOR": 0.09962848054892988,
    "SPICE": 0.12500000000000003,
    "BLEU_4": 9.250379439222845e-13
  },
  "1": {
    "BLEU_1": 0.555555555432099,
    "BLEU_2": 0.37267799616455977,
    "ROUGE_L": 0.31282051282051276,
    "CIDEr": 0.0,
    "METEOR": 0.30341248918156305,
    "SPICE": 0.6,
    "BLEU_4": 7.583235671536399e-09
  },
  "2": {
    "BLEU_1": 0.5833333332847223,
    "BLEU_2": 0.46056618643171326,
    "ROUGE_L": 0.5187074829931972,
    "CIDEr": 0.0,
    "METEOR": 0.2961780683608597,
    "SPICE": 0.6363636363636364,
    "BLEU_4": 3.918189149692743e-05
  },
  "3": {
    "BLEU_1": 0.3999999999733334,
    "BLEU_2": 0.23904572185037326,
    "ROUGE_L": 0.36802413273001505,
    "CIDEr": 0.0,
    "METEOR": 0.2783272046429298,
    "SPICE": 0.5384615384615385,
    "BLEU_4": 4.374811430898337e-09
  },
  "4": {
    "BLEU_1": 0.35294117644982703,
    "BLEU_2": 0.14852213143749163,
    "ROUGE_L": 0.34221598877980364,
    "CIDEr": 0.0,
    "METEOR": 0.27691095592350273,
    "SPICE": 0.4444444444444444,
    "BLEU_4": 3.2014060613745118e-09
  },
  "5": {
    "BLEU_1": 0.42857142854081637,
    "BLEU_2": 0.2567762954875012,
    "ROUGE_L": 0.3824451410658307,
    "CIDEr": 0.0,
    "METEOR": 0.2833471341855879,
    "SPICE": 0.56,
    "BLEU_4": 4.727526605930294e-09
  },
  "6": {
    "BLEU_1": 0.46153846150295863,
    "BLEU_2": 0.2773500980903911,
    "ROUGE_L": 0.39804241435562804,
    "CIDEr": 0.0,
    "METEOR": 0.2921285536334884,
    "SPICE": 0.4999999999999999,
    "BLEU_4": 5.142401604576806e-09
  },
  "7": {
    "BLEU_1": 0.3999999999733334,
    "BLEU_2": 0.16903085093403225,
    "ROUGE_L": 0.3214756258234519,
    "CIDEr": 0.0,
    "METEOR": 0.27920953319435216,
    "SPICE": 0.4615384615384615,
    "BLEU_4": 3.6787632496533857e-09
  },
  "8": {
    "BLEU_1": 0.33333333331111115,
    "BLEU_2": 0.21821789022092503,
    "ROUGE_L": 0.2489795918367347,
    "CIDEr": 0.0,
    "METEOR": 0.2900518468499936,
    "SPICE": 0.4615384615384615,
    "BLEU_4": 4.179882048905088e-09
  },
  "9": {
    "BLEU_1": 0.19999999998666673,
    "BLEU_2": 3.7796447298312975e-09,
    "ROUGE_L": 0.18401206636500753,
    "CIDEr": 0.0,
    "METEOR": 0.20382928266894595,
    "SPICE": 0.16,
    "BLEU_4": 5.501034141770605e-13
  }
}