{
  "0": {
    "BLEU_1": 0.4953587997157158,
    "BLEU_2": 8.459862053518921e-09,
    "ROUGE_L": 0.20098846787479407,
    "CIDEr": 0.0,
    "METEOR": 0.141280353200883,
    "SPICE": 0.13793103448275862,
    "BLEU_4": 1.2805693630023128e-12
  },
  "1": {
    "BLEU_1": 0.3715190997867868,
    "BLEU_2": 7.326455450859374e-09,
    "ROUGE_L": 0.13174946004319654,
    "CIDEr": 0.0,
    "METEOR": 0.12200435729847495,
    "SPICE": 0.15384615384615385,
    "BLEU_4": 1.1917040716272326e-12
  },
  "2": {
    "BLEU_1": 0.4999999999166667,
    "BLEU_2": 6.741998623483217e-09,
    "ROUGE_L": 0.25,
    "CIDEr": 0.0,
    "METEOR": 0.19277108433734938,
    "SPICE": 0.1935483870967742,
    "BLEU_4": 8.430118944969443e-13
  },
  "3": {
    "BLEU_1": 0.4999999999166667,
    "BLEU_2": 6.741998623483217e-09,
    "ROUGE_L": 0.25,
    "CIDEr": 0.0,
    "METEOR": 0.19277108433734938,
    "SPICE": 0.1935483870967742,
    "BLEU_4": 8.430118944969443e-13
  },
  "4": {
    "BLEU_1": 0.5810640920739736,
    "BLEU_2": 0.23034105986066788,
    "ROUGE_L": 0.25884016973125884,
    "CIDEr": 0.0,
    "METEOR": 0.199814872935549,
    "SPICE": 0.20689655172413793,
    "BLEU_4": 4.978653457657758e-09
  },
  "5": {
    "BLEU_1": 0.4999999999500001,
    "BLEU_2": 7.453559924212536e-09,
    "ROUGE_L": 0.2683284457478006,
    "CIDEr": 0.0,
    "METEOR": 0.18106995884773663,
    "SPICE": 0.1935483870967742,
    "BLEU_4": 9.98009940267863e-13
  },
  "6": {
    "BLEU_1": 0.5555555554938273,
    "BLEU_2": 0.26352313831625473,
    "ROUGE_L": 0.1856925418569254,
    "CIDEr": 0.0,
    "METEOR": 0.16422253531176473,
    "SPICE": 0.14814814814814814,
    "BLEU_4": 6.376715692927575e-09
  },
  "7": {
    "BLEU_1": 0.4953587997157158,
    "BLEU_2": 0.2675243277994909,
    "ROUGE_L": 0.20098846787479407,
    "CIDEr": 0.0,
    "METEOR": 0.16804166403994528,
    "SPICE": 0.07407407407407407,
    "BLEU_4": 7.201170725888819e-09
  },
  "8": {
    "BLEU_1": 0.5555555554938273,
    "BLEU_2": 0.26352313831625473,
    "ROUGE_L": 0.1856925418569254,
    "CIDEr": 0.0,
    "METEOR": 0.16422253531176473,
    "SPICE": 0.06896551724137931,
    "BLEU_4": 6.376715692927575e-09
  },
  "9": {
    "BLEU_1": 0.7499999998125003,
    "BLEU_2": 0.32732683526923456,
    "ROUGE_L": 0.25,
    "CIDEr": 0.0,
    "METEOR": 0.18277089674018543,
    "SPICE": 0.15384615384615385,
    "BLEU_4": 7.730551754746834e-09
  }
}