{
  "0": {
    "BLEU_1": 0.2420220522198906,
    "BLEU_2": 4.772739233951095e-09,
    "ROUGE_L": 0.2436750998668442,
    "CIDEr": 0.0,
    "METEOR": 0.19323671497584538,
    "SPICE": 0.12121212121212123,
    "BLEU_4": 7.763225772767659e-13
  },
  "1": {
    "BLEU_1": 0.4166666666319445,
    "BLEU_2": 6.154574548430443e-09,
    "ROUGE_L": 0.22761194029850743,
    "CIDEr": 0.0,
    "METEOR": 0.14512471655328796,
    "SPICE": 0.15789473684210525,
    "BLEU_4": 8.054496384067745e-13
  },
  "2": {
    "BLEU_1": 0.3157894736675901,
    "BLEU_2": 0.1324532356993396,
    "ROUGE_L": 0.1741198858230257,
    "CIDEr": 0.0,
    "METEOR": 0.2129855406284777,
    "SPICE": 0.18181818181818185,
    "BLEU_4": 2.833929617442683e-09
  },
  "3": {
    "BLEU_1": 0.35294117644982703,
    "BLEU_2": 0.14852213143749163,
    "ROUGE_L": 0.18281718281718282,
    "CIDEr": 0.0,
    "METEOR": 0.2201648285148309,
    "SPICE": 0.1904761904761905,
    "BLEU_4": 3.2014060613745118e-09
  },
  "4": {
    "BLEU_1": 0.27777777776234575,
    "BLEU_2": 4.042260417041042e-09,
    "ROUGE_L": 0.2074829931972789,
    "CIDEr": 0.0,
    "METEOR": 0.17090682372131205,
    "SPICE": 0.15,
    "BLEU_4": 5.108099332632167e-13
  },
  "5": {
    "BLEU_1": 0.3157894736675901,
    "BLEU_2": 4.188539082690383e-09,
    "ROUGE_L": 0.20176405733186328,
    "CIDEr": 0.0,
    "METEOR": 0.18524662743496742,
    "SPICE": 0.13636363636363638,
    "BLEU_4": 5.039518688197803e-13
  },
  "6": {
    "BLEU_1": 0.3157894736675901,
    "BLEU_2": 4.188539082690383e-09,
    "ROUGE_L": 0.20176405733186328,
    "CIDEr": 0.0,
    "METEOR": 0.18524662743496742,
    "SPICE": 0.13636363636363638,
    "BLEU_4": 5.039518688197803e-13
  },
  "7": {
    "BLEU_1": 0.27777777776234575,
    "BLEU_2": 4.042260417041042e-09,
    "ROUGE_L": 0.13832199546485258,
    "CIDEr": 0.0,
    "METEOR": 0.18827304470447775,
    "SPICE": 0.15,
    "BLEU_4": 5.108099332632167e-13
  },
  "8": {
    "BLEU_1": 0.33333333331111115,
    "BLEU_2": 4.879500364405748e-09,
    "ROUGE_L": 0.15117719950433703,
    "CIDEr": 0.0,
    "METEOR": 0.19075388290872253,
    "SPICE": 0.15,
    "BLEU_4": 6.250381527478681e-13
  },
  "9": {
    "BLEU_1": 0.3999999999733334,
    "BLEU_2": 5.345224837879414e-09,
    "ROUGE_L": 0.19242902208201892,
    "CIDEr": 0.0,
    "METEOR": 0.17204301075268816,
    "SPICE": 0.15384615384615388,
    "BLEU_4": 6.541868941266492e-13
  }
}