{
  "0": {
    "BLEU_1": 0.11111111109876555,
    "BLEU_2": 3.726779962059685e-09,
    "ROUGE_L": 0.1189083820662768,
    "CIDEr": 0.0,
    "METEOR": 0.1447522049186362,
    "SPICE": 0.23529411764705882,
    "BLEU_4": 7.583235672378979e-13
  },
  "1": {
    "BLEU_1": 0.11111111109876555,
    "BLEU_2": 3.726779962059685e-09,
    "ROUGE_L": 0.1189083820662768,
    "CIDEr": 0.0,
    "METEOR": 0.14721957204793115,
    "SPICE": 0.23529411764705882,
    "BLEU_4": 7.583235672378979e-13
  },
  "2": {
    "BLEU_1": 0.18181818180165296,
    "BLEU_2": 4.26401432670519e-09,
    "ROUGE_L": 0.108348134991119,
    "CIDEr": 0.0,
    "METEOR": 0.1423661795628345,
    "SPICE": 0.2222222222222222,
    "BLEU_4": 7.088856801504128e-13
  },
  "3": {
    "BLEU_1": 0.18181818180165296,
    "BLEU_2": 4.26401432670519e-09,
    "ROUGE_L": 0.108348134991119,
    "CIDEr": 0.0,
    "METEOR": 0.1423661795628345,
    "SPICE": 0.2222222222222222,
    "BLEU_4": 7.088856801504128e-13
  },
  "4": {
    "BLEU_1": 0.18181818180165296,
    "BLEU_2": 4.26401432670519e-09,
    "ROUGE_L": 0.108348134991119,
    "CIDEr": 0.0,
    "METEOR": 0.1423661795628345,
    "SPICE": 0.2222222222222222,
    "BLEU_4": 7.088856801504128e-13
  },
  "5": {
    "BLEU_1": 0.18181818180165296,
    "BLEU_2": 4.26401432670519e-09,
    "ROUGE_L": 0.108348134991119,
    "CIDEr": 0.0,
    "METEOR": 0.1423661795628345,
    "SPICE": 0.2222222222222222,
    "BLEU_4": 7.088856801504128e-13
  },
  "6": {
    "BLEU_1": 0.18181818180165296,
    "BLEU_2": 4.26401432670519e-09,
    "ROUGE_L": 0.108348134991119,
    "CIDEr": 0.0,
    "METEOR": 0.1423661795628345,
    "SPICE": 0.2222222222222222,
    "BLEU_4": 7.088856801504128e-13
  },
  "7": {
    "BLEU_1": 0.18181818180165296,
    "BLEU_2": 4.26401432670519e-09,
    "ROUGE_L": 0.108348134991119,
    "CIDEr": 0.0,
    "METEOR": 0.1423661795628345,
    "SPICE": 0.2222222222222222,
    "BLEU_4": 7.088856801504128e-13
  },
  "8": {
    "BLEU_1": 0.18181818180165296,
    "BLEU_2": 4.26401432670519e-09,
    "ROUGE_L": 0.108348134991119,
    "CIDEr": 0.0,
    "METEOR": 0.1423661795628345,
    "SPICE": 0.2222222222222222,
    "BLEU_4": 7.088856801504128e-13
  },
  "9": {
    "BLEU_1": 0.18181818180165296,
    "BLEU_2": 4.26401432670519e-09,
    "ROUGE_L": 0.108348134991119,
    "CIDEr": 0.0,
    "METEOR": 0.1423661795628345,
    "SPICE": 0.2222222222222222,
    "BLEU_4": 7.088856801504128e-13
  }
}