{
  "0": {
    "BLEU_1": 0.29999999994000015,
    "BLEU_2": 5.773502690709485e-09,
    "ROUGE_L": 0.22676579925650556,
    "CIDEr": 0.0,
    "METEOR": 0.14750692319701622,
    "SPICE": 0.125,
    "BLEU_4": 8.783602617783837e-13
  },
  "1": {
    "BLEU_1": 0.357142857117347,
    "BLEU_2": 5.241424183220805e-09,
    "ROUGE_L": 0.19122257053291536,
    "CIDEr": 0.0,
    "METEOR": 0.18217537463726827,
    "SPICE": 0.11428571428571427,
    "BLEU_4": 6.754312828130983e-13
  },
  "2": {
    "BLEU_1": 0.35294117644982703,
    "BLEU_2": 0.14852213143749163,
    "ROUGE_L": 0.17110799438990182,
    "CIDEr": 0.0,
    "METEOR": 0.1690080135804259,
    "SPICE": 0.05555555555555555,
    "BLEU_4": 3.2014060613745118e-09
  },
  "3": {
    "BLEU_1": 0.29999999998500004,
    "BLEU_2": 0.1256561724810606,
    "ROUGE_L": 0.1963519313304721,
    "CIDEr": 0.0,
    "METEOR": 0.17472312121673236,
    "SPICE": 0.05555555555555555,
    "BLEU_4": 2.680165156210373e-09
  },
  "4": {
    "BLEU_1": 0.33333333331481485,
    "BLEU_2": 0.14002800839479293,
    "ROUGE_L": 0.2074829931972789,
    "CIDEr": 0.0,
    "METEOR": 0.18327600127629268,
    "SPICE": 0.052631578947368425,
    "BLEU_4": 3.006454568869563e-09
  },
  "5": {
    "BLEU_1": 0.35294117644982703,
    "BLEU_2": 0.21004201259146,
    "ROUGE_L": 0.21353558926487748,
    "CIDEr": 0.0,
    "METEOR": 0.1845666773416187,
    "SPICE": 0.05405405405405405,
    "BLEU_4": 3.8071348661994064e-09
  },
  "6": {
    "BLEU_1": 0.26666666664888894,
    "BLEU_2": 0.13801311185894144,
    "ROUGE_L": 0.18401206636500753,
    "CIDEr": 0.0,
    "METEOR": 0.18720334416078466,
    "SPICE": 0.057142857142857134,
    "BLEU_4": 3.324137843193063e-09
  },
  "7": {
    "BLEU_1": 0.33333333327777787,
    "BLEU_2": 5.5048188246934825e-09,
    "ROUGE_L": 0.2074829931972789,
    "CIDEr": 0.0,
    "METEOR": 0.13617196091994457,
    "SPICE": 0.06060606060606061,
    "BLEU_4": 7.617472369343701e-13
  },
  "8": {
    "BLEU_1": 0.33333333331111115,
    "BLEU_2": 0.1543033499514377,
    "ROUGE_L": 0.18401206636500753,
    "CIDEr": 0.0,
    "METEOR": 0.170048309178744,
    "SPICE": 0.0588235294117647,
    "BLEU_4": 3.514847831107641e-09
  },
  "9": {
    "BLEU_1": 0.30769230766863914,
    "BLEU_2": 5.063696835012589e-09,
    "ROUGE_L": 0.19902120717781402,
    "CIDEr": 0.0,
    "METEOR": 0.13339922868401813,
    "SPICE": 0.0588235294117647,
    "BLEU_4": 6.948413844184121e-13
  }
}