{
  "0": {
    "BLEU_1": 0.09999999999000012,
    "BLEU_2": 3.333333332981484e-09,
    "ROUGE_L": 0.07721518987341772,
    "CIDEr": 0.0,
    "METEOR": 0.06857142857142857,
    "SPICE": 0.1,
    "BLEU_4": 6.674094718242315e-13
  },
  "1": {
    "BLEU_1": 0.24999999993750016,
    "BLEU_2": 5.976143045124577e-09,
    "ROUGE_L": 0.125,
    "CIDEr": 0.0,
    "METEOR": 0.13566948980515756,
    "SPICE": 0.10526315789473685,
    "BLEU_4": 1.0445522727757714e-12
  },
  "2": {
    "BLEU_1": 0.24999999993750016,
    "BLEU_2": 5.976143045124577e-09,
    "ROUGE_L": 0.125,
    "CIDEr": 0.0,
    "METEOR": 0.13566948980515756,
    "SPICE": 0.15789473684210528,
    "BLEU_4": 1.0445522727757714e-12
  },
  "3": {
    "BLEU_1": 0.22222222220987659,
    "BLEU_2": 3.6155076301041677e-09,
    "ROUGE_L": 0.13289760348583876,
    "CIDEr": 0.0,
    "METEOR": 0.1582306296024208,
    "SPICE": 0.25531914893617025,
    "BLEU_4": 4.830942081791594e-13
  },
  "4": {
    "BLEU_1": 0.2300111036189957,
    "BLEU_2": 4.386139648219463e-09,
    "ROUGE_L": 0.14523809523809522,
    "CIDEr": 0.0,
    "METEOR": 0.13481335478314196,
    "SPICE": 0.19047619047619044,
    "BLEU_4": 6.522063105855395e-13
  },
  "5": {
    "BLEU_1": 0.26666666663111116,
    "BLEU_2": 4.364357804127542e-09,
    "ROUGE_L": 0.14472123368920523,
    "CIDEr": 0.0,
    "METEOR": 0.20131521364161328,
    "SPICE": 0.13333333333333333,
    "BLEU_4": 5.911245882287333e-13
  },
  "6": {
    "BLEU_1": 0.15334073574599716,
    "BLEU_2": 3.581268026242731e-09,
    "ROUGE_L": 0.14523809523809522,
    "CIDEr": 0.0,
    "METEOR": 0.12006092732600092,
    "SPICE": 0.09302325581395349,
    "BLEU_4": 5.893349290120783e-13
  },
  "7": {
    "BLEU_1": 0.2999999999700001,
    "BLEU_2": 5.773502691286834e-09,
    "ROUGE_L": 0.16991643454039,
    "CIDEr": 0.0,
    "METEOR": 0.12511795239732548,
    "SPICE": 0.14634146341463417,
    "BLEU_4": 8.783602618662196e-13
  },
  "8": {
    "BLEU_1": 0.2999999999700001,
    "BLEU_2": 5.773502691286834e-09,
    "ROUGE_L": 0.16991643454039,
    "CIDEr": 0.0,
    "METEOR": 0.12579548643557814,
    "SPICE": 0.15,
    "BLEU_4": 8.783602618662196e-13
  },
  "9": {
    "BLEU_1": 0.3076923076449706,
    "BLEU_2": 5.063696834623075e-09,
    "ROUGE_L": 0.19902120717781402,
    "CIDEr": 0.0,
    "METEOR": 0.15342465753424658,
    "SPICE": 0.13953488372093023,
    "BLEU_4": 6.94841384364963e-13
  }
}