{
  "0": {
    "BLEU_1": 0.35826565516747294,
    "BLEU_2": 0.2265870955445612,
    "ROUGE_L": 0.3860759493670886,
    "CIDEr": 0.0,
    "METEOR": 0.136477046292093,
    "SPICE": 0.0909090909090909,
    "BLEU_4": 6.846046757997816e-09
  },
  "1": {
    "BLEU_1": 0.545454545355372,
    "BLEU_2": 0.40451991740255755,
    "ROUGE_L": 0.5176803394625177,
    "CIDEr": 0.0,
    "METEOR": 0.2850767519006257,
    "SPICE": 0.15999999999999998,
    "BLEU_4": 3.882726776754759e-05
  },
  "2": {
    "BLEU_1": 0.5999999998800002,
    "BLEU_2": 0.4472135954080309,
    "ROUGE_L": 0.5366568914956013,
    "CIDEr": 0.0,
    "METEOR": 0.2934340508162792,
    "SPICE": 0.16666666666666666,
    "BLEU_4": 4.3472087184946525e-05
  },
  "3": {
    "BLEU_1": 0.4999999999583334,
    "BLEU_2": 0.3692744729058266,
    "ROUGE_L": 0.5,
    "CIDEr": 0.0,
    "METEOR": 0.2771823187710699,
    "SPICE": 0.15384615384615383,
    "BLEU_4": 3.50843969530069e-05
  },
  "4": {
    "BLEU_1": 0.4999999999583334,
    "BLEU_2": 0.3692744729058266,
    "ROUGE_L": 0.5,
    "CIDEr": 0.0,
    "METEOR": 0.2771823187710699,
    "SPICE": 0.15384615384615383,
    "BLEU_4": 3.50843969530069e-05
  },
  "5": {
    "BLEU_1": 0.4999999999583334,
    "BLEU_2": 0.3692744729058266,
    "ROUGE_L": 0.5,
    "CIDEr": 0.0,
    "METEOR": 0.28239577931221854,
    "SPICE": 0.15384615384615383,
    "BLEU_4": 3.50843969530069e-05
  },
  "6": {
    "BLEU_1": 0.42736665161532034,
    "BLEU_2": 0.31453333910813797,
    "ROUGE_L": 0.4834874504623514,
    "CIDEr": 0.0,
    "METEOR": 0.2746471146359686,
    "SPICE": 0.16666666666666666,
    "BLEU_4": 2.9633403698081453e-05
  },
  "7": {
    "BLEU_1": 0.42736665161532034,
    "BLEU_2": 0.31453333910813797,
    "ROUGE_L": 0.4834874504623514,
    "CIDEr": 0.0,
    "METEOR": 0.2746471146359686,
    "SPICE": 0.16666666666666666,
    "BLEU_4": 2.9633403698081453e-05
  },
  "8": {
    "BLEU_1": 0.42736665161532034,
    "BLEU_2": 0.31453333910813797,
    "ROUGE_L": 0.4834874504623514,
    "CIDEr": 0.0,
    "METEOR": 0.2746471146359686,
    "SPICE": 0.16666666666666666,
    "BLEU_4": 2.9633403698081453e-05
  },
  "9": {
    "BLEU_1": 0.42736665161532034,
    "BLEU_2": 0.31453333910813797,
    "ROUGE_L": 0.4834874504623514,
    "CIDEr": 0.0,
    "METEOR": 0.2746471146359686,
    "SPICE": 0.16666666666666666,
    "BLEU_4": 2.9633403698081453e-05
  }
}