{
  "0": {
    "BLEU_1": 0.10735389898008273,
    "BLEU_2": 3.666833724565372e-09,
    "ROUGE_L": 0.12224448897795591,
    "CIDEr": 0.0,
    "METEOR": 0.11389633903768785,
    "SPICE": 0.14285714285714285,
    "BLEU_4": 7.849573143826273e-13
  },
  "1": {
    "BLEU_1": 0.21470779796016531,
    "BLEU_2": 5.1856859842473975e-09,
    "ROUGE_L": 0.24448897795591182,
    "CIDEr": 0.0,
    "METEOR": 0.08060453400503778,
    "SPICE": 0.14285714285714285,
    "BLEU_4": 9.334768232372482e-13
  },
  "2": {
    "BLEU_1": 0.16666666665277785,
    "BLEU_2": 3.892494720468497e-09,
    "ROUGE_L": 0.19551282051282048,
    "CIDEr": 0.0,
    "METEOR": 0.07441860465116279,
    "SPICE": 0.06666666666666667,
    "BLEU_4": 6.40550520920913e-13
  },
  "3": {
    "BLEU_1": 0.29999999994000015,
    "BLEU_2": 5.773502690709485e-09,
    "ROUGE_L": 0.21254355400696867,
    "CIDEr": 0.0,
    "METEOR": 0.08205128205128205,
    "SPICE": 0.12903225806451613,
    "BLEU_4": 8.783602617783837e-13
  },
  "4": {
    "BLEU_1": 0.24999999997916675,
    "BLEU_2": 4.767312945812628e-09,
    "ROUGE_L": 0.19551282051282048,
    "CIDEr": 0.0,
    "METEOR": 0.0784313725490196,
    "SPICE": 0.060606060606060615,
    "BLEU_4": 7.08885680157797e-13
  },
  "5": {
    "BLEU_1": 0.33333333330555565,
    "BLEU_2": 5.504818825152218e-09,
    "ROUGE_L": 0.19551282051282048,
    "CIDEr": 0.0,
    "METEOR": 0.09950248756218907,
    "SPICE": 0.125,
    "BLEU_4": 7.61747236997849e-13
  },
  "6": {
    "BLEU_1": 0.24999999997916675,
    "BLEU_2": 4.767312945812628e-09,
    "ROUGE_L": 0.09775641025641024,
    "CIDEr": 0.0,
    "METEOR": 0.17021276595744683,
    "SPICE": 0.0625,
    "BLEU_4": 7.08885680157797e-13
  },
  "7": {
    "BLEU_1": 0.08333333332638898,
    "BLEU_2": 2.7524094125761097e-09,
    "ROUGE_L": 0.09775641025641024,
    "CIDEr": 0.0,
    "METEOR": 0.11009174311926605,
    "SPICE": 0.060606060606060615,
    "BLEU_4": 5.386366368312954e-13
  },
  "8": {
    "BLEU_1": 0.29999999994000015,
    "BLEU_2": 0.1825741857975264,
    "ROUGE_L": 0.3,
    "CIDEr": 0.0,
    "METEOR": 0.1418207152733217,
    "SPICE": 0.12903225806451613,
    "BLEU_4": 4.939382736029984e-09
  },
  "9": {
    "BLEU_1": 0.29999999994000015,
    "BLEU_2": 5.773502690709485e-09,
    "ROUGE_L": 0.10627177700348434,
    "CIDEr": 0.0,
    "METEOR": 0.15929203539823011,
    "SPICE": 0.13333333333333333,
    "BLEU_4": 8.783602617783837e-13
  }
}