{
  "0": {
    "BLEU_1": 0.38461538458579886,
    "BLEU_2": 0.17902871849551308,
    "ROUGE_L": 0.3223249669749009,
    "CIDEr": 0.0,
    "METEOR": 0.24430834154505815,
    "SPICE": 0.2,
    "BLEU_4": 4.131551590743584e-09
  },
  "1": {
    "BLEU_1": 0.28571428569387763,
    "BLEU_2": 4.688072309037213e-09,
    "ROUGE_L": 0.09050445103857567,
    "CIDEr": 0.0,
    "METEOR": 0.10622406639004152,
    "SPICE": 0.09523809523809523,
    "BLEU_4": 6.387834681787387e-13
  },
  "2": {
    "BLEU_1": 0.30769230766863914,
    "BLEU_2": 5.063696835012589e-09,
    "ROUGE_L": 0.09399075500770414,
    "CIDEr": 0.0,
    "METEOR": 0.10824524312896407,
    "SPICE": 0.0975609756097561,
    "BLEU_4": 6.948413844184121e-13
  },
  "3": {
    "BLEU_1": 0.4412484511819858,
    "BLEU_2": 7.458460118109875e-09,
    "ROUGE_L": 0.116412213740458,
    "CIDEr": 0.0,
    "METEOR": 0.11962616822429908,
    "SPICE": 0.1142857142857143,
    "BLEU_4": 1.0962279403155601e-12
  },
  "4": {
    "BLEU_1": 0.3999999999200002,
    "BLEU_2": 6.666666665296299e-09,
    "ROUGE_L": 0.1788856304985337,
    "CIDEr": 0.0,
    "METEOR": 0.0814663951120163,
    "SPICE": 0.05405405405405406,
    "BLEU_4": 9.438595266157062e-13
  },
  "5": {
    "BLEU_1": 0.45454545446281003,
    "BLEU_2": 0.2132007163158777,
    "ROUGE_L": 0.25884016973125884,
    "CIDEr": 0.0,
    "METEOR": 0.2016395608178774,
    "SPICE": 0.21621621621621623,
    "BLEU_4": 5.012578714748261e-09
  },
  "6": {
    "BLEU_1": 0.36363636357024803,
    "BLEU_2": 0.19069251781358043,
    "ROUGE_L": 0.25884016973125884,
    "CIDEr": 0.0,
    "METEOR": 0.2016395608178774,
    "SPICE": 0.21052631578947364,
    "BLEU_4": 4.740604258941092e-09
  },
  "7": {
    "BLEU_1": 0.36363636357024803,
    "BLEU_2": 0.19069251781358043,
    "ROUGE_L": 0.25884016973125884,
    "CIDEr": 0.0,
    "METEOR": 0.2016395608178774,
    "SPICE": 0.21052631578947364,
    "BLEU_4": 4.740604258941092e-09
  },
  "8": {
    "BLEU_1": 0.4999999999000002,
    "BLEU_2": 0.23570226034706615,
    "ROUGE_L": 0.2683284457478006,
    "CIDEr": 0.0,
    "METEOR": 0.20533560164753298,
    "SPICE": 0.22222222222222224,
    "BLEU_4": 5.612222323072491e-09
  },
  "9": {
    "BLEU_1": 0.4166666665972223,
    "BLEU_2": 0.19462473600720623,
    "ROUGE_L": 0.25,
    "CIDEr": 0.0,
    "METEOR": 0.2004369391827807,
    "SPICE": 0.15789473684210525,
    "BLEU_4": 4.529376169980083e-09
  }
}