{
  "0": {
    "BLEU_1": 0.10735389898008273,
    "BLEU_2": 3.666833724565372e-09,
    "ROUGE_L": 0.0948678071539658,
    "CIDEr": 0.0,
    "METEOR": 0.04232804232804233,
    "SPICE": 0.06451612903225806,
    "BLEU_4": 7.849573143826273e-13
  },
  "1": {
    "BLEU_1": 0.1999999999800001,
    "BLEU_2": 4.714045207412725e-09,
    "ROUGE_L": 0.21254355400696867,
    "CIDEr": 0.0,
    "METEOR": 0.17557280689950527,
    "SPICE": 0.0,
    "BLEU_4": 7.93688092513584e-13
  },
  "2": {
    "BLEU_1": 0.21470779796016531,
    "BLEU_2": 0.1639857894063383,
    "ROUGE_L": 0.24448897795591182,
    "CIDEr": 0.0,
    "METEOR": 0.13116787057821297,
    "SPICE": 0.058823529411764705,
    "BLEU_4": 5.249325938137114e-09
  },
  "3": {
    "BLEU_1": 0.1111111110864199,
    "BLEU_2": 3.726779961645599e-09,
    "ROUGE_L": 0.1111111111111111,
    "CIDEr": 0.0,
    "METEOR": 0.12766227047367273,
    "SPICE": 0.0,
    "BLEU_4": 7.583235671536399e-13
  },
  "4": {
    "BLEU_1": 0.38461538455621314,
    "BLEU_2": 0.17902871848174168,
    "ROUGE_L": 0.2538141470180305,
    "CIDEr": 0.0,
    "METEOR": 0.15610119673932205,
    "SPICE": 0.10526315789473684,
    "BLEU_4": 4.131551590425773e-09
  },
  "5": {
    "BLEU_1": 0.38461538455621314,
    "BLEU_2": 0.17902871848174168,
    "ROUGE_L": 0.2538141470180305,
    "CIDEr": 0.0,
    "METEOR": 0.1576467531426817,
    "SPICE": 0.15384615384615383,
    "BLEU_4": 4.131551590425773e-09
  },
  "6": {
    "BLEU_1": 0.45454545446281003,
    "BLEU_2": 0.2132007163158777,
    "ROUGE_L": 0.2727272727272727,
    "CIDEr": 0.0,
    "METEOR": 0.17557280689950527,
    "SPICE": 0.16666666666666666,
    "BLEU_4": 5.012578714748261e-09
  },
  "7": {
    "BLEU_1": 0.3999999999600001,
    "BLEU_2": 0.21081851065563903,
    "ROUGE_L": 0.28328173374613,
    "CIDEr": 0.0,
    "METEOR": 0.17673042980213938,
    "SPICE": 0.1111111111111111,
    "BLEU_4": 5.3077121704368895e-09
  },
  "8": {
    "BLEU_1": 0.36363636357024803,
    "BLEU_2": 0.19069251781358043,
    "ROUGE_L": 0.2727272727272727,
    "CIDEr": 0.0,
    "METEOR": 0.17557280689950527,
    "SPICE": 0.1111111111111111,
    "BLEU_4": 4.740604258941092e-09
  },
  "9": {
    "BLEU_1": 0.3999999999600001,
    "BLEU_2": 0.21081851065563903,
    "ROUGE_L": 0.28328173374613,
    "CIDEr": 0.0,
    "METEOR": 0.17909208365250204,
    "SPICE": 0.1111111111111111,
    "BLEU_4": 5.3077121704368895e-09
  }
}