{
  "0": {
    "BLEU_1": 0.4999999999583334,
    "BLEU_2": 0.30151134455149564,
    "ROUGE_L": 0.3505747126436781,
    "CIDEr": 0.0,
    "METEOR": 0.34529085666099757,
    "SPICE": 0.45161290322580644,
    "BLEU_4": 5.637560314716176e-09
  },
  "1": {
    "BLEU_1": 0.26666666664888894,
    "BLEU_2": 0.13801311185894144,
    "ROUGE_L": 0.26180257510729615,
    "CIDEr": 0.0,
    "METEOR": 0.22842941208081485,
    "SPICE": 0.28571428571428575,
    "BLEU_4": 3.324137843193063e-09
  },
  "2": {
    "BLEU_1": 0.44444444441975317,
    "BLEU_2": 0.28005601678958575,
    "ROUGE_L": 0.43262411347517726,
    "CIDEr": 0.0,
    "METEOR": 0.38705090493361516,
    "SPICE": 0.4117647058823529,
    "BLEU_4": 2.3909453159899268e-05
  },
  "3": {
    "BLEU_1": 0.33333333331481485,
    "BLEU_2": 0.14002800839479293,
    "ROUGE_L": 0.28841607565011823,
    "CIDEr": 0.0,
    "METEOR": 0.2378177069184139,
    "SPICE": 0.2285714285714286,
    "BLEU_4": 3.006454568869563e-09
  },
  "4": {
    "BLEU_1": 0.34999999998250003,
    "BLEU_2": 0.2714483570013889,
    "ROUGE_L": 0.34040178571428575,
    "CIDEr": 0.0,
    "METEOR": 0.3750545035473164,
    "SPICE": 0.4117647058823529,
    "BLEU_4": 0.19496249078462047
  },
  "5": {
    "BLEU_1": 0.2857142857006803,
    "BLEU_2": 0.20701966779260178,
    "ROUGE_L": 0.26492942453854507,
    "CIDEr": 0.0,
    "METEOR": 0.3431230874912695,
    "SPICE": 0.22222222222222224,
    "BLEU_4": 0.12582205557812004
  },
  "6": {
    "BLEU_1": 0.29999999998500004,
    "BLEU_2": 0.21764287502183505,
    "ROUGE_L": 0.2723214285714286,
    "CIDEr": 0.0,
    "METEOR": 0.3026370058873012,
    "SPICE": 0.2777777777777778,
    "BLEU_4": 0.13264759166692586
  },
  "7": {
    "BLEU_1": 0.2692307692204142,
    "BLEU_2": 0.207549808656966,
    "ROUGE_L": 0.29158699808795413,
    "CIDEr": 0.0,
    "METEOR": 0.3363366908621618,
    "SPICE": 0.1951219512195122,
    "BLEU_4": 0.14710052130757875
  },
  "8": {
    "BLEU_1": 0.19047619046712022,
    "BLEU_2": 3.0860669990912095e-09,
    "ROUGE_L": 0.143698468786808,
    "CIDEr": 0.0,
    "METEOR": 0.19700386890392418,
    "SPICE": 0.11111111111111112,
    "BLEU_4": 4.085038450534026e-13
  },
  "9": {
    "BLEU_1": 0.24999999998437505,
    "BLEU_2": 4.0824829043749705e-09,
    "ROUGE_L": 0.22989949748743718,
    "CIDEr": 0.0,
    "METEOR": 0.15384615384615385,
    "SPICE": 0.11764705882352941,
    "BLEU_4": 5.501034141799257e-13
  }
}