{
  "0": {
    "BLEU_1": 0.4444444443456792,
    "BLEU_2": 7.453559923291195e-09,
    "ROUGE_L": 0.19645732689210954,
    "CIDEr": 0.0,
    "METEOR": 0.17480944686950742,
    "SPICE": 0.19354838709677416,
    "BLEU_4": 1.0724314733358218e-12
  },
  "1": {
    "BLEU_1": 0.45454545446281003,
    "BLEU_2": 6.741998623375958e-09,
    "ROUGE_L": 0.18181818181818182,
    "CIDEr": 0.0,
    "METEOR": 0.17036513889824875,
    "SPICE": 0.06060606060606061,
    "BLEU_4": 8.913765519636197e-13
  },
  "2": {
    "BLEU_1": 0.45454545446281003,
    "BLEU_2": 6.741998623375958e-09,
    "ROUGE_L": 0.18181818181818182,
    "CIDEr": 0.0,
    "METEOR": 0.16822666435140882,
    "SPICE": 0.18750000000000003,
    "BLEU_4": 8.913765519636197e-13
  },
  "3": {
    "BLEU_1": 0.4999999999583334,
    "BLEU_2": 6.741998624045051e-09,
    "ROUGE_L": 0.17528735632183906,
    "CIDEr": 0.0,
    "METEOR": 0.16717743359661832,
    "SPICE": 0.0588235294117647,
    "BLEU_4": 8.430118945671953e-13
  },
  "4": {
    "BLEU_1": 0.2142857142704082,
    "BLEU_2": 4.059989714404599e-09,
    "ROUGE_L": 0.09050445103857567,
    "CIDEr": 0.0,
    "METEOR": 0.061946902654867256,
    "SPICE": 0.0,
    "BLEU_4": 5.944549994012258e-13
  },
  "5": {
    "BLEU_1": 0.23076923075147937,
    "BLEU_2": 4.385290096183762e-09,
    "ROUGE_L": 0.09399075500770414,
    "CIDEr": 0.0,
    "METEOR": 0.05619834710743802,
    "SPICE": 0.0,
    "BLEU_4": 6.466227686450042e-13
  },
  "6": {
    "BLEU_1": 0.36363636357024803,
    "BLEU_2": 6.030226890431458e-09,
    "ROUGE_L": 0.09606299212598425,
    "CIDEr": 0.0,
    "METEOR": 0.100418410041841,
    "SPICE": 0.0625,
    "BLEU_4": 8.430118944817767e-13
  },
  "7": {
    "BLEU_1": 0.33333333331111115,
    "BLEU_2": 4.879500364405748e-09,
    "ROUGE_L": 0.1582360570687419,
    "CIDEr": 0.0,
    "METEOR": 0.09448818897637795,
    "SPICE": 0.057142857142857134,
    "BLEU_4": 6.250381527478681e-13
  },
  "8": {
    "BLEU_1": 0.45454545446281003,
    "BLEU_2": 6.741998623375958e-09,
    "ROUGE_L": 0.18181818181818182,
    "CIDEr": 0.0,
    "METEOR": 0.100418410041841,
    "SPICE": 0.06451612903225806,
    "BLEU_4": 8.913765519636197e-13
  },
  "9": {
    "BLEU_1": 0.38461538458579886,
    "BLEU_2": 5.661385170269343e-09,
    "ROUGE_L": 0.16920943134535368,
    "CIDEr": 0.0,
    "METEOR": 0.0979591836734694,
    "SPICE": 0.05555555555555555,
    "BLEU_4": 7.347053125332871e-13
  }
}