{
  "0": {
    "BLEU_1": 0.35826565516747294,
    "BLEU_2": 0.2265870955445612,
    "ROUGE_L": 0.2573839662447257,
    "CIDEr": 0.0,
    "METEOR": 0.2084362948187783,
    "SPICE": 0.33333333333333337,
    "BLEU_4": 6.846046757997816e-09
  },
  "1": {
    "BLEU_1": 0.4444444443456792,
    "BLEU_2": 0.23570226034150096,
    "ROUGE_L": 0.31282051282051276,
    "CIDEr": 0.0,
    "METEOR": 0.21516004626454532,
    "SPICE": 0.27272727272727276,
    "BLEU_4": 6.030725358915047e-09
  },
  "2": {
    "BLEU_1": 0.1111111110864199,
    "BLEU_2": 3.726779961645599e-09,
    "ROUGE_L": 0.10427350427350426,
    "CIDEr": 0.0,
    "METEOR": 0.04601564838911211,
    "SPICE": 0.0,
    "BLEU_4": 7.583235671536399e-13
  },
  "3": {
    "BLEU_1": 0.24999999993750016,
    "BLEU_2": 5.976143045124577e-09,
    "ROUGE_L": 0.125,
    "CIDEr": 0.0,
    "METEOR": 0.11710753272216831,
    "SPICE": 0.09523809523809525,
    "BLEU_4": 1.0445522727757714e-12
  },
  "4": {
    "BLEU_1": 0.3333333332592594,
    "BLEU_2": 6.454972242199766e-09,
    "ROUGE_L": 0.20854700854700853,
    "CIDEr": 0.0,
    "METEOR": 0.17212803701163626,
    "SPICE": 0.2,
    "BLEU_4": 9.980099401403394e-13
  },
  "5": {
    "BLEU_1": 0.24767939985785795,
    "BLEU_2": 5.982025825945981e-09,
    "ROUGE_L": 0.22803738317757008,
    "CIDEr": 0.0,
    "METEOR": 0.12090680100755667,
    "SPICE": 0.21052631578947367,
    "BLEU_4": 1.0768261868323776e-12
  },
  "6": {
    "BLEU_1": 0.18181818178512404,
    "BLEU_2": 4.2640143263175525e-09,
    "ROUGE_L": 0.1921259842519685,
    "CIDEr": 0.0,
    "METEOR": 0.16861826697892274,
    "SPICE": 0.16666666666666669,
    "BLEU_4": 7.088856800859686e-13
  },
  "7": {
    "BLEU_1": 0.12383969992892904,
    "BLEU_2": 4.229931026759462e-09,
    "ROUGE_L": 0.13174946004319654,
    "CIDEr": 0.0,
    "METEOR": 0.11910669975186104,
    "SPICE": 0.10526315789473684,
    "BLEU_4": 9.054992803586729e-13
  },
  "8": {
    "BLEU_1": 0.1111111110864199,
    "BLEU_2": 3.726779961645599e-09,
    "ROUGE_L": 0.10427350427350426,
    "CIDEr": 0.0,
    "METEOR": 0.059261436865721134,
    "SPICE": 0.1111111111111111,
    "BLEU_4": 7.583235671536399e-13
  },
  "9": {
    "BLEU_1": 0.1111111110864199,
    "BLEU_2": 3.726779961645599e-09,
    "ROUGE_L": 0.10427350427350426,
    "CIDEr": 0.0,
    "METEOR": 0.10486953971907706,
    "SPICE": 0.11764705882352941,
    "BLEU_4": 7.583235671536399e-13
  }
}