{
  "0": {
    "BLEU_1": 0.2567085594307266,
    "BLEU_2": 5.134171188528962e-09,
    "ROUGE_L": 0.23921568627450981,
    "CIDEr": 0.0,
    "METEOR": 0.12933025404157047,
    "SPICE": 0.12121212121212122,
    "BLEU_4": 8.723184009457538e-13
  },
  "1": {
    "BLEU_1": 0.17113903962048443,
    "BLEU_2": 4.192033221331537e-09,
    "ROUGE_L": 0.20962199312714777,
    "CIDEr": 0.0,
    "METEOR": 0.05944333571833384,
    "SPICE": 0.06451612903225806,
    "BLEU_4": 7.882286548803192e-13
  },
  "2": {
    "BLEU_1": 0.45454545446281003,
    "BLEU_2": 0.30151134452157297,
    "ROUGE_L": 0.28818897637795277,
    "CIDEr": 0.0,
    "METEOR": 0.19683367523679599,
    "SPICE": 0.11111111111111112,
    "BLEU_4": 5.960994272089826e-09
  },
  "3": {
    "BLEU_1": 0.5999999998800002,
    "BLEU_2": 0.4472135954080309,
    "ROUGE_L": 0.3,
    "CIDEr": 0.0,
    "METEOR": 0.18517590422010857,
    "SPICE": 0.1142857142857143,
    "BLEU_4": 4.3472087184946525e-05
  },
  "4": {
    "BLEU_1": 0.4867504892979407,
    "BLEU_2": 0.40306769838545875,
    "ROUGE_L": 0.28955696202531644,
    "CIDEr": 0.0,
    "METEOR": 0.1946558837084808,
    "SPICE": 0.11764705882352941,
    "BLEU_4": 4.257178632955668e-05
  },
  "5": {
    "BLEU_1": 0.5965595444103445,
    "BLEU_2": 0.44741965830465136,
    "ROUGE_L": 0.31282051282051276,
    "CIDEr": 0.0,
    "METEOR": 0.2090705115766276,
    "SPICE": 0.11764705882352941,
    "BLEU_4": 4.419953872870986e-05
  },
  "6": {
    "BLEU_1": 0.5965595444103445,
    "BLEU_2": 0.44741965830465136,
    "ROUGE_L": 0.31282051282051276,
    "CIDEr": 0.0,
    "METEOR": 0.20077988903863522,
    "SPICE": 0.11764705882352941,
    "BLEU_4": 4.419953872870986e-05
  },
  "7": {
    "BLEU_1": 0.5965595444103445,
    "BLEU_2": 0.44741965830465136,
    "ROUGE_L": 0.31282051282051276,
    "CIDEr": 0.0,
    "METEOR": 0.19915040016316787,
    "SPICE": 0.11764705882352941,
    "BLEU_4": 4.419953872870986e-05
  },
  "8": {
    "BLEU_1": 0.5965595444103445,
    "BLEU_2": 0.25831786016292096,
    "ROUGE_L": 0.20854700854700853,
    "CIDEr": 0.0,
    "METEOR": 0.13852813852813853,
    "SPICE": 0.058823529411764705,
    "BLEU_4": 5.972242357263227e-09
  },
  "9": {
    "BLEU_1": 0.5384615383786985,
    "BLEU_2": 0.36689969279504947,
    "ROUGE_L": 0.3223249669749009,
    "CIDEr": 0.0,
    "METEOR": 0.1870070830800479,
    "SPICE": 0.15384615384615383,
    "BLEU_4": 3.326024950007662e-05
  }
}