{
  "0": {
    "BLEU_1": 9.196986024687569e-17,
    "BLEU_2": 1.0619764713730698e-16,
    "ROUGE_L": 0.0,
    "CIDEr": 0.0,
    "METEOR": 0.0,
    "SPICE": 0.0,
    "BLEU_4": 1.6620829993657386e-16
  },
  "1": {
    "BLEU_1": 0.35826565516747294,
    "BLEU_2": 0.32044254357784663,
    "ROUGE_L": 0.4178082191780822,
    "CIDEr": 0.0,
    "METEOR": 0.1515658078783221,
    "SPICE": 0.06451612903225806,
    "BLEU_4": 4.578227396826306e-05
  },
  "2": {
    "BLEU_1": 0.22222222219753096,
    "BLEU_2": 0.16666666664699087,
    "ROUGE_L": 0.2378167641325536,
    "CIDEr": 0.0,
    "METEOR": 0.14162706637810427,
    "SPICE": 0.058823529411764705,
    "BLEU_4": 5.071215336254801e-09
  },
  "3": {
    "BLEU_1": 0.18181818178512404,
    "BLEU_2": 0.13483997246751928,
    "ROUGE_L": 0.216696269982238,
    "CIDEr": 0.0,
    "METEOR": 0.13498829764163062,
    "SPICE": 0.05714285714285715,
    "BLEU_4": 3.986357127480056e-09
  },
  "4": {
    "BLEU_1": 0.24999999997916675,
    "BLEU_2": 0.1507556722757479,
    "ROUGE_L": 0.2074829931972789,
    "CIDEr": 0.0,
    "METEOR": 0.13089774316764183,
    "SPICE": 0.05714285714285715,
    "BLEU_4": 3.986357127883976e-09
  },
  "5": {
    "BLEU_1": 0.24767939985785795,
    "BLEU_2": 5.982025825945981e-09,
    "ROUGE_L": 0.13174946004319654,
    "CIDEr": 0.0,
    "METEOR": 0.06666666666666665,
    "SPICE": 0.0625,
    "BLEU_4": 1.0768261868323776e-12
  },
  "6": {
    "BLEU_1": 1.2383969992892892e-16,
    "BLEU_2": 1.3376216389974536e-16,
    "ROUGE_L": 0.0,
    "CIDEr": 0.0,
    "METEOR": 0.06779661016949153,
    "SPICE": 0.0625,
    "BLEU_4": 1.61023072606689e-16
  },
  "7": {
    "BLEU_1": 1.2383969992892892e-16,
    "BLEU_2": 1.3376216389974536e-16,
    "ROUGE_L": 0.0,
    "CIDEr": 0.0,
    "METEOR": 0.06779661016949153,
    "SPICE": 0.0625,
    "BLEU_4": 1.61023072606689e-16
  },
  "8": {
    "BLEU_1": 1.194218850558243e-16,
    "BLEU_2": 1.3082012060754779e-16,
    "ROUGE_L": 0.0,
    "CIDEr": 0.0,
    "METEOR": 0.06837606837606837,
    "SPICE": 0.06451612903225806,
    "BLEU_4": 1.6449759291817379e-16
  },
  "9": {
    "BLEU_1": 1.194218850558243e-16,
    "BLEU_2": 1.3082012060754779e-16,
    "ROUGE_L": 0.0,
    "CIDEr": 0.0,
    "METEOR": 0.06837606837606837,
    "SPICE": 0.06451612903225806,
    "BLEU_4": 1.6449759291817379e-16
  }
}