{
  "0": {
    "BLEU_1": 1.0108844325174277e-16,
    "BLEU_2": 1.107368413422752e-16,
    "ROUGE_L": 0.0,
    "CIDEr": 0.0,
    "METEOR": 0.09343065693430658,
    "SPICE": 0.0,
    "BLEU_4": 1.392442061937298e-16
  },
  "1": {
    "BLEU_1": 0.23076923075147937,
    "BLEU_2": 4.385290096183762e-09,
    "ROUGE_L": 0.18798151001540828,
    "CIDEr": 0.0,
    "METEOR": 0.12008830022075055,
    "SPICE": 0.0,
    "BLEU_4": 6.466227686450042e-13
  },
  "2": {
    "BLEU_1": 0.3999999999200002,
    "BLEU_2": 0.21081851063455723,
    "ROUGE_L": 0.21254355400696867,
    "CIDEr": 0.0,
    "METEOR": 0.1507991280775857,
    "SPICE": 0.125,
    "BLEU_4": 5.307712169906119e-09
  },
  "3": {
    "BLEU_1": 0.19999999998666673,
    "BLEU_2": 0.11952286092518667,
    "ROUGE_L": 0.17453505007153075,
    "CIDEr": 0.0,
    "METEOR": 0.14000799781148324,
    "SPICE": 0.1111111111111111,
    "BLEU_4": 3.0934588292006376e-09
  },
  "4": {
    "BLEU_1": 0.1538461538343196,
    "BLEU_2": 0.11322770340538693,
    "ROUGE_L": 0.18798151001540828,
    "CIDEr": 0.0,
    "METEOR": 0.09505005385339647,
    "SPICE": 0.0625,
    "BLEU_4": 3.2857020445093175e-09
  },
  "5": {
    "BLEU_1": 0.23076923075147937,
    "BLEU_2": 0.1386750490451956,
    "ROUGE_L": 0.2819722650231125,
    "CIDEr": 0.0,
    "METEOR": 0.1106929769931214,
    "SPICE": 0.0625,
    "BLEU_4": 3.636227046180843e-09
  },
  "6": {
    "BLEU_1": 0.27272727267768604,
    "BLEU_2": 0.1651445647381773,
    "ROUGE_L": 0.3055091819699499,
    "CIDEr": 0.0,
    "METEOR": 0.11359322966543027,
    "SPICE": 0.0625,
    "BLEU_4": 4.4116293584506874e-09
  },
  "7": {
    "BLEU_1": 0.26666666664888894,
    "BLEU_2": 0.13801311185894144,
    "ROUGE_L": 0.26180257510729615,
    "CIDEr": 0.0,
    "METEOR": 0.18422072293235603,
    "SPICE": 0.12121212121212122,
    "BLEU_4": 3.324137843193063e-09
  },
  "8": {
    "BLEU_1": 0.4666666666355556,
    "BLEU_2": 0.2581988897293332,
    "ROUGE_L": 0.3490701001430615,
    "CIDEr": 0.0,
    "METEOR": 0.23683091145402213,
    "SPICE": 0.12121212121212122,
    "BLEU_4": 4.546697236652585e-09
  },
  "9": {
    "BLEU_1": 0.1538461538343196,
    "BLEU_2": 0.11322770340538693,
    "ROUGE_L": 0.18798151001540828,
    "CIDEr": 0.0,
    "METEOR": 0.09326414469957481,
    "SPICE": 0.05555555555555555,
    "BLEU_4": 3.2857020445093175e-09
  }
}