{
  "0": {
    "BLEU_1": 0.22222222217283966,
    "BLEU_2": 5.270462765739487e-09,
    "ROUGE_L": 0.1111111111111111,
    "CIDEr": 0.0,
    "METEOR": 0.12232415902140673,
    "SPICE": 0.14285714285714288,
    "BLEU_4": 9.018037815333522e-13
  },
  "1": {
    "BLEU_1": 0.24999999993750016,
    "BLEU_2": 5.976143045124577e-09,
    "ROUGE_L": 0.116412213740458,
    "CIDEr": 0.0,
    "METEOR": 0.12578616352201255,
    "SPICE": 0.07407407407407408,
    "BLEU_4": 1.0445522727757714e-12
  },
  "2": {
    "BLEU_1": 0.3999999999600001,
    "BLEU_2": 6.666666665962964e-09,
    "ROUGE_L": 0.24864130434782605,
    "CIDEr": 0.0,
    "METEOR": 0.15384615384615385,
    "SPICE": 0.14814814814814817,
    "BLEU_4": 9.43859526710092e-13
  },
  "3": {
    "BLEU_1": 0.3199999999872001,
    "BLEU_2": 0.1999999999918334,
    "ROUGE_L": 0.3241806908768822,
    "CIDEr": 0.0,
    "METEOR": 0.24078428730295506,
    "SPICE": 0.24390243902439024,
    "BLEU_4": 2.9817921605519954e-09
  },
  "4": {
    "BLEU_1": 0.33333333331944454,
    "BLEU_2": 0.20851441404819784,
    "ROUGE_L": 0.276268115942029,
    "CIDEr": 0.0,
    "METEOR": 0.22016588801752845,
    "SPICE": 0.15384615384615385,
    "BLEU_4": 3.114637779127038e-09
  },
  "5": {
    "BLEU_1": 0.4666666666355556,
    "BLEU_2": 0.2581988897293332,
    "ROUGE_L": 0.27758816837315126,
    "CIDEr": 0.0,
    "METEOR": 0.2162452527900997,
    "SPICE": 0.24242424242424246,
    "BLEU_4": 4.546697236652585e-09
  },
  "6": {
    "BLEU_1": 0.4117647058581315,
    "BLEU_2": 0.22687130322949517,
    "ROUGE_L": 0.26264800861141013,
    "CIDEr": 0.0,
    "METEOR": 0.2095801593821857,
    "SPICE": 0.18181818181818185,
    "BLEU_4": 3.95671672919582e-09
  },
  "7": {
    "BLEU_1": 0.5333333332977779,
    "BLEU_2": 0.2760262237178828,
    "ROUGE_L": 0.30235439900867406,
    "CIDEr": 0.0,
    "METEOR": 0.2175406449931648,
    "SPICE": 0.30303030303030304,
    "BLEU_4": 4.701040821041278e-09
  },
  "8": {
    "BLEU_1": 0.4999999999687501,
    "BLEU_2": 0.2581988897304859,
    "ROUGE_L": 0.2932692307692307,
    "CIDEr": 0.0,
    "METEOR": 0.21066232887985617,
    "SPICE": 0.3529411764705882,
    "BLEU_4": 4.374811430921123e-09
  },
  "9": {
    "BLEU_1": 0.44444444441975317,
    "BLEU_2": 0.22866478017693462,
    "ROUGE_L": 0.27664399092970515,
    "CIDEr": 0.0,
    "METEOR": 0.20850905124224267,
    "SPICE": 0.27027027027027023,
    "BLEU_4": 3.841906830017814e-09
  }
}