{
  "0": {
    "BLEU_1": 0.10976232717490052,
    "BLEU_2": 3.8806842931124116e-09,
    "ROUGE_L": 0.1358574610244989,
    "CIDEr": 0.0,
    "METEOR": 0.05147453083109921,
    "SPICE": 0.0,
    "BLEU_4": 9.324552513250358e-13
  },
  "1": {
    "BLEU_1": 0.3999999999200002,
    "BLEU_2": 0.21081851063455723,
    "ROUGE_L": 0.2,
    "CIDEr": 0.0,
    "METEOR": 0.08987877699908933,
    "SPICE": 0.05555555555555555,
    "BLEU_4": 5.307712169906119e-09
  },
  "2": {
    "BLEU_1": 0.3999999999200002,
    "BLEU_2": 0.21081851063455723,
    "ROUGE_L": 0.2,
    "CIDEr": 0.0,
    "METEOR": 0.09728332159436452,
    "SPICE": 0.05405405405405405,
    "BLEU_4": 5.307712169906119e-09
  },
  "3": {
    "BLEU_1": 0.36363636357024803,
    "BLEU_2": 0.19069251781358043,
    "ROUGE_L": 0.1921259842519685,
    "CIDEr": 0.0,
    "METEOR": 0.09645420237623073,
    "SPICE": 0.05555555555555555,
    "BLEU_4": 4.740604258941092e-09
  },
  "4": {
    "BLEU_1": 0.4166666666319445,
    "BLEU_2": 0.19462473602342495,
    "ROUGE_L": 0.2772727272727273,
    "CIDEr": 0.0,
    "METEOR": 0.1152924081701209,
    "SPICE": 0.05405405405405405,
    "BLEU_4": 4.5293761703575315e-09
  },
  "5": {
    "BLEU_1": 0.33333333330555565,
    "BLEU_2": 0.17407765594053212,
    "ROUGE_L": 0.18484848484848485,
    "CIDEr": 0.0,
    "METEOR": 0.09251193252434119,
    "SPICE": 0.05714285714285715,
    "BLEU_4": 4.283619507134575e-09
  },
  "6": {
    "BLEU_1": 0.4444444443456792,
    "BLEU_2": 0.3333333332569446,
    "ROUGE_L": 0.31282051282051276,
    "CIDEr": 0.0,
    "METEOR": 0.10302118650844963,
    "SPICE": 0.06451612903225806,
    "BLEU_4": 7.171781505449111e-09
  },
  "7": {
    "BLEU_1": 0.4444444443456792,
    "BLEU_2": 0.3333333332569446,
    "ROUGE_L": 0.31282051282051276,
    "CIDEr": 0.0,
    "METEOR": 0.11745352365676556,
    "SPICE": 0.0,
    "BLEU_4": 7.171781505449111e-09
  },
  "8": {
    "BLEU_1": 0.45454545446281003,
    "BLEU_2": 0.30151134452157297,
    "ROUGE_L": 0.28818897637795277,
    "CIDEr": 0.0,
    "METEOR": 0.13079019073569484,
    "SPICE": 0.05555555555555555,
    "BLEU_4": 5.960994272089826e-09
  },
  "9": {
    "BLEU_1": 0.4444444443456792,
    "BLEU_2": 0.3333333332569446,
    "ROUGE_L": 0.31282051282051276,
    "CIDEr": 0.0,
    "METEOR": 0.11745352365676556,
    "SPICE": 0.0,
    "BLEU_4": 7.171781505449111e-09
  }
}