{
  "0": {
    "BLEU_1": 0.3715190997867868,
    "BLEU_2": 7.326455450859374e-09,
    "ROUGE_L": 0.22803738317757008,
    "CIDEr": 0.0,
    "METEOR": 0.106951871657754,
    "SPICE": 0.07407407407407407,
    "BLEU_4": 1.1917040716272326e-12
  },
  "1": {
    "BLEU_1": 0.4999999999000002,
    "BLEU_2": 7.453559923467182e-09,
    "ROUGE_L": 0.3,
    "CIDEr": 0.0,
    "METEOR": 0.20408163265306123,
    "SPICE": 0.14285714285714285,
    "BLEU_4": 9.98009940168062e-13
  },
  "2": {
    "BLEU_1": 0.46153846146745575,
    "BLEU_2": 6.201736728486434e-09,
    "ROUGE_L": 0.2671532846715329,
    "CIDEr": 0.0,
    "METEOR": 0.19656019656019655,
    "SPICE": 0.12121212121212122,
    "BLEU_4": 7.689683971362461e-13
  },
  "3": {
    "BLEU_1": 0.3833518393649928,
    "BLEU_2": 0.17906340131213663,
    "ROUGE_L": 0.2772727272727273,
    "CIDEr": 0.0,
    "METEOR": 0.18988596540266342,
    "SPICE": 0.06451612903225806,
    "BLEU_4": 4.167227246945333e-09
  },
  "4": {
    "BLEU_1": 0.3333333332592594,
    "BLEU_2": 0.20412414518515326,
    "ROUGE_L": 0.2222222222222222,
    "CIDEr": 0.0,
    "METEOR": 0.17832287638994707,
    "SPICE": 0.07142857142857142,
    "BLEU_4": 5.612222322916596e-09
  },
  "5": {
    "BLEU_1": 0.555555555432099,
    "BLEU_2": 0.26352313828697443,
    "ROUGE_L": 0.31282051282051276,
    "CIDEr": 0.0,
    "METEOR": 0.2002974674221306,
    "SPICE": 0.07142857142857142,
    "BLEU_4": 6.376715692219053e-09
  },
  "6": {
    "BLEU_1": 0.42857142854081637,
    "BLEU_2": 0.18156825978717286,
    "ROUGE_L": 0.2577464788732394,
    "CIDEr": 0.0,
    "METEOR": 0.18440848563143272,
    "SPICE": 0.17647058823529413,
    "BLEU_4": 3.975360175943345e-09
  },
  "7": {
    "BLEU_1": 0.46002220723799137,
    "BLEU_2": 0.19615412824451478,
    "ROUGE_L": 0.2772727272727273,
    "CIDEr": 0.0,
    "METEOR": 0.18988596540266342,
    "SPICE": 0.12903225806451613,
    "BLEU_4": 4.3615664704852085e-09
  },
  "8": {
    "BLEU_1": 0.46002220723799137,
    "BLEU_2": 0.19615412824451478,
    "ROUGE_L": 0.2772727272727273,
    "CIDEr": 0.0,
    "METEOR": 0.18988596540266342,
    "SPICE": 0.12903225806451613,
    "BLEU_4": 4.3615664704852085e-09
  },
  "9": {
    "BLEU_1": 0.46002220723799137,
    "BLEU_2": 0.19615412824451478,
    "ROUGE_L": 0.2772727272727273,
    "CIDEr": 0.0,
    "METEOR": 0.18848631455202952,
    "SPICE": 0.16666666666666666,
    "BLEU_4": 4.3615664704852085e-09
  }
}