{
  "0": {
    "BLEU_1": 0.5515605639774822,
    "BLEU_2": 0.26369638633624565,
    "ROUGE_L": 0.21785714285714283,
    "CIDEr": 0.0,
    "METEOR": 0.21017465128982327,
    "SPICE": 0.15384615384615383,
    "BLEU_4": 6.518210331440214e-09
  },
  "1": {
    "BLEU_1": 0.5833333332361111,
    "BLEU_2": 0.23028309319666648,
    "ROUGE_L": 0.2772727272727273,
    "CIDEr": 0.0,
    "METEOR": 0.2045035345391787,
    "SPICE": 0.09523809523809523,
    "BLEU_4": 4.926862020234039e-09
  },
  "2": {
    "BLEU_1": 0.4666666666355556,
    "BLEU_2": 0.2581988897293332,
    "ROUGE_L": 0.3164721141374838,
    "CIDEr": 0.0,
    "METEOR": 0.22497458789760746,
    "SPICE": 0.09090909090909091,
    "BLEU_4": 4.546697236652585e-09
  },
  "3": {
    "BLEU_1": 0.3913043478090738,
    "BLEU_2": 0.18860838403019278,
    "ROUGE_L": 0.31410916580844483,
    "CIDEr": 0.0,
    "METEOR": 0.24285256941387343,
    "SPICE": 0.12765957446808507,
    "BLEU_4": 1.7059573700821184e-05
  },
  "4": {
    "BLEU_1": 0.636363636247934,
    "BLEU_2": 0.25226248950774416,
    "ROUGE_L": 0.1921259842519685,
    "CIDEr": 0.0,
    "METEOR": 0.20198747330890998,
    "SPICE": 0.15789473684210525,
    "BLEU_4": 5.452469118553107e-09
  },
  "5": {
    "BLEU_1": 0.1999999999800001,
    "BLEU_2": 4.714045207412725e-09,
    "ROUGE_L": 0.09442724458204334,
    "CIDEr": 0.0,
    "METEOR": 0.13114754098360656,
    "SPICE": 0.05405405405405405,
    "BLEU_4": 7.93688092513584e-13
  },
  "6": {
    "BLEU_1": 0.27272727267768604,
    "BLEU_2": 0.1651445647381773,
    "ROUGE_L": 0.18181818181818182,
    "CIDEr": 0.0,
    "METEOR": 0.15606867192051227,
    "SPICE": 0.09999999999999999,
    "BLEU_4": 4.4116293584506874e-09
  },
  "7": {
    "BLEU_1": 0.22062422559099293,
    "BLEU_2": 5.273927726724911e-09,
    "ROUGE_L": 0.10234899328859062,
    "CIDEr": 0.0,
    "METEOR": 0.08915904699972031,
    "SPICE": 0.05128205128205128,
    "BLEU_4": 9.218141453123176e-13
  },
  "8": {
    "BLEU_1": 8.986579278749804e-17,
    "BLEU_2": 1.0047301075986612e-16,
    "ROUGE_L": 0.0,
    "CIDEr": 0.0,
    "METEOR": 0.043407473986490364,
    "SPICE": 0.0,
    "BLEU_4": 1.357591476796497e-16
  },
  "9": {
    "BLEU_1": 0.4444444443456792,
    "BLEU_2": 7.453559923291195e-09,
    "ROUGE_L": 0.19645732689210954,
    "CIDEr": 0.0,
    "METEOR": 0.15553645176010328,
    "SPICE": 0.052631578947368425,
    "BLEU_4": 1.0724314733358218e-12
  }
}