{
  "0": {
    "BLEU_1": 9.196986024687569e-17,
    "BLEU_2": 1.0619764713730698e-16,
    "ROUGE_L": 0.0,
    "CIDEr": 0.0,
    "METEOR": 0.016901408450704227,
    "SPICE": 0.0,
    "BLEU_4": 1.6620829993657386e-16
  },
  "1": {
    "BLEU_1": 0.3749999999062502,
    "BLEU_2": 0.3273268352692345,
    "ROUGE_L": 0.34923664122137404,
    "CIDEr": 0.0,
    "METEOR": 0.2133144371821538,
    "SPICE": 0.13793103448275862,
    "BLEU_4": 4.347208718216914e-05
  },
  "2": {
    "BLEU_1": 0.27272727267768604,
    "BLEU_2": 0.1651445647381773,
    "ROUGE_L": 0.2036727879799666,
    "CIDEr": 0.0,
    "METEOR": 0.18284006201811503,
    "SPICE": 0.06451612903225806,
    "BLEU_4": 4.4116293584506874e-09
  },
  "3": {
    "BLEU_1": 0.1999999999800001,
    "BLEU_2": 0.1490711984842508,
    "ROUGE_L": 0.21254355400696867,
    "CIDEr": 0.0,
    "METEOR": 0.1841617974061978,
    "SPICE": 0.06451612903225806,
    "BLEU_4": 4.463236137318893e-09
  },
  "4": {
    "BLEU_1": 0.1999999999800001,
    "BLEU_2": 0.1490711984842508,
    "ROUGE_L": 0.21254355400696867,
    "CIDEr": 0.0,
    "METEOR": 0.18153716371394793,
    "SPICE": 0.06451612903225806,
    "BLEU_4": 4.463236137318893e-09
  },
  "5": {
    "BLEU_1": 0.1999999999800001,
    "BLEU_2": 0.1490711984842508,
    "ROUGE_L": 0.21254355400696867,
    "CIDEr": 0.0,
    "METEOR": 0.18153716371394793,
    "SPICE": 0.12903225806451613,
    "BLEU_4": 4.463236137318893e-09
  },
  "6": {
    "BLEU_1": 0.2999999999700001,
    "BLEU_2": 0.18257418581578377,
    "ROUGE_L": 0.31881533101045295,
    "CIDEr": 0.0,
    "METEOR": 0.1841617974061978,
    "SPICE": 0.125,
    "BLEU_4": 4.939382736523921e-09
  },
  "7": {
    "BLEU_1": 0.2999999999700001,
    "BLEU_2": 0.18257418581578377,
    "ROUGE_L": 0.31881533101045295,
    "CIDEr": 0.0,
    "METEOR": 0.1841617974061978,
    "SPICE": 0.125,
    "BLEU_4": 4.939382736523921e-09
  },
  "8": {
    "BLEU_1": 0.2999999999700001,
    "BLEU_2": 0.18257418581578377,
    "ROUGE_L": 0.31881533101045295,
    "CIDEr": 0.0,
    "METEOR": 0.1841617974061978,
    "SPICE": 0.125,
    "BLEU_4": 4.939382736523921e-09
  },
  "9": {
    "BLEU_1": 0.2999999999700001,
    "BLEU_2": 0.18257418581578377,
    "ROUGE_L": 0.31881533101045295,
    "CIDEr": 0.0,
    "METEOR": 0.1841617974061978,
    "SPICE": 0.125,
    "BLEU_4": 4.939382736523921e-09
  }
}