{
  "0": {
    "BLEU_1": 0.22222222219753096,
    "BLEU_2": 5.270462766325093e-09,
    "ROUGE_L": 0.1673525377229081,
    "CIDEr": 0.0,
    "METEOR": 0.08163265306122448,
    "SPICE": 0.07407407407407407,
    "BLEU_4": 9.018037816335524e-13
  },
  "1": {
    "BLEU_1": 1.2499999996875005e-16,
    "BLEU_2": 1.3363062092161143e-16,
    "ROUGE_L": 0.0,
    "CIDEr": 0.0,
    "METEOR": 0.06169665809768637,
    "SPICE": 0.07407407407407407,
    "BLEU_4": 1.561969968017105e-16
  },
  "2": {
    "BLEU_1": 0.4999999998750002,
    "BLEU_2": 0.26726124184322303,
    "ROUGE_L": 0.28955696202531644,
    "CIDEr": 0.0,
    "METEOR": 0.22639555781882967,
    "SPICE": 0.37037037037037035,
    "BLEU_4": 6.985342054598842e-09
  },
  "3": {
    "BLEU_1": 0.24999999998437505,
    "BLEU_2": 0.18257418582326418,
    "ROUGE_L": 0.14663461538461536,
    "CIDEr": 0.0,
    "METEOR": 0.18275533081812137,
    "SPICE": 0.17142857142857143,
    "BLEU_4": 3.6787632496725453e-09
  },
  "4": {
    "BLEU_1": 0.24999999998437505,
    "BLEU_2": 0.18257418582326418,
    "ROUGE_L": 0.14663461538461536,
    "CIDEr": 0.0,
    "METEOR": 0.18275533081812137,
    "SPICE": 0.18749999999999997,
    "BLEU_4": 3.6787632496725453e-09
  },
  "5": {
    "BLEU_1": 0.24999999998750005,
    "BLEU_2": 0.11470786692939464,
    "ROUGE_L": 0.1963519313304721,
    "CIDEr": 0.0,
    "METEOR": 0.18216281227859615,
    "SPICE": 0.22857142857142856,
    "BLEU_4": 2.560744480418492e-09
  },
  "6": {
    "BLEU_1": 0.24999999998437505,
    "BLEU_2": 0.12909944486524297,
    "ROUGE_L": 0.14663461538461536,
    "CIDEr": 0.0,
    "METEOR": 0.18400994407316568,
    "SPICE": 0.11764705882352941,
    "BLEU_4": 3.0934588292167494e-09
  },
  "7": {
    "BLEU_1": 0.1851851851783265,
    "BLEU_2": 0.1193524790020667,
    "ROUGE_L": 0.16531165311653115,
    "CIDEr": 0.0,
    "METEOR": 0.21336609103807208,
    "SPICE": 0.23809523809523808,
    "BLEU_4": 2.207384096917168e-09
  },
  "8": {
    "BLEU_1": 0.23076923076035508,
    "BLEU_2": 0.13587324409202112,
    "ROUGE_L": 0.17495219885277247,
    "CIDEr": 0.0,
    "METEOR": 0.21825233739772257,
    "SPICE": 0.1818181818181818,
    "BLEU_4": 2.4048179388862943e-09
  },
  "9": {
    "BLEU_1": 0.19999999999333337,
    "BLEU_2": 0.08304547985092411,
    "ROUGE_L": 0.145933014354067,
    "CIDEr": 0.0,
    "METEOR": 0.17203939454626627,
    "SPICE": 0.20833333333333334,
    "BLEU_4": 1.7379110739642325e-09
  }
}