{
  "0": {
    "BLEU_1": 7.162619917923445e-17,
    "BLEU_2": 8.27068107508754e-17,
    "ROUGE_L": 0.0,
    "CIDEr": 0.0,
    "METEOR": 0.0,
    "SPICE": 0.0,
    "BLEU_4": 1.2944315414357063e-16
  },
  "1": {
    "BLEU_1": 0.3032653297552284,
    "BLEU_2": 0.1918018354745145,
    "ROUGE_L": 0.2573839662447257,
    "CIDEr": 0.0,
    "METEOR": 0.2075799025084674,
    "SPICE": 0.23076923076923075,
    "BLEU_4": 5.795053468391787e-09
  },
  "2": {
    "BLEU_1": 0.33093633838648934,
    "BLEU_2": 0.2042583425470713,
    "ROUGE_L": 0.232824427480916,
    "CIDEr": 0.0,
    "METEOR": 0.19874671516768153,
    "SPICE": 0.2222222222222222,
    "BLEU_4": 5.736753415588487e-09
  },
  "3": {
    "BLEU_1": 0.3333333332592594,
    "BLEU_2": 6.454972242199766e-09,
    "ROUGE_L": 0.17604617604617603,
    "CIDEr": 0.0,
    "METEOR": 0.1669056077196752,
    "SPICE": 0.2222222222222222,
    "BLEU_4": 9.980099401403394e-13
  },
  "4": {
    "BLEU_1": 0.4999999999000002,
    "BLEU_2": 0.23570226034706615,
    "ROUGE_L": 0.2,
    "CIDEr": 0.0,
    "METEOR": 0.2753157711699179,
    "SPICE": 0.23076923076923075,
    "BLEU_4": 5.612222323072491e-09
  },
  "5": {
    "BLEU_1": 0.4999999999166667,
    "BLEU_2": 0.3015113445263697,
    "ROUGE_L": 0.2772727272727273,
    "CIDEr": 0.0,
    "METEOR": 0.2642292300489816,
    "SPICE": 0.14285714285714288,
    "BLEU_4": 5.63756031424638e-09
  },
  "6": {
    "BLEU_1": 0.29999999994000015,
    "BLEU_2": 5.773502690709485e-09,
    "ROUGE_L": 0.2,
    "CIDEr": 0.0,
    "METEOR": 0.21451298486122553,
    "SPICE": 0.21428571428571425,
    "BLEU_4": 8.783602617783837e-13
  },
  "7": {
    "BLEU_1": 0.33093633838648934,
    "BLEU_2": 6.459215935396237e-09,
    "ROUGE_L": 0.21785714285714283,
    "CIDEr": 0.0,
    "METEOR": 0.22247429151586898,
    "SPICE": 0.15384615384615383,
    "BLEU_4": 1.0201550479411466e-12
  },
  "8": {
    "BLEU_1": 0.21470779796016531,
    "BLEU_2": 5.1856859842473975e-09,
    "ROUGE_L": 0.12224448897795591,
    "CIDEr": 0.0,
    "METEOR": 0.2086732075305618,
    "SPICE": 0.23076923076923075,
    "BLEU_4": 9.334768232372482e-13
  },
  "9": {
    "BLEU_1": 0.21470779796016531,
    "BLEU_2": 5.1856859842473975e-09,
    "ROUGE_L": 0.12224448897795591,
    "CIDEr": 0.0,
    "METEOR": 0.2086732075305618,
    "SPICE": 0.23076923076923075,
    "BLEU_4": 9.334768232372482e-13
  }
}