{
  "0": {
    "BLEU_1": 0.32206169694024794,
    "BLEU_2": 6.3511423138542446e-09,
    "ROUGE_L": 0.20098846787479407,
    "CIDEr": 0.0,
    "METEOR": 0.1350844277673546,
    "SPICE": 0.15384615384615383,
    "BLEU_4": 1.0330619227359553e-12
  },
  "1": {
    "BLEU_1": 0.5454545454049587,
    "BLEU_2": 0.3302891295063807,
    "ROUGE_L": 0.4314002828854314,
    "CIDEr": 0.0,
    "METEOR": 0.2427359444033596,
    "SPICE": 0.26666666666666666,
    "BLEU_4": 3.508439695264144e-05
  },
  "2": {
    "BLEU_1": 0.28571428569387763,
    "BLEU_2": 4.688072309037213e-09,
    "ROUGE_L": 0.2340153452685422,
    "CIDEr": 0.0,
    "METEOR": 0.2101751507470576,
    "SPICE": 0.2941176470588235,
    "BLEU_4": 6.387834681787387e-13
  },
  "3": {
    "BLEU_1": 0.33333333331111115,
    "BLEU_2": 4.879500364405748e-09,
    "ROUGE_L": 0.22676579925650556,
    "CIDEr": 0.0,
    "METEOR": 0.238817523091181,
    "SPICE": 0.2941176470588235,
    "BLEU_4": 6.250381527478681e-13
  },
  "4": {
    "BLEU_1": 0.27777777776234575,
    "BLEU_2": 4.042260417041042e-09,
    "ROUGE_L": 0.2074829931972789,
    "CIDEr": 0.0,
    "METEOR": 0.19797143231658326,
    "SPICE": 0.27027027027027023,
    "BLEU_4": 5.108099332632167e-13
  },
  "5": {
    "BLEU_1": 0.29411764704152255,
    "BLEU_2": 4.287464628302636e-09,
    "ROUGE_L": 0.21353558926487748,
    "CIDEr": 0.0,
    "METEOR": 0.2317819823127174,
    "SPICE": 0.2777777777777778,
    "BLEU_4": 5.439330543997057e-13
  },
  "6": {
    "BLEU_1": 0.33333333331111115,
    "BLEU_2": 4.879500364405748e-09,
    "ROUGE_L": 0.22676579925650556,
    "CIDEr": 0.0,
    "METEOR": 0.238817523091181,
    "SPICE": 0.2941176470588235,
    "BLEU_4": 6.250381527478681e-13
  },
  "7": {
    "BLEU_1": 0.35294117644982703,
    "BLEU_2": 4.6966821828537125e-09,
    "ROUGE_L": 0.21353558926487748,
    "CIDEr": 0.0,
    "METEOR": 0.1999060065737486,
    "SPICE": 0.16666666666666663,
    "BLEU_4": 5.692994482116097e-13
  },
  "8": {
    "BLEU_1": 0.2631578947229917,
    "BLEU_2": 3.823595564302531e-09,
    "ROUGE_L": 0.20176405733186328,
    "CIDEr": 0.0,
    "METEOR": 0.2262281009473967,
    "SPICE": 0.15789473684210525,
    "BLEU_4": 4.814971806817797e-13
  },
  "9": {
    "BLEU_1": 0.33333333331481485,
    "BLEU_2": 4.428074427447237e-09,
    "ROUGE_L": 0.27664399092970515,
    "CIDEr": 0.0,
    "METEOR": 0.2533243346105135,
    "SPICE": 0.16666666666666663,
    "BLEU_4": 5.346316257038189e-13
  }
}