{
  "0": {
    "BLEU_1": 0.3715190997867868,
    "BLEU_2": 7.326455450859374e-09,
    "ROUGE_L": 0.13174946004319654,
    "CIDEr": 0.0,
    "METEOR": 0.21213002268713832,
    "SPICE": 0.23529411764705882,
    "BLEU_4": 1.1917040716272326e-12
  },
  "1": {
    "BLEU_1": 0.2999999999700001,
    "BLEU_2": 5.773502691286834e-09,
    "ROUGE_L": 0.11338289962825278,
    "CIDEr": 0.0,
    "METEOR": 0.19991784654097042,
    "SPICE": 0.25,
    "BLEU_4": 8.783602618662196e-13
  },
  "2": {
    "BLEU_1": 0.27272727267768604,
    "BLEU_2": 5.222329677697684e-09,
    "ROUGE_L": 0.108348134991119,
    "CIDEr": 0.0,
    "METEOR": 0.19615370298685172,
    "SPICE": 0.23999999999999996,
    "BLEU_4": 7.845109652856079e-13
  },
  "3": {
    "BLEU_1": 0.27272727267768604,
    "BLEU_2": 0.1651445647381773,
    "ROUGE_L": 0.2036727879799666,
    "CIDEr": 0.0,
    "METEOR": 0.21092004269652442,
    "SPICE": 0.23999999999999996,
    "BLEU_4": 4.4116293584506874e-09
  },
  "4": {
    "BLEU_1": 0.4166666666319445,
    "BLEU_2": 0.2752409412576109,
    "ROUGE_L": 0.2074829931972789,
    "CIDEr": 0.0,
    "METEOR": 0.22878495684594136,
    "SPICE": 0.2,
    "BLEU_4": 5.386366368312952e-09
  },
  "5": {
    "BLEU_1": 0.24999999997916675,
    "BLEU_2": 0.1507556722757479,
    "ROUGE_L": 0.19551282051282048,
    "CIDEr": 0.0,
    "METEOR": 0.2070221363633238,
    "SPICE": 0.23076923076923075,
    "BLEU_4": 3.986357127883976e-09
  },
  "6": {
    "BLEU_1": 0.36363636357024803,
    "BLEU_2": 0.19069251781358043,
    "ROUGE_L": 0.216696269982238,
    "CIDEr": 0.0,
    "METEOR": 0.2306103687356696,
    "SPICE": 0.25,
    "BLEU_4": 4.740604258941092e-09
  },
  "7": {
    "BLEU_1": 0.45454545446281003,
    "BLEU_2": 0.30151134452157297,
    "ROUGE_L": 0.216696269982238,
    "CIDEr": 0.0,
    "METEOR": 0.23434999633678857,
    "SPICE": 0.18181818181818182,
    "BLEU_4": 5.960994272089826e-09
  },
  "8": {
    "BLEU_1": 0.2999999999700001,
    "BLEU_2": 0.18257418581578377,
    "ROUGE_L": 0.21254355400696867,
    "CIDEr": 0.0,
    "METEOR": 0.21496754884635114,
    "SPICE": 0.18181818181818182,
    "BLEU_4": 4.939382736523921e-09
  },
  "9": {
    "BLEU_1": 0.27272727267768604,
    "BLEU_2": 0.1651445647381773,
    "ROUGE_L": 0.2036727879799666,
    "CIDEr": 0.0,
    "METEOR": 0.21092004269652442,
    "SPICE": 0.2,
    "BLEU_4": 4.4116293584506874e-09
  }
}