{
  "0": {
    "BLEU_1": 0.2999999999700001,
    "BLEU_2": 5.773502691286834e-09,
    "ROUGE_L": 0.1788856304985337,
    "CIDEr": 0.0,
    "METEOR": 0.10903590065841612,
    "SPICE": 0.125,
    "BLEU_4": 8.783602618662196e-13
  },
  "1": {
    "BLEU_1": 0.3124999999804688,
    "BLEU_2": 4.564354645581603e-09,
    "ROUGE_L": 0.14663461538461536,
    "CIDEr": 0.0,
    "METEOR": 0.1766452379825191,
    "SPICE": 0.20512820512820515,
    "BLEU_4": 5.816635420743959e-13
  },
  "2": {
    "BLEU_1": 0.4374999999726563,
    "BLEU_2": 0.1707825127549637,
    "ROUGE_L": 0.2527624309392265,
    "CIDEr": 0.0,
    "METEOR": 0.17803471341691532,
    "SPICE": 0.15384615384615388,
    "BLEU_4": 3.5579828676919253e-09
  },
  "3": {
    "BLEU_1": 0.34999999998250003,
    "BLEU_2": 0.19194297397762897,
    "ROUGE_L": 0.2723214285714286,
    "CIDEr": 0.0,
    "METEOR": 0.1943048042110655,
    "SPICE": 0.1904761904761905,
    "BLEU_4": 1.8627550657037597e-05
  },
  "4": {
    "BLEU_1": 0.38095238093424044,
    "BLEU_2": 0.19518001458018006,
    "ROUGE_L": 0.26492942453854507,
    "CIDEr": 0.0,
    "METEOR": 0.19225589590655512,
    "SPICE": 0.2,
    "BLEU_4": 1.8268847332188994e-05
  },
  "5": {
    "BLEU_1": 0.39999999998400004,
    "BLEU_2": 0.1825741858276003,
    "ROUGE_L": 0.2571127502634352,
    "CIDEr": 0.0,
    "METEOR": 0.18447488156969624,
    "SPICE": 0.1904761904761905,
    "BLEU_4": 1.6020720993381652e-05
  },
  "6": {
    "BLEU_1": 0.47826086954442354,
    "BLEU_2": 0.25537695921626896,
    "ROUGE_L": 0.27141268075639596,
    "CIDEr": 0.0,
    "METEOR": 0.24995841051548418,
    "SPICE": 0.1904761904761905,
    "BLEU_4": 1.9850823738142324e-05
  },
  "7": {
    "BLEU_1": 0.5555555555246915,
    "BLEU_2": 0.3131121455246681,
    "ROUGE_L": 0.28841607565011823,
    "CIDEr": 0.0,
    "METEOR": 0.22235863124973232,
    "SPICE": 0.20512820512820515,
    "BLEU_4": 2.5281168695855676e-05
  },
  "8": {
    "BLEU_1": 0.0150986916960606,
    "BLEU_2": 6.752340199052529e-10,
    "ROUGE_L": 0.16310160427807485,
    "CIDEr": 0.0,
    "METEOR": 0.015122873345935726,
    "SPICE": 0.0,
    "BLEU_4": 4.5155620457122786e-09
  },
  "9": {
    "BLEU_1": 0.45454545446281003,
    "BLEU_2": 6.741998623375958e-09,
    "ROUGE_L": 0.34512022630834516,
    "CIDEr": 0.0,
    "METEOR": 0.12826964783007136,
    "SPICE": 0.06666666666666668,
    "BLEU_4": 8.913765519636197e-13
  }
}