{
  "0": {
    "BLEU_1": 0.13986904554773838,
    "BLEU_2": 3.378158390230129e-09,
    "ROUGE_L": 0.17967599410898377,
    "CIDEr": 0.0,
    "METEOR": 0.11914893617021279,
    "SPICE": 0.1,
    "BLEU_4": 6.081032619567567e-13
  },
  "1": {
    "BLEU_1": 0.31845836018424906,
    "BLEU_2": 5.340709060276112e-09,
    "ROUGE_L": 0.23921568627450981,
    "CIDEr": 0.0,
    "METEOR": 0.20530573465092963,
    "SPICE": 0.0975609756097561,
    "BLEU_4": 7.684307290898962e-13
  },
  "2": {
    "BLEU_1": 0.24561922587427085,
    "BLEU_2": 4.726944205862331e-09,
    "ROUGE_L": 0.16180371352785147,
    "CIDEr": 0.0,
    "METEOR": 0.15169852645578202,
    "SPICE": 0.14285714285714288,
    "BLEU_4": 7.191405585995894e-13
  },
  "3": {
    "BLEU_1": 0.2499999999583334,
    "BLEU_2": 4.7673129454153526e-09,
    "ROUGE_L": 0.1517412935323383,
    "CIDEr": 0.0,
    "METEOR": 0.14816380350923955,
    "SPICE": 0.18181818181818182,
    "BLEU_4": 7.088856800987232e-13
  },
  "4": {
    "BLEU_1": 0.2499999999583334,
    "BLEU_2": 4.7673129454153526e-09,
    "ROUGE_L": 0.1517412935323383,
    "CIDEr": 0.0,
    "METEOR": 0.14816380350923955,
    "SPICE": 0.18181818181818182,
    "BLEU_4": 7.088856800987232e-13
  },
  "5": {
    "BLEU_1": 0.33333333327777787,
    "BLEU_2": 0.17407765592602564,
    "ROUGE_L": 0.22761194029850743,
    "CIDEr": 0.0,
    "METEOR": 0.16428328662790267,
    "SPICE": 0.18181818181818182,
    "BLEU_4": 4.283619506777607e-09
  },
  "6": {
    "BLEU_1": 0.06131324017480271,
    "BLEU_2": 2.1239529431532313e-09,
    "ROUGE_L": 0.09327217125382263,
    "CIDEr": 0.0,
    "METEOR": 0.11566265060240966,
    "SPICE": 0.10256410256410256,
    "BLEU_4": 4.749303161644116e-13
  },
  "7": {
    "BLEU_1": 0.33333333327777787,
    "BLEU_2": 0.17407765592602564,
    "ROUGE_L": 0.16666666666666666,
    "CIDEr": 0.0,
    "METEOR": 0.14326679920698493,
    "SPICE": 0.14285714285714288,
    "BLEU_4": 4.283619506777607e-09
  },
  "8": {
    "BLEU_1": 0.26666666663111116,
    "BLEU_2": 0.13801311184974058,
    "ROUGE_L": 0.2,
    "CIDEr": 0.0,
    "METEOR": 0.12764381035387024,
    "SPICE": 0.17777777777777776,
    "BLEU_4": 3.324137842971454e-09
  },
  "9": {
    "BLEU_1": 0.07692307691715985,
    "BLEU_2": 2.531848417506296e-09,
    "ROUGE_L": 0.08058124174372522,
    "CIDEr": 0.0,
    "METEOR": 0.13978375048695174,
    "SPICE": 0.22727272727272727,
    "BLEU_4": 4.91327054771308e-13
  }
}