{
  "0": {
    "BLEU_1": 0.5971094252791215,
    "BLEU_2": 0.29252268250319813,
    "ROUGE_L": 0.45692883895131076,
    "CIDEr": 0.0,
    "METEOR": 0.2986765769076934,
    "SPICE": 0.3529411764705882,
    "BLEU_4": 7.778610910179157e-09
  },
  "1": {
    "BLEU_1": 0.4444444443950618,
    "BLEU_2": 0.23570226036769004,
    "ROUGE_L": 0.2946859903381642,
    "CIDEr": 0.0,
    "METEOR": 0.2083221387564078,
    "SPICE": 0.3,
    "BLEU_4": 6.030725359585126e-09
  },
  "2": {
    "BLEU_1": 0.3124999999804688,
    "BLEU_2": 0.14433756728808472,
    "ROUGE_L": 0.22989949748743718,
    "CIDEr": 0.0,
    "METEOR": 0.17790341938047216,
    "SPICE": 0.2222222222222222,
    "BLEU_4": 3.2709344706502825e-09
  },
  "3": {
    "BLEU_1": 0.22222222220987659,
    "BLEU_2": 0.11433239008846735,
    "ROUGE_L": 0.21631205673758863,
    "CIDEr": 0.0,
    "METEOR": 0.12823346631471824,
    "SPICE": 0.13793103448275862,
    "BLEU_4": 2.7166383721925094e-09
  },
  "4": {
    "BLEU_1": 0.33333333330555565,
    "BLEU_2": 0.17407765594053212,
    "ROUGE_L": 0.2629310344827586,
    "CIDEr": 0.0,
    "METEOR": 0.16945307427429332,
    "SPICE": 0.17391304347826086,
    "BLEU_4": 4.283619507134575e-09
  },
  "5": {
    "BLEU_1": 0.18749999998828132,
    "BLEU_2": 0.11180339886776892,
    "ROUGE_L": 0.22989949748743718,
    "CIDEr": 0.0,
    "METEOR": 0.1585737912955935,
    "SPICE": 0.0,
    "BLEU_4": 2.8787878179013993e-09
  },
  "6": {
    "BLEU_1": 0.19999999998666673,
    "BLEU_2": 0.11952286092518667,
    "ROUGE_L": 0.2373540856031128,
    "CIDEr": 0.0,
    "METEOR": 0.14023079694066115,
    "SPICE": 0.16666666666666669,
    "BLEU_4": 3.0934588292006376e-09
  },
  "7": {
    "BLEU_1": 0.33333333330555565,
    "BLEU_2": 0.17407765594053212,
    "ROUGE_L": 0.3505747126436781,
    "CIDEr": 0.0,
    "METEOR": 0.1667490358550226,
    "SPICE": 0.0,
    "BLEU_4": 4.283619507134575e-09
  },
  "8": {
    "BLEU_1": 0.29999999994000015,
    "BLEU_2": 0.1825741857975264,
    "ROUGE_L": 0.28328173374613,
    "CIDEr": 0.0,
    "METEOR": 0.1717019775140827,
    "SPICE": 0.0,
    "BLEU_4": 4.939382736029984e-09
  },
  "9": {
    "BLEU_1": 0.27272727270247943,
    "BLEU_2": 0.16514456475319042,
    "ROUGE_L": 0.1921259842519685,
    "CIDEr": 0.0,
    "METEOR": 0.1536681460332552,
    "SPICE": 0.0,
    "BLEU_4": 4.411629358851744e-09
  }
}