{
  "0": {
    "BLEU_1": 0.12499999999218755,
    "BLEU_2": 0.09128709291163213,
    "ROUGE_L": 0.17732558139534885,
    "CIDEr": 0.0,
    "METEOR": 0.18254631293602477,
    "SPICE": 0.1818181818181818,
    "BLEU_4": 2.6012784402233177e-09
  },
  "1": {
    "BLEU_1": 0.11764705881660904,
    "BLEU_2": 0.08574929256605278,
    "ROUGE_L": 0.17110799438990182,
    "CIDEr": 0.0,
    "METEOR": 0.17915185670374334,
    "SPICE": 0.17647058823529413,
    "BLEU_4": 2.4325425696936665e-09
  },
  "2": {
    "BLEU_1": 0.11764705881660904,
    "BLEU_2": 0.08574929256605278,
    "ROUGE_L": 0.17110799438990182,
    "CIDEr": 0.0,
    "METEOR": 0.17915185670374334,
    "SPICE": 0.17647058823529413,
    "BLEU_4": 2.4325425696936665e-09
  },
  "3": {
    "BLEU_1": 0.11764705881660904,
    "BLEU_2": 0.08574929256605278,
    "ROUGE_L": 0.17110799438990182,
    "CIDEr": 0.0,
    "METEOR": 0.17915185670374334,
    "SPICE": 0.17647058823529413,
    "BLEU_4": 2.4325425696936665e-09
  },
  "4": {
    "BLEU_1": 0.11764705881660904,
    "BLEU_2": 0.08574929256605278,
    "ROUGE_L": 0.17110799438990182,
    "CIDEr": 0.0,
    "METEOR": 0.17915185670374334,
    "SPICE": 0.17647058823529413,
    "BLEU_4": 2.4325425696936665e-09
  },
  "5": {
    "BLEU_1": 0.11764705881660904,
    "BLEU_2": 0.08574929256605278,
    "ROUGE_L": 0.17110799438990182,
    "CIDEr": 0.0,
    "METEOR": 0.17915185670374334,
    "SPICE": 0.17647058823529413,
    "BLEU_4": 2.4325425696936665e-09
  },
  "6": {
    "BLEU_1": 0.11764705881660904,
    "BLEU_2": 0.08574929256605278,
    "ROUGE_L": 0.17110799438990182,
    "CIDEr": 0.0,
    "METEOR": 0.17915185670374334,
    "SPICE": 0.17647058823529413,
    "BLEU_4": 2.4325425696936665e-09
  },
  "7": {
    "BLEU_1": 0.11764705881660904,
    "BLEU_2": 0.08574929256605278,
    "ROUGE_L": 0.17110799438990182,
    "CIDEr": 0.0,
    "METEOR": 0.17915185670374334,
    "SPICE": 0.17647058823529413,
    "BLEU_4": 2.4325425696936665e-09
  },
  "8": {
    "BLEU_1": 0.11764705881660904,
    "BLEU_2": 0.08574929256605278,
    "ROUGE_L": 0.17110799438990182,
    "CIDEr": 0.0,
    "METEOR": 0.17915185670374334,
    "SPICE": 0.17647058823529413,
    "BLEU_4": 2.4325425696936665e-09
  },
  "9": {
    "BLEU_1": 0.19999999999000004,
    "BLEU_2": 0.1450952500145567,
    "ROUGE_L": 0.23223350253807104,
    "CIDEr": 0.0,
    "METEOR": 0.231546651766407,
    "SPICE": 0.17647058823529413,
    "BLEU_4": 1.6195570127653763e-05
  }
}