{
  "0": {
    "BLEU_1": 0.31845836018424906,
    "BLEU_2": 5.340709060276112e-09,
    "ROUGE_L": 0.17604617604617603,
    "CIDEr": 0.0,
    "METEOR": 0.1341719077568134,
    "SPICE": 0.16666666666666669,
    "BLEU_4": 7.684307290898962e-13
  },
  "1": {
    "BLEU_1": 0.22744899733537546,
    "BLEU_2": 4.439349861793635e-09,
    "ROUGE_L": 0.18263473053892215,
    "CIDEr": 0.0,
    "METEOR": 0.11546391752577322,
    "SPICE": 0.08695652173913045,
    "BLEU_4": 7.011416271544406e-13
  },
  "2": {
    "BLEU_1": 0.31845836018424906,
    "BLEU_2": 5.340709060276112e-09,
    "ROUGE_L": 0.26406926406926406,
    "CIDEr": 0.0,
    "METEOR": 0.14115797456401813,
    "SPICE": 0.08333333333333334,
    "BLEU_4": 7.684307290898962e-13
  },
  "3": {
    "BLEU_1": 0.22744899733537546,
    "BLEU_2": 4.439349861793635e-09,
    "ROUGE_L": 0.18263473053892215,
    "CIDEr": 0.0,
    "METEOR": 0.12737868724141524,
    "SPICE": 0.16666666666666669,
    "BLEU_4": 7.011416271544406e-13
  },
  "4": {
    "BLEU_1": 0.32749230116569444,
    "BLEU_2": 5.458205019397917e-09,
    "ROUGE_L": 0.25487465181058494,
    "CIDEr": 0.0,
    "METEOR": 0.11133200795228629,
    "SPICE": 0.15384615384615383,
    "BLEU_4": 7.727668210259047e-13
  },
  "5": {
    "BLEU_1": 0.49805493606340595,
    "BLEU_2": 6.743695713632043e-09,
    "ROUGE_L": 0.24629878869448185,
    "CIDEr": 0.0,
    "METEOR": 0.16000000000000003,
    "SPICE": 0.15384615384615383,
    "BLEU_4": 8.518736806809252e-13
  },
  "6": {
    "BLEU_1": 0.24561922587427085,
    "BLEU_2": 4.726944205862331e-09,
    "ROUGE_L": 0.16991643454039,
    "CIDEr": 0.0,
    "METEOR": 0.10937500000000003,
    "SPICE": 0.16,
    "BLEU_4": 7.191405585995894e-13
  },
  "7": {
    "BLEU_1": 0.32749230116569444,
    "BLEU_2": 5.458205019397917e-09,
    "ROUGE_L": 0.2683284457478006,
    "CIDEr": 0.0,
    "METEOR": 0.15378323108384462,
    "SPICE": 0.24,
    "BLEU_4": 7.727668210259047e-13
  },
  "8": {
    "BLEU_1": 0.20980356832160754,
    "BLEU_2": 4.137382163182817e-09,
    "ROUGE_L": 0.20098846787479407,
    "CIDEr": 0.0,
    "METEOR": 0.14640522875816994,
    "SPICE": 0.27272727272727276,
    "BLEU_4": 6.729768853183309e-13
  },
  "9": {
    "BLEU_1": 0.183939720524408,
    "BLEU_2": 3.678794410426846e-09,
    "ROUGE_L": 0.20962199312714777,
    "CIDEr": 0.0,
    "METEOR": 0.1346153846153846,
    "SPICE": 0.19047619047619044,
    "BLEU_4": 6.25043447067293e-13
  }
}