{
  "0": {
    "BLEU_1": 0.4043537730069712,
    "BLEU_2": 7.003612790685742e-09,
    "ROUGE_L": 0.28773584905660377,
    "CIDEr": 0.0,
    "METEOR": 0.17567567567567566,
    "SPICE": 0.15384615384615383,
    "BLEU_4": 1.1073684133627694e-12
  },
  "1": {
    "BLEU_1": 0.357142857117347,
    "BLEU_2": 0.2344036154518607,
    "ROUGE_L": 0.21889952153110045,
    "CIDEr": 0.0,
    "METEOR": 0.17901438810899045,
    "SPICE": 0.12121212121212123,
    "BLEU_4": 4.516881220590474e-09
  },
  "2": {
    "BLEU_1": 0.555555555432099,
    "BLEU_2": 0.37267799616455977,
    "ROUGE_L": 0.2573839662447257,
    "CIDEr": 0.0,
    "METEOR": 0.19645901189441198,
    "SPICE": 0.07142857142857144,
    "BLEU_4": 7.583235671536399e-09
  },
  "3": {
    "BLEU_1": 0.588235294048443,
    "BLEU_2": 0.33210558203785406,
    "ROUGE_L": 0.3879584481662073,
    "CIDEr": 0.0,
    "METEOR": 0.2436681262875998,
    "SPICE": 0.2285714285714286,
    "BLEU_4": 4.787218651789002e-09
  },
  "4": {
    "BLEU_1": 0.4399999999824001,
    "BLEU_2": 0.2708012801434743,
    "ROUGE_L": 0.3200979534721008,
    "CIDEr": 0.0,
    "METEOR": 0.2421811056269185,
    "SPICE": 0.15384615384615385,
    "BLEU_4": 1.951136832159569e-05
  },
  "5": {
    "BLEU_1": 0.5454545454297521,
    "BLEU_2": 0.36037498506145293,
    "ROUGE_L": 0.36976099757533776,
    "CIDEr": 0.0,
    "METEOR": 0.2857027781523603,
    "SPICE": 0.2162162162162162,
    "BLEU_4": 2.4178614975561836e-05
  },
  "6": {
    "BLEU_1": 0.3846153846005918,
    "BLEU_2": 0.2148344622034018,
    "ROUGE_L": 0.2900158478605389,
    "CIDEr": 0.0,
    "METEOR": 0.2361848746760457,
    "SPICE": 0.15384615384615385,
    "BLEU_4": 3.0238984686568405e-09
  },
  "7": {
    "BLEU_1": 0.3846153846005918,
    "BLEU_2": 0.2148344622034018,
    "ROUGE_L": 0.2900158478605389,
    "CIDEr": 0.0,
    "METEOR": 0.2361848746760457,
    "SPICE": 0.15384615384615385,
    "BLEU_4": 3.0238984686568405e-09
  },
  "8": {
    "BLEU_1": 0.4399999999824001,
    "BLEU_2": 0.3027650353973863,
    "ROUGE_L": 0.34721092860627745,
    "CIDEr": 0.0,
    "METEOR": 0.2737653361682784,
    "SPICE": 0.2105263157894737,
    "BLEU_4": 2.0630760173659833e-05
  },
  "9": {
    "BLEU_1": 0.47058823523875437,
    "BLEU_2": 0.29704426285750996,
    "ROUGE_L": 0.3529411764705882,
    "CIDEr": 0.0,
    "METEOR": 0.22772111852732768,
    "SPICE": 0.24242424242424246,
    "BLEU_4": 4.527471870392944e-09
  }
}