{
  "0": {
    "BLEU_1": 0.22222222219753096,
    "BLEU_2": 5.270462766325093e-09,
    "ROUGE_L": 0.1189083820662768,
    "CIDEr": 0.0,
    "METEOR": 0.11486953954880479,
    "SPICE": 0.05555555555555556,
    "BLEU_4": 9.018037816335524e-13
  },
  "1": {
    "BLEU_1": 0.22222222219753096,
    "BLEU_2": 5.270462766325093e-09,
    "ROUGE_L": 0.17604617604617603,
    "CIDEr": 0.0,
    "METEOR": 0.14002502804845005,
    "SPICE": 0.05555555555555556,
    "BLEU_4": 9.018037816335524e-13
  },
  "2": {
    "BLEU_1": 0.2499999999583334,
    "BLEU_2": 4.7673129454153526e-09,
    "ROUGE_L": 0.15885416666666669,
    "CIDEr": 0.0,
    "METEOR": 0.1363906507128615,
    "SPICE": 0.05263157894736841,
    "BLEU_4": 7.088856800987232e-13
  },
  "3": {
    "BLEU_1": 0.18181818178512404,
    "BLEU_2": 4.2640143263175525e-09,
    "ROUGE_L": 0.108348134991119,
    "CIDEr": 0.0,
    "METEOR": 0.17340952107954805,
    "SPICE": 0.10526315789473682,
    "BLEU_4": 7.088856800859686e-13
  },
  "4": {
    "BLEU_1": 0.15384615382248532,
    "BLEU_2": 3.580574369634832e-09,
    "ROUGE_L": 0.09951060358890701,
    "CIDEr": 0.0,
    "METEOR": 0.14730571198312425,
    "SPICE": 0.1,
    "BLEU_4": 5.842896292824257e-13
  },
  "5": {
    "BLEU_1": 0.15384615382248532,
    "BLEU_2": 3.580574369634832e-09,
    "ROUGE_L": 0.09951060358890701,
    "CIDEr": 0.0,
    "METEOR": 0.14730571198312425,
    "SPICE": 0.1,
    "BLEU_4": 5.842896292824257e-13
  },
  "6": {
    "BLEU_1": 0.15384615382248532,
    "BLEU_2": 3.580574369634832e-09,
    "ROUGE_L": 0.09951060358890701,
    "CIDEr": 0.0,
    "METEOR": 0.14730571198312425,
    "SPICE": 0.1,
    "BLEU_4": 5.842896292824257e-13
  },
  "7": {
    "BLEU_1": 0.15384615382248532,
    "BLEU_2": 3.580574369634832e-09,
    "ROUGE_L": 0.09951060358890701,
    "CIDEr": 0.0,
    "METEOR": 0.14730571198312425,
    "SPICE": 0.05128205128205127,
    "BLEU_4": 5.842896292824257e-13
  },
  "8": {
    "BLEU_1": 0.15384615382248532,
    "BLEU_2": 3.580574369634832e-09,
    "ROUGE_L": 0.09951060358890701,
    "CIDEr": 0.0,
    "METEOR": 0.14730571198312425,
    "SPICE": 0.1,
    "BLEU_4": 5.842896292824257e-13
  },
  "9": {
    "BLEU_1": 0.15384615382248532,
    "BLEU_2": 3.580574369634832e-09,
    "ROUGE_L": 0.09951060358890701,
    "CIDEr": 0.0,
    "METEOR": 0.14730571198312425,
    "SPICE": 0.05128205128205127,
    "BLEU_4": 5.842896292824257e-13
  }
}