{
  "0": {
    "BLEU_1": 0.0919698602468758,
    "BLEU_2": 3.3582644710475053e-09,
    "ROUGE_L": 0.11466165413533834,
    "CIDEr": 0.0,
    "METEOR": 0.10126582278481011,
    "SPICE": 0.06666666666666667,
    "BLEU_4": 9.346579564396796e-13
  },
  "1": {
    "BLEU_1": 0.0919698602468758,
    "BLEU_2": 3.3582644710475053e-09,
    "ROUGE_L": 0.11466165413533834,
    "CIDEr": 0.0,
    "METEOR": 0.10126582278481011,
    "SPICE": 0.06666666666666667,
    "BLEU_4": 9.346579564396796e-13
  },
  "2": {
    "BLEU_1": 0.0919698602468758,
    "BLEU_2": 3.3582644710475053e-09,
    "ROUGE_L": 0.11466165413533834,
    "CIDEr": 0.0,
    "METEOR": 0.10126582278481011,
    "SPICE": 0.06666666666666667,
    "BLEU_4": 9.346579564396796e-13
  },
  "3": {
    "BLEU_1": 0.0919698602468758,
    "BLEU_2": 3.3582644710475053e-09,
    "ROUGE_L": 0.11466165413533834,
    "CIDEr": 0.0,
    "METEOR": 0.10126582278481011,
    "SPICE": 0.06666666666666667,
    "BLEU_4": 9.346579564396796e-13
  },
  "4": {
    "BLEU_1": 0.1194218850558244,
    "BLEU_2": 4.136895448977816e-09,
    "ROUGE_L": 0.10481099656357389,
    "CIDEr": 0.0,
    "METEOR": 0.12200435729847495,
    "SPICE": 0.125,
    "BLEU_4": 9.250379439222845e-13
  },
  "5": {
    "BLEU_1": 0.24767939985785795,
    "BLEU_2": 5.982025825945981e-09,
    "ROUGE_L": 0.13174946004319654,
    "CIDEr": 0.0,
    "METEOR": 0.15238095238095242,
    "SPICE": 0.125,
    "BLEU_4": 1.0768261868323776e-12
  },
  "6": {
    "BLEU_1": 0.24767939985785795,
    "BLEU_2": 5.982025825945981e-09,
    "ROUGE_L": 0.13174946004319654,
    "CIDEr": 0.0,
    "METEOR": 0.12403100775193797,
    "SPICE": 0.12121212121212122,
    "BLEU_4": 1.0768261868323776e-12
  },
  "7": {
    "BLEU_1": 0.27145122535649774,
    "BLEU_2": 5.224081267685234e-09,
    "ROUGE_L": 0.11338289962825278,
    "CIDEr": 0.0,
    "METEOR": 0.13087934560327197,
    "SPICE": 0.16666666666666666,
    "BLEU_4": 7.947732313729421e-13
  },
  "8": {
    "BLEU_1": 0.36363636357024803,
    "BLEU_2": 6.030226890431458e-09,
    "ROUGE_L": 0.216696269982238,
    "CIDEr": 0.0,
    "METEOR": 0.12851405622489961,
    "SPICE": 0.16216216216216217,
    "BLEU_4": 8.430118944817767e-13
  },
  "9": {
    "BLEU_1": 0.24767939985785795,
    "BLEU_2": 5.982025825945981e-09,
    "ROUGE_L": 0.13174946004319654,
    "CIDEr": 0.0,
    "METEOR": 0.13852813852813853,
    "SPICE": 0.125,
    "BLEU_4": 1.0768261868323776e-12
  }
}