{
  "0": {
    "BLEU_1": 0.4444444443456792,
    "BLEU_2": 0.23570226034150096,
    "ROUGE_L": 0.4444444444444444,
    "CIDEr": 0.0,
    "METEOR": 0.22637654749238934,
    "SPICE": 0.20689655172413793,
    "BLEU_4": 6.030725358915047e-09
  },
  "1": {
    "BLEU_1": 0.27777777776234575,
    "BLEU_2": 0.12782749813391808,
    "ROUGE_L": 0.3152454780361757,
    "CIDEr": 0.0,
    "METEOR": 0.21522612643323763,
    "SPICE": 0.06250000000000001,
    "BLEU_4": 2.8724953479163113e-09
  },
  "2": {
    "BLEU_1": 0.3333333332888889,
    "BLEU_2": 0.15430334994115083,
    "ROUGE_L": 0.3490701001430615,
    "CIDEr": 0.0,
    "METEOR": 0.22646928229169033,
    "SPICE": 0.06666666666666667,
    "BLEU_4": 3.5148478308733176e-09
  },
  "3": {
    "BLEU_1": 0.4166666666319445,
    "BLEU_2": 0.19462473602342495,
    "ROUGE_L": 0.39102564102564097,
    "CIDEr": 0.0,
    "METEOR": 0.18941711116710128,
    "SPICE": 0.1818181818181818,
    "BLEU_4": 4.5293761703575315e-09
  },
  "4": {
    "BLEU_1": 0.3333333332888889,
    "BLEU_2": 0.15430334994115083,
    "ROUGE_L": 0.3490701001430615,
    "CIDEr": 0.0,
    "METEOR": 0.22646928229169033,
    "SPICE": 0.06666666666666667,
    "BLEU_4": 3.5148478308733176e-09
  },
  "5": {
    "BLEU_1": 0.4166666666319445,
    "BLEU_2": 0.19462473602342495,
    "ROUGE_L": 0.39102564102564097,
    "CIDEr": 0.0,
    "METEOR": 0.18562876894375926,
    "SPICE": 0.1818181818181818,
    "BLEU_4": 4.5293761703575315e-09
  },
  "6": {
    "BLEU_1": 0.3333333332888889,
    "BLEU_2": 0.15430334994115083,
    "ROUGE_L": 0.3490701001430615,
    "CIDEr": 0.0,
    "METEOR": 0.22646928229169033,
    "SPICE": 0.06666666666666667,
    "BLEU_4": 3.5148478308733176e-09
  },
  "7": {
    "BLEU_1": 0.3749999999765626,
    "BLEU_2": 0.15811388299820756,
    "ROUGE_L": 0.4212707182320442,
    "CIDEr": 0.0,
    "METEOR": 0.2569170330210719,
    "SPICE": 0.1714285714285714,
    "BLEU_4": 3.4234749556315017e-09
  },
  "8": {
    "BLEU_1": 0.3297707380878974,
    "BLEU_2": 0.15349992486851663,
    "ROUGE_L": 0.37596302003081655,
    "CIDEr": 0.0,
    "METEOR": 0.19670238467352827,
    "SPICE": 0.1818181818181818,
    "BLEU_4": 3.542408525844612e-09
  },
  "9": {
    "BLEU_1": 0.3124999999804688,
    "BLEU_2": 0.14433756728808472,
    "ROUGE_L": 0.33701657458563533,
    "CIDEr": 0.0,
    "METEOR": 0.18941711116710128,
    "SPICE": 0.1764705882352941,
    "BLEU_4": 3.2709344706502825e-09
  }
}