{
  "0": {
    "BLEU_1": 0.21470779796016531,
    "BLEU_2": 0.1639857894063383,
    "ROUGE_L": 0.2136602451838879,
    "CIDEr": 0.0,
    "METEOR": 0.09505863920842299,
    "SPICE": 0.07407407407407408,
    "BLEU_4": 5.249325938137114e-09
  },
  "1": {
    "BLEU_1": 0.3999999999600001,
    "BLEU_2": 0.21081851065563903,
    "ROUGE_L": 0.28328173374613,
    "CIDEr": 0.0,
    "METEOR": 0.20204155023987208,
    "SPICE": 0.2,
    "BLEU_4": 5.3077121704368895e-09
  },
  "2": {
    "BLEU_1": 0.42857142854081637,
    "BLEU_2": 0.2567762954875012,
    "ROUGE_L": 0.24530831099195713,
    "CIDEr": 0.0,
    "METEOR": 0.24783778474440185,
    "SPICE": 0.11764705882352941,
    "BLEU_4": 4.727526605930294e-09
  },
  "3": {
    "BLEU_1": 0.42857142854081637,
    "BLEU_2": 0.18156825978717286,
    "ROUGE_L": 0.24530831099195713,
    "CIDEr": 0.0,
    "METEOR": 0.23118614098886833,
    "SPICE": 0.11764705882352941,
    "BLEU_4": 3.975360175943345e-09
  },
  "4": {
    "BLEU_1": 0.3749999999765626,
    "BLEU_2": 0.15811388299820756,
    "ROUGE_L": 0.22989949748743718,
    "CIDEr": 0.0,
    "METEOR": 0.22191809970200943,
    "SPICE": 0.11111111111111112,
    "BLEU_4": 3.4234749556315017e-09
  },
  "5": {
    "BLEU_1": 0.45454545446281003,
    "BLEU_2": 0.2132007163158777,
    "ROUGE_L": 0.2727272727272727,
    "CIDEr": 0.0,
    "METEOR": 0.19772237220624062,
    "SPICE": 0.12903225806451613,
    "BLEU_4": 5.012578714748261e-09
  },
  "6": {
    "BLEU_1": 0.357142857117347,
    "BLEU_2": 0.2344036154518607,
    "ROUGE_L": 0.24530831099195713,
    "CIDEr": 0.0,
    "METEOR": 0.21630212049404465,
    "SPICE": 0.11764705882352941,
    "BLEU_4": 4.516881220590474e-09
  },
  "7": {
    "BLEU_1": 0.45454545446281003,
    "BLEU_2": 0.30151134452157297,
    "ROUGE_L": 0.2727272727272727,
    "CIDEr": 0.0,
    "METEOR": 0.22653262619308734,
    "SPICE": 0.12903225806451613,
    "BLEU_4": 5.960994272089826e-09
  },
  "8": {
    "BLEU_1": 0.3999999999600001,
    "BLEU_2": 0.2981423969685015,
    "ROUGE_L": 0.28328173374613,
    "CIDEr": 0.0,
    "METEOR": 0.23121950811432365,
    "SPICE": 0.13333333333333333,
    "BLEU_4": 6.311969077470083e-09
  },
  "9": {
    "BLEU_1": 0.42857142854081637,
    "BLEU_2": 0.2567762954875012,
    "ROUGE_L": 0.24530831099195713,
    "CIDEr": 0.0,
    "METEOR": 0.24783778474440185,
    "SPICE": 0.11764705882352941,
    "BLEU_4": 4.727526605930294e-09
  }
}