{
  "0": {
    "BLEU_1": 0.4444444443456792,
    "BLEU_2": 7.453559923291195e-09,
    "ROUGE_L": 0.20854700854700853,
    "CIDEr": 0.0,
    "METEOR": 0.11111111111111112,
    "SPICE": 0.18181818181818182,
    "BLEU_4": 1.0724314733358218e-12
  },
  "1": {
    "BLEU_1": 0.5999999998800002,
    "BLEU_2": 8.16496580759891e-09,
    "ROUGE_L": 0.21254355400696867,
    "CIDEr": 0.0,
    "METEOR": 0.13053613053613053,
    "SPICE": 0.12121212121212122,
    "BLEU_4": 1.0445522728425065e-12
  },
  "2": {
    "BLEU_1": 0.21470779796016531,
    "BLEU_2": 5.1856859842473975e-09,
    "ROUGE_L": 0.12224448897795591,
    "CIDEr": 0.0,
    "METEOR": 0.11594202898550726,
    "SPICE": 0.20689655172413793,
    "BLEU_4": 9.334768232372482e-13
  },
  "3": {
    "BLEU_1": 0.39572488570547687,
    "BLEU_2": 5.317393376605523e-09,
    "ROUGE_L": 0.18798151001540828,
    "CIDEr": 0.0,
    "METEOR": 0.10666666666666667,
    "SPICE": 0.16216216216216217,
    "BLEU_4": 6.593165174151401e-13
  },
  "4": {
    "BLEU_1": 0.46553138978550707,
    "BLEU_2": 0.18259643389998073,
    "ROUGE_L": 0.2577464788732394,
    "CIDEr": 0.0,
    "METEOR": 0.17660044150110377,
    "SPICE": 0.2222222222222222,
    "BLEU_4": 3.846733908321009e-09
  },
  "5": {
    "BLEU_1": 0.598540358295652,
    "BLEU_2": 6.547334452790801e-09,
    "ROUGE_L": 0.21889952153110045,
    "CIDEr": 0.0,
    "METEOR": 0.17660044150110377,
    "SPICE": 0.2105263157894737,
    "BLEU_4": 7.284139644445568e-13
  },
  "6": {
    "BLEU_1": 0.46167903332305643,
    "BLEU_2": 5.7434412775353005e-09,
    "ROUGE_L": 0.18798151001540828,
    "CIDEr": 0.0,
    "METEOR": 0.12444444444444445,
    "SPICE": 0.10810810810810811,
    "BLEU_4": 6.852209827007937e-13
  },
  "7": {
    "BLEU_1": 0.20217688650348561,
    "BLEU_2": 4.952302097098729e-09,
    "ROUGE_L": 0.12869198312236285,
    "CIDEr": 0.0,
    "METEOR": 0.11678832116788321,
    "SPICE": 0.2,
    "BLEU_4": 9.311821291619466e-13
  },
  "8": {
    "BLEU_1": 0.5333333332622223,
    "BLEU_2": 6.17213399764603e-09,
    "ROUGE_L": 0.17453505007153075,
    "CIDEr": 0.0,
    "METEOR": 0.17316017316017313,
    "SPICE": 0.2105263157894737,
    "BLEU_4": 7.029695661746634e-13
  },
  "9": {
    "BLEU_1": 0.46167903332305643,
    "BLEU_2": 5.7434412775353005e-09,
    "ROUGE_L": 0.18798151001540828,
    "CIDEr": 0.0,
    "METEOR": 0.17777777777777778,
    "SPICE": 0.2222222222222222,
    "BLEU_4": 6.852209827007937e-13
  }
}