{
  "0": {
    "BLEU_1": 0.23884377011164867,
    "BLEU_2": 5.85045365006396e-09,
    "ROUGE_L": 0.11960784313725491,
    "CIDEr": 0.0,
    "METEOR": 0.06387225548902196,
    "SPICE": 0.06666666666666667,
    "BLEU_4": 1.1000617045598687e-12
  },
  "1": {
    "BLEU_1": 0.30769230766863914,
    "BLEU_2": 5.063696835012589e-09,
    "ROUGE_L": 0.16116248348745044,
    "CIDEr": 0.0,
    "METEOR": 0.08737201365187713,
    "SPICE": 0.10526315789473685,
    "BLEU_4": 6.948413844184121e-13
  },
  "2": {
    "BLEU_1": 0.30769230766863914,
    "BLEU_2": 5.063696835012589e-09,
    "ROUGE_L": 0.16116248348745044,
    "CIDEr": 0.0,
    "METEOR": 0.08695652173913043,
    "SPICE": 0.10526315789473685,
    "BLEU_4": 6.948413844184121e-13
  },
  "3": {
    "BLEU_1": 0.42857142854081637,
    "BLEU_2": 5.7416925172062516e-09,
    "ROUGE_L": 0.18100890207715134,
    "CIDEr": 0.0,
    "METEOR": 0.09982174688057041,
    "SPICE": 0.10256410256410256,
    "BLEU_4": 7.069301148368759e-13
  },
  "4": {
    "BLEU_1": 0.4166666665972223,
    "BLEU_2": 6.1545745479175624e-09,
    "ROUGE_L": 0.18484848484848485,
    "CIDEr": 0.0,
    "METEOR": 0.10200364298724957,
    "SPICE": 0.05405405405405406,
    "BLEU_4": 8.054496383396537e-13
  },
  "5": {
    "BLEU_1": 0.4166666665972223,
    "BLEU_2": 6.1545745479175624e-09,
    "ROUGE_L": 0.18484848484848485,
    "CIDEr": 0.0,
    "METEOR": 0.10313075506445674,
    "SPICE": 0.10810810810810811,
    "BLEU_4": 8.054496383396537e-13
  },
  "6": {
    "BLEU_1": 0.4166666665972223,
    "BLEU_2": 6.1545745479175624e-09,
    "ROUGE_L": 0.18484848484848485,
    "CIDEr": 0.0,
    "METEOR": 0.10313075506445674,
    "SPICE": 0.10810810810810811,
    "BLEU_4": 8.054496383396537e-13
  },
  "7": {
    "BLEU_1": 0.357142857117347,
    "BLEU_2": 5.241424183220805e-09,
    "ROUGE_L": 0.17183098591549298,
    "CIDEr": 0.0,
    "METEOR": 0.09982174688057041,
    "SPICE": 0.10256410256410256,
    "BLEU_4": 6.754312828130983e-13
  },
  "8": {
    "BLEU_1": 0.33333333327777787,
    "BLEU_2": 5.5048188246934825e-09,
    "ROUGE_L": 0.16666666666666666,
    "CIDEr": 0.0,
    "METEOR": 0.08782161234991424,
    "SPICE": 0.05405405405405406,
    "BLEU_4": 7.617472369343701e-13
  },
  "9": {
    "BLEU_1": 0.2499999999583334,
    "BLEU_2": 4.7673129454153526e-09,
    "ROUGE_L": 0.16666666666666666,
    "CIDEr": 0.0,
    "METEOR": 0.0869269949066214,
    "SPICE": 0.05405405405405406,
    "BLEU_4": 7.088856800987232e-13
  }
}