{
  "0": {
    "BLEU_1": 0.3749999999062502,
    "BLEU_2": 7.319250545218839e-09,
    "ROUGE_L": 0.21785714285714283,
    "CIDEr": 0.0,
    "METEOR": 0.1807909604519774,
    "SPICE": 0.125,
    "BLEU_4": 1.1559871144628244e-12
  },
  "1": {
    "BLEU_1": 0.1538461538343196,
    "BLEU_2": 3.5805743699102604e-09,
    "ROUGE_L": 0.1781021897810219,
    "CIDEr": 0.0,
    "METEOR": 0.1276595744680851,
    "SPICE": 0.10810810810810811,
    "BLEU_4": 5.84289629327371e-13
  },
  "2": {
    "BLEU_1": 0.23076923075147937,
    "BLEU_2": 4.385290096183762e-09,
    "ROUGE_L": 0.1781021897810219,
    "CIDEr": 0.0,
    "METEOR": 0.1093394077448747,
    "SPICE": 0.1111111111111111,
    "BLEU_4": 6.466227686450042e-13
  },
  "3": {
    "BLEU_1": 0.388888888867284,
    "BLEU_2": 0.15124753548685535,
    "ROUGE_L": 0.3012345679012346,
    "CIDEr": 0.0,
    "METEOR": 0.16676941309277396,
    "SPICE": 0.15384615384615385,
    "BLEU_4": 3.124577800966808e-09
  },
  "4": {
    "BLEU_1": 0.34999999998250003,
    "BLEU_2": 0.13572417850069451,
    "ROUGE_L": 0.2837209302325582,
    "CIDEr": 0.0,
    "METEOR": 0.1604893933528787,
    "SPICE": 0.15384615384615385,
    "BLEU_4": 2.785468517213771e-09
  },
  "5": {
    "BLEU_1": 0.3157894736675901,
    "BLEU_2": 0.1324532356993396,
    "ROUGE_L": 0.29221556886227545,
    "CIDEr": 0.0,
    "METEOR": 0.14421538236110065,
    "SPICE": 0.15,
    "BLEU_4": 2.833929617442683e-09
  },
  "6": {
    "BLEU_1": 0.17647058822491354,
    "BLEU_2": 3.3210558205738968e-09,
    "ROUGE_L": 0.15541401273885352,
    "CIDEr": 0.0,
    "METEOR": 0.1212121212121212,
    "SPICE": 0.10526315789473685,
    "BLEU_4": 4.787218652070603e-13
  },
  "7": {
    "BLEU_1": 0.18749999998828132,
    "BLEU_2": 3.535533905704402e-09,
    "ROUGE_L": 0.16052631578947368,
    "CIDEr": 0.0,
    "METEOR": 0.12307692307692307,
    "SPICE": 0.10256410256410255,
    "BLEU_4": 5.119289102444937e-13
  },
  "8": {
    "BLEU_1": 0.19999999998666673,
    "BLEU_2": 3.7796447298312975e-09,
    "ROUGE_L": 0.1659863945578231,
    "CIDEr": 0.0,
    "METEOR": 0.125,
    "SPICE": 0.10526315789473685,
    "BLEU_4": 5.501034141770605e-13
  },
  "9": {
    "BLEU_1": 0.23529411763321803,
    "BLEU_2": 3.834824944004226e-09,
    "ROUGE_L": 0.15541401273885352,
    "CIDEr": 0.0,
    "METEOR": 0.13041749502982106,
    "SPICE": 0.10526315789473685,
    "BLEU_4": 5.144201220579896e-13
  }
}