{
  "0": {
    "BLEU_1": 0.32206169694024794,
    "BLEU_2": 0.20084075455651398,
    "ROUGE_L": 0.3667334669338677,
    "CIDEr": 0.0,
    "METEOR": 0.19145796561898432,
    "SPICE": 0.0,
    "BLEU_4": 5.809334106350273e-09
  },
  "1": {
    "BLEU_1": 0.32206169694024794,
    "BLEU_2": 0.20084075455651398,
    "ROUGE_L": 0.24448897795591182,
    "CIDEr": 0.0,
    "METEOR": 0.136477046292093,
    "SPICE": 0.0,
    "BLEU_4": 5.809334106350273e-09
  },
  "2": {
    "BLEU_1": 0.357142857117347,
    "BLEU_2": 5.241424183220805e-09,
    "ROUGE_L": 0.15601023017902813,
    "CIDEr": 0.0,
    "METEOR": 0.08854961832061069,
    "SPICE": 0.0851063829787234,
    "BLEU_4": 6.754312828130983e-13
  },
  "3": {
    "BLEU_1": 0.33093633838648934,
    "BLEU_2": 6.459215935396237e-09,
    "ROUGE_L": 0.232824427480916,
    "CIDEr": 0.0,
    "METEOR": 0.16783216783216784,
    "SPICE": 0.05,
    "BLEU_4": 1.0201550479411466e-12
  },
  "4": {
    "BLEU_1": 0.3999999999600001,
    "BLEU_2": 0.2981423969685015,
    "ROUGE_L": 0.42508710801393734,
    "CIDEr": 0.0,
    "METEOR": 0.25646693262943654,
    "SPICE": 0.09523809523809523,
    "BLEU_4": 6.311969077470083e-09
  },
  "5": {
    "BLEU_1": 0.33093633838648934,
    "BLEU_2": 0.2042583425470713,
    "ROUGE_L": 0.34923664122137404,
    "CIDEr": 0.0,
    "METEOR": 0.18744136494166297,
    "SPICE": 0.0,
    "BLEU_4": 5.736753415588487e-09
  },
  "6": {
    "BLEU_1": 0.22062422559099293,
    "BLEU_2": 5.273927726724911e-09,
    "ROUGE_L": 0.232824427480916,
    "CIDEr": 0.0,
    "METEOR": 0.11188811188811187,
    "SPICE": 0.0,
    "BLEU_4": 9.218141453123176e-13
  },
  "7": {
    "BLEU_1": 0.4043537730069712,
    "BLEU_2": 0.22147368268455053,
    "ROUGE_L": 0.3860759493670886,
    "CIDEr": 0.0,
    "METEOR": 0.19565047581502049,
    "SPICE": 0.05263157894736842,
    "BLEU_4": 6.227190210443543e-09
  },
  "8": {
    "BLEU_1": 0.09999999999000012,
    "BLEU_2": 3.333333332981484e-09,
    "ROUGE_L": 0.10627177700348434,
    "CIDEr": 0.0,
    "METEOR": 0.07456310679611651,
    "SPICE": 0.0,
    "BLEU_4": 6.674094718242315e-13
  },
  "9": {
    "BLEU_1": 0.32206169694024794,
    "BLEU_2": 0.20084075455651398,
    "ROUGE_L": 0.3667334669338677,
    "CIDEr": 0.0,
    "METEOR": 0.19145796561898432,
    "SPICE": 0.0,
    "BLEU_4": 5.809334106350273e-09
  }
}