{
  "0": {
    "BLEU_1": 0.4999999999000002,
    "BLEU_2": 0.23570226034706615,
    "ROUGE_L": 0.28328173374613,
    "CIDEr": 0.0,
    "METEOR": 0.12299219665902378,
    "SPICE": 0.07142857142857144,
    "BLEU_4": 5.612222323072491e-09
  },
  "1": {
    "BLEU_1": 0.30769230766863914,
    "BLEU_2": 0.16012815379225645,
    "ROUGE_L": 0.18798151001540828,
    "CIDEr": 0.0,
    "METEOR": 0.135193140739117,
    "SPICE": 0.06666666666666667,
    "BLEU_4": 3.9073802491094676e-09
  },
  "2": {
    "BLEU_1": 0.357142857117347,
    "BLEU_2": 0.16574838602065456,
    "ROUGE_L": 0.271513353115727,
    "CIDEr": 0.0,
    "METEOR": 0.10123242283277385,
    "SPICE": 0.06451612903225806,
    "BLEU_4": 3.7982292265213524e-09
  },
  "3": {
    "BLEU_1": 0.38461538458579886,
    "BLEU_2": 0.17902871849551308,
    "ROUGE_L": 0.2819722650231125,
    "CIDEr": 0.0,
    "METEOR": 0.10541675299803045,
    "SPICE": 0.06666666666666667,
    "BLEU_4": 4.131551590743584e-09
  },
  "4": {
    "BLEU_1": 0.38461538458579886,
    "BLEU_2": 0.17902871849551308,
    "ROUGE_L": 0.2819722650231125,
    "CIDEr": 0.0,
    "METEOR": 0.10541675299803045,
    "SPICE": 0.06666666666666667,
    "BLEU_4": 4.131551590743584e-09
  },
  "5": {
    "BLEU_1": 0.38461538458579886,
    "BLEU_2": 0.17902871849551308,
    "ROUGE_L": 0.2819722650231125,
    "CIDEr": 0.0,
    "METEOR": 0.10541675299803045,
    "SPICE": 0.06666666666666667,
    "BLEU_4": 4.131551590743584e-09
  },
  "6": {
    "BLEU_1": 0.38461538458579886,
    "BLEU_2": 0.17902871849551308,
    "ROUGE_L": 0.2819722650231125,
    "CIDEr": 0.0,
    "METEOR": 0.10398251146064229,
    "SPICE": 0.06666666666666667,
    "BLEU_4": 4.131551590743584e-09
  },
  "7": {
    "BLEU_1": 0.38461538458579886,
    "BLEU_2": 0.17902871849551308,
    "ROUGE_L": 0.2819722650231125,
    "CIDEr": 0.0,
    "METEOR": 0.10398251146064229,
    "SPICE": 0.06666666666666667,
    "BLEU_4": 4.131551590743584e-09
  },
  "8": {
    "BLEU_1": 0.38461538458579886,
    "BLEU_2": 0.17902871849551308,
    "ROUGE_L": 0.2819722650231125,
    "CIDEr": 0.0,
    "METEOR": 0.10398251146064229,
    "SPICE": 0.06666666666666667,
    "BLEU_4": 4.131551590743584e-09
  },
  "9": {
    "BLEU_1": 0.38461538458579886,
    "BLEU_2": 0.17902871849551308,
    "ROUGE_L": 0.2819722650231125,
    "CIDEr": 0.0,
    "METEOR": 0.10398251146064229,
    "SPICE": 0.06666666666666667,
    "BLEU_4": 4.131551590743584e-09
  }
}