{
  "0": {
    "BLEU_1": 0.3333333332592594,
    "BLEU_2": 0.20412414518515326,
    "ROUGE_L": 0.19741100323624597,
    "CIDEr": 0.0,
    "METEOR": 0.17321100917431195,
    "SPICE": 0.0625,
    "BLEU_4": 5.612222322916596e-09
  },
  "1": {
    "BLEU_1": 0.36363636357024803,
    "BLEU_2": 0.26967994493503844,
    "ROUGE_L": 0.24629878869448185,
    "CIDEr": 0.0,
    "METEOR": 0.1573675111517455,
    "SPICE": 0.10526315789473684,
    "BLEU_4": 5.637560314144947e-09
  },
  "2": {
    "BLEU_1": 0.555555555432099,
    "BLEU_2": 0.26352313828697443,
    "ROUGE_L": 0.2222222222222222,
    "CIDEr": 0.0,
    "METEOR": 0.19294990723562155,
    "SPICE": 0.16666666666666666,
    "BLEU_4": 6.376715692219053e-09
  },
  "3": {
    "BLEU_1": 0.46153846146745575,
    "BLEU_2": 0.19611613510738388,
    "ROUGE_L": 0.23076923076923084,
    "CIDEr": 0.0,
    "METEOR": 0.22735346358792186,
    "SPICE": 0.2,
    "BLEU_4": 4.324227074750954e-09
  },
  "4": {
    "BLEU_1": 0.27272727267768604,
    "BLEU_2": 0.1651445647381773,
    "ROUGE_L": 0.1641991924629879,
    "CIDEr": 0.0,
    "METEOR": 0.14519056261343014,
    "SPICE": 0.10810810810810811,
    "BLEU_4": 4.4116293584506874e-09
  },
  "5": {
    "BLEU_1": 0.5833333332847223,
    "BLEU_2": 0.32566947361109216,
    "ROUGE_L": 0.3446327683615819,
    "CIDEr": 0.0,
    "METEOR": 0.2512250631033602,
    "SPICE": 0.21052631578947367,
    "BLEU_4": 5.859059369587253e-09
  },
  "6": {
    "BLEU_1": 0.5367694949004131,
    "BLEU_2": 8.199289470316909e-09,
    "ROUGE_L": 0.27685325264750377,
    "CIDEr": 0.0,
    "METEOR": 0.16828098816945414,
    "SPICE": 0.11764705882352941,
    "BLEU_4": 1.1737849633727441e-12
  },
  "7": {
    "BLEU_1": 0.4999999999583334,
    "BLEU_2": 0.21320071633703627,
    "ROUGE_L": 0.23828125000000006,
    "CIDEr": 0.0,
    "METEOR": 0.22857142857142856,
    "SPICE": 0.21052631578947367,
    "BLEU_4": 4.740604259421436e-09
  },
  "8": {
    "BLEU_1": 0.5999999999400001,
    "BLEU_2": 8.164965808415404e-09,
    "ROUGE_L": 0.24864130434782605,
    "CIDEr": 0.0,
    "METEOR": 0.1897810218978102,
    "SPICE": 0.1111111111111111,
    "BLEU_4": 1.0445522729469615e-12
  },
  "9": {
    "BLEU_1": 0.46153846146745575,
    "BLEU_2": 6.201736728486434e-09,
    "ROUGE_L": 0.23076923076923084,
    "CIDEr": 0.0,
    "METEOR": 0.2352941176470588,
    "SPICE": 0.15384615384615383,
    "BLEU_4": 7.689683971362461e-13
  }
}