{
  "0": {
    "BLEU_1": 0.07162619917923453,
    "BLEU_2": 2.615418999812674e-09,
    "ROUGE_L": 0.14386792452830188,
    "CIDEr": 0.0,
    "METEOR": 0.023809523809523808,
    "SPICE": 0.0,
    "BLEU_4": 7.279123483791415e-13
  },
  "1": {
    "BLEU_1": 0.045111761048796474,
    "BLEU_2": 1.7471709924551733e-09,
    "ROUGE_L": 0.15288220551378442,
    "CIDEr": 0.0,
    "METEOR": 0.09785932721712537,
    "SPICE": 0.06896551724137931,
    "BLEU_4": 8.647154591679328e-11
  },
  "2": {
    "BLEU_1": 0.32206169694024794,
    "BLEU_2": 6.3511423138542446e-09,
    "ROUGE_L": 0.24448897795591182,
    "CIDEr": 0.0,
    "METEOR": 0.1792717086834734,
    "SPICE": 0.18181818181818182,
    "BLEU_4": 1.0330619227359553e-12
  },
  "3": {
    "BLEU_1": 0.17973158557499613,
    "BLEU_2": 4.493289639262571e-09,
    "ROUGE_L": 0.2717149220489978,
    "CIDEr": 0.0,
    "METEOR": 0.16231884057971016,
    "SPICE": 0.1935483870967742,
    "BLEU_4": 9.078761382262807e-13
  },
  "4": {
    "BLEU_1": 0.17973158557499613,
    "BLEU_2": 4.493289639262571e-09,
    "ROUGE_L": 0.2717149220489978,
    "CIDEr": 0.0,
    "METEOR": 0.16231884057971016,
    "SPICE": 0.1935483870967742,
    "BLEU_4": 9.078761382262807e-13
  },
  "5": {
    "BLEU_1": 0.17973158557499613,
    "BLEU_2": 4.493289639262571e-09,
    "ROUGE_L": 0.2717149220489978,
    "CIDEr": 0.0,
    "METEOR": 0.16231884057971016,
    "SPICE": 0.1935483870967742,
    "BLEU_4": 9.078761382262807e-13
  },
  "6": {
    "BLEU_1": 0.17973158557499613,
    "BLEU_2": 4.493289639262571e-09,
    "ROUGE_L": 0.2717149220489978,
    "CIDEr": 0.0,
    "METEOR": 0.16231884057971016,
    "SPICE": 0.1935483870967742,
    "BLEU_4": 9.078761382262807e-13
  },
  "7": {
    "BLEU_1": 0.17973158557499613,
    "BLEU_2": 4.493289639262571e-09,
    "ROUGE_L": 0.2717149220489978,
    "CIDEr": 0.0,
    "METEOR": 0.16231884057971016,
    "SPICE": 0.1935483870967742,
    "BLEU_4": 9.078761382262807e-13
  },
  "8": {
    "BLEU_1": 0.17973158557499613,
    "BLEU_2": 4.493289639262571e-09,
    "ROUGE_L": 0.2717149220489978,
    "CIDEr": 0.0,
    "METEOR": 0.16231884057971016,
    "SPICE": 0.1935483870967742,
    "BLEU_4": 9.078761382262807e-13
  },
  "9": {
    "BLEU_1": 0.17973158557499613,
    "BLEU_2": 4.493289639262571e-09,
    "ROUGE_L": 0.2717149220489978,
    "CIDEr": 0.0,
    "METEOR": 0.16231884057971016,
    "SPICE": 0.1935483870967742,
    "BLEU_4": 9.078761382262807e-13
  }
}