{
  "0": {
    "BLEU_1": 0.3333333332592594,
    "BLEU_2": 6.454972242199766e-09,
    "ROUGE_L": 0.19645732689210954,
    "CIDEr": 0.0,
    "METEOR": 0.15577509663597913,
    "SPICE": 0.13793103448275862,
    "BLEU_4": 9.980099401403394e-13
  },
  "1": {
    "BLEU_1": 0.36363636357024803,
    "BLEU_2": 6.030226890431458e-09,
    "ROUGE_L": 0.1921259842519685,
    "CIDEr": 0.0,
    "METEOR": 0.19888082642778213,
    "SPICE": 0.12903225806451613,
    "BLEU_4": 8.430118944817767e-13
  },
  "2": {
    "BLEU_1": 0.4444444443456792,
    "BLEU_2": 7.453559923291195e-09,
    "ROUGE_L": 0.20854700854700853,
    "CIDEr": 0.0,
    "METEOR": 0.2054669048152405,
    "SPICE": 0.13793103448275862,
    "BLEU_4": 1.0724314733358218e-12
  },
  "3": {
    "BLEU_1": 0.33333333327777787,
    "BLEU_2": 5.5048188246934825e-09,
    "ROUGE_L": 0.18484848484848485,
    "CIDEr": 0.0,
    "METEOR": 0.19421184659880572,
    "SPICE": 0.12903225806451613,
    "BLEU_4": 7.617472369343701e-13
  },
  "4": {
    "BLEU_1": 0.28571428569387763,
    "BLEU_2": 4.688072309037213e-09,
    "ROUGE_L": 0.17183098591549298,
    "CIDEr": 0.0,
    "METEOR": 0.18550205425620006,
    "SPICE": 0.12121212121212123,
    "BLEU_4": 6.387834681787387e-13
  },
  "5": {
    "BLEU_1": 0.33333333327777787,
    "BLEU_2": 5.5048188246934825e-09,
    "ROUGE_L": 0.18484848484848485,
    "CIDEr": 0.0,
    "METEOR": 0.19121910579053047,
    "SPICE": 0.125,
    "BLEU_4": 7.617472369343701e-13
  },
  "6": {
    "BLEU_1": 0.3999999999200002,
    "BLEU_2": 6.666666665296299e-09,
    "ROUGE_L": 0.2,
    "CIDEr": 0.0,
    "METEOR": 0.20048744285038933,
    "SPICE": 0.13333333333333333,
    "BLEU_4": 9.438595266157062e-13
  },
  "7": {
    "BLEU_1": 0.2105263157783934,
    "BLEU_2": 3.4199278400988515e-09,
    "ROUGE_L": 0.14610778443113773,
    "CIDEr": 0.0,
    "METEOR": 0.16792946445373683,
    "SPICE": 0.1,
    "BLEU_4": 4.553719183884792e-13
  },
  "8": {
    "BLEU_1": 0.23529411763321803,
    "BLEU_2": 3.834824944004226e-09,
    "ROUGE_L": 0.15541401273885352,
    "CIDEr": 0.0,
    "METEOR": 0.147239263803681,
    "SPICE": 0.10256410256410256,
    "BLEU_4": 5.144201220579896e-13
  },
  "9": {
    "BLEU_1": 0.2499999999583334,
    "BLEU_2": 4.7673129454153526e-09,
    "ROUGE_L": 0.18484848484848485,
    "CIDEr": 0.0,
    "METEOR": 0.14048875537730826,
    "SPICE": 0.125,
    "BLEU_4": 7.088856800987232e-13
  }
}