{
  "0": {
    "BLEU_1": 0.4953587997157158,
    "BLEU_2": 8.459862053518921e-09,
    "ROUGE_L": 0.2136602451838879,
    "CIDEr": 0.0,
    "METEOR": 0.1487603305785124,
    "SPICE": 0.16666666666666663,
    "BLEU_4": 1.2805693630023128e-12
  },
  "1": {
    "BLEU_1": 0.38461538458579886,
    "BLEU_2": 5.661385170269343e-09,
    "ROUGE_L": 0.2538141470180305,
    "CIDEr": 0.0,
    "METEOR": 0.13533834586466165,
    "SPICE": 0.09523809523809525,
    "BLEU_4": 7.347053125332871e-13
  },
  "2": {
    "BLEU_1": 0.4999999999500001,
    "BLEU_2": 7.453559924212536e-09,
    "ROUGE_L": 0.2683284457478006,
    "CIDEr": 0.0,
    "METEOR": 0.1519087723221307,
    "SPICE": 0.15789473684210528,
    "BLEU_4": 9.98009940267863e-13
  },
  "3": {
    "BLEU_1": 0.4999999999583334,
    "BLEU_2": 0.21320071633703627,
    "ROUGE_L": 0.29047619047619044,
    "CIDEr": 0.0,
    "METEOR": 0.1835564053537285,
    "SPICE": 0.10256410256410257,
    "BLEU_4": 4.740604259421436e-09
  },
  "4": {
    "BLEU_1": 0.5384615384201185,
    "BLEU_2": 6.698641270034088e-09,
    "ROUGE_L": 0.2538141470180305,
    "CIDEr": 0.0,
    "METEOR": 0.1901433823752287,
    "SPICE": 0.14634146341463414,
    "BLEU_4": 7.991810714190136e-13
  },
  "5": {
    "BLEU_1": 0.3999999999600001,
    "BLEU_2": 6.666666665962964e-09,
    "ROUGE_L": 0.18885448916408668,
    "CIDEr": 0.0,
    "METEOR": 0.12989820428978893,
    "SPICE": 0.05128205128205129,
    "BLEU_4": 9.43859526710092e-13
  },
  "6": {
    "BLEU_1": 0.4166666666319445,
    "BLEU_2": 6.154574548430443e-09,
    "ROUGE_L": 0.17528735632183906,
    "CIDEr": 0.0,
    "METEOR": 0.12237093690248567,
    "SPICE": 0.04878048780487805,
    "BLEU_4": 8.054496384067745e-13
  },
  "7": {
    "BLEU_1": 0.36363636357024803,
    "BLEU_2": 6.030226890431458e-09,
    "ROUGE_L": 0.14336075205640422,
    "CIDEr": 0.0,
    "METEOR": 0.0933852140077821,
    "SPICE": 0.05,
    "BLEU_4": 8.430118944817767e-13
  },
  "8": {
    "BLEU_1": 0.33333333330555565,
    "BLEU_2": 5.504818825152218e-09,
    "ROUGE_L": 0.13926940639269406,
    "CIDEr": 0.0,
    "METEOR": 0.09177820267686425,
    "SPICE": 0.04878048780487805,
    "BLEU_4": 7.61747236997849e-13
  },
  "9": {
    "BLEU_1": 0.4166666666319445,
    "BLEU_2": 0.19462473602342495,
    "ROUGE_L": 0.23921568627450981,
    "CIDEr": 0.0,
    "METEOR": 0.12804223947183688,
    "SPICE": 0.05,
    "BLEU_4": 4.5293761703575315e-09
  }
}