{
  "0": {
    "BLEU_1": 0.6191984996446447,
    "BLEU_2": 0.2991012912972992,
    "ROUGE_L": 0.22803738317757008,
    "CIDEr": 0.0,
    "METEOR": 0.14092594735361622,
    "SPICE": 0.14285714285714288,
    "BLEU_4": 7.614310988684265e-09
  },
  "1": {
    "BLEU_1": 0.555555555432099,
    "BLEU_2": 0.26352313828697443,
    "ROUGE_L": 0.20854700854700853,
    "CIDEr": 0.0,
    "METEOR": 0.17382694673578342,
    "SPICE": 0.13636363636363638,
    "BLEU_4": 6.376715692219053e-09
  },
  "2": {
    "BLEU_1": 0.4166666666319445,
    "BLEU_2": 0.19462473602342495,
    "ROUGE_L": 0.18484848484848485,
    "CIDEr": 0.0,
    "METEOR": 0.14778716147150875,
    "SPICE": 0.12765957446808512,
    "BLEU_4": 4.5293761703575315e-09
  },
  "3": {
    "BLEU_1": 0.545454545355372,
    "BLEU_2": 0.23354968320493186,
    "ROUGE_L": 0.22453987730061348,
    "CIDEr": 0.0,
    "METEOR": 0.2047034852530021,
    "SPICE": 0.17777777777777778,
    "BLEU_4": 5.246341021824447e-09
  },
  "4": {
    "BLEU_1": 0.4117647058581315,
    "BLEU_2": 0.16042223697020558,
    "ROUGE_L": 0.21353558926487748,
    "CIDEr": 0.0,
    "METEOR": 0.21906465578179046,
    "SPICE": 0.18867924528301885,
    "BLEU_4": 3.3271889137551674e-09
  },
  "5": {
    "BLEU_1": 0.4999999999375001,
    "BLEU_2": 0.18257418581185333,
    "ROUGE_L": 0.25,
    "CIDEr": 0.0,
    "METEOR": 0.19610260415558847,
    "SPICE": 0.15384615384615385,
    "BLEU_4": 3.6787632494426234e-09
  },
  "6": {
    "BLEU_1": 0.43343894981317116,
    "BLEU_2": 0.17000874331095792,
    "ROUGE_L": 0.20561797752808988,
    "CIDEr": 0.0,
    "METEOR": 0.16042780748663105,
    "SPICE": 0.16,
    "BLEU_4": 3.5815507654630784e-09
  },
  "7": {
    "BLEU_1": 0.3749999999062502,
    "BLEU_2": 7.319250545218839e-09,
    "ROUGE_L": 0.15721649484536082,
    "CIDEr": 0.0,
    "METEOR": 0.15864022662889518,
    "SPICE": 0.13333333333333333,
    "BLEU_4": 1.1559871144628244e-12
  },
  "8": {
    "BLEU_1": 0.5833333332847223,
    "BLEU_2": 0.32566947361109216,
    "ROUGE_L": 0.25,
    "CIDEr": 0.0,
    "METEOR": 0.14487090682637838,
    "SPICE": 0.0851063829787234,
    "BLEU_4": 5.859059369587253e-09
  },
  "9": {
    "BLEU_1": 0.636363636247934,
    "BLEU_2": 0.35675303393985225,
    "ROUGE_L": 0.28818897637795277,
    "CIDEr": 0.0,
    "METEOR": 0.1402999714613338,
    "SPICE": 0.13043478260869568,
    "BLEU_4": 6.48411507011597e-09
  }
}