{
  "0": {
    "BLEU_1": 0.3527007186456392,
    "BLEU_2": 0.16474628224176033,
    "ROUGE_L": 0.2932692307692307,
    "CIDEr": 0.0,
    "METEOR": 0.20059661106245347,
    "SPICE": 0.2702702702702703,
    "BLEU_4": 3.834034153043184e-09
  },
  "1": {
    "BLEU_1": 0.423240862374767,
    "BLEU_2": 0.18047051009784978,
    "ROUGE_L": 0.3112244897959184,
    "CIDEr": 0.0,
    "METEOR": 0.1836835560527234,
    "SPICE": 0.2702702702702703,
    "BLEU_4": 4.012834870204447e-09
  },
  "2": {
    "BLEU_1": 0.423240862374767,
    "BLEU_2": 0.18047051009784978,
    "ROUGE_L": 0.3112244897959184,
    "CIDEr": 0.0,
    "METEOR": 0.1836835560527234,
    "SPICE": 0.2702702702702703,
    "BLEU_4": 4.012834870204447e-09
  },
  "3": {
    "BLEU_1": 0.423240862374767,
    "BLEU_2": 0.18047051009784978,
    "ROUGE_L": 0.3112244897959184,
    "CIDEr": 0.0,
    "METEOR": 0.1836835560527234,
    "SPICE": 0.2702702702702703,
    "BLEU_4": 4.012834870204447e-09
  },
  "4": {
    "BLEU_1": 0.423240862374767,
    "BLEU_2": 0.18047051009784978,
    "ROUGE_L": 0.3112244897959184,
    "CIDEr": 0.0,
    "METEOR": 0.1836835560527234,
    "SPICE": 0.2702702702702703,
    "BLEU_4": 4.012834870204447e-09
  },
  "5": {
    "BLEU_1": 0.423240862374767,
    "BLEU_2": 0.18047051009784978,
    "ROUGE_L": 0.3112244897959184,
    "CIDEr": 0.0,
    "METEOR": 0.1836835560527234,
    "SPICE": 0.2702702702702703,
    "BLEU_4": 4.012834870204447e-09
  },
  "6": {
    "BLEU_1": 0.423240862374767,
    "BLEU_2": 0.18047051009784978,
    "ROUGE_L": 0.3112244897959184,
    "CIDEr": 0.0,
    "METEOR": 0.1836835560527234,
    "SPICE": 0.2702702702702703,
    "BLEU_4": 4.012834870204447e-09
  },
  "7": {
    "BLEU_1": 0.423240862374767,
    "BLEU_2": 0.18047051009784978,
    "ROUGE_L": 0.3112244897959184,
    "CIDEr": 0.0,
    "METEOR": 0.1836835560527234,
    "SPICE": 0.2702702702702703,
    "BLEU_4": 4.012834870204447e-09
  },
  "8": {
    "BLEU_1": 0.35294117644982703,
    "BLEU_2": 0.14852213143749163,
    "ROUGE_L": 0.2566619915848527,
    "CIDEr": 0.0,
    "METEOR": 0.17207137722180413,
    "SPICE": 0.24390243902439027,
    "BLEU_4": 3.2014060613745118e-09
  },
  "9": {
    "BLEU_1": 0.3749999999765626,
    "BLEU_2": 0.15811388299820756,
    "ROUGE_L": 0.2659883720930233,
    "CIDEr": 0.0,
    "METEOR": 0.17509017331341473,
    "SPICE": 0.24390243902439027,
    "BLEU_4": 3.4234749556315017e-09
  }
}