{
  "0": {
    "BLEU_1": 0.4444444443456792,
    "BLEU_2": 7.453559923291195e-09,
    "ROUGE_L": 0.3333333333333333,
    "CIDEr": 0.0,
    "METEOR": 0.21538461538461542,
    "SPICE": 0.0625,
    "BLEU_4": 1.0724314733358218e-12
  },
  "1": {
    "BLEU_1": 0.36363636357024803,
    "BLEU_2": 6.030226890431458e-09,
    "ROUGE_L": 0.3055091819699499,
    "CIDEr": 0.0,
    "METEOR": 0.20363636363636367,
    "SPICE": 0.058823529411764705,
    "BLEU_4": 8.430118944817767e-13
  },
  "2": {
    "BLEU_1": 0.357142857117347,
    "BLEU_2": 5.241424183220805e-09,
    "ROUGE_L": 0.3270777479892761,
    "CIDEr": 0.0,
    "METEOR": 0.1914529914529915,
    "SPICE": 0.10810810810810811,
    "BLEU_4": 6.754312828130983e-13
  },
  "3": {
    "BLEU_1": 0.3999999999733334,
    "BLEU_2": 0.16903085093403225,
    "ROUGE_L": 0.3164721141374838,
    "CIDEr": 0.0,
    "METEOR": 0.24366637196434662,
    "SPICE": 0.05714285714285715,
    "BLEU_4": 3.6787632496533857e-09
  },
  "4": {
    "BLEU_1": 0.2999999999700001,
    "BLEU_2": 5.773502691286834e-09,
    "ROUGE_L": 0.18885448916408668,
    "CIDEr": 0.0,
    "METEOR": 0.1212121212121212,
    "SPICE": 0.05714285714285715,
    "BLEU_4": 8.783602618662196e-13
  },
  "5": {
    "BLEU_1": 0.3333333332592594,
    "BLEU_2": 6.454972242199766e-09,
    "ROUGE_L": 0.1111111111111111,
    "CIDEr": 0.0,
    "METEOR": 0.12232415902140673,
    "SPICE": 0.0,
    "BLEU_4": 9.980099401403394e-13
  },
  "6": {
    "BLEU_1": 0.3749999999062502,
    "BLEU_2": 7.319250545218839e-09,
    "ROUGE_L": 0.116412213740458,
    "CIDEr": 0.0,
    "METEOR": 0.12578616352201255,
    "SPICE": 0.0,
    "BLEU_4": 1.1559871144628244e-12
  },
  "7": {
    "BLEU_1": 0.3333333332592594,
    "BLEU_2": 6.454972242199766e-09,
    "ROUGE_L": 0.2222222222222222,
    "CIDEr": 0.0,
    "METEOR": 0.1391698607822316,
    "SPICE": 0.058823529411764705,
    "BLEU_4": 9.980099401403394e-13
  },
  "8": {
    "BLEU_1": 0.4999999998750002,
    "BLEU_2": 8.451542545096823e-09,
    "ROUGE_L": 0.20469798657718125,
    "CIDEr": 0.0,
    "METEOR": 0.15384615384615385,
    "SPICE": 0.058823529411764705,
    "BLEU_4": 1.2421889947772103e-12
  },
  "9": {
    "BLEU_1": 0.3333333332592594,
    "BLEU_2": 6.454972242199766e-09,
    "ROUGE_L": 0.19645732689210954,
    "CIDEr": 0.0,
    "METEOR": 0.14678899082568805,
    "SPICE": 0.05555555555555556,
    "BLEU_4": 9.980099401403394e-13
  }
}