{
  "0": {
    "BLEU_1": 0.3977063629402297,
    "BLEU_2": 6.6697384695928586e-09,
    "ROUGE_L": 0.1856925418569254,
    "CIDEr": 0.0,
    "METEOR": 0.15260871761451672,
    "SPICE": 0.21428571428571427,
    "BLEU_4": 9.596538469300547e-13
  },
  "1": {
    "BLEU_1": 0.38940039143835253,
    "BLEU_2": 6.5820679522827e-09,
    "ROUGE_L": 0.21785714285714283,
    "CIDEr": 0.0,
    "METEOR": 0.13793103448275862,
    "SPICE": 0.19999999999999998,
    "BLEU_4": 9.674177618551726e-13
  },
  "2": {
    "BLEU_1": 0.38940039143835253,
    "BLEU_2": 6.5820679522827e-09,
    "ROUGE_L": 0.21785714285714283,
    "CIDEr": 0.0,
    "METEOR": 0.13999999999999999,
    "SPICE": 0.23076923076923075,
    "BLEU_4": 9.674177618551726e-13
  },
  "3": {
    "BLEU_1": 0.4867504892979407,
    "BLEU_2": 7.3589756869134795e-09,
    "ROUGE_L": 0.21785714285714283,
    "CIDEr": 0.0,
    "METEOR": 0.14385034983895065,
    "SPICE": 0.19999999999999998,
    "BLEU_4": 1.0229197411276467e-12
  },
  "4": {
    "BLEU_1": 0.38940039143835253,
    "BLEU_2": 6.5820679522827e-09,
    "ROUGE_L": 0.21785714285714283,
    "CIDEr": 0.0,
    "METEOR": 0.13999999999999999,
    "SPICE": 0.23076923076923075,
    "BLEU_4": 9.674177618551726e-13
  },
  "5": {
    "BLEU_1": 0.4867504892979407,
    "BLEU_2": 7.3589756869134795e-09,
    "ROUGE_L": 0.21785714285714283,
    "CIDEr": 0.0,
    "METEOR": 0.14385034983895065,
    "SPICE": 0.19999999999999998,
    "BLEU_4": 1.0229197411276467e-12
  },
  "6": {
    "BLEU_1": 0.38940039143835253,
    "BLEU_2": 6.5820679522827e-09,
    "ROUGE_L": 0.21785714285714283,
    "CIDEr": 0.0,
    "METEOR": 0.13999999999999999,
    "SPICE": 0.23076923076923075,
    "BLEU_4": 9.674177618551726e-13
  },
  "7": {
    "BLEU_1": 0.4867504892979407,
    "BLEU_2": 7.3589756869134795e-09,
    "ROUGE_L": 0.21785714285714283,
    "CIDEr": 0.0,
    "METEOR": 0.14385034983895065,
    "SPICE": 0.19999999999999998,
    "BLEU_4": 1.0229197411276467e-12
  },
  "8": {
    "BLEU_1": 0.38940039143835253,
    "BLEU_2": 6.5820679522827e-09,
    "ROUGE_L": 0.21785714285714283,
    "CIDEr": 0.0,
    "METEOR": 0.13999999999999999,
    "SPICE": 0.23076923076923075,
    "BLEU_4": 9.674177618551726e-13
  },
  "9": {
    "BLEU_1": 0.4867504892979407,
    "BLEU_2": 7.3589756869134795e-09,
    "ROUGE_L": 0.21785714285714283,
    "CIDEr": 0.0,
    "METEOR": 0.14385034983895065,
    "SPICE": 0.19999999999999998,
    "BLEU_4": 1.0229197411276467e-12
  }
}