{
  "0": {
    "BLEU_1": 0.22222222217283966,
    "BLEU_2": 5.270462765739487e-09,
    "ROUGE_L": 0.2378167641325536,
    "CIDEr": 0.0,
    "METEOR": 0.18669532965831306,
    "SPICE": 0.18181818181818185,
    "BLEU_4": 9.018037815333522e-13
  },
  "1": {
    "BLEU_1": 0.3333333332592594,
    "BLEU_2": 6.454972242199766e-09,
    "ROUGE_L": 0.3333333333333333,
    "CIDEr": 0.0,
    "METEOR": 0.20706745944981916,
    "SPICE": 0.18181818181818185,
    "BLEU_4": 9.980099401403394e-13
  },
  "2": {
    "BLEU_1": 0.23884377011164867,
    "BLEU_2": 0.1850075887944782,
    "ROUGE_L": 0.2785388127853881,
    "CIDEr": 0.0,
    "METEOR": 0.12169927694836319,
    "SPICE": 0.10526315789473684,
    "BLEU_4": 6.1861015673335086e-09
  },
  "3": {
    "BLEU_1": 0.2195246543498009,
    "BLEU_2": 5.488116358607818e-09,
    "ROUGE_L": 0.1476997578692494,
    "CIDEr": 0.0,
    "METEOR": 0.10289389067524116,
    "SPICE": 0.13333333333333336,
    "BLEU_4": 1.108882419297383e-12
  },
  "4": {
    "BLEU_1": 0.3749999999062502,
    "BLEU_2": 7.319250545218839e-09,
    "ROUGE_L": 0.232824427480916,
    "CIDEr": 0.0,
    "METEOR": 0.1226993865030675,
    "SPICE": 0.1111111111111111,
    "BLEU_4": 1.1559871144628244e-12
  },
  "5": {
    "BLEU_1": 0.3749999999062502,
    "BLEU_2": 7.319250545218839e-09,
    "ROUGE_L": 0.232824427480916,
    "CIDEr": 0.0,
    "METEOR": 0.1226993865030675,
    "SPICE": 0.1111111111111111,
    "BLEU_4": 1.1559871144628244e-12
  },
  "6": {
    "BLEU_1": 0.3749999999062502,
    "BLEU_2": 7.319250545218839e-09,
    "ROUGE_L": 0.232824427480916,
    "CIDEr": 0.0,
    "METEOR": 0.1226993865030675,
    "SPICE": 0.1111111111111111,
    "BLEU_4": 1.1559871144628244e-12
  },
  "7": {
    "BLEU_1": 0.3749999999062502,
    "BLEU_2": 7.319250545218839e-09,
    "ROUGE_L": 0.232824427480916,
    "CIDEr": 0.0,
    "METEOR": 0.1226993865030675,
    "SPICE": 0.1111111111111111,
    "BLEU_4": 1.1559871144628244e-12
  },
  "8": {
    "BLEU_1": 0.3749999999062502,
    "BLEU_2": 7.319250545218839e-09,
    "ROUGE_L": 0.232824427480916,
    "CIDEr": 0.0,
    "METEOR": 0.1226993865030675,
    "SPICE": 0.1111111111111111,
    "BLEU_4": 1.1559871144628244e-12
  },
  "9": {
    "BLEU_1": 0.3749999999062502,
    "BLEU_2": 7.319250545218839e-09,
    "ROUGE_L": 0.232824427480916,
    "CIDEr": 0.0,
    "METEOR": 0.1226993865030675,
    "SPICE": 0.1111111111111111,
    "BLEU_4": 1.1559871144628244e-12
  }
}