{
  "0": {
    "BLEU_1": 0.3715190997867868,
    "BLEU_2": 7.326455450859374e-09,
    "ROUGE_L": 0.24448897795591182,
    "CIDEr": 0.0,
    "METEOR": 0.12203389830508476,
    "SPICE": 0.08695652173913045,
    "BLEU_4": 1.1917040716272326e-12
  },
  "1": {
    "BLEU_1": 0.555555555432099,
    "BLEU_2": 8.333333331423613e-09,
    "ROUGE_L": 0.35672514619883033,
    "CIDEr": 0.0,
    "METEOR": 0.19354838709677424,
    "SPICE": 0.30769230769230765,
    "BLEU_4": 1.1339582219145234e-12
  },
  "2": {
    "BLEU_1": 0.4444444443456792,
    "BLEU_2": 7.453559923291195e-09,
    "ROUGE_L": 0.35672514619883033,
    "CIDEr": 0.0,
    "METEOR": 0.19354838709677424,
    "SPICE": 0.23076923076923078,
    "BLEU_4": 1.0724314733358218e-12
  },
  "3": {
    "BLEU_1": 0.6249999998437503,
    "BLEU_2": 9.44911182278404e-09,
    "ROUGE_L": 0.375,
    "CIDEr": 0.0,
    "METEOR": 0.19834710743801653,
    "SPICE": 0.24,
    "BLEU_4": 1.313454946839543e-12
  },
  "4": {
    "BLEU_1": 0.4999999998750002,
    "BLEU_2": 8.451542545096823e-09,
    "ROUGE_L": 0.375,
    "CIDEr": 0.0,
    "METEOR": 0.19834710743801653,
    "SPICE": 0.32,
    "BLEU_4": 1.2421889947772103e-12
  },
  "5": {
    "BLEU_1": 0.7499999998125003,
    "BLEU_2": 1.0350983387455152e-08,
    "ROUGE_L": 0.34923664122137404,
    "CIDEr": 0.0,
    "METEOR": 0.19580419580419584,
    "SPICE": 0.16666666666666666,
    "BLEU_4": 1.3747081013706557e-12
  },
  "6": {
    "BLEU_1": 0.3715190997867868,
    "BLEU_2": 7.326455450859374e-09,
    "ROUGE_L": 0.24448897795591182,
    "CIDEr": 0.0,
    "METEOR": 0.11396011396011396,
    "SPICE": 0.16666666666666666,
    "BLEU_4": 1.1917040716272326e-12
  },
  "7": {
    "BLEU_1": 0.06295853423721502,
    "BLEU_2": 2.438373545820434e-09,
    "ROUGE_L": 0.1680440771349862,
    "CIDEr": 0.0,
    "METEOR": 0.12355212355212356,
    "SPICE": 0.1904761904761905,
    "BLEU_4": 1.20680763897879e-10
  },
  "8": {
    "BLEU_1": 0.32928698152470126,
    "BLEU_2": 6.721542363805207e-09,
    "ROUGE_L": 0.1476997578692494,
    "CIDEr": 0.0,
    "METEOR": 0.11552346570397112,
    "SPICE": 0.2608695652173913,
    "BLEU_4": 1.2271801245099645e-12
  },
  "9": {
    "BLEU_1": 0.23884377011164867,
    "BLEU_2": 5.85045365006396e-09,
    "ROUGE_L": 0.13926940639269406,
    "CIDEr": 0.0,
    "METEOR": 0.11428571428571428,
    "SPICE": 0.16666666666666666,
    "BLEU_4": 1.1000617045598687e-12
  }
}