{
  "0": {
    "BLEU_1": 0.4150457800528383,
    "BLEU_2": 6.156123772178614e-09,
    "ROUGE_L": 0.14969325153374236,
    "CIDEr": 0.0,
    "METEOR": 0.17422867513611617,
    "SPICE": 0.20689655172413793,
    "BLEU_4": 8.139165680751944e-13
  },
  "1": {
    "BLEU_1": 0.35294117644982703,
    "BLEU_2": 4.6966821828537125e-09,
    "ROUGE_L": 0.1423570595099183,
    "CIDEr": 0.0,
    "METEOR": 0.21368078175895766,
    "SPICE": 0.11764705882352941,
    "BLEU_4": 5.692994482116097e-13
  },
  "2": {
    "BLEU_1": 0.35714285709183685,
    "BLEU_2": 5.241424182846418e-09,
    "ROUGE_L": 0.15601023017902813,
    "CIDEr": 0.0,
    "METEOR": 0.16644295302013423,
    "SPICE": 0.06666666666666667,
    "BLEU_4": 6.754312827648534e-13
  },
  "3": {
    "BLEU_1": 0.4150457800528383,
    "BLEU_2": 6.156123772178614e-09,
    "ROUGE_L": 0.17256011315417258,
    "CIDEr": 0.0,
    "METEOR": 0.1725217391304348,
    "SPICE": 0.0,
    "BLEU_4": 8.139165680751944e-13
  },
  "4": {
    "BLEU_1": 0.31845836018424906,
    "BLEU_2": 5.340709060276112e-09,
    "ROUGE_L": 0.0928462709284627,
    "CIDEr": 0.0,
    "METEOR": 0.18102189781021902,
    "SPICE": 0.14814814814814814,
    "BLEU_4": 7.684307290898962e-13
  },
  "5": {
    "BLEU_1": 0.31845836018424906,
    "BLEU_2": 5.340709060276112e-09,
    "ROUGE_L": 0.1856925418569254,
    "CIDEr": 0.0,
    "METEOR": 0.1928736277942382,
    "SPICE": 0.14814814814814814,
    "BLEU_4": 7.684307290898962e-13
  },
  "6": {
    "BLEU_1": 0.2388437701381868,
    "BLEU_2": 4.62518972042083e-09,
    "ROUGE_L": 0.0928462709284627,
    "CIDEr": 0.0,
    "METEOR": 0.11412944422542862,
    "SPICE": 0.14814814814814814,
    "BLEU_4": 7.151053703744264e-13
  },
  "7": {
    "BLEU_1": 0.32749230116569444,
    "BLEU_2": 5.458205019397917e-09,
    "ROUGE_L": 0.1788856304985337,
    "CIDEr": 0.0,
    "METEOR": 0.1556723494517267,
    "SPICE": 0.14814814814814814,
    "BLEU_4": 7.727668210259047e-13
  },
  "8": {
    "BLEU_1": 0.32749230116569444,
    "BLEU_2": 5.458205019397917e-09,
    "ROUGE_L": 0.1788856304985337,
    "CIDEr": 0.0,
    "METEOR": 0.1556723494517267,
    "SPICE": 0.14814814814814814,
    "BLEU_4": 7.727668210259047e-13
  },
  "9": {
    "BLEU_1": 0.2388437701381868,
    "BLEU_2": 4.62518972042083e-09,
    "ROUGE_L": 0.0928462709284627,
    "CIDEr": 0.0,
    "METEOR": 0.11412944422542862,
    "SPICE": 0.14814814814814814,
    "BLEU_4": 7.151053703744264e-13
  }
}