{
  "0": {
    "BLEU_1": 0.3749999999062502,
    "BLEU_2": 0.23145502488320774,
    "ROUGE_L": 0.3267857142857143,
    "CIDEr": 0.0,
    "METEOR": 0.1381824679595407,
    "SPICE": 0.05714285714285714,
    "BLEU_4": 6.500593258499926e-09
  },
  "1": {
    "BLEU_1": 0.4444444443456792,
    "BLEU_2": 0.23570226034150096,
    "ROUGE_L": 0.35209235209235207,
    "CIDEr": 0.0,
    "METEOR": 0.18348624271568517,
    "SPICE": 0.1111111111111111,
    "BLEU_4": 6.030725358915047e-09
  },
  "2": {
    "BLEU_1": 0.3999999999200002,
    "BLEU_2": 0.21081851063455723,
    "ROUGE_L": 0.33983286908078,
    "CIDEr": 0.0,
    "METEOR": 0.18031051928406755,
    "SPICE": 0.05405405405405406,
    "BLEU_4": 5.307712169906119e-09
  },
  "3": {
    "BLEU_1": 0.29999999994000015,
    "BLEU_2": 0.1825741857975264,
    "ROUGE_L": 0.2683284457478006,
    "CIDEr": 0.0,
    "METEOR": 0.16484695559812126,
    "SPICE": 0.05555555555555555,
    "BLEU_4": 4.939382736029984e-09
  },
  "4": {
    "BLEU_1": 0.36363636360330587,
    "BLEU_2": 0.19069251783091612,
    "ROUGE_L": 0.3283983849259758,
    "CIDEr": 0.0,
    "METEOR": 0.1772428544947356,
    "SPICE": 0.15789473684210525,
    "BLEU_4": 4.740604259372055e-09
  },
  "5": {
    "BLEU_1": 0.27272727270247943,
    "BLEU_2": 0.16514456475319042,
    "ROUGE_L": 0.28818897637795277,
    "CIDEr": 0.0,
    "METEOR": 0.13112967658920494,
    "SPICE": 0.15789473684210525,
    "BLEU_4": 4.411629358851744e-09
  },
  "6": {
    "BLEU_1": 0.06666666666222229,
    "BLEU_2": 2.1821789022092506e-09,
    "ROUGE_L": 0.07558859975216851,
    "CIDEr": 0.0,
    "METEOR": 0.0849557522123894,
    "SPICE": 0.0975609756097561,
    "BLEU_4": 4.179882048905089e-13
  },
  "7": {
    "BLEU_1": 0.28571428569387763,
    "BLEU_2": 4.688072309037213e-09,
    "ROUGE_L": 0.2340153452685422,
    "CIDEr": 0.0,
    "METEOR": 0.1316270566727605,
    "SPICE": 0.05714285714285714,
    "BLEU_4": 6.387834681787387e-13
  },
  "8": {
    "BLEU_1": 0.16666666663888896,
    "BLEU_2": 3.8924947201441226e-09,
    "ROUGE_L": 0.18484848484848485,
    "CIDEr": 0.0,
    "METEOR": 0.08872458410351203,
    "SPICE": 0.0,
    "BLEU_4": 6.405505208675338e-13
  },
  "9": {
    "BLEU_1": 0.27272727270247943,
    "BLEU_2": 5.222329678172441e-09,
    "ROUGE_L": 0.24629878869448185,
    "CIDEr": 0.0,
    "METEOR": 0.14419911658397747,
    "SPICE": 0.05555555555555555,
    "BLEU_4": 7.84510965356927e-13
  }
}