{
  "0": {
    "BLEU_1": 0.22062422559099293,
    "BLEU_2": 5.273927726724911e-09,
    "ROUGE_L": 0.116412213740458,
    "CIDEr": 0.0,
    "METEOR": 0.14222222222222222,
    "SPICE": 0.12903225806451613,
    "BLEU_4": 9.218141453123176e-13
  },
  "1": {
    "BLEU_1": 0.29999999994000015,
    "BLEU_2": 5.773502690709485e-09,
    "ROUGE_L": 0.10627177700348434,
    "CIDEr": 0.0,
    "METEOR": 0.13333333333333333,
    "SPICE": 0.125,
    "BLEU_4": 8.783602617783837e-13
  },
  "2": {
    "BLEU_1": 0.24999999997916675,
    "BLEU_2": 4.767312945812628e-09,
    "ROUGE_L": 0.18484848484848485,
    "CIDEr": 0.0,
    "METEOR": 0.12641975308641976,
    "SPICE": 0.11764705882352941,
    "BLEU_4": 7.08885680157797e-13
  },
  "3": {
    "BLEU_1": 0.16666666665277785,
    "BLEU_2": 3.892494720468497e-09,
    "ROUGE_L": 0.09775641025641024,
    "CIDEr": 0.0,
    "METEOR": 0.07901234567901234,
    "SPICE": 0.058823529411764705,
    "BLEU_4": 6.40550520920913e-13
  },
  "4": {
    "BLEU_1": 0.3333333332592594,
    "BLEU_2": 6.454972242199766e-09,
    "ROUGE_L": 0.1111111111111111,
    "CIDEr": 0.0,
    "METEOR": 0.13333333333333333,
    "SPICE": 0.11764705882352941,
    "BLEU_4": 9.980099401403394e-13
  },
  "5": {
    "BLEU_1": 8.986579278749804e-17,
    "BLEU_2": 1.0047301075986612e-16,
    "ROUGE_L": 0.0,
    "CIDEr": 0.0,
    "METEOR": 0.06332453825857519,
    "SPICE": 0.06666666666666667,
    "BLEU_4": 1.357591476796497e-16
  },
  "6": {
    "BLEU_1": 0.1111111110864199,
    "BLEU_2": 3.726779961645599e-09,
    "ROUGE_L": 0.10427350427350426,
    "CIDEr": 0.0,
    "METEOR": 0.05783132530120482,
    "SPICE": 0.06060606060606061,
    "BLEU_4": 7.583235671536399e-13
  },
  "7": {
    "BLEU_1": 0.22222222217283966,
    "BLEU_2": 5.270462765739487e-09,
    "ROUGE_L": 0.1111111111111111,
    "CIDEr": 0.0,
    "METEOR": 0.11338582677165354,
    "SPICE": 0.12121212121212122,
    "BLEU_4": 9.018037815333522e-13
  },
  "8": {
    "BLEU_1": 0.24999999997916675,
    "BLEU_2": 4.767312945812628e-09,
    "ROUGE_L": 0.18484848484848485,
    "CIDEr": 0.0,
    "METEOR": 0.14224406069204804,
    "SPICE": 0.1111111111111111,
    "BLEU_4": 7.08885680157797e-13
  },
  "9": {
    "BLEU_1": 0.11031211279549655,
    "BLEU_2": 3.729230059054939e-09,
    "ROUGE_L": 0.10892857142857142,
    "CIDEr": 0.0,
    "METEOR": 0.059113300492610835,
    "SPICE": 0.0625,
    "BLEU_4": 7.751502103232947e-13
  }
}