{
  "0": {
    "BLEU_1": 0.45454545446281003,
    "BLEU_2": 0.2132007163158777,
    "ROUGE_L": 0.25884016973125884,
    "CIDEr": 0.0,
    "METEOR": 0.23007824194556054,
    "SPICE": 0.13793103448275865,
    "BLEU_4": 5.012578714748261e-09
  },
  "1": {
    "BLEU_1": 0.24999999997916675,
    "BLEU_2": 4.767312945812628e-09,
    "ROUGE_L": 0.17528735632183906,
    "CIDEr": 0.0,
    "METEOR": 0.1021503270242822,
    "SPICE": 0.0,
    "BLEU_4": 7.08885680157797e-13
  },
  "2": {
    "BLEU_1": 0.1538461538343196,
    "BLEU_2": 3.5805743699102604e-09,
    "ROUGE_L": 0.16116248348745044,
    "CIDEr": 0.0,
    "METEOR": 0.12922094098251008,
    "SPICE": 0.0,
    "BLEU_4": 5.84289629327371e-13
  },
  "3": {
    "BLEU_1": 0.2142857142704082,
    "BLEU_2": 4.059989714404599e-09,
    "ROUGE_L": 0.15601023017902813,
    "CIDEr": 0.0,
    "METEOR": 0.12549019607843137,
    "SPICE": 0.0625,
    "BLEU_4": 5.944549994012258e-13
  },
  "4": {
    "BLEU_1": 0.4999999998750002,
    "BLEU_2": 0.26726124184322303,
    "ROUGE_L": 0.1930379746835443,
    "CIDEr": 0.0,
    "METEOR": 0.1673464179412925,
    "SPICE": 0.14814814814814817,
    "BLEU_4": 6.985342054598842e-09
  },
  "5": {
    "BLEU_1": 0.357142857117347,
    "BLEU_2": 0.2344036154518607,
    "ROUGE_L": 0.15601023017902813,
    "CIDEr": 0.0,
    "METEOR": 0.2416848875744427,
    "SPICE": 0.125,
    "BLEU_4": 4.516881220590474e-09
  },
  "6": {
    "BLEU_1": 0.23076923075147937,
    "BLEU_2": 0.1386750490451956,
    "ROUGE_L": 0.16116248348745044,
    "CIDEr": 0.0,
    "METEOR": 0.15988985565673092,
    "SPICE": 0.0625,
    "BLEU_4": 3.636227046180843e-09
  },
  "7": {
    "BLEU_1": 0.3103448275755054,
    "BLEU_2": 0.14888750009041385,
    "ROUGE_L": 0.1744518589132507,
    "CIDEr": 0.0,
    "METEOR": 0.20607227491115282,
    "SPICE": 0.08888888888888889,
    "BLEU_4": 2.3705266434361037e-09
  },
  "8": {
    "BLEU_1": 0.23529411763321803,
    "BLEU_2": 3.834824944004226e-09,
    "ROUGE_L": 0.14859926918392205,
    "CIDEr": 0.0,
    "METEOR": 0.1809982342688023,
    "SPICE": 0.060606060606060615,
    "BLEU_4": 5.144201220579896e-13
  },
  "9": {
    "BLEU_1": 0.29411764704152255,
    "BLEU_2": 0.13558153612843557,
    "ROUGE_L": 0.21353558926487748,
    "CIDEr": 0.0,
    "METEOR": 0.25520193994363105,
    "SPICE": 0.12121212121212123,
    "BLEU_4": 3.058760346259648e-09
  }
}