{
  "0": {
    "BLEU_1": 0.47768754022329724,
    "BLEU_2": 8.273790897955628e-09,
    "ROUGE_L": 0.23921568627450981,
    "CIDEr": 0.0,
    "METEOR": 0.14035087719298242,
    "SPICE": 0.24000000000000002,
    "BLEU_4": 1.3082012060046169e-12
  },
  "1": {
    "BLEU_1": 0.3999999999200002,
    "BLEU_2": 6.666666665296299e-09,
    "ROUGE_L": 0.2,
    "CIDEr": 0.0,
    "METEOR": 0.2037735849056604,
    "SPICE": 0.1935483870967742,
    "BLEU_4": 9.438595266157062e-13
  },
  "2": {
    "BLEU_1": 0.24999999993750016,
    "BLEU_2": 5.976143045124577e-09,
    "ROUGE_L": 0.125,
    "CIDEr": 0.0,
    "METEOR": 0.20970873786407768,
    "SPICE": 0.13793103448275862,
    "BLEU_4": 1.0445522727757714e-12
  },
  "3": {
    "BLEU_1": 0.4545454545041323,
    "BLEU_2": 6.741998623988867e-09,
    "ROUGE_L": 0.28818897637795277,
    "CIDEr": 0.0,
    "METEOR": 0.23211694673244831,
    "SPICE": 0.1290322580645161,
    "BLEU_4": 8.913765520446539e-13
  },
  "4": {
    "BLEU_1": 0.42857142854081637,
    "BLEU_2": 5.7416925172062516e-09,
    "ROUGE_L": 0.2577464788732394,
    "CIDEr": 0.0,
    "METEOR": 0.21537447597918055,
    "SPICE": 0.1818181818181818,
    "BLEU_4": 7.069301148368759e-13
  },
  "5": {
    "BLEU_1": 0.46153846150295863,
    "BLEU_2": 6.20173672896349e-09,
    "ROUGE_L": 0.2671532846715329,
    "CIDEr": 0.0,
    "METEOR": 0.22068032715348473,
    "SPICE": 0.1818181818181818,
    "BLEU_4": 7.689683971953974e-13
  },
  "6": {
    "BLEU_1": 0.46153846150295863,
    "BLEU_2": 6.20173672896349e-09,
    "ROUGE_L": 0.2671532846715329,
    "CIDEr": 0.0,
    "METEOR": 0.22068032715348473,
    "SPICE": 0.1818181818181818,
    "BLEU_4": 7.689683971953974e-13
  },
  "7": {
    "BLEU_1": 0.46153846150295863,
    "BLEU_2": 6.20173672896349e-09,
    "ROUGE_L": 0.2671532846715329,
    "CIDEr": 0.0,
    "METEOR": 0.22068032715348473,
    "SPICE": 0.1818181818181818,
    "BLEU_4": 7.689683971953974e-13
  },
  "8": {
    "BLEU_1": 0.46153846150295863,
    "BLEU_2": 6.20173672896349e-09,
    "ROUGE_L": 0.2671532846715329,
    "CIDEr": 0.0,
    "METEOR": 0.22068032715348473,
    "SPICE": 0.1818181818181818,
    "BLEU_4": 7.689683971953974e-13
  },
  "9": {
    "BLEU_1": 0.46153846150295863,
    "BLEU_2": 6.20173672896349e-09,
    "ROUGE_L": 0.2671532846715329,
    "CIDEr": 0.0,
    "METEOR": 0.22068032715348473,
    "SPICE": 0.1818181818181818,
    "BLEU_4": 7.689683971953974e-13
  }
}