{
  "0": {
    "BLEU_1": 7.162619917923445e-17,
    "BLEU_2": 8.27068107508754e-17,
    "ROUGE_L": 0.0,
    "CIDEr": 0.0,
    "METEOR": 0.04092231326207298,
    "SPICE": 0.05128205128205128,
    "BLEU_4": 1.2944315414357063e-16
  },
  "1": {
    "BLEU_1": 7.162619917923445e-17,
    "BLEU_2": 8.27068107508754e-17,
    "ROUGE_L": 0.0,
    "CIDEr": 0.0,
    "METEOR": 0.07384615384615385,
    "SPICE": 0.10256410256410256,
    "BLEU_4": 1.2944315414357063e-16
  },
  "2": {
    "BLEU_1": 0.07162619917923453,
    "BLEU_2": 2.615418999812674e-09,
    "ROUGE_L": 0.14386792452830188,
    "CIDEr": 0.0,
    "METEOR": 0.03794466403162056,
    "SPICE": 0.10526315789473684,
    "BLEU_4": 7.279123483791415e-13
  },
  "3": {
    "BLEU_1": 0.4294155959203306,
    "BLEU_2": 7.333667449130742e-09,
    "ROUGE_L": 0.48897795591182364,
    "CIDEr": 0.0,
    "METEOR": 0.142433234421365,
    "SPICE": 0.14634146341463414,
    "BLEU_4": 1.1100972798838728e-12
  },
  "4": {
    "BLEU_1": 0.5515605639774822,
    "BLEU_2": 0.26369638633624565,
    "ROUGE_L": 0.34923664122137404,
    "CIDEr": 0.0,
    "METEOR": 0.21381403919094571,
    "SPICE": 0.19047619047619044,
    "BLEU_4": 6.518210331440214e-09
  },
  "5": {
    "BLEU_1": 0.3999999999200002,
    "BLEU_2": 6.666666665296299e-09,
    "ROUGE_L": 0.21254355400696867,
    "CIDEr": 0.0,
    "METEOR": 0.1653115585815684,
    "SPICE": 0.18604651162790695,
    "BLEU_4": 9.438595266157062e-13
  },
  "6": {
    "BLEU_1": 0.21470779796016531,
    "BLEU_2": 5.1856859842473975e-09,
    "ROUGE_L": 0.12224448897795591,
    "CIDEr": 0.0,
    "METEOR": 0.15070548484146454,
    "SPICE": 0.14634146341463414,
    "BLEU_4": 9.334768232372482e-13
  },
  "7": {
    "BLEU_1": 0.4444444443456792,
    "BLEU_2": 7.453559923291195e-09,
    "ROUGE_L": 0.2222222222222222,
    "CIDEr": 0.0,
    "METEOR": 0.16678070053533575,
    "SPICE": 0.18604651162790695,
    "BLEU_4": 1.0724314733358218e-12
  },
  "8": {
    "BLEU_1": 0.17973158557499613,
    "BLEU_2": 4.493289639262571e-09,
    "ROUGE_L": 0.1358574610244989,
    "CIDEr": 0.0,
    "METEOR": 0.08523770002519558,
    "SPICE": 0.10256410256410256,
    "BLEU_4": 9.078761382262807e-13
  },
  "9": {
    "BLEU_1": 0.4294155959203306,
    "BLEU_2": 7.333667449130742e-09,
    "ROUGE_L": 0.24448897795591182,
    "CIDEr": 0.0,
    "METEOR": 0.17784435667090784,
    "SPICE": 0.14634146341463414,
    "BLEU_4": 1.1100972798838728e-12
  }
}