{
  "0": {
    "BLEU_1": 0.3715190997867868,
    "BLEU_2": 7.326455450859374e-09,
    "ROUGE_L": 0.20098846787479407,
    "CIDEr": 0.0,
    "METEOR": 0.21161143568414054,
    "SPICE": 0.23076923076923073,
    "BLEU_4": 1.1917040716272326e-12
  },
  "1": {
    "BLEU_1": 0.3333333332962964,
    "BLEU_2": 6.454972242916984e-09,
    "ROUGE_L": 0.1856925418569254,
    "CIDEr": 0.0,
    "METEOR": 0.2083221387564078,
    "SPICE": 0.21428571428571427,
    "BLEU_4": 9.980099402512292e-13
  },
  "2": {
    "BLEU_1": 0.4444444443950618,
    "BLEU_2": 7.453559924119366e-09,
    "ROUGE_L": 0.1856925418569254,
    "CIDEr": 0.0,
    "METEOR": 0.2083221387564078,
    "SPICE": 0.21428571428571427,
    "BLEU_4": 1.0724314734549807e-12
  },
  "3": {
    "BLEU_1": 0.3715190997867868,
    "BLEU_2": 7.326455450859374e-09,
    "ROUGE_L": 0.2634989200863931,
    "CIDEr": 0.0,
    "METEOR": 0.26956320822159097,
    "SPICE": 0.23076923076923073,
    "BLEU_4": 1.1917040716272326e-12
  },
  "4": {
    "BLEU_1": 0.47768754022329724,
    "BLEU_2": 8.273790897955628e-09,
    "ROUGE_L": 0.20962199312714777,
    "CIDEr": 0.0,
    "METEOR": 0.2167448667384728,
    "SPICE": 0.24,
    "BLEU_4": 1.3082012060046169e-12
  },
  "5": {
    "BLEU_1": 0.47768754022329724,
    "BLEU_2": 8.273790897955628e-09,
    "ROUGE_L": 0.20962199312714777,
    "CIDEr": 0.0,
    "METEOR": 0.2167448667384728,
    "SPICE": 0.24,
    "BLEU_4": 1.3082012060046169e-12
  },
  "6": {
    "BLEU_1": 0.6666666665925927,
    "BLEU_2": 0.28867513456073335,
    "ROUGE_L": 0.3713850837138508,
    "CIDEr": 0.0,
    "METEOR": 0.23690505846793514,
    "SPICE": 0.2857142857142857,
    "BLEU_4": 6.67409471813108e-09
  },
  "7": {
    "BLEU_1": 0.24999999993750016,
    "BLEU_2": 5.976143045124577e-09,
    "ROUGE_L": 0.125,
    "CIDEr": 0.0,
    "METEOR": 0.20995390485632745,
    "SPICE": 0.22222222222222224,
    "BLEU_4": 1.0445522727757714e-12
  },
  "8": {
    "BLEU_1": 0.6249999998437503,
    "BLEU_2": 0.29880715225622895,
    "ROUGE_L": 0.28955696202531644,
    "CIDEr": 0.0,
    "METEOR": 0.26748431458492056,
    "SPICE": 0.22222222222222224,
    "BLEU_4": 7.386099953835683e-09
  },
  "9": {
    "BLEU_1": 0.47768754022329724,
    "BLEU_2": 8.273790897955628e-09,
    "ROUGE_L": 0.20962199312714777,
    "CIDEr": 0.0,
    "METEOR": 0.2167448667384728,
    "SPICE": 0.24,
    "BLEU_4": 1.3082012060046169e-12
  }
}