{
  "0": {
    "BLEU_1": 8.986579278749804e-17,
    "BLEU_2": 1.0047301075986612e-16,
    "ROUGE_L": 0.0,
    "CIDEr": 0.0,
    "METEOR": 0.0,
    "SPICE": 0.0,
    "BLEU_4": 1.357591476796497e-16
  },
  "1": {
    "BLEU_1": 0.22062422559099293,
    "BLEU_2": 0.16677623831564797,
    "ROUGE_L": 0.21785714285714283,
    "CIDEr": 0.0,
    "METEOR": 0.04648853158368131,
    "SPICE": 0.0,
    "BLEU_4": 5.1837418805413775e-09
  },
  "2": {
    "BLEU_1": 0.22062422559099293,
    "BLEU_2": 5.273927726724911e-09,
    "ROUGE_L": 0.10892857142857142,
    "CIDEr": 0.0,
    "METEOR": 0.08135593220338982,
    "SPICE": 0.15999999999999998,
    "BLEU_4": 9.218141453123176e-13
  },
  "3": {
    "BLEU_1": 0.19999999996000015,
    "BLEU_2": 4.714045206941321e-09,
    "ROUGE_L": 0.1,
    "CIDEr": 0.0,
    "METEOR": 0.10365273401194972,
    "SPICE": 0.15384615384615383,
    "BLEU_4": 7.936880924342154e-13
  },
  "4": {
    "BLEU_1": 0.29999999994000015,
    "BLEU_2": 0.1825741857975264,
    "ROUGE_L": 0.2683284457478006,
    "CIDEr": 0.0,
    "METEOR": 0.10441224613611833,
    "SPICE": 0.22222222222222224,
    "BLEU_4": 4.939382736029984e-09
  },
  "5": {
    "BLEU_1": 0.33093633838648934,
    "BLEU_2": 0.2042583425470713,
    "ROUGE_L": 0.28955696202531644,
    "CIDEr": 0.0,
    "METEOR": 0.10546869382046353,
    "SPICE": 0.24,
    "BLEU_4": 5.736753415588487e-09
  },
  "6": {
    "BLEU_1": 0.33093633838648934,
    "BLEU_2": 0.2042583425470713,
    "ROUGE_L": 0.28955696202531644,
    "CIDEr": 0.0,
    "METEOR": 0.10546869382046353,
    "SPICE": 0.24,
    "BLEU_4": 5.736753415588487e-09
  },
  "7": {
    "BLEU_1": 0.33093633838648934,
    "BLEU_2": 0.2042583425470713,
    "ROUGE_L": 0.28955696202531644,
    "CIDEr": 0.0,
    "METEOR": 0.10546869382046353,
    "SPICE": 0.24,
    "BLEU_4": 5.736753415588487e-09
  },
  "8": {
    "BLEU_1": 1.0108844325174277e-16,
    "BLEU_2": 1.107368413422752e-16,
    "ROUGE_L": 0.0,
    "CIDEr": 0.0,
    "METEOR": 0.09907222619722308,
    "SPICE": 0.08695652173913045,
    "BLEU_4": 1.392442061937298e-16
  },
  "9": {
    "BLEU_1": 1.0108844325174277e-16,
    "BLEU_2": 1.107368413422752e-16,
    "ROUGE_L": 0.0,
    "CIDEr": 0.0,
    "METEOR": 0.035555555555555556,
    "SPICE": 0.0,
    "BLEU_4": 1.392442061937298e-16
  }
}