{
  "0": {
    "BLEU_1": 1.2383969992892892e-16,
    "BLEU_2": 1.3376216389974536e-16,
    "ROUGE_L": 0.0,
    "CIDEr": 0.0,
    "METEOR": 0.048362720403022676,
    "SPICE": 0.0,
    "BLEU_4": 1.61023072606689e-16
  },
  "1": {
    "BLEU_1": 1.2383969992892892e-16,
    "BLEU_2": 1.3376216389974536e-16,
    "ROUGE_L": 0.0,
    "CIDEr": 0.0,
    "METEOR": 0.04910485933503837,
    "SPICE": 0.09523809523809522,
    "BLEU_4": 1.61023072606689e-16
  },
  "2": {
    "BLEU_1": 1.1111111109876545e-16,
    "BLEU_2": 1.1785113018384495e-16,
    "ROUGE_L": 0.0,
    "CIDEr": 0.0,
    "METEOR": 0.046943765281173604,
    "SPICE": 0.0,
    "BLEU_4": 1.34851118576642e-16
  },
  "3": {
    "BLEU_1": 1.2499999996875005e-16,
    "BLEU_2": 1.3363062092161143e-16,
    "ROUGE_L": 0.0,
    "CIDEr": 0.0,
    "METEOR": 0.04729064039408868,
    "SPICE": 0.0,
    "BLEU_4": 1.561969968017105e-16
  },
  "4": {
    "BLEU_1": 1.2499999996875005e-16,
    "BLEU_2": 1.3363062092161143e-16,
    "ROUGE_L": 0.0,
    "CIDEr": 0.0,
    "METEOR": 0.048000000000000015,
    "SPICE": 0.0,
    "BLEU_4": 1.561969968017105e-16
  },
  "5": {
    "BLEU_1": 1.2499999996875005e-16,
    "BLEU_2": 1.3363062092161143e-16,
    "ROUGE_L": 0.0,
    "CIDEr": 0.0,
    "METEOR": 0.048000000000000015,
    "SPICE": 0.0,
    "BLEU_4": 1.561969968017105e-16
  },
  "6": {
    "BLEU_1": 1.2499999996875005e-16,
    "BLEU_2": 1.3363062092161143e-16,
    "ROUGE_L": 0.0,
    "CIDEr": 0.0,
    "METEOR": 0.04729064039408868,
    "SPICE": 0.0,
    "BLEU_4": 1.561969968017105e-16
  },
  "7": {
    "BLEU_1": 9.999999998000002e-17,
    "BLEU_2": 1.0540925531727854e-16,
    "ROUGE_L": 0.0,
    "CIDEr": 0.0,
    "METEOR": 0.04593301435406699,
    "SPICE": 0.0,
    "BLEU_4": 1.1868405216912992e-16
  },
  "8": {
    "BLEU_1": 1.2499999996875005e-16,
    "BLEU_2": 1.3363062092161143e-16,
    "ROUGE_L": 0.0,
    "CIDEr": 0.0,
    "METEOR": 0.048000000000000015,
    "SPICE": 0.0,
    "BLEU_4": 1.561969968017105e-16
  },
  "9": {
    "BLEU_1": 1.2499999996875005e-16,
    "BLEU_2": 1.3363062092161143e-16,
    "ROUGE_L": 0.0,
    "CIDEr": 0.0,
    "METEOR": 0.048000000000000015,
    "SPICE": 0.0,
    "BLEU_4": 1.561969968017105e-16
  }
}