{
  "0": {
    "BLEU_1": 0.5555555554938273,
    "BLEU_2": 0.37267799620596836,
    "ROUGE_L": 0.3929146537842191,
    "CIDEr": 0.0,
    "METEOR": 0.17757854171915746,
    "SPICE": 0.14285714285714288,
    "BLEU_4": 7.583235672378978e-09
  },
  "1": {
    "BLEU_1": 0.3333333332962964,
    "BLEU_2": 0.20412414520783367,
    "ROUGE_L": 0.2946859903381642,
    "CIDEr": 0.0,
    "METEOR": 0.11206326381755437,
    "SPICE": 0.047619047619047616,
    "BLEU_4": 5.612222323540175e-09
  },
  "2": {
    "BLEU_1": 0.24999999997916675,
    "BLEU_2": 0.1507556722757479,
    "ROUGE_L": 0.2629310344827586,
    "CIDEr": 0.0,
    "METEOR": 0.1038412308744186,
    "SPICE": 0.04651162790697675,
    "BLEU_4": 3.986357127883976e-09
  },
  "3": {
    "BLEU_1": 0.27272727267768604,
    "BLEU_2": 0.1651445647381773,
    "ROUGE_L": 0.2727272727272727,
    "CIDEr": 0.0,
    "METEOR": 0.10644449292976614,
    "SPICE": 0.04651162790697675,
    "BLEU_4": 4.4116293584506874e-09
  },
  "4": {
    "BLEU_1": 0.24999999998437505,
    "BLEU_2": 0.12909944486524297,
    "ROUGE_L": 0.3065326633165829,
    "CIDEr": 0.0,
    "METEOR": 0.11396307477320496,
    "SPICE": 0.04081632653061225,
    "BLEU_4": 3.0934588292167494e-09
  },
  "5": {
    "BLEU_1": 0.21428571425510212,
    "BLEU_2": 0.1283881477345801,
    "ROUGE_L": 0.24530831099195713,
    "CIDEr": 0.0,
    "METEOR": 0.11849741461829269,
    "SPICE": 0.045454545454545456,
    "BLEU_4": 3.3428661210543593e-09
  },
  "6": {
    "BLEU_1": 0.2105263157783934,
    "BLEU_2": 0.108147614081325,
    "ROUGE_L": 0.2801377726750861,
    "CIDEr": 0.0,
    "METEOR": 0.1268919492360172,
    "SPICE": 0.041666666666666664,
    "BLEU_4": 2.5607444804104893e-09
  },
  "7": {
    "BLEU_1": 0.18749999998828132,
    "BLEU_2": 0.11180339886776892,
    "ROUGE_L": 0.22989949748743718,
    "CIDEr": 0.0,
    "METEOR": 0.11309753243315528,
    "SPICE": 0.043478260869565216,
    "BLEU_4": 2.8787878179013993e-09
  },
  "8": {
    "BLEU_1": 0.29411764704152255,
    "BLEU_2": 0.1917412472002113,
    "ROUGE_L": 0.30160692212608153,
    "CIDEr": 0.0,
    "METEOR": 0.15629273195004514,
    "SPICE": 0.04444444444444444,
    "BLEU_4": 3.637499566860159e-09
  },
  "9": {
    "BLEU_1": 0.33333333330555565,
    "BLEU_2": 0.17407765594053212,
    "ROUGE_L": 0.3112244897959184,
    "CIDEr": 0.0,
    "METEOR": 0.16542672277829454,
    "SPICE": 0.08695652173913043,
    "BLEU_4": 4.283619507134575e-09
  }
}