{
  "0": {
    "BLEU_1": 4.5111761048796427e-17,
    "BLEU_2": 5.525039797935208e-17,
    "ROUGE_L": 0.0,
    "CIDEr": 0.0,
    "METEOR": 0.0,
    "SPICE": 0.0,
    "BLEU_4": 1.5377056965806874e-14
  },
  "1": {
    "BLEU_1": 0.14325239835846895,
    "BLEU_2": 0.116965093464513,
    "ROUGE_L": 0.26521739130434785,
    "CIDEr": 0.0,
    "METEOR": 0.0924917708304272,
    "SPICE": 0.0606060606060606,
    "BLEU_4": 4.8678432585117065e-09
  },
  "2": {
    "BLEU_1": 0.14325239835846895,
    "BLEU_2": 0.116965093464513,
    "ROUGE_L": 0.26521739130434785,
    "CIDEr": 0.0,
    "METEOR": 0.15148275812058054,
    "SPICE": 0.0,
    "BLEU_4": 4.8678432585117065e-09
  },
  "3": {
    "BLEU_1": 0.5054422162587139,
    "BLEU_2": 7.830277144030163e-09,
    "ROUGE_L": 0.2234432234432234,
    "CIDEr": 0.0,
    "METEOR": 0.14336917562724014,
    "SPICE": 0.1212121212121212,
    "BLEU_4": 1.1708995383315644e-12
  },
  "4": {
    "BLEU_1": 0.6441233938804958,
    "BLEU_2": 8.981871596814312e-09,
    "ROUGE_L": 0.32049036777583184,
    "CIDEr": 0.0,
    "METEOR": 0.1834215167548501,
    "SPICE": 0.17142857142857143,
    "BLEU_4": 1.2285245887559895e-12
  },
  "5": {
    "BLEU_1": 0.6441233938804958,
    "BLEU_2": 8.981871596814312e-09,
    "ROUGE_L": 0.2136602451838879,
    "CIDEr": 0.0,
    "METEOR": 0.14109347442680772,
    "SPICE": 0.17142857142857143,
    "BLEU_4": 1.2285245887559895e-12
  },
  "6": {
    "BLEU_1": 0.6441233938804958,
    "BLEU_2": 8.981871596814312e-09,
    "ROUGE_L": 0.32049036777583184,
    "CIDEr": 0.0,
    "METEOR": 0.1834215167548501,
    "SPICE": 0.17142857142857143,
    "BLEU_4": 1.2285245887559895e-12
  },
  "7": {
    "BLEU_1": 0.5054422162587139,
    "BLEU_2": 7.830277144030163e-09,
    "ROUGE_L": 0.2234432234432234,
    "CIDEr": 0.0,
    "METEOR": 0.14336917562724014,
    "SPICE": 0.1212121212121212,
    "BLEU_4": 1.1708995383315644e-12
  },
  "8": {
    "BLEU_1": 0.6441233938804958,
    "BLEU_2": 8.981871596814312e-09,
    "ROUGE_L": 0.32049036777583184,
    "CIDEr": 0.0,
    "METEOR": 0.1834215167548501,
    "SPICE": 0.17142857142857143,
    "BLEU_4": 1.2285245887559895e-12
  },
  "9": {
    "BLEU_1": 0.5054422162587139,
    "BLEU_2": 7.830277144030163e-09,
    "ROUGE_L": 0.2234432234432234,
    "CIDEr": 0.0,
    "METEOR": 0.14336917562724014,
    "SPICE": 0.1212121212121212,
    "BLEU_4": 1.1708995383315644e-12
  }
}