{
  "0": {
    "BLEU_1": 0.35826565516747294,
    "BLEU_2": 7.1653131032300366e-09,
    "ROUGE_L": 0.26521739130434785,
    "CIDEr": 0.0,
    "METEOR": 0.1650359533785725,
    "SPICE": 0.14285714285714285,
    "BLEU_4": 1.2174183989911234e-12
  },
  "1": {
    "BLEU_1": 0.35826565516747294,
    "BLEU_2": 7.1653131032300366e-09,
    "ROUGE_L": 0.26521739130434785,
    "CIDEr": 0.0,
    "METEOR": 0.1650359533785725,
    "SPICE": 0.14285714285714285,
    "BLEU_4": 1.2174183989911234e-12
  },
  "2": {
    "BLEU_1": 0.24767939985785795,
    "BLEU_2": 5.982025825945981e-09,
    "ROUGE_L": 0.17062937062937064,
    "CIDEr": 0.0,
    "METEOR": 0.15896101030942256,
    "SPICE": 0.2,
    "BLEU_4": 1.0768261868323776e-12
  },
  "3": {
    "BLEU_1": 0.3715190997867868,
    "BLEU_2": 7.326455450859374e-09,
    "ROUGE_L": 0.27685325264750377,
    "CIDEr": 0.0,
    "METEOR": 0.2362364049760321,
    "SPICE": 0.2,
    "BLEU_4": 1.1917040716272326e-12
  },
  "4": {
    "BLEU_1": 0.12383969992892904,
    "BLEU_2": 4.229931026759462e-09,
    "ROUGE_L": 0.13174946004319654,
    "CIDEr": 0.0,
    "METEOR": 0.08053691275167785,
    "SPICE": 0.13333333333333333,
    "BLEU_4": 9.054992803586729e-13
  },
  "5": {
    "BLEU_1": 9.196986024687569e-17,
    "BLEU_2": 1.0619764713730698e-16,
    "ROUGE_L": 0.0,
    "CIDEr": 0.0,
    "METEOR": 0.0,
    "SPICE": 0.07142857142857142,
    "BLEU_4": 1.6620829993657386e-16
  },
  "6": {
    "BLEU_1": 0.3749999999062502,
    "BLEU_2": 7.319250545218839e-09,
    "ROUGE_L": 0.28955696202531644,
    "CIDEr": 0.0,
    "METEOR": 0.15751151781419986,
    "SPICE": 0.12903225806451613,
    "BLEU_4": 1.1559871144628244e-12
  },
  "7": {
    "BLEU_1": 0.3999999999600001,
    "BLEU_2": 6.666666665962964e-09,
    "ROUGE_L": 0.2683284457478006,
    "CIDEr": 0.0,
    "METEOR": 0.17291043717987098,
    "SPICE": 0.125,
    "BLEU_4": 9.43859526710092e-13
  },
  "8": {
    "BLEU_1": 0.30668147149199426,
    "BLEU_2": 5.064677813205595e-09,
    "ROUGE_L": 0.25,
    "CIDEr": 0.0,
    "METEOR": 0.16424083308728693,
    "SPICE": 0.12121212121212122,
    "BLEU_4": 7.00841290700787e-13
  },
  "9": {
    "BLEU_1": 0.3333333332592594,
    "BLEU_2": 6.454972242199766e-09,
    "ROUGE_L": 0.2785388127853881,
    "CIDEr": 0.0,
    "METEOR": 0.153317424144591,
    "SPICE": 0.1875,
    "BLEU_4": 9.980099401403394e-13
  }
}