{
  "0": {
    "BLEU_1": 0.21470779796016531,
    "BLEU_2": 5.1856859842473975e-09,
    "ROUGE_L": 0.12224448897795591,
    "CIDEr": 0.0,
    "METEOR": 0.15686274509803924,
    "SPICE": 0.16000000000000003,
    "BLEU_4": 9.334768232372482e-13
  },
  "1": {
    "BLEU_1": 0.24902746803170303,
    "BLEU_2": 4.768512969367871e-09,
    "ROUGE_L": 0.1018363939899833,
    "CIDEr": 0.0,
    "METEOR": 0.16377952755905512,
    "SPICE": 0.26666666666666666,
    "BLEU_4": 7.163375243335776e-13
  },
  "2": {
    "BLEU_1": 0.33333333327777787,
    "BLEU_2": 5.5048188246934825e-09,
    "ROUGE_L": 0.09775641025641024,
    "CIDEr": 0.0,
    "METEOR": 0.16000000000000003,
    "SPICE": 0.25806451612903225,
    "BLEU_4": 7.617472369343701e-13
  },
  "3": {
    "BLEU_1": 0.30769230766863914,
    "BLEU_2": 5.063696835012589e-09,
    "ROUGE_L": 0.09399075500770414,
    "CIDEr": 0.0,
    "METEOR": 0.15639097744360905,
    "SPICE": 0.23529411764705882,
    "BLEU_4": 6.948413844184121e-13
  },
  "4": {
    "BLEU_1": 0.33333333331111115,
    "BLEU_2": 4.879500364405748e-09,
    "ROUGE_L": 0.17453505007153075,
    "CIDEr": 0.0,
    "METEOR": 0.19051825901526984,
    "SPICE": 0.24242424242424246,
    "BLEU_4": 6.250381527478681e-13
  },
  "5": {
    "BLEU_1": 0.30769230766863914,
    "BLEU_2": 5.063696835012589e-09,
    "ROUGE_L": 0.09399075500770414,
    "CIDEr": 0.0,
    "METEOR": 0.15407407407407409,
    "SPICE": 0.23529411764705882,
    "BLEU_4": 6.948413844184121e-13
  },
  "6": {
    "BLEU_1": 0.3309363384278563,
    "BLEU_2": 4.412484512362224e-09,
    "ROUGE_L": 0.16850828729281767,
    "CIDEr": 0.0,
    "METEOR": 0.16525821596244133,
    "SPICE": 0.23529411764705882,
    "BLEU_4": 5.372548501942747e-13
  },
  "7": {
    "BLEU_1": 0.357142857117347,
    "BLEU_2": 5.241424183220805e-09,
    "ROUGE_L": 0.18100890207715134,
    "CIDEr": 0.0,
    "METEOR": 0.15072463768115943,
    "SPICE": 0.25,
    "BLEU_4": 6.754312828130983e-13
  },
  "8": {
    "BLEU_1": 0.22185250441034088,
    "BLEU_2": 3.6157534508736672e-09,
    "ROUGE_L": 0.1628838451268358,
    "CIDEr": 0.0,
    "METEOR": 0.12873563218390807,
    "SPICE": 0.15789473684210525,
    "BLEU_4": 4.850329177184937e-13
  },
  "9": {
    "BLEU_1": 0.2222222221975309,
    "BLEU_2": 3.6155076299033064e-09,
    "ROUGE_L": 0.15762273901808785,
    "CIDEr": 0.0,
    "METEOR": 0.10242825607064017,
    "SPICE": 0.16216216216216214,
    "BLEU_4": 4.830942081523209e-13
  }
}