{
  "0": {
    "BLEU_1": 0.24999999993750016,
    "BLEU_2": 5.976143045124577e-09,
    "ROUGE_L": 0.125,
    "CIDEr": 0.0,
    "METEOR": 0.05907563368082862,
    "SPICE": 0.08,
    "BLEU_4": 1.0445522727757714e-12
  },
  "1": {
    "BLEU_1": 0.07142857142346946,
    "BLEU_2": 2.344036154518608e-09,
    "ROUGE_L": 0.07800511508951406,
    "CIDEr": 0.0,
    "METEOR": 0.0682002228667624,
    "SPICE": 0.06666666666666667,
    "BLEU_4": 4.516881220590475e-13
  },
  "2": {
    "BLEU_1": 0.09090909089256209,
    "BLEU_2": 3.0151134452157307e-09,
    "ROUGE_L": 0.08628005657708629,
    "CIDEr": 0.0,
    "METEOR": 0.07046829437195555,
    "SPICE": 0.07142857142857142,
    "BLEU_4": 5.960994272089826e-13
  },
  "3": {
    "BLEU_1": 0.16666666663888896,
    "BLEU_2": 3.8924947201441226e-09,
    "ROUGE_L": 0.10374149659863945,
    "CIDEr": 0.0,
    "METEOR": 0.08550538711125207,
    "SPICE": 0.07142857142857142,
    "BLEU_4": 6.405505208675338e-13
  },
  "4": {
    "BLEU_1": 0.07142857142346946,
    "BLEU_2": 2.344036154518608e-09,
    "ROUGE_L": 0.09561128526645768,
    "CIDEr": 0.0,
    "METEOR": 0.09363449691991786,
    "SPICE": 0.06666666666666667,
    "BLEU_4": 4.516881220590475e-13
  },
  "5": {
    "BLEU_1": 0.19999999998666673,
    "BLEU_2": 3.7796447298312975e-09,
    "ROUGE_L": 0.18401206636500753,
    "CIDEr": 0.0,
    "METEOR": 0.09794424827240134,
    "SPICE": 0.06666666666666667,
    "BLEU_4": 5.501034141770605e-13
  },
  "6": {
    "BLEU_1": 0.17647058822491354,
    "BLEU_2": 3.3210558205738968e-09,
    "ROUGE_L": 0.17110799438990182,
    "CIDEr": 0.0,
    "METEOR": 0.09334553318569813,
    "SPICE": 0.0625,
    "BLEU_4": 4.787218652070603e-13
  },
  "7": {
    "BLEU_1": 0.17647058822491354,
    "BLEU_2": 3.3210558205738968e-09,
    "ROUGE_L": 0.21353558926487748,
    "CIDEr": 0.0,
    "METEOR": 0.09558961286661645,
    "SPICE": 0.06451612903225808,
    "BLEU_4": 4.787218652070603e-13
  },
  "8": {
    "BLEU_1": 0.2857142857006803,
    "BLEU_2": 0.16903085093745304,
    "ROUGE_L": 0.2549634273772205,
    "CIDEr": 0.0,
    "METEOR": 0.12695850887700558,
    "SPICE": 0.0606060606060606,
    "BLEU_4": 1.7001078097529507e-05
  },
  "9": {
    "BLEU_1": 0.17647058822491354,
    "BLEU_2": 3.3210558205738968e-09,
    "ROUGE_L": 0.21353558926487748,
    "CIDEr": 0.0,
    "METEOR": 0.09558961286661645,
    "SPICE": 0.06451612903225808,
    "BLEU_4": 4.787218652070603e-13
  }
}