{
  "0": {
    "BLEU_1": 0.27272727270247943,
    "BLEU_2": 5.222329678172441e-09,
    "ROUGE_L": 0.1018363939899833,
    "CIDEr": 0.0,
    "METEOR": 0.08290155440414507,
    "SPICE": 0.05555555555555555,
    "BLEU_4": 7.84510965356927e-13
  },
  "1": {
    "BLEU_1": 0.357142857117347,
    "BLEU_2": 0.16574838602065456,
    "ROUGE_L": 0.17183098591549298,
    "CIDEr": 0.0,
    "METEOR": 0.11816764087847646,
    "SPICE": 0.05128205128205128,
    "BLEU_4": 3.7982292265213524e-09
  },
  "2": {
    "BLEU_1": 0.357142857117347,
    "BLEU_2": 0.16574838602065456,
    "ROUGE_L": 0.17183098591549298,
    "CIDEr": 0.0,
    "METEOR": 0.11816764087847646,
    "SPICE": 0.05128205128205128,
    "BLEU_4": 3.7982292265213524e-09
  },
  "3": {
    "BLEU_1": 0.33333333331111115,
    "BLEU_2": 0.1543033499514377,
    "ROUGE_L": 0.1659863945578231,
    "CIDEr": 0.0,
    "METEOR": 0.11624099455980562,
    "SPICE": 0.05,
    "BLEU_4": 3.514847831107641e-09
  },
  "4": {
    "BLEU_1": 0.33333333331111115,
    "BLEU_2": 0.1543033499514377,
    "ROUGE_L": 0.1659863945578231,
    "CIDEr": 0.0,
    "METEOR": 0.11624099455980562,
    "SPICE": 0.05,
    "BLEU_4": 3.514847831107641e-09
  },
  "5": {
    "BLEU_1": 0.23529411763321803,
    "BLEU_2": 3.834824944004226e-09,
    "ROUGE_L": 0.0814419225634179,
    "CIDEr": 0.0,
    "METEOR": 0.06241134751773051,
    "SPICE": 0.047619047619047616,
    "BLEU_4": 5.144201220579896e-13
  },
  "6": {
    "BLEU_1": 0.34999999998250003,
    "BLEU_2": 0.13572417850069451,
    "ROUGE_L": 0.22208737864077668,
    "CIDEr": 0.0,
    "METEOR": 0.15353535353535355,
    "SPICE": 0.0909090909090909,
    "BLEU_4": 2.785468517213771e-09
  },
  "7": {
    "BLEU_1": 0.36842105261218844,
    "BLEU_2": 0.1430658458720865,
    "ROUGE_L": 0.2290362953692115,
    "CIDEr": 0.0,
    "METEOR": 0.15449353878772695,
    "SPICE": 0.09302325581395349,
    "BLEU_4": 2.945274365311036e-09
  },
  "8": {
    "BLEU_1": 0.36842105261218844,
    "BLEU_2": 0.20232565954468354,
    "ROUGE_L": 0.2290362953692115,
    "CIDEr": 0.0,
    "METEOR": 0.13691931540342298,
    "SPICE": 0.09302325581395349,
    "BLEU_4": 1.9696236772973402e-05
  },
  "9": {
    "BLEU_1": 0.30769230766863914,
    "BLEU_2": 5.063696835012589e-09,
    "ROUGE_L": 0.09399075500770414,
    "CIDEr": 0.0,
    "METEOR": 0.10783242258652095,
    "SPICE": 0.05263157894736842,
    "BLEU_4": 6.948413844184121e-13
  }
}