{
  "0": {
    "BLEU_1": 0.4444444443456792,
    "BLEU_2": 7.453559923291195e-09,
    "ROUGE_L": 0.3333333333333333,
    "CIDEr": 0.0,
    "METEOR": 0.14507772020725387,
    "SPICE": 0.06060606060606061,
    "BLEU_4": 1.0724314733358218e-12
  },
  "1": {
    "BLEU_1": 0.4999999999000002,
    "BLEU_2": 7.453559923467182e-09,
    "ROUGE_L": 0.31881533101045295,
    "CIDEr": 0.0,
    "METEOR": 0.14395886889460152,
    "SPICE": 0.16666666666666666,
    "BLEU_4": 9.98009940168062e-13
  },
  "2": {
    "BLEU_1": 0.33333333331111115,
    "BLEU_2": 4.879500364405748e-09,
    "ROUGE_L": 0.26180257510729615,
    "CIDEr": 0.0,
    "METEOR": 0.1529363929569064,
    "SPICE": 0.15384615384615383,
    "BLEU_4": 6.250381527478681e-13
  },
  "3": {
    "BLEU_1": 0.3561388763461003,
    "BLEU_2": 5.242222318468966e-09,
    "ROUGE_L": 0.2819722650231125,
    "CIDEr": 0.0,
    "METEOR": 0.16572895346896144,
    "SPICE": 0.15384615384615383,
    "BLEU_4": 6.803085236252311e-13
  },
  "4": {
    "BLEU_1": 0.35714285709183685,
    "BLEU_2": 5.241424182846418e-09,
    "ROUGE_L": 0.271513353115727,
    "CIDEr": 0.0,
    "METEOR": 0.15573202463209887,
    "SPICE": 0.15,
    "BLEU_4": 6.754312827648534e-13
  },
  "5": {
    "BLEU_1": 0.27777777776234575,
    "BLEU_2": 4.042260417041042e-09,
    "ROUGE_L": 0.2364341085271318,
    "CIDEr": 0.0,
    "METEOR": 0.1483798689627723,
    "SPICE": 0.14285714285714285,
    "BLEU_4": 5.108099332632167e-13
  },
  "6": {
    "BLEU_1": 0.2849111010768803,
    "BLEU_2": 4.688786182905264e-09,
    "ROUGE_L": 0.2819722650231125,
    "CIDEr": 0.0,
    "METEOR": 0.14953271028037382,
    "SPICE": 0.15384615384615383,
    "BLEU_4": 6.433960777519012e-13
  },
  "7": {
    "BLEU_1": 0.36363636360330587,
    "BLEU_2": 6.03022689097966e-09,
    "ROUGE_L": 0.2036727879799666,
    "CIDEr": 0.0,
    "METEOR": 0.13069286747237946,
    "SPICE": 0.11111111111111112,
    "BLEU_4": 8.430118945584141e-13
  },
  "8": {
    "BLEU_1": 0.33333333330555565,
    "BLEU_2": 5.504818825152218e-09,
    "ROUGE_L": 0.19551282051282048,
    "CIDEr": 0.0,
    "METEOR": 0.12889434177321826,
    "SPICE": 0.10256410256410255,
    "BLEU_4": 7.61747236997849e-13
  },
  "9": {
    "BLEU_1": 0.27272727270247943,
    "BLEU_2": 5.222329678172441e-09,
    "ROUGE_L": 0.2036727879799666,
    "CIDEr": 0.0,
    "METEOR": 0.11893632561655196,
    "SPICE": 0.058823529411764705,
    "BLEU_4": 7.84510965356927e-13
  }
}