{
  "0": {
    "BLEU_1": 0.18181818178512404,
    "BLEU_2": 4.2640143263175525e-09,
    "ROUGE_L": 0.14336075205640422,
    "CIDEr": 0.0,
    "METEOR": 0.10723860589812334,
    "SPICE": 0.09523809523809522,
    "BLEU_4": 7.088856800859686e-13
  },
  "1": {
    "BLEU_1": 0.18181818178512404,
    "BLEU_2": 4.2640143263175525e-09,
    "ROUGE_L": 0.14336075205640422,
    "CIDEr": 0.0,
    "METEOR": 0.10723860589812334,
    "SPICE": 0.09523809523809522,
    "BLEU_4": 7.088856800859686e-13
  },
  "2": {
    "BLEU_1": 0.35714285709183685,
    "BLEU_2": 5.241424182846418e-09,
    "ROUGE_L": 0.18336673346693386,
    "CIDEr": 0.0,
    "METEOR": 0.12371134020618557,
    "SPICE": 0.09090909090909091,
    "BLEU_4": 6.754312827648534e-13
  },
  "3": {
    "BLEU_1": 0.19999999998666673,
    "BLEU_2": 3.7796447298312975e-09,
    "ROUGE_L": 0.12828601472134593,
    "CIDEr": 0.0,
    "METEOR": 0.09837075225990621,
    "SPICE": 0.09302325581395349,
    "BLEU_4": 5.501034141770605e-13
  },
  "4": {
    "BLEU_1": 0.4166666666319445,
    "BLEU_2": 0.2752409412576109,
    "ROUGE_L": 0.2573839662447257,
    "CIDEr": 0.0,
    "METEOR": 0.16364279034313625,
    "SPICE": 0.1,
    "BLEU_4": 5.386366368312952e-09
  },
  "5": {
    "BLEU_1": 0.3999999999733334,
    "BLEU_2": 0.16903085093403225,
    "ROUGE_L": 0.23851417399804495,
    "CIDEr": 0.0,
    "METEOR": 0.16237539134562878,
    "SPICE": 0.09302325581395349,
    "BLEU_4": 3.6787632496533857e-09
  },
  "6": {
    "BLEU_1": 0.27731563051292607,
    "BLEU_2": 0.12783618921057155,
    "ROUGE_L": 0.2273998136067102,
    "CIDEr": 0.0,
    "METEOR": 0.14898818823397378,
    "SPICE": 0.08888888888888888,
    "BLEU_4": 2.8840229838068115e-09
  },
  "7": {
    "BLEU_1": 0.33333333331111115,
    "BLEU_2": 0.1543033499514377,
    "ROUGE_L": 0.23851417399804495,
    "CIDEr": 0.0,
    "METEOR": 0.1503032971692824,
    "SPICE": 0.09523809523809522,
    "BLEU_4": 3.514847831107641e-09
  },
  "8": {
    "BLEU_1": 0.29999999998500004,
    "BLEU_2": 0.1256561724810606,
    "ROUGE_L": 0.24302788844621517,
    "CIDEr": 0.0,
    "METEOR": 0.15351798872788133,
    "SPICE": 0.0851063829787234,
    "BLEU_4": 2.680165156210373e-09
  },
  "9": {
    "BLEU_1": 0.3999999999733334,
    "BLEU_2": 0.16903085093403225,
    "ROUGE_L": 0.23851417399804495,
    "CIDEr": 0.0,
    "METEOR": 0.16237539134562878,
    "SPICE": 0.09302325581395349,
    "BLEU_4": 3.6787632496533857e-09
  }
}