{
  "0": {
    "BLEU_1": 1.0976232717490041e-16,
    "BLEU_2": 1.227180124627569e-16,
    "ROUGE_L": 0.0,
    "CIDEr": 0.0,
    "METEOR": 0.0,
    "SPICE": 0.07142857142857142,
    "BLEU_4": 1.6581659742139797e-16
  },
  "1": {
    "BLEU_1": 1.2383969992892892e-16,
    "BLEU_2": 1.3376216389974536e-16,
    "ROUGE_L": 0.0,
    "CIDEr": 0.0,
    "METEOR": 0.0,
    "SPICE": 0.0,
    "BLEU_4": 1.61023072606689e-16
  },
  "2": {
    "BLEU_1": 0.16666666665277785,
    "BLEU_2": 3.892494720468497e-09,
    "ROUGE_L": 0.19551282051282048,
    "CIDEr": 0.0,
    "METEOR": 0.07339449541284403,
    "SPICE": 0.06451612903225806,
    "BLEU_4": 6.40550520920913e-13
  },
  "3": {
    "BLEU_1": 0.14285714284693884,
    "BLEU_2": 3.31496772041309e-09,
    "ROUGE_L": 0.18100890207715134,
    "CIDEr": 0.0,
    "METEOR": 0.07142857142857142,
    "SPICE": 0.06451612903225806,
    "BLEU_4": 5.371507285148366e-13
  },
  "4": {
    "BLEU_1": 0.1538461538343196,
    "BLEU_2": 3.5805743699102604e-09,
    "ROUGE_L": 0.18798151001540828,
    "CIDEr": 0.0,
    "METEOR": 0.1121672929888999,
    "SPICE": 0.0625,
    "BLEU_4": 5.84289629327371e-13
  },
  "5": {
    "BLEU_1": 0.14285714284693884,
    "BLEU_2": 3.31496772041309e-09,
    "ROUGE_L": 0.18100890207715134,
    "CIDEr": 0.0,
    "METEOR": 0.11144363303413281,
    "SPICE": 0.06451612903225806,
    "BLEU_4": 5.371507285148366e-13
  },
  "6": {
    "BLEU_1": 0.1333333333244445,
    "BLEU_2": 3.0860669990287532e-09,
    "ROUGE_L": 0.17453505007153075,
    "CIDEr": 0.0,
    "METEOR": 0.12361102532145912,
    "SPICE": 0.0625,
    "BLEU_4": 4.970745472430083e-13
  },
  "7": {
    "BLEU_1": 0.18749999998828132,
    "BLEU_2": 3.535533905704402e-09,
    "ROUGE_L": 0.16850828729281767,
    "CIDEr": 0.0,
    "METEOR": 0.1316872427983539,
    "SPICE": 0.05405405405405405,
    "BLEU_4": 5.119289102444937e-13
  },
  "8": {
    "BLEU_1": 0.14285714284693884,
    "BLEU_2": 3.31496772041309e-09,
    "ROUGE_L": 0.18100890207715134,
    "CIDEr": 0.0,
    "METEOR": 0.12598816042379488,
    "SPICE": 0.0625,
    "BLEU_4": 5.371507285148366e-13
  },
  "9": {
    "BLEU_1": 0.18749999998828132,
    "BLEU_2": 3.535533905704402e-09,
    "ROUGE_L": 0.16850828729281767,
    "CIDEr": 0.0,
    "METEOR": 0.17402697088477428,
    "SPICE": 0.12121212121212122,
    "BLEU_4": 5.119289102444937e-13
  }
}