{
  "0": {
    "BLEU_1": 0.3749999999062502,
    "BLEU_2": 7.319250545218839e-09,
    "ROUGE_L": 0.10892857142857142,
    "CIDEr": 0.0,
    "METEOR": 0.19767628239156373,
    "SPICE": 0.13793103448275862,
    "BLEU_4": 1.1559871144628244e-12
  },
  "1": {
    "BLEU_1": 0.33333333327777787,
    "BLEU_2": 5.5048188246934825e-09,
    "ROUGE_L": 0.16666666666666666,
    "CIDEr": 0.0,
    "METEOR": 0.17211329864898306,
    "SPICE": 0.17142857142857143,
    "BLEU_4": 7.617472369343701e-13
  },
  "2": {
    "BLEU_1": 0.33333333327777787,
    "BLEU_2": 5.5048188246934825e-09,
    "ROUGE_L": 0.16666666666666666,
    "CIDEr": 0.0,
    "METEOR": 0.12795811518324607,
    "SPICE": 0.17142857142857143,
    "BLEU_4": 7.617472369343701e-13
  },
  "3": {
    "BLEU_1": 0.33333333327777787,
    "BLEU_2": 5.5048188246934825e-09,
    "ROUGE_L": 0.16666666666666666,
    "CIDEr": 0.0,
    "METEOR": 0.12795811518324607,
    "SPICE": 0.17142857142857143,
    "BLEU_4": 7.617472369343701e-13
  },
  "4": {
    "BLEU_1": 0.33333333327777787,
    "BLEU_2": 5.5048188246934825e-09,
    "ROUGE_L": 0.16666666666666666,
    "CIDEr": 0.0,
    "METEOR": 0.12795811518324607,
    "SPICE": 0.17142857142857143,
    "BLEU_4": 7.617472369343701e-13
  },
  "5": {
    "BLEU_1": 0.33333333327777787,
    "BLEU_2": 5.5048188246934825e-09,
    "ROUGE_L": 0.16666666666666666,
    "CIDEr": 0.0,
    "METEOR": 0.12795811518324607,
    "SPICE": 0.17142857142857143,
    "BLEU_4": 7.617472369343701e-13
  },
  "6": {
    "BLEU_1": 0.33333333327777787,
    "BLEU_2": 5.5048188246934825e-09,
    "ROUGE_L": 0.16666666666666666,
    "CIDEr": 0.0,
    "METEOR": 0.12795811518324607,
    "SPICE": 0.17142857142857143,
    "BLEU_4": 7.617472369343701e-13
  },
  "7": {
    "BLEU_1": 0.33333333327777787,
    "BLEU_2": 5.5048188246934825e-09,
    "ROUGE_L": 0.16666666666666666,
    "CIDEr": 0.0,
    "METEOR": 0.12795811518324607,
    "SPICE": 0.17142857142857143,
    "BLEU_4": 7.617472369343701e-13
  },
  "8": {
    "BLEU_1": 0.33333333327777787,
    "BLEU_2": 5.5048188246934825e-09,
    "ROUGE_L": 0.16666666666666666,
    "CIDEr": 0.0,
    "METEOR": 0.12795811518324607,
    "SPICE": 0.17142857142857143,
    "BLEU_4": 7.617472369343701e-13
  },
  "9": {
    "BLEU_1": 0.33333333327777787,
    "BLEU_2": 5.5048188246934825e-09,
    "ROUGE_L": 0.16666666666666666,
    "CIDEr": 0.0,
    "METEOR": 0.12795811518324607,
    "SPICE": 0.17142857142857143,
    "BLEU_4": 7.617472369343701e-13
  }
}