{
  "0": {
    "BLEU_1": 0.6441233938804958,
    "BLEU_2": 0.4016815091130278,
    "ROUGE_L": 0.45607476635514016,
    "CIDEr": 0.0,
    "METEOR": 0.27251823719187307,
    "SPICE": 0.0588235294117647,
    "BLEU_4": 8.21563908155714e-09
  },
  "1": {
    "BLEU_1": 0.6666666665185187,
    "BLEU_2": 0.40824829037030635,
    "ROUGE_L": 0.41709401709401706,
    "CIDEr": 0.0,
    "METEOR": 0.26223453012802883,
    "SPICE": 0.0,
    "BLEU_4": 7.936880924121685e-09
  },
  "2": {
    "BLEU_1": 0.4444444443456792,
    "BLEU_2": 7.453559923291195e-09,
    "ROUGE_L": 0.20854700854700853,
    "CIDEr": 0.0,
    "METEOR": 0.16771488469601678,
    "SPICE": 0.052631578947368425,
    "BLEU_4": 1.0724314733358218e-12
  },
  "3": {
    "BLEU_1": 0.3333333332592594,
    "BLEU_2": 6.454972242199766e-09,
    "ROUGE_L": 0.20854700854700853,
    "CIDEr": 0.0,
    "METEOR": 0.11889596602972399,
    "SPICE": 0.1111111111111111,
    "BLEU_4": 9.980099401403394e-13
  },
  "4": {
    "BLEU_1": 0.3333333332592594,
    "BLEU_2": 6.454972242199766e-09,
    "ROUGE_L": 0.20854700854700853,
    "CIDEr": 0.0,
    "METEOR": 0.11889596602972399,
    "SPICE": 0.1081081081081081,
    "BLEU_4": 9.980099401403394e-13
  },
  "5": {
    "BLEU_1": 0.3333333332592594,
    "BLEU_2": 6.454972242199766e-09,
    "ROUGE_L": 0.20854700854700853,
    "CIDEr": 0.0,
    "METEOR": 0.11889596602972399,
    "SPICE": 0.1081081081081081,
    "BLEU_4": 9.980099401403394e-13
  },
  "6": {
    "BLEU_1": 0.3333333332592594,
    "BLEU_2": 6.454972242199766e-09,
    "ROUGE_L": 0.20854700854700853,
    "CIDEr": 0.0,
    "METEOR": 0.11889596602972399,
    "SPICE": 0.1142857142857143,
    "BLEU_4": 9.980099401403394e-13
  },
  "7": {
    "BLEU_1": 0.3333333332592594,
    "BLEU_2": 6.454972242199766e-09,
    "ROUGE_L": 0.20854700854700853,
    "CIDEr": 0.0,
    "METEOR": 0.11889596602972399,
    "SPICE": 0.1081081081081081,
    "BLEU_4": 9.980099401403394e-13
  },
  "8": {
    "BLEU_1": 0.3333333332592594,
    "BLEU_2": 6.454972242199766e-09,
    "ROUGE_L": 0.20854700854700853,
    "CIDEr": 0.0,
    "METEOR": 0.11889596602972399,
    "SPICE": 0.1081081081081081,
    "BLEU_4": 9.980099401403394e-13
  },
  "9": {
    "BLEU_1": 0.3333333332592594,
    "BLEU_2": 6.454972242199766e-09,
    "ROUGE_L": 0.20854700854700853,
    "CIDEr": 0.0,
    "METEOR": 0.11889596602972399,
    "SPICE": 0.1081081081081081,
    "BLEU_4": 9.980099401403394e-13
  }
}