{
  "0": {
    "BLEU_1": 0.2499999999583334,
    "BLEU_2": 4.7673129454153526e-09,
    "ROUGE_L": 0.19551282051282048,
    "CIDEr": 0.0,
    "METEOR": 0.1923076923076923,
    "SPICE": 0.18181818181818182,
    "BLEU_4": 7.088856800987232e-13
  },
  "1": {
    "BLEU_1": 0.26666666664888894,
    "BLEU_2": 4.3643578044184995e-09,
    "ROUGE_L": 0.22676579925650556,
    "CIDEr": 0.0,
    "METEOR": 0.14998459881591353,
    "SPICE": 0.0,
    "BLEU_4": 5.911245882681416e-13
  },
  "2": {
    "BLEU_1": 0.26666666664888894,
    "BLEU_2": 4.3643578044184995e-09,
    "ROUGE_L": 0.17453505007153075,
    "CIDEr": 0.0,
    "METEOR": 0.18058690744920997,
    "SPICE": 0.15,
    "BLEU_4": 5.911245882681416e-13
  },
  "3": {
    "BLEU_1": 0.22222222220987659,
    "BLEU_2": 3.6155076301041677e-09,
    "ROUGE_L": 0.15762273901808785,
    "CIDEr": 0.0,
    "METEOR": 0.17021276595744683,
    "SPICE": 0.13953488372093026,
    "BLEU_4": 4.830942081791594e-13
  },
  "4": {
    "BLEU_1": 0.24999999998750005,
    "BLEU_2": 3.627381250363917e-09,
    "ROUGE_L": 0.14805825242718446,
    "CIDEr": 0.0,
    "METEOR": 0.1639344262295082,
    "SPICE": 0.13333333333333333,
    "BLEU_4": 4.553719183899022e-13
  },
  "5": {
    "BLEU_1": 0.24999999998750005,
    "BLEU_2": 3.627381250363917e-09,
    "ROUGE_L": 0.14805825242718446,
    "CIDEr": 0.0,
    "METEOR": 0.1639344262295082,
    "SPICE": 0.13333333333333333,
    "BLEU_4": 4.553719183899022e-13
  },
  "6": {
    "BLEU_1": 0.24999999998750005,
    "BLEU_2": 3.627381250363917e-09,
    "ROUGE_L": 0.14805825242718446,
    "CIDEr": 0.0,
    "METEOR": 0.1639344262295082,
    "SPICE": 0.13333333333333333,
    "BLEU_4": 4.553719183899022e-13
  },
  "7": {
    "BLEU_1": 0.23809523808390026,
    "BLEU_2": 3.450327796543363e-09,
    "ROUGE_L": 0.143698468786808,
    "CIDEr": 0.0,
    "METEOR": 0.16096579476861167,
    "SPICE": 0.13043478260869565,
    "BLEU_4": 4.319402267644447e-13
  },
  "8": {
    "BLEU_1": 0.24999999998750005,
    "BLEU_2": 3.627381250363917e-09,
    "ROUGE_L": 0.14805825242718446,
    "CIDEr": 0.0,
    "METEOR": 0.1639344262295082,
    "SPICE": 0.13333333333333333,
    "BLEU_4": 4.553719183899022e-13
  },
  "9": {
    "BLEU_1": 0.23529411763321803,
    "BLEU_2": 3.834824944004226e-09,
    "ROUGE_L": 0.1628838451268358,
    "CIDEr": 0.0,
    "METEOR": 0.17130620985010708,
    "SPICE": 0.13953488372093026,
    "BLEU_4": 5.144201220579896e-13
  }
}