{
  "0": {
    "BLEU_1": 0.11031211279549655,
    "BLEU_2": 3.729230059054939e-09,
    "ROUGE_L": 0.10234899328859062,
    "CIDEr": 0.0,
    "METEOR": 0.1416317871465891,
    "SPICE": 0.125,
    "BLEU_4": 7.751502103232947e-13
  },
  "1": {
    "BLEU_1": 0.4444444443456792,
    "BLEU_2": 7.453559923291195e-09,
    "ROUGE_L": 0.3333333333333333,
    "CIDEr": 0.0,
    "METEOR": 0.2155440414507772,
    "SPICE": 0.1875,
    "BLEU_4": 1.0724314733358218e-12
  },
  "2": {
    "BLEU_1": 0.357142857117347,
    "BLEU_2": 5.241424183220805e-09,
    "ROUGE_L": 0.271513353115727,
    "CIDEr": 0.0,
    "METEOR": 0.2135421594023661,
    "SPICE": 0.16216216216216217,
    "BLEU_4": 6.754312828130983e-13
  },
  "3": {
    "BLEU_1": 0.38461538455621314,
    "BLEU_2": 5.661385169833853e-09,
    "ROUGE_L": 0.2819722650231125,
    "CIDEr": 0.0,
    "METEOR": 0.1804107372687953,
    "SPICE": 0.2222222222222222,
    "BLEU_4": 7.347053124767714e-13
  },
  "4": {
    "BLEU_1": 0.36363636357024803,
    "BLEU_2": 6.030226890431458e-09,
    "ROUGE_L": 0.1641991924629879,
    "CIDEr": 0.0,
    "METEOR": 0.18262151057295983,
    "SPICE": 0.2285714285714286,
    "BLEU_4": 8.430118944817767e-13
  },
  "5": {
    "BLEU_1": 0.31183566163562787,
    "BLEU_2": 4.564806674061582e-09,
    "ROUGE_L": 0.15117719950433703,
    "CIDEr": 0.0,
    "METEOR": 0.17109042425581525,
    "SPICE": 0.15789473684210525,
    "BLEU_4": 5.847275577679081e-13
  },
  "6": {
    "BLEU_1": 0.357142857117347,
    "BLEU_2": 5.241424183220805e-09,
    "ROUGE_L": 0.18100890207715134,
    "CIDEr": 0.0,
    "METEOR": 0.18601145526458296,
    "SPICE": 0.21621621621621623,
    "BLEU_4": 6.754312828130983e-13
  },
  "7": {
    "BLEU_1": 0.2142857142704082,
    "BLEU_2": 4.059989714404599e-09,
    "ROUGE_L": 0.09050445103857567,
    "CIDEr": 0.0,
    "METEOR": 0.18019101859398323,
    "SPICE": 0.25641025641025644,
    "BLEU_4": 5.944549994012258e-13
  },
  "8": {
    "BLEU_1": 0.3076923076449706,
    "BLEU_2": 5.063696834623075e-09,
    "ROUGE_L": 0.18798151001540828,
    "CIDEr": 0.0,
    "METEOR": 0.13582586666724628,
    "SPICE": 0.10526315789473685,
    "BLEU_4": 6.94841384364963e-13
  },
  "9": {
    "BLEU_1": 0.4166666665972223,
    "BLEU_2": 6.1545745479175624e-09,
    "ROUGE_L": 0.19551282051282048,
    "CIDEr": 0.0,
    "METEOR": 0.17567567567567569,
    "SPICE": 0.1111111111111111,
    "BLEU_4": 8.054496383396537e-13
  }
}