{
  "0": {
    "BLEU_1": 0.1194218850558244,
    "BLEU_2": 4.136895448977816e-09,
    "ROUGE_L": 0.11960784313725491,
    "CIDEr": 0.0,
    "METEOR": 0.10561056105610561,
    "SPICE": 0.07142857142857142,
    "BLEU_4": 9.250379439222845e-13
  },
  "1": {
    "BLEU_1": 0.33333333331111115,
    "BLEU_2": 4.879500364405748e-09,
    "ROUGE_L": 0.2489795918367347,
    "CIDEr": 0.0,
    "METEOR": 0.12903225806451613,
    "SPICE": 0.0588235294117647,
    "BLEU_4": 6.250381527478681e-13
  },
  "2": {
    "BLEU_1": 0.4374999999726563,
    "BLEU_2": 0.2415229457542257,
    "ROUGE_L": 0.20654627539503387,
    "CIDEr": 0.0,
    "METEOR": 0.2222222222222222,
    "SPICE": 0.1714285714285714,
    "BLEU_4": 4.231178541317022e-09
  },
  "3": {
    "BLEU_1": 0.36363636360330587,
    "BLEU_2": 0.2696799449595548,
    "ROUGE_L": 0.240473061760841,
    "CIDEr": 0.0,
    "METEOR": 0.14414414414414417,
    "SPICE": 0.125,
    "BLEU_4": 5.637560314657452e-09
  },
  "4": {
    "BLEU_1": 0.2849111010768803,
    "BLEU_2": 0.2096888927387587,
    "ROUGE_L": 0.22564734895191124,
    "CIDEr": 0.0,
    "METEOR": 0.13559322033898305,
    "SPICE": 0.11428571428571427,
    "BLEU_4": 4.302648892564402e-09
  },
  "5": {
    "BLEU_1": 0.4285714285102042,
    "BLEU_2": 0.18156825977420374,
    "ROUGE_L": 0.21889952153110045,
    "CIDEr": 0.0,
    "METEOR": 0.22598870056497172,
    "SPICE": 0.18181818181818182,
    "BLEU_4": 3.9753601756593914e-09
  },
  "6": {
    "BLEU_1": 0.4985944268845405,
    "BLEU_2": 0.3922919972202125,
    "ROUGE_L": 0.30310559006211174,
    "CIDEr": 0.0,
    "METEOR": 0.19893073632963945,
    "SPICE": 0.12121212121212122,
    "BLEU_4": 5.8850874280584635e-09
  },
  "7": {
    "BLEU_1": 0.3527007186456392,
    "BLEU_2": 0.23298642669684314,
    "ROUGE_L": 0.3034825870646766,
    "CIDEr": 0.0,
    "METEOR": 0.16666666666666666,
    "SPICE": 0.125,
    "BLEU_4": 4.559460693962386e-09
  },
  "8": {
    "BLEU_1": 0.3561388763461003,
    "BLEU_2": 0.23443930914526317,
    "ROUGE_L": 0.22564734895191124,
    "CIDEr": 0.0,
    "METEOR": 0.16519174041297935,
    "SPICE": 0.1176470588235294,
    "BLEU_4": 4.549497295671965e-09
  },
  "9": {
    "BLEU_1": 0.2849111010768803,
    "BLEU_2": 0.2096888927387587,
    "ROUGE_L": 0.22564734895191124,
    "CIDEr": 0.0,
    "METEOR": 0.13793103448275862,
    "SPICE": 0.125,
    "BLEU_4": 4.302648892564402e-09
  }
}