{
  "0": {
    "BLEU_1": 0.29999999994000015,
    "BLEU_2": 5.773502690709485e-09,
    "ROUGE_L": 0.28328173374613,
    "CIDEr": 0.0,
    "METEOR": 0.14790532817844224,
    "SPICE": 0.09523809523809523,
    "BLEU_4": 8.783602617783837e-13
  },
  "1": {
    "BLEU_1": 0.43656992628987906,
    "BLEU_2": 0.2415468648530965,
    "ROUGE_L": 0.39559014267185466,
    "CIDEr": 0.0,
    "METEOR": 0.24474455262592035,
    "SPICE": 0.1739130434782609,
    "BLEU_4": 4.2534670234288834e-09
  },
  "2": {
    "BLEU_1": 0.45454545446281003,
    "BLEU_2": 0.30151134452157297,
    "ROUGE_L": 0.45454545454545453,
    "CIDEr": 0.0,
    "METEOR": 0.2428828789944028,
    "SPICE": 0.18604651162790695,
    "BLEU_4": 3.3521134184190736e-05
  },
  "3": {
    "BLEU_1": 0.46153846150295863,
    "BLEU_2": 0.2773500980903911,
    "ROUGE_L": 0.33841886269070737,
    "CIDEr": 0.0,
    "METEOR": 0.20207233545690784,
    "SPICE": 0.0909090909090909,
    "BLEU_4": 5.142401604576806e-09
  },
  "4": {
    "BLEU_1": 0.37420279396275347,
    "BLEU_2": 0.15812954172408336,
    "ROUGE_L": 0.39559014267185466,
    "CIDEr": 0.0,
    "METEOR": 0.22604455311057164,
    "SPICE": 0.1739130434782609,
    "BLEU_4": 3.4415087160989216e-09
  },
  "5": {
    "BLEU_1": 0.30959924986655085,
    "BLEU_2": 4.543674787325716e-09,
    "ROUGE_L": 0.24530831099195713,
    "CIDEr": 0.0,
    "METEOR": 0.17203448881568312,
    "SPICE": 0.08695652173913045,
    "BLEU_4": 5.855164518287672e-13
  },
  "6": {
    "BLEU_1": 0.3749999999531251,
    "BLEU_2": 4.999999999364584e-09,
    "ROUGE_L": 0.3831658291457286,
    "CIDEr": 0.0,
    "METEOR": 0.21404747734072768,
    "SPICE": 0.1702127659574468,
    "BLEU_4": 6.087895024002919e-13
  },
  "7": {
    "BLEU_1": 0.388888888867284,
    "BLEU_2": 4.782867026256066e-09,
    "ROUGE_L": 0.3605200945626478,
    "CIDEr": 0.0,
    "METEOR": 0.22389860318586877,
    "SPICE": 0.20833333333333334,
    "BLEU_4": 5.556372368523969e-13
  },
  "8": {
    "BLEU_1": 0.30959924986655085,
    "BLEU_2": 0.1436836127503043,
    "ROUGE_L": 0.40884718498659517,
    "CIDEr": 0.0,
    "METEOR": 0.21616221924724033,
    "SPICE": 0.17777777777777776,
    "BLEU_4": 3.292600974421402e-09
  },
  "9": {
    "BLEU_1": 0.555555555432099,
    "BLEU_2": 0.26352313828697443,
    "ROUGE_L": 0.3929146537842191,
    "CIDEr": 0.0,
    "METEOR": 0.23460932329678602,
    "SPICE": 0.2380952380952381,
    "BLEU_4": 6.376715692219053e-09
  }
}