{
  "0": {
    "BLEU_1": 0.3076923076449706,
    "BLEU_2": 5.063696834623075e-09,
    "ROUGE_L": 0.14104046242774565,
    "CIDEr": 0.0,
    "METEOR": 0.1745770712279367,
    "SPICE": 0.10810810810810811,
    "BLEU_4": 6.94841384364963e-13
  },
  "1": {
    "BLEU_1": 0.3977063629402297,
    "BLEU_2": 6.6697384695928586e-09,
    "ROUGE_L": 0.31282051282051276,
    "CIDEr": 0.0,
    "METEOR": 0.13145539906103285,
    "SPICE": 0.058823529411764705,
    "BLEU_4": 9.596538469300547e-13
  },
  "2": {
    "BLEU_1": 0.4971329536752872,
    "BLEU_2": 7.456994305077522e-09,
    "ROUGE_L": 0.31282051282051276,
    "CIDEr": 0.0,
    "METEOR": 0.13950177935943062,
    "SPICE": 0.06060606060606061,
    "BLEU_4": 1.0147104005940296e-12
  },
  "3": {
    "BLEU_1": 0.5999999998800002,
    "BLEU_2": 0.2581988896940871,
    "ROUGE_L": 0.3,
    "CIDEr": 0.0,
    "METEOR": 0.13937282229965156,
    "SPICE": 0.12121212121212122,
    "BLEU_4": 5.873949093408464e-09
  },
  "4": {
    "BLEU_1": 0.3833518393649928,
    "BLEU_2": 5.662481937231346e-09,
    "ROUGE_L": 0.2772727272727273,
    "CIDEr": 0.0,
    "METEOR": 0.13447684391080617,
    "SPICE": 0.05714285714285714,
    "BLEU_4": 7.410494410196069e-13
  },
  "5": {
    "BLEU_1": 0.4545454545041323,
    "BLEU_2": 6.741998623988867e-09,
    "ROUGE_L": 0.28818897637795277,
    "CIDEr": 0.0,
    "METEOR": 0.13658536585365852,
    "SPICE": 0.11764705882352941,
    "BLEU_4": 8.913765520446539e-13
  },
  "6": {
    "BLEU_1": 0.5643211497389692,
    "BLEU_2": 9.774329031172883e-09,
    "ROUGE_L": 0.3588235294117647,
    "CIDEr": 0.0,
    "METEOR": 0.14035087719298242,
    "SPICE": 0.06666666666666667,
    "BLEU_4": 1.5454571168369499e-12
  },
  "7": {
    "BLEU_1": 0.4971329536752872,
    "BLEU_2": 7.456994305077522e-09,
    "ROUGE_L": 0.31282051282051276,
    "CIDEr": 0.0,
    "METEOR": 0.13950177935943062,
    "SPICE": 0.06060606060606061,
    "BLEU_4": 1.0147104005940296e-12
  },
  "8": {
    "BLEU_1": 0.5643211497389692,
    "BLEU_2": 9.774329031172883e-09,
    "ROUGE_L": 0.3588235294117647,
    "CIDEr": 0.0,
    "METEOR": 0.15209125475285173,
    "SPICE": 0.06451612903225806,
    "BLEU_4": 1.5454571168369499e-12
  },
  "9": {
    "BLEU_1": 0.3977063629402297,
    "BLEU_2": 6.6697384695928586e-09,
    "ROUGE_L": 0.31282051282051276,
    "CIDEr": 0.0,
    "METEOR": 0.12962962962962962,
    "SPICE": 0.06060606060606061,
    "BLEU_4": 9.596538469300547e-13
  }
}