{
  "0": {
    "BLEU_1": 0.21470779796016531,
    "BLEU_2": 5.1856859842473975e-09,
    "ROUGE_L": 0.22803738317757008,
    "CIDEr": 0.0,
    "METEOR": 0.13253526690760037,
    "SPICE": 0.2,
    "BLEU_4": 9.334768232372482e-13
  },
  "1": {
    "BLEU_1": 0.22062422559099293,
    "BLEU_2": 5.273927726724911e-09,
    "ROUGE_L": 0.116412213740458,
    "CIDEr": 0.0,
    "METEOR": 0.06687375268312556,
    "SPICE": 0.06896551724137931,
    "BLEU_4": 9.218141453123176e-13
  },
  "2": {
    "BLEU_1": 0.27272727267768604,
    "BLEU_2": 5.222329677697684e-09,
    "ROUGE_L": 0.1921259842519685,
    "CIDEr": 0.0,
    "METEOR": 0.12309094860064548,
    "SPICE": 0.18181818181818182,
    "BLEU_4": 7.845109652856079e-13
  },
  "3": {
    "BLEU_1": 0.16666666665277785,
    "BLEU_2": 3.892494720468497e-09,
    "ROUGE_L": 0.09775641025641024,
    "CIDEr": 0.0,
    "METEOR": 0.06220814203081447,
    "SPICE": 0.06060606060606061,
    "BLEU_4": 6.40550520920913e-13
  },
  "4": {
    "BLEU_1": 0.21470779796016531,
    "BLEU_2": 5.1856859842473975e-09,
    "ROUGE_L": 0.12224448897795591,
    "CIDEr": 0.0,
    "METEOR": 0.09670504302637326,
    "SPICE": 0.07142857142857142,
    "BLEU_4": 9.334768232372482e-13
  },
  "5": {
    "BLEU_1": 0.21470779796016531,
    "BLEU_2": 5.1856859842473975e-09,
    "ROUGE_L": 0.12224448897795591,
    "CIDEr": 0.0,
    "METEOR": 0.06841304622314637,
    "SPICE": 0.06896551724137931,
    "BLEU_4": 9.334768232372482e-13
  },
  "6": {
    "BLEU_1": 0.21470779796016531,
    "BLEU_2": 5.1856859842473975e-09,
    "ROUGE_L": 0.12224448897795591,
    "CIDEr": 0.0,
    "METEOR": 0.06841304622314637,
    "SPICE": 0.06896551724137931,
    "BLEU_4": 9.334768232372482e-13
  },
  "7": {
    "BLEU_1": 0.21470779796016531,
    "BLEU_2": 5.1856859842473975e-09,
    "ROUGE_L": 0.12224448897795591,
    "CIDEr": 0.0,
    "METEOR": 0.06841304622314637,
    "SPICE": 0.06896551724137931,
    "BLEU_4": 9.334768232372482e-13
  },
  "8": {
    "BLEU_1": 0.21470779796016531,
    "BLEU_2": 5.1856859842473975e-09,
    "ROUGE_L": 0.12224448897795591,
    "CIDEr": 0.0,
    "METEOR": 0.06841304622314637,
    "SPICE": 0.06896551724137931,
    "BLEU_4": 9.334768232372482e-13
  },
  "9": {
    "BLEU_1": 0.21470779796016531,
    "BLEU_2": 5.1856859842473975e-09,
    "ROUGE_L": 0.12224448897795591,
    "CIDEr": 0.0,
    "METEOR": 0.06841304622314637,
    "SPICE": 0.06896551724137931,
    "BLEU_4": 9.334768232372482e-13
  }
}