{
  "0": {
    "BLEU_1": 0.18393972049375146,
    "BLEU_2": 4.749303160991089e-09,
    "ROUGE_L": 0.14386792452830188,
    "CIDEr": 0.0,
    "METEOR": 0.08247422680412372,
    "SPICE": 0.07142857142857142,
    "BLEU_4": 1.1115018918919703e-12
  },
  "1": {
    "BLEU_1": 0.47768754022329724,
    "BLEU_2": 8.273790897955628e-09,
    "ROUGE_L": 0.12869198312236285,
    "CIDEr": 0.0,
    "METEOR": 0.08888888888888889,
    "SPICE": 0.13793103448275862,
    "BLEU_4": 1.3082012060046169e-12
  },
  "2": {
    "BLEU_1": 0.3749999999062502,
    "BLEU_2": 0.23145502488320774,
    "ROUGE_L": 0.21785714285714283,
    "CIDEr": 0.0,
    "METEOR": 0.1520433937471593,
    "SPICE": 0.07142857142857142,
    "BLEU_4": 6.500593258499926e-09
  },
  "3": {
    "BLEU_1": 0.4953587997157158,
    "BLEU_2": 8.459862053518921e-09,
    "ROUGE_L": 0.12224448897795591,
    "CIDEr": 0.0,
    "METEOR": 0.08714596949891068,
    "SPICE": 0.07407407407407407,
    "BLEU_4": 1.2805693630023128e-12
  },
  "4": {
    "BLEU_1": 0.47768754022329724,
    "BLEU_2": 8.273790897955628e-09,
    "ROUGE_L": 0.12869198312236285,
    "CIDEr": 0.0,
    "METEOR": 0.08888888888888889,
    "SPICE": 0.13793103448275862,
    "BLEU_4": 1.3082012060046169e-12
  },
  "5": {
    "BLEU_1": 0.555555555432099,
    "BLEU_2": 0.37267799616455977,
    "ROUGE_L": 0.3713850837138508,
    "CIDEr": 0.0,
    "METEOR": 0.2170760822202029,
    "SPICE": 0.07142857142857142,
    "BLEU_4": 7.583235671536399e-09
  },
  "6": {
    "BLEU_1": 0.5454545454049587,
    "BLEU_2": 0.3302891295063807,
    "ROUGE_L": 0.4314002828854314,
    "CIDEr": 0.0,
    "METEOR": 0.2104308960297885,
    "SPICE": 0.07142857142857142,
    "BLEU_4": 6.238986071451458e-09
  },
  "7": {
    "BLEU_1": 0.5454545454049587,
    "BLEU_2": 0.4670993664523271,
    "ROUGE_L": 0.384251968503937,
    "CIDEr": 0.0,
    "METEOR": 0.23588625285053114,
    "SPICE": 0.24242424242424243,
    "BLEU_4": 0.36720562695015824
  },
  "8": {
    "BLEU_1": 0.5999999999600001,
    "BLEU_2": 0.292770021864345,
    "ROUGE_L": 0.4149659863945578,
    "CIDEr": 0.0,
    "METEOR": 0.23052643519905003,
    "SPICE": 0.16666666666666666,
    "BLEU_4": 2.722589422866631e-05
  },
  "9": {
    "BLEU_1": 0.30769230766863914,
    "BLEU_2": 5.063696835012589e-09,
    "ROUGE_L": 0.1781021897810219,
    "CIDEr": 0.0,
    "METEOR": 0.11622276029055689,
    "SPICE": 0.0625,
    "BLEU_4": 6.948413844184121e-13
  }
}