{
  "0": {
    "BLEU_1": 0.3226960696265208,
    "BLEU_2": 5.511084562987106e-09,
    "ROUGE_L": 0.30148270181219106,
    "CIDEr": 0.0,
    "METEOR": 0.15058823529411766,
    "SPICE": 0.10256410256410256,
    "BLEU_4": 8.342128989373708e-13
  },
  "1": {
    "BLEU_1": 0.2669124675796223,
    "BLEU_2": 0.1634498378881731,
    "ROUGE_L": 0.26406926406926406,
    "CIDEr": 0.0,
    "METEOR": 0.14253897550111358,
    "SPICE": 0.13636363636363635,
    "BLEU_4": 4.493916327443971e-09
  },
  "2": {
    "BLEU_1": 0.25773347948218134,
    "BLEU_2": 0.15907655712452637,
    "ROUGE_L": 0.2739520958083832,
    "CIDEr": 0.0,
    "METEOR": 0.14446952595936796,
    "SPICE": 0.15789473684210525,
    "BLEU_4": 4.46778805234787e-09
  },
  "3": {
    "BLEU_1": 0.2669124675796223,
    "BLEU_2": 0.1634498378881731,
    "ROUGE_L": 0.26406926406926406,
    "CIDEr": 0.0,
    "METEOR": 0.08881416562842213,
    "SPICE": 0.15384615384615385,
    "BLEU_4": 4.493916327443971e-09
  },
  "4": {
    "BLEU_1": 0.16134803481326043,
    "BLEU_2": 3.896925266180684e-09,
    "ROUGE_L": 0.20098846787479407,
    "CIDEr": 0.0,
    "METEOR": 0.07132747738746474,
    "SPICE": 0.1,
    "BLEU_4": 7.014866362748444e-13
  },
  "5": {
    "BLEU_1": 0.1809674835709985,
    "BLEU_2": 4.265444493553575e-09,
    "ROUGE_L": 0.1788856304985337,
    "CIDEr": 0.0,
    "METEOR": 0.06709857556607356,
    "SPICE": 0.13636363636363635,
    "BLEU_4": 7.181586842840614e-13
  },
  "6": {
    "BLEU_1": 0.16134803481326043,
    "BLEU_2": 3.896925266180684e-09,
    "ROUGE_L": 0.20098846787479407,
    "CIDEr": 0.0,
    "METEOR": 0.0700038747142953,
    "SPICE": 0.14285714285714288,
    "BLEU_4": 7.014866362748444e-13
  },
  "7": {
    "BLEU_1": 0.1718223196547876,
    "BLEU_2": 4.107339043435355e-09,
    "ROUGE_L": 0.1930379746835443,
    "CIDEr": 0.0,
    "METEOR": 0.06872850047860976,
    "SPICE": 0.13953488372093023,
    "BLEU_4": 7.179095782155307e-13
  },
  "8": {
    "BLEU_1": 0.1718223196547876,
    "BLEU_2": 4.107339043435355e-09,
    "ROUGE_L": 0.1930379746835443,
    "CIDEr": 0.0,
    "METEOR": 0.06872850047860976,
    "SPICE": 0.13953488372093023,
    "BLEU_4": 7.179095782155307e-13
  },
  "9": {
    "BLEU_1": 0.26666666664888894,
    "BLEU_2": 0.13801311185894144,
    "ROUGE_L": 0.22676579925650556,
    "CIDEr": 0.0,
    "METEOR": 0.08603431060814869,
    "SPICE": 0.13333333333333333,
    "BLEU_4": 3.324137843193063e-09
  }
}