{
  "0": {
    "BLEU_1": 0.1111111110864199,
    "BLEU_2": 3.726779961645599e-09,
    "ROUGE_L": 0.09822866344605477,
    "CIDEr": 0.0,
    "METEOR": 0.07547169811320754,
    "SPICE": 0.07142857142857144,
    "BLEU_4": 7.583235671536399e-13
  },
  "1": {
    "BLEU_1": 0.1999999999800001,
    "BLEU_2": 4.714045207412725e-09,
    "ROUGE_L": 0.18885448916408668,
    "CIDEr": 0.0,
    "METEOR": 0.16869552265488671,
    "SPICE": 0.06896551724137932,
    "BLEU_4": 7.93688092513584e-13
  },
  "2": {
    "BLEU_1": 0.1999999999800001,
    "BLEU_2": 4.714045207412725e-09,
    "ROUGE_L": 0.18885448916408668,
    "CIDEr": 0.0,
    "METEOR": 0.16869552265488671,
    "SPICE": 0.06666666666666667,
    "BLEU_4": 7.93688092513584e-13
  },
  "3": {
    "BLEU_1": 0.16666666663888896,
    "BLEU_2": 3.8924947201441226e-09,
    "ROUGE_L": 0.17528735632183906,
    "CIDEr": 0.0,
    "METEOR": 0.16298777940716497,
    "SPICE": 0.06451612903225806,
    "BLEU_4": 6.405505208675338e-13
  },
  "4": {
    "BLEU_1": 0.16666666663888896,
    "BLEU_2": 3.8924947201441226e-09,
    "ROUGE_L": 0.17528735632183906,
    "CIDEr": 0.0,
    "METEOR": 0.10526315789473684,
    "SPICE": 0.0625,
    "BLEU_4": 6.405505208675338e-13
  },
  "5": {
    "BLEU_1": 0.1111111110864199,
    "BLEU_2": 3.726779961645599e-09,
    "ROUGE_L": 0.09822866344605477,
    "CIDEr": 0.0,
    "METEOR": 0.0939334637964775,
    "SPICE": 0.13793103448275865,
    "BLEU_4": 7.583235671536399e-13
  },
  "6": {
    "BLEU_1": 0.2499999999687501,
    "BLEU_2": 5.976143045871594e-09,
    "ROUGE_L": 0.125,
    "CIDEr": 0.0,
    "METEOR": 0.1035598705501618,
    "SPICE": 0.14285714285714288,
    "BLEU_4": 1.0445522729063402e-12
  },
  "7": {
    "BLEU_1": 0.2499999999687501,
    "BLEU_2": 5.976143045871594e-09,
    "ROUGE_L": 0.10234899328859062,
    "CIDEr": 0.0,
    "METEOR": 0.09896907216494845,
    "SPICE": 0.14285714285714288,
    "BLEU_4": 1.0445522729063402e-12
  },
  "8": {
    "BLEU_1": 0.23076923075147937,
    "BLEU_2": 4.385290096183762e-09,
    "ROUGE_L": 0.16920943134535368,
    "CIDEr": 0.0,
    "METEOR": 0.1046728971962617,
    "SPICE": 0.06896551724137932,
    "BLEU_4": 6.466227686450042e-13
  },
  "9": {
    "BLEU_1": 0.24999999998437505,
    "BLEU_2": 4.0824829043749705e-09,
    "ROUGE_L": 0.22989949748743718,
    "CIDEr": 0.0,
    "METEOR": 0.19406131354247677,
    "SPICE": 0.11111111111111112,
    "BLEU_4": 5.501034141799257e-13
  }
}