{
  "0": {
    "BLEU_1": 0.2791881674335416,
    "BLEU_2": 5.505664910048476e-09,
    "ROUGE_L": 0.20098846787479407,
    "CIDEr": 0.0,
    "METEOR": 0.11155378486055777,
    "SPICE": 0.05555555555555555,
    "BLEU_4": 8.955385498932293e-13
  },
  "1": {
    "BLEU_1": 0.2982797722051723,
    "BLEU_2": 5.776162951265759e-09,
    "ROUGE_L": 0.10427350427350426,
    "CIDEr": 0.0,
    "METEOR": 0.1105831533477322,
    "SPICE": 0.05128205128205128,
    "BLEU_4": 8.930585330091313e-13
  },
  "2": {
    "BLEU_1": 0.29999999994000015,
    "BLEU_2": 5.773502690709485e-09,
    "ROUGE_L": 0.1,
    "CIDEr": 0.0,
    "METEOR": 0.10847457627118645,
    "SPICE": 0.05,
    "BLEU_4": 8.783602617783837e-13
  },
  "3": {
    "BLEU_1": 0.17113903962048443,
    "BLEU_2": 4.192033221331537e-09,
    "ROUGE_L": 0.11960784313725491,
    "CIDEr": 0.0,
    "METEOR": 0.09773755656108597,
    "SPICE": 0.10810810810810811,
    "BLEU_4": 7.882286548803192e-13
  },
  "4": {
    "BLEU_1": 0.29999999994000015,
    "BLEU_2": 5.773502690709485e-09,
    "ROUGE_L": 0.16991643454039,
    "CIDEr": 0.0,
    "METEOR": 0.10987124463519314,
    "SPICE": 0.1111111111111111,
    "BLEU_4": 8.783602617783837e-13
  },
  "5": {
    "BLEU_1": 0.2499999999583334,
    "BLEU_2": 4.7673129454153526e-09,
    "ROUGE_L": 0.15885416666666669,
    "CIDEr": 0.0,
    "METEOR": 0.10644490644490645,
    "SPICE": 0.1111111111111111,
    "BLEU_4": 7.088856800987232e-13
  },
  "6": {
    "BLEU_1": 0.28571428569387763,
    "BLEU_2": 4.688072309037213e-09,
    "ROUGE_L": 0.15601023017902813,
    "CIDEr": 0.0,
    "METEOR": 0.12008113590263694,
    "SPICE": 0.10810810810810811,
    "BLEU_4": 6.387834681787387e-13
  },
  "7": {
    "BLEU_1": 0.36363636360330587,
    "BLEU_2": 6.03022689097966e-09,
    "ROUGE_L": 0.17256011315417258,
    "CIDEr": 0.0,
    "METEOR": 0.12542372881355932,
    "SPICE": 0.10810810810810811,
    "BLEU_4": 8.430118945584141e-13
  },
  "8": {
    "BLEU_1": 0.33333333327777787,
    "BLEU_2": 0.17407765592602564,
    "ROUGE_L": 0.2772727272727273,
    "CIDEr": 0.0,
    "METEOR": 0.09664429530201345,
    "SPICE": 0.05,
    "BLEU_4": 4.283619506777607e-09
  },
  "9": {
    "BLEU_1": 0.357142857117347,
    "BLEU_2": 0.16574838602065456,
    "ROUGE_L": 0.2577464788732394,
    "CIDEr": 0.0,
    "METEOR": 0.1265720081135903,
    "SPICE": 0.05405405405405406,
    "BLEU_4": 3.7982292265213524e-09
  }
}