{
  "0": {
    "BLEU_1": 0.4444444443456792,
    "BLEU_2": 0.3333333332569446,
    "ROUGE_L": 0.4444444444444444,
    "CIDEr": 0.0,
    "METEOR": 0.16146580124698326,
    "SPICE": 0.13793103448275862,
    "BLEU_4": 4.032989115749891e-05
  },
  "1": {
    "BLEU_1": 0.36363636357024803,
    "BLEU_2": 6.030226890431458e-09,
    "ROUGE_L": 0.433392539964476,
    "CIDEr": 0.0,
    "METEOR": 0.16257871939410595,
    "SPICE": 0.12903225806451613,
    "BLEU_4": 8.430118944817767e-13
  },
  "2": {
    "BLEU_1": 0.35714285709183685,
    "BLEU_2": 5.241424182846418e-09,
    "ROUGE_L": 0.28683385579937304,
    "CIDEr": 0.0,
    "METEOR": 0.13204492179382504,
    "SPICE": 0.11764705882352941,
    "BLEU_4": 6.754312827648534e-13
  },
  "3": {
    "BLEU_1": 0.3749999999765626,
    "BLEU_2": 0.15811388299820756,
    "ROUGE_L": 0.33701657458563533,
    "CIDEr": 0.0,
    "METEOR": 0.15154498790055682,
    "SPICE": 0.11428571428571427,
    "BLEU_4": 3.4234749556315017e-09
  },
  "4": {
    "BLEU_1": 0.33333333331481485,
    "BLEU_2": 0.14002800839479293,
    "ROUGE_L": 0.3152454780361757,
    "CIDEr": 0.0,
    "METEOR": 0.14471570732993086,
    "SPICE": 0.1111111111111111,
    "BLEU_4": 3.006454568869563e-09
  },
  "5": {
    "BLEU_1": 0.33333333331481485,
    "BLEU_2": 0.14002800839479293,
    "ROUGE_L": 0.3152454780361757,
    "CIDEr": 0.0,
    "METEOR": 0.18667144804993935,
    "SPICE": 0.16666666666666666,
    "BLEU_4": 3.006454568869563e-09
  },
  "6": {
    "BLEU_1": 0.3157894736675901,
    "BLEU_2": 0.1324532356993396,
    "ROUGE_L": 0.3053817271589487,
    "CIDEr": 0.0,
    "METEOR": 0.18547738761465188,
    "SPICE": 0.15789473684210528,
    "BLEU_4": 2.833929617442683e-09
  },
  "7": {
    "BLEU_1": 0.29999999998500004,
    "BLEU_2": 0.1256561724810606,
    "ROUGE_L": 0.2961165048543689,
    "CIDEr": 0.0,
    "METEOR": 0.18198513554659357,
    "SPICE": 0.16216216216216214,
    "BLEU_4": 2.680165156210373e-09
  },
  "8": {
    "BLEU_1": 0.3157894736675901,
    "BLEU_2": 0.1324532356993396,
    "ROUGE_L": 0.3053817271589487,
    "CIDEr": 0.0,
    "METEOR": 0.18313451535004574,
    "SPICE": 0.15789473684210528,
    "BLEU_4": 2.833929617442683e-09
  },
  "9": {
    "BLEU_1": 0.2849111010768803,
    "BLEU_2": 4.688786182905264e-09,
    "ROUGE_L": 0.2819722650231125,
    "CIDEr": 0.0,
    "METEOR": 0.1855716289192123,
    "SPICE": 0.18181818181818182,
    "BLEU_4": 6.433960777519012e-13
  }
}