{
  "0": {
    "BLEU_1": 0.27590958074062716,
    "BLEU_2": 5.816684689107698e-09,
    "ROUGE_L": 0.31443298969072164,
    "CIDEr": 0.0,
    "METEOR": 0.15864022662889518,
    "SPICE": 0.08333333333333333,
    "BLEU_4": 1.2300790474695449e-12
  },
  "1": {
    "BLEU_1": 0.3333333332592594,
    "BLEU_2": 0.20412414518515326,
    "ROUGE_L": 0.2378167641325536,
    "CIDEr": 0.0,
    "METEOR": 0.17155959530056883,
    "SPICE": 0.07692307692307691,
    "BLEU_4": 5.612222322916596e-09
  },
  "2": {
    "BLEU_1": 0.22222222217283966,
    "BLEU_2": 5.270462765739487e-09,
    "ROUGE_L": 0.2378167641325536,
    "CIDEr": 0.0,
    "METEOR": 0.1407035175879397,
    "SPICE": 0.06896551724137931,
    "BLEU_4": 9.018037815333522e-13
  },
  "3": {
    "BLEU_1": 0.3333333332592594,
    "BLEU_2": 0.20412414518515326,
    "ROUGE_L": 0.2378167641325536,
    "CIDEr": 0.0,
    "METEOR": 0.1447753135081826,
    "SPICE": 0.06896551724137931,
    "BLEU_4": 5.612222322916596e-09
  },
  "4": {
    "BLEU_1": 0.22222222217283966,
    "BLEU_2": 5.270462765739487e-09,
    "ROUGE_L": 0.2378167641325536,
    "CIDEr": 0.0,
    "METEOR": 0.1407035175879397,
    "SPICE": 0.07407407407407408,
    "BLEU_4": 9.018037815333522e-13
  },
  "5": {
    "BLEU_1": 0.24999999993750016,
    "BLEU_2": 5.976143045124577e-09,
    "ROUGE_L": 0.25,
    "CIDEr": 0.0,
    "METEOR": 0.14395886889460152,
    "SPICE": 0.07692307692307691,
    "BLEU_4": 1.0445522727757714e-12
  },
  "6": {
    "BLEU_1": 1.2499999996875005e-16,
    "BLEU_2": 1.3363062092161143e-16,
    "ROUGE_L": 0.0,
    "CIDEr": 0.0,
    "METEOR": 0.12151898734177213,
    "SPICE": 0.06896551724137931,
    "BLEU_4": 1.561969968017105e-16
  },
  "7": {
    "BLEU_1": 9.196986024687569e-17,
    "BLEU_2": 1.0619764713730698e-16,
    "ROUGE_L": 0.0,
    "CIDEr": 0.0,
    "METEOR": 0.13370473537604455,
    "SPICE": 0.15384615384615383,
    "BLEU_4": 1.6620829993657386e-16
  },
  "8": {
    "BLEU_1": 0.10976232717490052,
    "BLEU_2": 3.8806842931124116e-09,
    "ROUGE_L": 0.1358574610244989,
    "CIDEr": 0.0,
    "METEOR": 0.14919614147909968,
    "SPICE": 0.15384615384615383,
    "BLEU_4": 9.324552513250358e-13
  },
  "9": {
    "BLEU_1": 0.19999999996000015,
    "BLEU_2": 4.714045206941321e-09,
    "ROUGE_L": 0.11338289962825278,
    "CIDEr": 0.0,
    "METEOR": 0.15833654540641742,
    "SPICE": 0.13333333333333333,
    "BLEU_4": 7.936880924342154e-13
  }
}