{
  "0": {
    "BLEU_1": 0.402192027460507,
    "BLEU_2": 8.209710382242107e-09,
    "ROUGE_L": 0.2190305206463196,
    "CIDEr": 0.0,
    "METEOR": 0.13330316149460247,
    "SPICE": 0.18750000000000003,
    "BLEU_4": 1.4988811888358111e-12
  },
  "1": {
    "BLEU_1": 0.28216057486948465,
    "BLEU_2": 6.911494339490884e-09,
    "ROUGE_L": 0.13926940639269406,
    "CIDEr": 0.0,
    "METEOR": 0.09495548961424333,
    "SPICE": 0.125,
    "BLEU_4": 1.2995693494765325e-12
  },
  "2": {
    "BLEU_1": 0.3542749143786238,
    "BLEU_2": 7.468770981672717e-09,
    "ROUGE_L": 0.22932330827067668,
    "CIDEr": 0.0,
    "METEOR": 0.13615287278546095,
    "SPICE": 0.19354838709677416,
    "BLEU_4": 1.5794527614859425e-12
  },
  "3": {
    "BLEU_1": 0.5714285712653063,
    "BLEU_2": 9.75900072658087e-09,
    "ROUGE_L": 0.24448897795591182,
    "CIDEr": 0.0,
    "METEOR": 0.14149985392654948,
    "SPICE": 0.1818181818181818,
    "BLEU_4": 1.4772199906945942e-12
  },
  "4": {
    "BLEU_1": 0.2681280183070047,
    "BLEU_2": 6.703200457507537e-09,
    "ROUGE_L": 0.1358574610244989,
    "CIDEr": 0.0,
    "METEOR": 0.13330316149460247,
    "SPICE": 0.125,
    "BLEU_4": 1.3543920454051452e-12
  },
  "5": {
    "BLEU_1": 0.4999999998750002,
    "BLEU_2": 8.451542545096823e-09,
    "ROUGE_L": 0.34923664122137404,
    "CIDEr": 0.0,
    "METEOR": 0.24247048147210992,
    "SPICE": 0.11764705882352941,
    "BLEU_4": 1.2421889947772103e-12
  },
  "6": {
    "BLEU_1": 0.38461538458579886,
    "BLEU_2": 0.17902871849551308,
    "ROUGE_L": 0.37596302003081655,
    "CIDEr": 0.0,
    "METEOR": 0.20450259717837463,
    "SPICE": 0.10810810810810811,
    "BLEU_4": 4.131551590743584e-09
  },
  "7": {
    "BLEU_1": 0.3999999999600001,
    "BLEU_2": 0.21081851065563903,
    "ROUGE_L": 0.31881533101045295,
    "CIDEr": 0.0,
    "METEOR": 0.16400675090895298,
    "SPICE": 0.11428571428571428,
    "BLEU_4": 5.3077121704368895e-09
  },
  "8": {
    "BLEU_1": 0.3999999999600001,
    "BLEU_2": 0.21081851065563903,
    "ROUGE_L": 0.31881533101045295,
    "CIDEr": 0.0,
    "METEOR": 0.16192191932960187,
    "SPICE": 0.11428571428571428,
    "BLEU_4": 5.3077121704368895e-09
  },
  "9": {
    "BLEU_1": 0.3999999999600001,
    "BLEU_2": 0.21081851065563903,
    "ROUGE_L": 0.31881533101045295,
    "CIDEr": 0.0,
    "METEOR": 0.16400675090895298,
    "SPICE": 0.11428571428571428,
    "BLEU_4": 5.3077121704368895e-09
  }
}