{
  "0": {
    "BLEU_1": 0.4953587997157158,
    "BLEU_2": 0.2675243277994909,
    "ROUGE_L": 0.22803738317757008,
    "CIDEr": 0.0,
    "METEOR": 0.17040208056963416,
    "SPICE": 0.1212121212121212,
    "BLEU_4": 7.201170725888819e-09
  },
  "1": {
    "BLEU_1": 0.4953587997157158,
    "BLEU_2": 8.459862053518921e-09,
    "ROUGE_L": 0.2136602451838879,
    "CIDEr": 0.0,
    "METEOR": 0.14035087719298242,
    "SPICE": 0.10810810810810811,
    "BLEU_4": 1.2805693630023128e-12
  },
  "2": {
    "BLEU_1": 0.4444444443950618,
    "BLEU_2": 7.453559924119366e-09,
    "ROUGE_L": 0.2946859903381642,
    "CIDEr": 0.0,
    "METEOR": 0.17808003216794419,
    "SPICE": 0.2105263157894737,
    "BLEU_4": 1.0724314734549807e-12
  },
  "3": {
    "BLEU_1": 0.6249999998437503,
    "BLEU_2": 9.44911182278404e-09,
    "ROUGE_L": 0.3070469798657718,
    "CIDEr": 0.0,
    "METEOR": 0.1883072100963289,
    "SPICE": 0.2105263157894737,
    "BLEU_4": 1.313454946839543e-12
  },
  "4": {
    "BLEU_1": 0.5555555554938273,
    "BLEU_2": 8.333333332349538e-09,
    "ROUGE_L": 0.2946859903381642,
    "CIDEr": 0.0,
    "METEOR": 0.20170057283316864,
    "SPICE": 0.20512820512820512,
    "BLEU_4": 1.1339582220405185e-12
  },
  "5": {
    "BLEU_1": 0.4444444443950618,
    "BLEU_2": 7.453559924119366e-09,
    "ROUGE_L": 0.2785388127853881,
    "CIDEr": 0.0,
    "METEOR": 0.1883072100963289,
    "SPICE": 0.15384615384615383,
    "BLEU_4": 1.0724314734549807e-12
  },
  "6": {
    "BLEU_1": 0.6666666665925927,
    "BLEU_2": 0.28867513456073335,
    "ROUGE_L": 0.3713850837138508,
    "CIDEr": 0.0,
    "METEOR": 0.20636495795573662,
    "SPICE": 0.20512820512820512,
    "BLEU_4": 6.67409471813108e-09
  },
  "7": {
    "BLEU_1": 0.4444444443950618,
    "BLEU_2": 7.453559924119366e-09,
    "ROUGE_L": 0.2785388127853881,
    "CIDEr": 0.0,
    "METEOR": 0.1883072100963289,
    "SPICE": 0.15384615384615383,
    "BLEU_4": 1.0724314734549807e-12
  },
  "8": {
    "BLEU_1": 0.6666666665925927,
    "BLEU_2": 0.28867513456073335,
    "ROUGE_L": 0.3713850837138508,
    "CIDEr": 0.0,
    "METEOR": 0.20636495795573662,
    "SPICE": 0.20512820512820512,
    "BLEU_4": 6.67409471813108e-09
  },
  "9": {
    "BLEU_1": 0.4444444443950618,
    "BLEU_2": 7.453559924119366e-09,
    "ROUGE_L": 0.2785388127853881,
    "CIDEr": 0.0,
    "METEOR": 0.1883072100963289,
    "SPICE": 0.15384615384615383,
    "BLEU_4": 1.0724314734549807e-12
  }
}