{
  "0": {
    "BLEU_1": 0.23884377011164867,
    "BLEU_2": 5.85045365006396e-09,
    "ROUGE_L": 0.23921568627450981,
    "CIDEr": 0.0,
    "METEOR": 0.15468277945619335,
    "SPICE": 0.0,
    "BLEU_4": 1.1000617045598687e-12
  },
  "1": {
    "BLEU_1": 0.12499999996875016,
    "BLEU_2": 4.225771272548414e-09,
    "ROUGE_L": 0.10892857142857142,
    "CIDEr": 0.0,
    "METEOR": 0.11510791366906475,
    "SPICE": 0.0,
    "BLEU_4": 8.783602617222665e-13
  },
  "2": {
    "BLEU_1": 0.12499999996875016,
    "BLEU_2": 4.225771272548414e-09,
    "ROUGE_L": 0.10892857142857142,
    "CIDEr": 0.0,
    "METEOR": 0.1957260297990108,
    "SPICE": 0.0,
    "BLEU_4": 8.783602617222665e-13
  },
  "3": {
    "BLEU_1": 0.12383969992892904,
    "BLEU_2": 4.229931026759462e-09,
    "ROUGE_L": 0.11401869158878504,
    "CIDEr": 0.0,
    "METEOR": 0.15072463768115943,
    "SPICE": 0.0,
    "BLEU_4": 9.054992803586729e-13
  },
  "4": {
    "BLEU_1": 0.09999999998000014,
    "BLEU_2": 3.333333332648151e-09,
    "ROUGE_L": 0.1,
    "CIDEr": 0.0,
    "METEOR": 0.14149659863945582,
    "SPICE": 0.0,
    "BLEU_4": 6.674094717574907e-13
  },
  "5": {
    "BLEU_1": 0.08333333332638898,
    "BLEU_2": 2.7524094125761097e-09,
    "ROUGE_L": 0.09242424242424242,
    "CIDEr": 0.0,
    "METEOR": 0.10738255033557048,
    "SPICE": 0.0,
    "BLEU_4": 5.386366368312954e-13
  },
  "6": {
    "BLEU_1": 0.07692307691124271,
    "BLEU_2": 2.5318484173115386e-09,
    "ROUGE_L": 0.08905109489051095,
    "CIDEr": 0.0,
    "METEOR": 0.1081081081081081,
    "SPICE": 0.0,
    "BLEU_4": 4.913270547335137e-13
  },
  "7": {
    "BLEU_1": 0.09090909089256209,
    "BLEU_2": 3.0151134452157307e-09,
    "ROUGE_L": 0.08209959623149395,
    "CIDEr": 0.0,
    "METEOR": 0.10844883235238278,
    "SPICE": 0.0,
    "BLEU_4": 5.960994272089826e-13
  },
  "8": {
    "BLEU_1": 9.0909090892562e-17,
    "BLEU_2": 9.534625890679017e-17,
    "ROUGE_L": 0.0,
    "CIDEr": 0.0,
    "METEOR": 0.14650571103560142,
    "SPICE": 0.0,
    "BLEU_4": 1.0600313377417292e-16
  },
  "9": {
    "BLEU_1": 9.0909090892562e-17,
    "BLEU_2": 9.534625890679017e-17,
    "ROUGE_L": 0.0,
    "CIDEr": 0.0,
    "METEOR": 0.0785276073619632,
    "SPICE": 0.0,
    "BLEU_4": 1.0600313377417292e-16
  }
}