{
  "0": {
    "BLEU_1": 0.17973158557499613,
    "BLEU_2": 0.14209029446906069,
    "ROUGE_L": 0.2515463917525773,
    "CIDEr": 0.0,
    "METEOR": 0.09895631739886533,
    "SPICE": 0.07142857142857142,
    "BLEU_4": 5.105362706788634e-09
  },
  "1": {
    "BLEU_1": 0.2695973783624942,
    "BLEU_2": 0.17402435942550276,
    "ROUGE_L": 0.35124760076775424,
    "CIDEr": 0.0,
    "METEOR": 0.22069105383238757,
    "SPICE": 0.13793103448275862,
    "BLEU_4": 5.650012601115274e-09
  },
  "2": {
    "BLEU_1": 0.5367694949004131,
    "BLEU_2": 0.25928429921237,
    "ROUGE_L": 0.3667334669338677,
    "CIDEr": 0.0,
    "METEOR": 0.1650209378246303,
    "SPICE": 0.07142857142857142,
    "BLEU_4": 6.600677917915344e-09
  },
  "3": {
    "BLEU_1": 0.21470779796016531,
    "BLEU_2": 5.1856859842473975e-09,
    "ROUGE_L": 0.12224448897795591,
    "CIDEr": 0.0,
    "METEOR": 0.12213162988684736,
    "SPICE": 0.058823529411764705,
    "BLEU_4": 9.334768232372482e-13
  },
  "4": {
    "BLEU_1": 0.22062422559099293,
    "BLEU_2": 5.273927726724911e-09,
    "ROUGE_L": 0.116412213740458,
    "CIDEr": 0.0,
    "METEOR": 0.09064039408866995,
    "SPICE": 0.058823529411764705,
    "BLEU_4": 9.218141453123176e-13
  },
  "5": {
    "BLEU_1": 0.3032653297552284,
    "BLEU_2": 6.0653065950034785e-09,
    "ROUGE_L": 0.12869198312236285,
    "CIDEr": 0.0,
    "METEOR": 0.12785655003779337,
    "SPICE": 0.125,
    "BLEU_4": 1.0305224262915758e-12
  },
  "6": {
    "BLEU_1": 0.3594631711499922,
    "BLEU_2": 0.28418058893812126,
    "ROUGE_L": 0.40757238307349664,
    "CIDEr": 0.0,
    "METEOR": 0.1988170618937688,
    "SPICE": 0.13333333333333333,
    "BLEU_4": 4.060145520447919e-05
  },
  "7": {
    "BLEU_1": 0.14325239835846895,
    "BLEU_2": 3.6987610208233575e-09,
    "ROUGE_L": 0.28773584905660377,
    "CIDEr": 0.0,
    "METEOR": 0.2117238501936794,
    "SPICE": 0.13333333333333333,
    "BLEU_4": 8.656385437908143e-13
  },
  "8": {
    "BLEU_1": 0.3594631711499922,
    "BLEU_2": 0.28418058893812126,
    "ROUGE_L": 0.5434298440979956,
    "CIDEr": 0.0,
    "METEOR": 0.2969595483954504,
    "SPICE": 0.13333333333333333,
    "BLEU_4": 4.060145520447919e-05
  },
  "9": {
    "BLEU_1": 0.4444444443456792,
    "BLEU_2": 0.3333333332569446,
    "ROUGE_L": 0.2222222222222222,
    "CIDEr": 0.0,
    "METEOR": 0.2055497812125411,
    "SPICE": 0.06060606060606061,
    "BLEU_4": 7.171781505449111e-09
  }
}