{
  "0": {
    "BLEU_1": 0.08986579278749814,
    "BLEU_2": 3.1772355737578207e-09,
    "ROUGE_L": 0.1358574610244989,
    "CIDEr": 0.0,
    "METEOR": 0.10980911770628171,
    "SPICE": 0.06666666666666667,
    "BLEU_4": 7.634297901288654e-13
  },
  "1": {
    "BLEU_1": 0.08986579278749814,
    "BLEU_2": 3.1772355737578207e-09,
    "ROUGE_L": 0.1358574610244989,
    "CIDEr": 0.0,
    "METEOR": 0.10980911770628171,
    "SPICE": 0.06666666666666667,
    "BLEU_4": 7.634297901288654e-13
  },
  "2": {
    "BLEU_1": 0.08986579278749814,
    "BLEU_2": 3.1772355737578207e-09,
    "ROUGE_L": 0.1358574610244989,
    "CIDEr": 0.0,
    "METEOR": 0.10980911770628171,
    "SPICE": 0.07142857142857142,
    "BLEU_4": 7.634297901288654e-13
  },
  "3": {
    "BLEU_1": 0.08986579278749814,
    "BLEU_2": 3.1772355737578207e-09,
    "ROUGE_L": 0.1358574610244989,
    "CIDEr": 0.0,
    "METEOR": 0.10980911770628171,
    "SPICE": 0.07142857142857142,
    "BLEU_4": 7.634297901288654e-13
  },
  "4": {
    "BLEU_1": 0.08986579278749814,
    "BLEU_2": 3.1772355737578207e-09,
    "ROUGE_L": 0.1358574610244989,
    "CIDEr": 0.0,
    "METEOR": 0.11377777777777778,
    "SPICE": 0.07142857142857142,
    "BLEU_4": 7.634297901288654e-13
  },
  "5": {
    "BLEU_1": 0.08986579278749814,
    "BLEU_2": 3.1772355737578207e-09,
    "ROUGE_L": 0.1358574610244989,
    "CIDEr": 0.0,
    "METEOR": 0.11377777777777778,
    "SPICE": 0.07142857142857142,
    "BLEU_4": 7.634297901288654e-13
  },
  "6": {
    "BLEU_1": 0.08986579278749814,
    "BLEU_2": 3.1772355737578207e-09,
    "ROUGE_L": 0.1358574610244989,
    "CIDEr": 0.0,
    "METEOR": 0.11377777777777778,
    "SPICE": 0.07142857142857142,
    "BLEU_4": 7.634297901288654e-13
  },
  "7": {
    "BLEU_1": 0.08986579278749814,
    "BLEU_2": 3.1772355737578207e-09,
    "ROUGE_L": 0.1358574610244989,
    "CIDEr": 0.0,
    "METEOR": 0.11377777777777778,
    "SPICE": 0.07142857142857142,
    "BLEU_4": 7.634297901288654e-13
  },
  "8": {
    "BLEU_1": 0.08986579278749814,
    "BLEU_2": 3.1772355737578207e-09,
    "ROUGE_L": 0.1358574610244989,
    "CIDEr": 0.0,
    "METEOR": 0.11377777777777778,
    "SPICE": 0.07142857142857142,
    "BLEU_4": 7.634297901288654e-13
  },
  "9": {
    "BLEU_1": 0.08986579278749814,
    "BLEU_2": 3.1772355737578207e-09,
    "ROUGE_L": 0.1358574610244989,
    "CIDEr": 0.0,
    "METEOR": 0.11377777777777778,
    "SPICE": 0.07142857142857142,
    "BLEU_4": 7.634297901288654e-13
  }
}