{
  "0": {
    "BLEU_1": 0.32928698152470126,
    "BLEU_2": 0.21255383258936583,
    "ROUGE_L": 0.2717149220489978,
    "CIDEr": 0.0,
    "METEOR": 0.12653500980723856,
    "SPICE": 0.13793103448275862,
    "BLEU_4": 6.900940974641912e-09
  },
  "1": {
    "BLEU_1": 0.6191984996446447,
    "BLEU_2": 0.2991012912972992,
    "ROUGE_L": 0.24448897795591182,
    "CIDEr": 0.0,
    "METEOR": 0.17292977539779228,
    "SPICE": 0.19354838709677416,
    "BLEU_4": 7.614310988684265e-09
  },
  "2": {
    "BLEU_1": 0.4953587997157158,
    "BLEU_2": 0.2675243277994909,
    "ROUGE_L": 0.4364937388193202,
    "CIDEr": 0.0,
    "METEOR": 0.14243860146958814,
    "SPICE": 0.07407407407407407,
    "BLEU_4": 7.201170725888819e-09
  },
  "3": {
    "BLEU_1": 0.5833333332361111,
    "BLEU_2": 0.398862017540745,
    "ROUGE_L": 0.46212121212121204,
    "CIDEr": 0.0,
    "METEOR": 0.21348410325656658,
    "SPICE": 0.13793103448275862,
    "BLEU_4": 6.484115070232633e-09
  },
  "4": {
    "BLEU_1": 0.3749999999062502,
    "BLEU_2": 0.23145502488320774,
    "ROUGE_L": 0.28955696202531644,
    "CIDEr": 0.0,
    "METEOR": 0.12311601463687968,
    "SPICE": 0.06451612903225806,
    "BLEU_4": 6.500593258499926e-09
  },
  "5": {
    "BLEU_1": 0.4545454545041323,
    "BLEU_2": 0.3015113445489831,
    "ROUGE_L": 0.32504440497335696,
    "CIDEr": 0.0,
    "METEOR": 0.13745700095721952,
    "SPICE": 0.12121212121212122,
    "BLEU_4": 5.9609942726317346e-09
  },
  "6": {
    "BLEU_1": 0.4166666665972223,
    "BLEU_2": 0.27524094123467413,
    "ROUGE_L": 0.4149659863945578,
    "CIDEr": 0.0,
    "METEOR": 0.1559336696477828,
    "SPICE": 0.0625,
    "BLEU_4": 3.0289764012654195e-05
  },
  "7": {
    "BLEU_1": 0.38461538455621314,
    "BLEU_2": 0.25318484173115374,
    "ROUGE_L": 0.39804241435562804,
    "CIDEr": 0.0,
    "METEOR": 0.15505434444300206,
    "SPICE": 0.2285714285714286,
    "BLEU_4": 2.7629350706071527e-05
  },
  "8": {
    "BLEU_1": 0.3333333332592594,
    "BLEU_2": 0.20412414518515326,
    "ROUGE_L": 0.2785388127853881,
    "CIDEr": 0.0,
    "METEOR": 0.13495641812390938,
    "SPICE": 0.06451612903225806,
    "BLEU_4": 5.612222322916596e-09
  },
  "9": {
    "BLEU_1": 0.4545454545041323,
    "BLEU_2": 0.3015113445489831,
    "ROUGE_L": 0.32504440497335696,
    "CIDEr": 0.0,
    "METEOR": 0.15533972748693511,
    "SPICE": 0.12121212121212122,
    "BLEU_4": 5.9609942726317346e-09
  }
}