{
  "0": {
    "BLEU_1": 0.12383969992892904,
    "BLEU_2": 4.229931026759462e-09,
    "ROUGE_L": 0.0948678071539658,
    "CIDEr": 0.0,
    "METEOR": 0.11146874928884064,
    "SPICE": 0.16666666666666666,
    "BLEU_4": 9.054992803586729e-13
  },
  "1": {
    "BLEU_1": 0.15384615382248532,
    "BLEU_2": 3.580574369634832e-09,
    "ROUGE_L": 0.08905109489051095,
    "CIDEr": 0.0,
    "METEOR": 0.14818030423561865,
    "SPICE": 0.20689655172413793,
    "BLEU_4": 5.842896292824257e-13
  },
  "2": {
    "BLEU_1": 0.23529411763321803,
    "BLEU_2": 0.12126781251081024,
    "ROUGE_L": 0.15541401273885352,
    "CIDEr": 0.0,
    "METEOR": 0.212008281573499,
    "SPICE": 0.125,
    "BLEU_4": 2.8927969314267103e-09
  },
  "3": {
    "BLEU_1": 0.22222222220987659,
    "BLEU_2": 0.11433239008846735,
    "ROUGE_L": 0.21631205673758863,
    "CIDEr": 0.0,
    "METEOR": 0.1710646330675182,
    "SPICE": 0.12903225806451615,
    "BLEU_4": 2.7166383721925094e-09
  },
  "4": {
    "BLEU_1": 0.2631578947229917,
    "BLEU_2": 0.12091270834512809,
    "ROUGE_L": 0.21010332950631458,
    "CIDEr": 0.0,
    "METEOR": 0.19393939393939397,
    "SPICE": 0.12903225806451615,
    "BLEU_4": 2.70765762660009e-09
  },
  "5": {
    "BLEU_1": 0.24999999998750005,
    "BLEU_2": 0.11470786692939464,
    "ROUGE_L": 0.2723214285714286,
    "CIDEr": 0.0,
    "METEOR": 0.15504105352873507,
    "SPICE": 0.125,
    "BLEU_4": 2.560744480418492e-09
  },
  "6": {
    "BLEU_1": 0.12499999996875016,
    "BLEU_2": 4.225771272548414e-09,
    "ROUGE_L": 0.09131736526946108,
    "CIDEr": 0.0,
    "METEOR": 0.12141354543096776,
    "SPICE": 0.15999999999999998,
    "BLEU_4": 8.783602617222665e-13
  },
  "7": {
    "BLEU_1": 0.09090909089256209,
    "BLEU_2": 3.0151134452157307e-09,
    "ROUGE_L": 0.08209959623149395,
    "CIDEr": 0.0,
    "METEOR": 0.11652352237478582,
    "SPICE": 0.14285714285714285,
    "BLEU_4": 5.960994272089826e-13
  },
  "8": {
    "BLEU_1": 0.12383969992892904,
    "BLEU_2": 4.229931026759462e-09,
    "ROUGE_L": 0.11401869158878504,
    "CIDEr": 0.0,
    "METEOR": 0.1802858707097095,
    "SPICE": 0.25,
    "BLEU_4": 9.054992803586729e-13
  },
  "9": {
    "BLEU_1": 0.22222222217283966,
    "BLEU_2": 5.270462765739487e-09,
    "ROUGE_L": 0.17604617604617603,
    "CIDEr": 0.0,
    "METEOR": 0.17508691217201258,
    "SPICE": 0.23076923076923078,
    "BLEU_4": 9.018037815333522e-13
  }
}