{
  "0": {
    "BLEU_1": 0.3999999999200002,
    "BLEU_2": 0.2981423969386873,
    "ROUGE_L": 0.3,
    "CIDEr": 0.0,
    "METEOR": 0.20466504407816324,
    "SPICE": 0.16666666666666666,
    "BLEU_4": 3.549481055230085e-05
  },
  "1": {
    "BLEU_1": 0.3749999999765626,
    "BLEU_2": 0.31622776599641494,
    "ROUGE_L": 0.4013157894736842,
    "CIDEr": 0.0,
    "METEOR": 0.22254397013276583,
    "SPICE": 0.2,
    "BLEU_4": 0.23961829055469527
  },
  "2": {
    "BLEU_1": 0.33333333331481485,
    "BLEU_2": 0.2800560167895857,
    "ROUGE_L": 0.3765432098765432,
    "CIDEr": 0.0,
    "METEOR": 0.21684745212595435,
    "SPICE": 0.19047619047619047,
    "BLEU_4": 0.21042990346339227
  },
  "3": {
    "BLEU_1": 0.3749999999765626,
    "BLEU_2": 0.31622776599641494,
    "ROUGE_L": 0.4013157894736842,
    "CIDEr": 0.0,
    "METEOR": 0.22610784154058589,
    "SPICE": 0.2,
    "BLEU_4": 0.23961829055469527
  },
  "4": {
    "BLEU_1": 0.18181818178512404,
    "BLEU_2": 4.2640143263175525e-09,
    "ROUGE_L": 0.2036727879799666,
    "CIDEr": 0.0,
    "METEOR": 0.08775137111517367,
    "SPICE": 0.10526315789473684,
    "BLEU_4": 7.088856800859686e-13
  },
  "5": {
    "BLEU_1": 0.08333333332638898,
    "BLEU_2": 2.7524094125761097e-09,
    "ROUGE_L": 0.09775641025641024,
    "CIDEr": 0.0,
    "METEOR": 0.07352941176470588,
    "SPICE": 0.1111111111111111,
    "BLEU_4": 5.386366368312954e-13
  },
  "6": {
    "BLEU_1": 0.19999999996000015,
    "BLEU_2": 4.714045206941321e-09,
    "ROUGE_L": 0.21254355400696867,
    "CIDEr": 0.0,
    "METEOR": 0.09284332688588008,
    "SPICE": 0.1111111111111111,
    "BLEU_4": 7.936880924342154e-13
  },
  "7": {
    "BLEU_1": 0.18181818178512404,
    "BLEU_2": 4.2640143263175525e-09,
    "ROUGE_L": 0.2036727879799666,
    "CIDEr": 0.0,
    "METEOR": 0.09125475285171104,
    "SPICE": 0.10810810810810811,
    "BLEU_4": 7.088856800859686e-13
  },
  "8": {
    "BLEU_1": 0.27272727267768604,
    "BLEU_2": 5.222329677697684e-09,
    "ROUGE_L": 0.1018363939899833,
    "CIDEr": 0.0,
    "METEOR": 0.09569377990430623,
    "SPICE": 0.0625,
    "BLEU_4": 7.845109652856079e-13
  },
  "9": {
    "BLEU_1": 0.24999999993750016,
    "BLEU_2": 5.976143045124577e-09,
    "ROUGE_L": 0.20469798657718125,
    "CIDEr": 0.0,
    "METEOR": 0.1251833740831296,
    "SPICE": 0.0625,
    "BLEU_4": 1.0445522727757714e-12
  }
}