{
  "0": {
    "BLEU_1": 0.6249999998437503,
    "BLEU_2": 0.29880715225622895,
    "ROUGE_L": 0.3070469798657718,
    "CIDEr": 0.0,
    "METEOR": 0.19979147153136353,
    "SPICE": 0.2631578947368421,
    "BLEU_4": 7.386099953835683e-09
  },
  "1": {
    "BLEU_1": 0.5555555554938273,
    "BLEU_2": 0.26352313831625473,
    "ROUGE_L": 0.38077403245942576,
    "CIDEr": 0.0,
    "METEOR": 0.3787795496880395,
    "SPICE": 0.2285714285714286,
    "BLEU_4": 6.376715692927575e-09
  },
  "2": {
    "BLEU_1": 0.4999999999583334,
    "BLEU_2": 0.21320071633703627,
    "ROUGE_L": 0.2946859903381642,
    "CIDEr": 0.0,
    "METEOR": 0.33965723281416343,
    "SPICE": 0.2564102564102564,
    "BLEU_4": 4.740604259421436e-09
  },
  "3": {
    "BLEU_1": 0.43343894981317116,
    "BLEU_2": 0.17000874331095792,
    "ROUGE_L": 0.3293736501079914,
    "CIDEr": 0.0,
    "METEOR": 0.34108364524672935,
    "SPICE": 0.3181818181818182,
    "BLEU_4": 3.5815507654630784e-09
  },
  "4": {
    "BLEU_1": 0.43656992628987906,
    "BLEU_2": 0.17079942611197513,
    "ROUGE_L": 0.3207150368033649,
    "CIDEr": 0.0,
    "METEOR": 0.3347931681827528,
    "SPICE": 0.3478260869565218,
    "BLEU_4": 3.5767251724012364e-09
  },
  "5": {
    "BLEU_1": 0.43343894981317116,
    "BLEU_2": 0.17000874331095792,
    "ROUGE_L": 0.3293736501079914,
    "CIDEr": 0.0,
    "METEOR": 0.34108364524672935,
    "SPICE": 0.3181818181818182,
    "BLEU_4": 3.5815507654630784e-09
  },
  "6": {
    "BLEU_1": 0.38461538458579886,
    "BLEU_2": 0.25318484175062944,
    "ROUGE_L": 0.2538141470180305,
    "CIDEr": 0.0,
    "METEOR": 0.36355407680346125,
    "SPICE": 0.29268292682926833,
    "BLEU_4": 4.913270547713079e-09
  },
  "7": {
    "BLEU_1": 0.5384615384201185,
    "BLEU_2": 0.36689969282327245,
    "ROUGE_L": 0.3719512195121951,
    "CIDEr": 0.0,
    "METEOR": 0.368225007126418,
    "SPICE": 0.14285714285714288,
    "BLEU_4": 3.3260249502635095e-05
  },
  "8": {
    "BLEU_1": 0.5384615384201185,
    "BLEU_2": 0.36689969282327245,
    "ROUGE_L": 0.3719512195121951,
    "CIDEr": 0.0,
    "METEOR": 0.368225007126418,
    "SPICE": 0.1951219512195122,
    "BLEU_4": 3.3260249502635095e-05
  },
  "9": {
    "BLEU_1": 0.5833333332847223,
    "BLEU_2": 0.39886201757398354,
    "ROUGE_L": 0.3836477987421384,
    "CIDEr": 0.0,
    "METEOR": 0.3754608697118716,
    "SPICE": 0.2439024390243902,
    "BLEU_4": 3.6462858615851904e-05
  }
}