{
  "0": {
    "BLEU_1": 0.22222222219753096,
    "BLEU_2": 5.270462766325093e-09,
    "ROUGE_L": 0.03917790622992935,
    "CIDEr": 0.0,
    "METEOR": 0.04775788897400054,
    "SPICE": 0.09302325581395347,
    "BLEU_4": 9.018037816335524e-13
  },
  "1": {
    "BLEU_1": 0.3999999999200002,
    "BLEU_2": 0.21081851063455723,
    "ROUGE_L": 0.2,
    "CIDEr": 0.0,
    "METEOR": 0.08907592764985091,
    "SPICE": 0.1395348837209302,
    "BLEU_4": 5.307712169906119e-09
  },
  "2": {
    "BLEU_1": 0.3999999999200002,
    "BLEU_2": 0.21081851063455723,
    "ROUGE_L": 0.2,
    "CIDEr": 0.0,
    "METEOR": 0.08907592764985091,
    "SPICE": 0.1395348837209302,
    "BLEU_4": 5.307712169906119e-09
  },
  "3": {
    "BLEU_1": 0.3999999999200002,
    "BLEU_2": 0.21081851063455723,
    "ROUGE_L": 0.2,
    "CIDEr": 0.0,
    "METEOR": 0.08907592764985091,
    "SPICE": 0.1395348837209302,
    "BLEU_4": 5.307712169906119e-09
  },
  "4": {
    "BLEU_1": 0.3999999999200002,
    "BLEU_2": 0.21081851063455723,
    "ROUGE_L": 0.2,
    "CIDEr": 0.0,
    "METEOR": 0.08907592764985091,
    "SPICE": 0.1395348837209302,
    "BLEU_4": 5.307712169906119e-09
  },
  "5": {
    "BLEU_1": 0.3999999999200002,
    "BLEU_2": 0.21081851063455723,
    "ROUGE_L": 0.2,
    "CIDEr": 0.0,
    "METEOR": 0.08907592764985091,
    "SPICE": 0.1395348837209302,
    "BLEU_4": 5.307712169906119e-09
  },
  "6": {
    "BLEU_1": 0.3999999999200002,
    "BLEU_2": 0.21081851063455723,
    "ROUGE_L": 0.2,
    "CIDEr": 0.0,
    "METEOR": 0.08907592764985091,
    "SPICE": 0.1395348837209302,
    "BLEU_4": 5.307712169906119e-09
  },
  "7": {
    "BLEU_1": 0.3999999999200002,
    "BLEU_2": 0.21081851063455723,
    "ROUGE_L": 0.2,
    "CIDEr": 0.0,
    "METEOR": 0.08907592764985091,
    "SPICE": 0.1395348837209302,
    "BLEU_4": 5.307712169906119e-09
  },
  "8": {
    "BLEU_1": 0.3999999999200002,
    "BLEU_2": 0.21081851063455723,
    "ROUGE_L": 0.2,
    "CIDEr": 0.0,
    "METEOR": 0.08907592764985091,
    "SPICE": 0.1395348837209302,
    "BLEU_4": 5.307712169906119e-09
  },
  "9": {
    "BLEU_1": 0.3999999999200002,
    "BLEU_2": 0.21081851063455723,
    "ROUGE_L": 0.2,
    "CIDEr": 0.0,
    "METEOR": 0.08907592764985091,
    "SPICE": 0.1395348837209302,
    "BLEU_4": 5.307712169906119e-09
  }
}