{
  "0": {
    "BLEU_1": 9.196986024687569e-17,
    "BLEU_2": 1.0619764713730698e-16,
    "ROUGE_L": 0.0,
    "CIDEr": 0.0,
    "METEOR": 0.0,
    "SPICE": 0.0,
    "BLEU_4": 1.6620829993657386e-16
  },
  "1": {
    "BLEU_1": 0.12499999996875016,
    "BLEU_2": 4.225771272548414e-09,
    "ROUGE_L": 0.116412213740458,
    "CIDEr": 0.0,
    "METEOR": 0.017738359201773836,
    "SPICE": 0.0,
    "BLEU_4": 8.783602617222665e-13
  },
  "2": {
    "BLEU_1": 0.16666666665277785,
    "BLEU_2": 0.12309149096860895,
    "ROUGE_L": 0.19551282051282048,
    "CIDEr": 0.0,
    "METEOR": 0.06717823355052081,
    "SPICE": 0.0,
    "BLEU_4": 3.6020802878603475e-09
  },
  "3": {
    "BLEU_1": 0.23884377011164867,
    "BLEU_2": 0.1850075887944782,
    "ROUGE_L": 0.2573839662447257,
    "CIDEr": 0.0,
    "METEOR": 0.13064469388644803,
    "SPICE": 0.0,
    "BLEU_4": 6.1861015673335086e-09
  },
  "4": {
    "BLEU_1": 0.22222222217283966,
    "BLEU_2": 0.16666666662847238,
    "ROUGE_L": 0.2222222222222222,
    "CIDEr": 0.0,
    "METEOR": 0.08670949864461178,
    "SPICE": 0.0,
    "BLEU_4": 5.071215335691334e-09
  },
  "5": {
    "BLEU_1": 0.22222222217283966,
    "BLEU_2": 0.16666666662847238,
    "ROUGE_L": 0.2222222222222222,
    "CIDEr": 0.0,
    "METEOR": 0.13912337034310543,
    "SPICE": 0.0,
    "BLEU_4": 5.071215335691334e-09
  },
  "6": {
    "BLEU_1": 0.2999999999700001,
    "BLEU_2": 0.18257418581578377,
    "ROUGE_L": 0.31881533101045295,
    "CIDEr": 0.0,
    "METEOR": 0.15425522330318936,
    "SPICE": 0.0,
    "BLEU_4": 4.939382736523921e-09
  },
  "7": {
    "BLEU_1": 0.24999999993750016,
    "BLEU_2": 0.18898223645568088,
    "ROUGE_L": 0.232824427480916,
    "CIDEr": 0.0,
    "METEOR": 0.0726398785546282,
    "SPICE": 0.0,
    "BLEU_4": 5.873949093033183e-09
  },
  "8": {
    "BLEU_1": 0.24767939985785795,
    "BLEU_2": 0.18916826631939285,
    "ROUGE_L": 0.24448897795591182,
    "CIDEr": 0.0,
    "METEOR": 0.07445587551849388,
    "SPICE": 0.0,
    "BLEU_4": 6.055438649029897e-09
  },
  "9": {
    "BLEU_1": 1.0976232717490041e-16,
    "BLEU_2": 1.227180124627569e-16,
    "ROUGE_L": 0.0,
    "CIDEr": 0.0,
    "METEOR": 0.02693602693602694,
    "SPICE": 0.0,
    "BLEU_4": 1.6581659742139797e-16
  }
}