{
  "0": {
    "BLEU_1": 0.4999999999166667,
    "BLEU_2": 6.741998623483217e-09,
    "ROUGE_L": 0.2629310344827586,
    "CIDEr": 0.0,
    "METEOR": 0.14314115308151093,
    "SPICE": 0.1875,
    "BLEU_4": 8.430118944969443e-13
  },
  "1": {
    "BLEU_1": 0.27272727267768604,
    "BLEU_2": 5.222329677697684e-09,
    "ROUGE_L": 0.18181818181818182,
    "CIDEr": 0.0,
    "METEOR": 0.12215417077252907,
    "SPICE": 0.11428571428571428,
    "BLEU_4": 7.845109652856079e-13
  },
  "2": {
    "BLEU_1": 0.29999999994000015,
    "BLEU_2": 5.773502690709485e-09,
    "ROUGE_L": 0.18885448916408668,
    "CIDEr": 0.0,
    "METEOR": 0.12360263920066182,
    "SPICE": 0.11428571428571428,
    "BLEU_4": 8.783602617783837e-13
  },
  "3": {
    "BLEU_1": 0.16666666663888896,
    "BLEU_2": 3.8924947201441226e-09,
    "ROUGE_L": 0.10374149659863945,
    "CIDEr": 0.0,
    "METEOR": 0.10975453435355723,
    "SPICE": 0.10526315789473685,
    "BLEU_4": 6.405505208675338e-13
  },
  "4": {
    "BLEU_1": 0.18181818178512404,
    "BLEU_2": 4.2640143263175525e-09,
    "ROUGE_L": 0.108348134991119,
    "CIDEr": 0.0,
    "METEOR": 0.09237875288683603,
    "SPICE": 0.16666666666666666,
    "BLEU_4": 7.088856800859686e-13
  },
  "5": {
    "BLEU_1": 0.24999999998437505,
    "BLEU_2": 0.12909944486524297,
    "ROUGE_L": 0.22989949748743718,
    "CIDEr": 0.0,
    "METEOR": 0.1517506507507749,
    "SPICE": 0.25,
    "BLEU_4": 3.0934588292167494e-09
  },
  "6": {
    "BLEU_1": 0.14999999999250005,
    "BLEU_2": 0.0888523316593044,
    "ROUGE_L": 0.1361607142857143,
    "CIDEr": 0.0,
    "METEOR": 0.11903719912472649,
    "SPICE": 0.1818181818181818,
    "BLEU_4": 2.253741272145215e-09
  },
  "7": {
    "BLEU_1": 0.1818181818099174,
    "BLEU_2": 0.13159033898583006,
    "ROUGE_L": 0.18635437881873726,
    "CIDEr": 0.0,
    "METEOR": 0.10687733256574466,
    "SPICE": 0.17391304347826086,
    "BLEU_4": 1.461053448586489e-05
  },
  "8": {
    "BLEU_1": 0.14705882352508653,
    "BLEU_2": 0.09440686400335142,
    "ROUGE_L": 0.14274570982839313,
    "CIDEr": 0.0,
    "METEOR": 0.09291896134717108,
    "SPICE": 0.14545454545454545,
    "BLEU_4": 9.735849856724986e-06
  },
  "9": {
    "BLEU_1": 0.20833333332465281,
    "BLEU_2": 0.13459547550881135,
    "ROUGE_L": 0.17732558139534885,
    "CIDEr": 0.0,
    "METEOR": 0.105479227924623,
    "SPICE": 0.17391304347826086,
    "BLEU_4": 1.4071964688690548e-05
  }
}