{
  "0": {
    "BLEU_1": 0.22222222217283966,
    "BLEU_2": 5.270462765739487e-09,
    "ROUGE_L": 0.1111111111111111,
    "CIDEr": 0.0,
    "METEOR": 0.17666338315485805,
    "SPICE": 0.0625,
    "BLEU_4": 9.018037815333522e-13
  },
  "1": {
    "BLEU_1": 0.24999999997916675,
    "BLEU_2": 4.767312945812628e-09,
    "ROUGE_L": 0.18484848484848485,
    "CIDEr": 0.0,
    "METEOR": 0.14381452189919477,
    "SPICE": 0.10810810810810811,
    "BLEU_4": 7.08885680157797e-13
  },
  "2": {
    "BLEU_1": 0.24999999998437505,
    "BLEU_2": 4.0824829043749705e-09,
    "ROUGE_L": 0.24078947368421053,
    "CIDEr": 0.0,
    "METEOR": 0.13112500526103052,
    "SPICE": 0.1,
    "BLEU_4": 5.501034141799257e-13
  },
  "3": {
    "BLEU_1": 0.19999999999000004,
    "BLEU_2": 3.244428422448761e-09,
    "ROUGE_L": 0.1418604651162791,
    "CIDEr": 0.0,
    "METEOR": 0.12558451208098698,
    "SPICE": 0.09302325581395349,
    "BLEU_4": 4.30664170792929e-13
  },
  "4": {
    "BLEU_1": 0.21428571427806126,
    "BLEU_2": 2.8171808489925786e-09,
    "ROUGE_L": 0.17264150943396223,
    "CIDEr": 0.0,
    "METEOR": 0.16229549294876594,
    "SPICE": 0.12499999999999997,
    "BLEU_4": 3.3241378433153395e-13
  },
  "5": {
    "BLEU_1": 0.17647058822491354,
    "BLEU_2": 3.3210558205738968e-09,
    "ROUGE_L": 0.2331210191082802,
    "CIDEr": 0.0,
    "METEOR": 0.17174236885235514,
    "SPICE": 0.15,
    "BLEU_4": 4.787218652070603e-13
  },
  "6": {
    "BLEU_1": 0.16666666665277785,
    "BLEU_2": 3.892494720468497e-09,
    "ROUGE_L": 0.18484848484848485,
    "CIDEr": 0.0,
    "METEOR": 0.0796812749003984,
    "SPICE": 0.05714285714285714,
    "BLEU_4": 6.40550520920913e-13
  },
  "7": {
    "BLEU_1": 0.1538461538343196,
    "BLEU_2": 3.5805743699102604e-09,
    "ROUGE_L": 0.1781021897810219,
    "CIDEr": 0.0,
    "METEOR": 0.08113590263691685,
    "SPICE": 0.05555555555555555,
    "BLEU_4": 5.84289629327371e-13
  },
  "8": {
    "BLEU_1": 0.17647058822491354,
    "BLEU_2": 3.3210558205738968e-09,
    "ROUGE_L": 0.1628838451268358,
    "CIDEr": 0.0,
    "METEOR": 0.13244410294165043,
    "SPICE": 0.05,
    "BLEU_4": 4.787218652070603e-13
  },
  "9": {
    "BLEU_1": 0.33333333331111115,
    "BLEU_2": 4.879500364405748e-09,
    "ROUGE_L": 0.17453505007153075,
    "CIDEr": 0.0,
    "METEOR": 0.2118333373407227,
    "SPICE": 0.052631578947368425,
    "BLEU_4": 6.250381527478681e-13
  }
}