{
  "0": {
    "BLEU_1": 0.33093633838648934,
    "BLEU_2": 6.459215935396237e-09,
    "ROUGE_L": 0.116412213740458,
    "CIDEr": 0.0,
    "METEOR": 0.13793103448275862,
    "SPICE": 0.05714285714285715,
    "BLEU_4": 1.0201550479411466e-12
  },
  "1": {
    "BLEU_1": 0.21470779796016531,
    "BLEU_2": 5.1856859842473975e-09,
    "ROUGE_L": 0.12224448897795591,
    "CIDEr": 0.0,
    "METEOR": 0.08060453400503778,
    "SPICE": 0.05714285714285715,
    "BLEU_4": 9.334768232372482e-13
  },
  "2": {
    "BLEU_1": 0.36363636360330587,
    "BLEU_2": 0.19069251783091612,
    "ROUGE_L": 0.3055091819699499,
    "CIDEr": 0.0,
    "METEOR": 0.14855804141457213,
    "SPICE": 0.05263157894736842,
    "BLEU_4": 4.740604259372055e-09
  },
  "3": {
    "BLEU_1": 0.3325224212753622,
    "BLEU_2": 0.15432215300882304,
    "ROUGE_L": 0.271513353115727,
    "CIDEr": 0.0,
    "METEOR": 0.14149985392654948,
    "SPICE": 0.1,
    "BLEU_4": 3.5363898613454322e-09
  },
  "4": {
    "BLEU_1": 0.4999999999000002,
    "BLEU_2": 0.23570226034706615,
    "ROUGE_L": 0.31881533101045295,
    "CIDEr": 0.0,
    "METEOR": 0.15404663900378046,
    "SPICE": 0.2777777777777778,
    "BLEU_4": 5.612222323072491e-09
  },
  "5": {
    "BLEU_1": 0.3333333332888889,
    "BLEU_2": 0.15430334994115083,
    "ROUGE_L": 0.2489795918367347,
    "CIDEr": 0.0,
    "METEOR": 0.13867613178610838,
    "SPICE": 0.04878048780487805,
    "BLEU_4": 3.5148478308733176e-09
  },
  "6": {
    "BLEU_1": 0.2660179370202898,
    "BLEU_2": 4.3648896351938675e-09,
    "ROUGE_L": 0.18100890207715134,
    "CIDEr": 0.0,
    "METEOR": 0.07239819004524888,
    "SPICE": 0.0,
    "BLEU_4": 5.947475114689908e-13
  },
  "7": {
    "BLEU_1": 0.26666666663111116,
    "BLEU_2": 4.364357804127542e-09,
    "ROUGE_L": 0.17453505007153075,
    "CIDEr": 0.0,
    "METEOR": 0.07095343680709534,
    "SPICE": 0.0,
    "BLEU_4": 5.911245882287333e-13
  },
  "8": {
    "BLEU_1": 0.26666666663111116,
    "BLEU_2": 4.364357804127542e-09,
    "ROUGE_L": 0.17453505007153075,
    "CIDEr": 0.0,
    "METEOR": 0.11010831969302264,
    "SPICE": 0.0,
    "BLEU_4": 5.911245882287333e-13
  },
  "9": {
    "BLEU_1": 0.19951345276521734,
    "BLEU_2": 3.780105308793281e-09,
    "ROUGE_L": 0.18100890207715134,
    "CIDEr": 0.0,
    "METEOR": 0.038223337164574406,
    "SPICE": 0.0,
    "BLEU_4": 5.534749241119247e-13
  }
}