{
  "0": {
    "BLEU_1": 0.24767939985785795,
    "BLEU_2": 5.982025825945981e-09,
    "ROUGE_L": 0.12224448897795591,
    "CIDEr": 0.0,
    "METEOR": 0.14640522875816994,
    "SPICE": 0.16216216216216217,
    "BLEU_4": 1.0768261868323776e-12
  },
  "1": {
    "BLEU_1": 0.24999999993750016,
    "BLEU_2": 5.976143045124577e-09,
    "ROUGE_L": 0.116412213740458,
    "CIDEr": 0.0,
    "METEOR": 0.10256410256410259,
    "SPICE": 0.10810810810810811,
    "BLEU_4": 1.0445522727757714e-12
  },
  "2": {
    "BLEU_1": 0.1999999999800001,
    "BLEU_2": 4.714045207412725e-09,
    "ROUGE_L": 0.10627177700348434,
    "CIDEr": 0.0,
    "METEOR": 0.1,
    "SPICE": 0.16216216216216217,
    "BLEU_4": 7.93688092513584e-13
  },
  "3": {
    "BLEU_1": 0.22222222217283966,
    "BLEU_2": 5.270462765739487e-09,
    "ROUGE_L": 0.1111111111111111,
    "CIDEr": 0.0,
    "METEOR": 0.11814345991561181,
    "SPICE": 0.15789473684210528,
    "BLEU_4": 9.018037815333522e-13
  },
  "4": {
    "BLEU_1": 0.1999999999800001,
    "BLEU_2": 4.714045207412725e-09,
    "ROUGE_L": 0.14153132250580047,
    "CIDEr": 0.0,
    "METEOR": 0.14973242590698316,
    "SPICE": 0.16216216216216217,
    "BLEU_4": 7.93688092513584e-13
  },
  "5": {
    "BLEU_1": 0.27272727267768604,
    "BLEU_2": 5.222329677697684e-09,
    "ROUGE_L": 0.2036727879799666,
    "CIDEr": 0.0,
    "METEOR": 0.17425742574257427,
    "SPICE": 0.2,
    "BLEU_4": 7.845109652856079e-13
  },
  "6": {
    "BLEU_1": 0.1999999999800001,
    "BLEU_2": 4.714045207412725e-09,
    "ROUGE_L": 0.10627177700348434,
    "CIDEr": 0.0,
    "METEOR": 0.1,
    "SPICE": 0.10526315789473685,
    "BLEU_4": 7.93688092513584e-13
  },
  "7": {
    "BLEU_1": 0.24999999993750016,
    "BLEU_2": 5.976143045124577e-09,
    "ROUGE_L": 0.116412213740458,
    "CIDEr": 0.0,
    "METEOR": 0.10256410256410259,
    "SPICE": 0.16216216216216217,
    "BLEU_4": 1.0445522727757714e-12
  },
  "8": {
    "BLEU_1": 0.23884377011164867,
    "BLEU_2": 5.85045365006396e-09,
    "ROUGE_L": 0.12869198312236285,
    "CIDEr": 0.0,
    "METEOR": 0.10666666666666667,
    "SPICE": 0.1111111111111111,
    "BLEU_4": 1.1000617045598687e-12
  },
  "9": {
    "BLEU_1": 0.22222222217283966,
    "BLEU_2": 5.270462765739487e-09,
    "ROUGE_L": 0.1111111111111111,
    "CIDEr": 0.0,
    "METEOR": 0.10062893081761007,
    "SPICE": 0.10526315789473685,
    "BLEU_4": 9.018037815333522e-13
  }
}