{
  "0": {
    "BLEU_1": 0.555555555432099,
    "BLEU_2": 0.4564354644830389,
    "ROUGE_L": 0.41709401709401706,
    "CIDEr": 0.0,
    "METEOR": 0.19138958525215108,
    "SPICE": 0.22222222222222224,
    "BLEU_4": 0.3155984538331778
  },
  "1": {
    "BLEU_1": 0.636363636247934,
    "BLEU_2": 0.504524979015488,
    "ROUGE_L": 0.4803149606299213,
    "CIDEr": 0.0,
    "METEOR": 0.27205051498274246,
    "SPICE": 0.27586206896551724,
    "BLEU_4": 0.2899784414142025
  },
  "2": {
    "BLEU_1": 0.6666666666111113,
    "BLEU_2": 0.5504818825152218,
    "ROUGE_L": 0.46212121212121204,
    "CIDEr": 0.0,
    "METEOR": 0.29988229902746893,
    "SPICE": 0.2962962962962963,
    "BLEU_4": 0.28646290156041265
  },
  "3": {
    "BLEU_1": 0.6666666666111113,
    "BLEU_2": 0.5504818825152218,
    "ROUGE_L": 0.46212121212121204,
    "CIDEr": 0.0,
    "METEOR": 0.29988229902746893,
    "SPICE": 0.2962962962962963,
    "BLEU_4": 0.28646290156041265
  },
  "4": {
    "BLEU_1": 0.6666666666111113,
    "BLEU_2": 0.5504818825152218,
    "ROUGE_L": 0.46212121212121204,
    "CIDEr": 0.0,
    "METEOR": 0.29988229902746893,
    "SPICE": 0.2962962962962963,
    "BLEU_4": 0.28646290156041265
  },
  "5": {
    "BLEU_1": 0.6666666666111113,
    "BLEU_2": 0.5504818825152218,
    "ROUGE_L": 0.46212121212121204,
    "CIDEr": 0.0,
    "METEOR": 0.29988229902746893,
    "SPICE": 0.2962962962962963,
    "BLEU_4": 0.28646290156041265
  },
  "6": {
    "BLEU_1": 0.6666666665185187,
    "BLEU_2": 0.5773502690573166,
    "ROUGE_L": 0.5213675213675214,
    "CIDEr": 0.0,
    "METEOR": 0.2659877468337775,
    "SPICE": 0.2962962962962963,
    "BLEU_4": 0.3549481055131488
  },
  "7": {
    "BLEU_1": 0.33093633838648934,
    "BLEU_2": 0.2042583425470713,
    "ROUGE_L": 0.3267857142857143,
    "CIDEr": 0.0,
    "METEOR": 0.13628620102214647,
    "SPICE": 0.0,
    "BLEU_4": 5.736753415588487e-09
  },
  "8": {
    "BLEU_1": 3.3546262723158953e-19,
    "BLEU_2": 1.0608259724462612e-14,
    "ROUGE_L": 0.0,
    "CIDEr": 0.0,
    "METEOR": 0.0,
    "SPICE": 0.0,
    "BLEU_4": 1.886444984907315e-12
  },
  "9": {
    "BLEU_1": 3.3546262723158953e-19,
    "BLEU_2": 1.0608259724462612e-14,
    "ROUGE_L": 0.0,
    "CIDEr": 0.0,
    "METEOR": 0.0,
    "SPICE": 0.0,
    "BLEU_4": 1.886444984907315e-12
  }
}