{
  "0": {
    "BLEU_1": 0.24999999993750016,
    "BLEU_2": 5.976143045124577e-09,
    "ROUGE_L": 0.20469798657718125,
    "CIDEr": 0.0,
    "METEOR": 0.059113300492610835,
    "SPICE": 0.07407407407407407,
    "BLEU_4": 1.0445522727757714e-12
  },
  "1": {
    "BLEU_1": 0.12499999996875016,
    "BLEU_2": 4.225771272548414e-09,
    "ROUGE_L": 0.116412213740458,
    "CIDEr": 0.0,
    "METEOR": 0.07820773930753566,
    "SPICE": 0.07142857142857144,
    "BLEU_4": 8.783602617222665e-13
  },
  "2": {
    "BLEU_1": 0.18181818178512404,
    "BLEU_2": 4.2640143263175525e-09,
    "ROUGE_L": 0.18181818181818182,
    "CIDEr": 0.0,
    "METEOR": 0.09286898839137646,
    "SPICE": 0.1290322580645161,
    "BLEU_4": 7.088856800859686e-13
  },
  "3": {
    "BLEU_1": 0.09090909089256209,
    "BLEU_2": 3.0151134452157307e-09,
    "ROUGE_L": 0.108348134991119,
    "CIDEr": 0.0,
    "METEOR": 0.08040201005025127,
    "SPICE": 0.12121212121212123,
    "BLEU_4": 5.960994272089826e-13
  },
  "4": {
    "BLEU_1": 0.1111111110864199,
    "BLEU_2": 3.726779961645599e-09,
    "ROUGE_L": 0.1189083820662768,
    "CIDEr": 0.0,
    "METEOR": 0.08205128205128205,
    "SPICE": 0.06896551724137931,
    "BLEU_4": 7.583235671536399e-13
  },
  "5": {
    "BLEU_1": 0.19999999996000015,
    "BLEU_2": 4.714045206941321e-09,
    "ROUGE_L": 0.11338289962825278,
    "CIDEr": 0.0,
    "METEOR": 0.08247422680412372,
    "SPICE": 0.13793103448275862,
    "BLEU_4": 7.936880924342154e-13
  },
  "6": {
    "BLEU_1": 9.999999998000002e-17,
    "BLEU_2": 1.0540925531727854e-16,
    "ROUGE_L": 0.0,
    "CIDEr": 0.0,
    "METEOR": 0.06601178781925345,
    "SPICE": 0.12500000000000003,
    "BLEU_4": 1.1868405216912992e-16
  },
  "7": {
    "BLEU_1": 1.111111110864198e-16,
    "BLEU_2": 1.178511301707504e-16,
    "ROUGE_L": 0.0,
    "CIDEr": 0.0,
    "METEOR": 0.07539267015706808,
    "SPICE": 0.13793103448275862,
    "BLEU_4": 1.3485111856165858e-16
  },
  "8": {
    "BLEU_1": 0.12499999996875016,
    "BLEU_2": 4.225771272548414e-09,
    "ROUGE_L": 0.125,
    "CIDEr": 0.0,
    "METEOR": 0.08661193682763575,
    "SPICE": 0.13333333333333333,
    "BLEU_4": 8.783602617222665e-13
  },
  "9": {
    "BLEU_1": 0.3333333332592594,
    "BLEU_2": 6.454972242199766e-09,
    "ROUGE_L": 0.1189083820662768,
    "CIDEr": 0.0,
    "METEOR": 0.14263691457999564,
    "SPICE": 0.13333333333333333,
    "BLEU_4": 9.980099401403394e-13
  }
}