{
  "0": {
    "BLEU_1": 0.29999999994000015,
    "BLEU_2": 5.773502690709485e-09,
    "ROUGE_L": 0.31881533101045295,
    "CIDEr": 0.0,
    "METEOR": 0.22582582582582586,
    "SPICE": 0.1290322580645161,
    "BLEU_4": 8.783602617783837e-13
  },
  "1": {
    "BLEU_1": 0.19999999998666673,
    "BLEU_2": 3.7796447298312975e-09,
    "ROUGE_L": 0.26180257510729615,
    "CIDEr": 0.0,
    "METEOR": 0.20053333333333337,
    "SPICE": 0.1111111111111111,
    "BLEU_4": 5.501034141770605e-13
  },
  "2": {
    "BLEU_1": 0.33333333331111115,
    "BLEU_2": 4.879500364405748e-09,
    "ROUGE_L": 0.26180257510729615,
    "CIDEr": 0.0,
    "METEOR": 0.20997375328083986,
    "SPICE": 0.1111111111111111,
    "BLEU_4": 6.250381527478681e-13
  },
  "3": {
    "BLEU_1": 0.29411764704152255,
    "BLEU_2": 4.287464628302636e-09,
    "ROUGE_L": 0.2443257676902537,
    "CIDEr": 0.0,
    "METEOR": 0.20356234096692108,
    "SPICE": 0.10526315789473685,
    "BLEU_4": 5.439330543997057e-13
  },
  "4": {
    "BLEU_1": 0.29411764704152255,
    "BLEU_2": 4.287464628302636e-09,
    "ROUGE_L": 0.2443257676902537,
    "CIDEr": 0.0,
    "METEOR": 0.20356234096692108,
    "SPICE": 0.052631578947368425,
    "BLEU_4": 5.439330543997057e-13
  },
  "5": {
    "BLEU_1": 0.27272727270247943,
    "BLEU_2": 5.222329678172441e-09,
    "ROUGE_L": 0.216696269982238,
    "CIDEr": 0.0,
    "METEOR": 0.17021276595744683,
    "SPICE": 0.0,
    "BLEU_4": 7.84510965356927e-13
  },
  "6": {
    "BLEU_1": 0.33333333331111115,
    "BLEU_2": 4.879500364405748e-09,
    "ROUGE_L": 0.2760180995475113,
    "CIDEr": 0.0,
    "METEOR": 0.17600000000000005,
    "SPICE": 0.12121212121212123,
    "BLEU_4": 6.250381527478681e-13
  },
  "7": {
    "BLEU_1": 0.27272727270247943,
    "BLEU_2": 5.222329678172441e-09,
    "ROUGE_L": 0.216696269982238,
    "CIDEr": 0.0,
    "METEOR": 0.1724137931034483,
    "SPICE": 0.1290322580645161,
    "BLEU_4": 7.84510965356927e-13
  },
  "8": {
    "BLEU_1": 0.23529411763321803,
    "BLEU_2": 3.834824944004226e-09,
    "ROUGE_L": 0.2443257676902537,
    "CIDEr": 0.0,
    "METEOR": 0.15810276679841895,
    "SPICE": 0.10526315789473685,
    "BLEU_4": 5.144201220579896e-13
  },
  "9": {
    "BLEU_1": 0.36363636360330587,
    "BLEU_2": 6.03022689097966e-09,
    "ROUGE_L": 0.3055091819699499,
    "CIDEr": 0.0,
    "METEOR": 0.1872340425531915,
    "SPICE": 0.12500000000000003,
    "BLEU_4": 8.430118945584141e-13
  }
}