{
  "0": {
    "BLEU_1": 0.24999999993750016,
    "BLEU_2": 5.976143045124577e-09,
    "ROUGE_L": 0.125,
    "CIDEr": 0.0,
    "METEOR": 0.14330089860669765,
    "SPICE": 0.16216216216216217,
    "BLEU_4": 1.0445522727757714e-12
  },
  "1": {
    "BLEU_1": 0.28571428569387763,
    "BLEU_2": 0.14824986332122378,
    "ROUGE_L": 0.17183098591549298,
    "CIDEr": 0.0,
    "METEOR": 0.17376653034992337,
    "SPICE": 0.20512820512820515,
    "BLEU_4": 3.592143420053192e-09
  },
  "2": {
    "BLEU_1": 0.28571428569387763,
    "BLEU_2": 0.14824986332122378,
    "ROUGE_L": 0.17183098591549298,
    "CIDEr": 0.0,
    "METEOR": 0.17376653034992337,
    "SPICE": 0.20512820512820515,
    "BLEU_4": 3.592143420053192e-09
  },
  "3": {
    "BLEU_1": 0.28571428569387763,
    "BLEU_2": 0.14824986332122378,
    "ROUGE_L": 0.17183098591549298,
    "CIDEr": 0.0,
    "METEOR": 0.17376653034992337,
    "SPICE": 0.20512820512820515,
    "BLEU_4": 3.592143420053192e-09
  },
  "4": {
    "BLEU_1": 0.28571428569387763,
    "BLEU_2": 0.14824986332122378,
    "ROUGE_L": 0.17183098591549298,
    "CIDEr": 0.0,
    "METEOR": 0.17376653034992337,
    "SPICE": 0.20512820512820515,
    "BLEU_4": 3.592143420053192e-09
  },
  "5": {
    "BLEU_1": 0.28571428569387763,
    "BLEU_2": 0.14824986332122378,
    "ROUGE_L": 0.17183098591549298,
    "CIDEr": 0.0,
    "METEOR": 0.17376653034992337,
    "SPICE": 0.20512820512820515,
    "BLEU_4": 3.592143420053192e-09
  },
  "6": {
    "BLEU_1": 0.28571428569387763,
    "BLEU_2": 4.688072309037213e-09,
    "ROUGE_L": 0.09561128526645768,
    "CIDEr": 0.0,
    "METEOR": 0.16032064128256512,
    "SPICE": 0.20512820512820515,
    "BLEU_4": 6.387834681787387e-13
  },
  "7": {
    "BLEU_1": 0.28571428569387763,
    "BLEU_2": 4.688072309037213e-09,
    "ROUGE_L": 0.09561128526645768,
    "CIDEr": 0.0,
    "METEOR": 0.16032064128256512,
    "SPICE": 0.20512820512820515,
    "BLEU_4": 6.387834681787387e-13
  },
  "8": {
    "BLEU_1": 0.28571428569387763,
    "BLEU_2": 4.688072309037213e-09,
    "ROUGE_L": 0.09561128526645768,
    "CIDEr": 0.0,
    "METEOR": 0.16032064128256512,
    "SPICE": 0.20512820512820515,
    "BLEU_4": 6.387834681787387e-13
  },
  "9": {
    "BLEU_1": 0.28571428569387763,
    "BLEU_2": 4.688072309037213e-09,
    "ROUGE_L": 0.09561128526645768,
    "CIDEr": 0.0,
    "METEOR": 0.16032064128256512,
    "SPICE": 0.20512820512820515,
    "BLEU_4": 6.387834681787387e-13
  }
}