{
  "0": {
    "BLEU_1": 0.23884377011164867,
    "BLEU_2": 5.85045365006396e-09,
    "ROUGE_L": 0.12869198312236285,
    "CIDEr": 0.0,
    "METEOR": 0.1333333333333333,
    "SPICE": 0.06451612903225806,
    "BLEU_4": 1.1000617045598687e-12
  },
  "1": {
    "BLEU_1": 0.27272727270247943,
    "BLEU_2": 0.16514456475319042,
    "ROUGE_L": 0.28818897637795277,
    "CIDEr": 0.0,
    "METEOR": 0.18126951276744666,
    "SPICE": 0.10810810810810811,
    "BLEU_4": 4.411629358851744e-09
  },
  "2": {
    "BLEU_1": 0.18749999998828132,
    "BLEU_2": 0.11180339886776892,
    "ROUGE_L": 0.16850828729281767,
    "CIDEr": 0.0,
    "METEOR": 0.14517369833974916,
    "SPICE": 0.10256410256410256,
    "BLEU_4": 2.8787878179013993e-09
  },
  "3": {
    "BLEU_1": 0.16666666665277785,
    "BLEU_2": 3.892494720468497e-09,
    "ROUGE_L": 0.09775641025641024,
    "CIDEr": 0.0,
    "METEOR": 0.10178117048346057,
    "SPICE": 0.1111111111111111,
    "BLEU_4": 6.40550520920913e-13
  },
  "4": {
    "BLEU_1": 0.17647058822491354,
    "BLEU_2": 0.10502100629573005,
    "ROUGE_L": 0.1628838451268358,
    "CIDEr": 0.0,
    "METEOR": 0.14206283337532594,
    "SPICE": 0.1,
    "BLEU_4": 2.69205088078134e-09
  },
  "5": {
    "BLEU_1": 0.16666666665740745,
    "BLEU_2": 0.09901475429200489,
    "ROUGE_L": 0.15762273901808785,
    "CIDEr": 0.0,
    "METEOR": 0.13908249421360586,
    "SPICE": 0.09523809523809526,
    "BLEU_4": 2.5281168695855673e-09
  },
  "6": {
    "BLEU_1": 0.17647058822491354,
    "BLEU_2": 0.10502100629573005,
    "ROUGE_L": 0.1628838451268358,
    "CIDEr": 0.0,
    "METEOR": 0.14206283337532594,
    "SPICE": 0.1,
    "BLEU_4": 2.69205088078134e-09
  },
  "7": {
    "BLEU_1": 0.16666666665740745,
    "BLEU_2": 0.09901475429200489,
    "ROUGE_L": 0.15762273901808785,
    "CIDEr": 0.0,
    "METEOR": 0.13908249421360586,
    "SPICE": 0.09756097560975609,
    "BLEU_4": 2.5281168695855673e-09
  },
  "8": {
    "BLEU_1": 0.16666666665740745,
    "BLEU_2": 0.09901475429200489,
    "ROUGE_L": 0.15762273901808785,
    "CIDEr": 0.0,
    "METEOR": 0.13622463474346325,
    "SPICE": 0.09523809523809526,
    "BLEU_4": 2.5281168695855673e-09
  },
  "9": {
    "BLEU_1": 0.14999999999250005,
    "BLEU_2": 0.0888523316593044,
    "ROUGE_L": 0.14805825242718446,
    "CIDEr": 0.0,
    "METEOR": 0.13084734652990548,
    "SPICE": 0.0909090909090909,
    "BLEU_4": 2.253741272145215e-09
  }
}