{
  "0": {
    "BLEU_1": 0.10976232717490052,
    "BLEU_2": 3.8806842931124116e-09,
    "ROUGE_L": 0.1095152603231598,
    "CIDEr": 0.0,
    "METEOR": 0.11009174311926606,
    "SPICE": 0.12903225806451613,
    "BLEU_4": 9.324552513250358e-13
  },
  "1": {
    "BLEU_1": 0.1194218850558244,
    "BLEU_2": 4.136895448977816e-09,
    "ROUGE_L": 0.10481099656357389,
    "CIDEr": 0.0,
    "METEOR": 0.10786516853932585,
    "SPICE": 0.125,
    "BLEU_4": 9.250379439222845e-13
  },
  "2": {
    "BLEU_1": 0.3715190997867868,
    "BLEU_2": 7.326455450859374e-09,
    "ROUGE_L": 0.2634989200863931,
    "CIDEr": 0.0,
    "METEOR": 0.16184971098265896,
    "SPICE": 0.1818181818181818,
    "BLEU_4": 1.1917040716272326e-12
  },
  "3": {
    "BLEU_1": 0.3333333332962964,
    "BLEU_2": 6.454972242916984e-09,
    "ROUGE_L": 0.2378167641325536,
    "CIDEr": 0.0,
    "METEOR": 0.1564245810055866,
    "SPICE": 0.16666666666666666,
    "BLEU_4": 9.980099402512292e-13
  },
  "4": {
    "BLEU_1": 0.3333333332962964,
    "BLEU_2": 6.454972242916984e-09,
    "ROUGE_L": 0.2378167641325536,
    "CIDEr": 0.0,
    "METEOR": 0.1564245810055866,
    "SPICE": 0.17647058823529413,
    "BLEU_4": 9.980099402512292e-13
  },
  "5": {
    "BLEU_1": 0.3333333332962964,
    "BLEU_2": 6.454972242916984e-09,
    "ROUGE_L": 0.2378167641325536,
    "CIDEr": 0.0,
    "METEOR": 0.1564245810055866,
    "SPICE": 0.17647058823529413,
    "BLEU_4": 9.980099402512292e-13
  },
  "6": {
    "BLEU_1": 0.3999999999200002,
    "BLEU_2": 6.666666665296299e-09,
    "ROUGE_L": 0.22676579925650556,
    "CIDEr": 0.0,
    "METEOR": 0.15512465373961218,
    "SPICE": 0.17647058823529413,
    "BLEU_4": 9.438595266157062e-13
  },
  "7": {
    "BLEU_1": 0.3999999999200002,
    "BLEU_2": 0.21081851063455723,
    "ROUGE_L": 0.34014869888475835,
    "CIDEr": 0.0,
    "METEOR": 0.19215401361686818,
    "SPICE": 0.17142857142857143,
    "BLEU_4": 5.307712169906119e-09
  },
  "8": {
    "BLEU_1": 0.3999999999200002,
    "BLEU_2": 6.666666665296299e-09,
    "ROUGE_L": 0.22676579925650556,
    "CIDEr": 0.0,
    "METEOR": 0.15512465373961218,
    "SPICE": 0.17647058823529413,
    "BLEU_4": 9.438595266157062e-13
  },
  "9": {
    "BLEU_1": 0.636363636247934,
    "BLEU_2": 0.35675303393985225,
    "ROUGE_L": 0.433392539964476,
    "CIDEr": 0.0,
    "METEOR": 0.24345245401142424,
    "SPICE": 0.16666666666666666,
    "BLEU_4": 6.48411507011597e-09
  }
}