{
  "0": {
    "BLEU_1": 7.162619917923445e-17,
    "BLEU_2": 8.27068107508754e-17,
    "ROUGE_L": 0.0,
    "CIDEr": 0.0,
    "METEOR": 0.04885496183206107,
    "SPICE": 0.05714285714285715,
    "BLEU_4": 1.2944315414357063e-16
  },
  "1": {
    "BLEU_1": 0.20217688650348561,
    "BLEU_2": 4.952302097098729e-09,
    "ROUGE_L": 0.18654434250764526,
    "CIDEr": 0.0,
    "METEOR": 0.05565217391304348,
    "SPICE": 0.05405405405405405,
    "BLEU_4": 9.311821291619466e-13
  },
  "2": {
    "BLEU_1": 0.5367694949004131,
    "BLEU_2": 8.199289470316909e-09,
    "ROUGE_L": 0.2695139911634757,
    "CIDEr": 0.0,
    "METEOR": 0.15224913494809691,
    "SPICE": 0.2105263157894737,
    "BLEU_4": 1.1737849633727441e-12
  },
  "3": {
    "BLEU_1": 0.3032653297552284,
    "BLEU_2": 6.0653065950034785e-09,
    "ROUGE_L": 0.2234432234432234,
    "CIDEr": 0.0,
    "METEOR": 0.11515842080193724,
    "SPICE": 0.1111111111111111,
    "BLEU_4": 1.0305224262915758e-12
  },
  "4": {
    "BLEU_1": 0.5515605639774822,
    "BLEU_2": 0.26369638633624565,
    "ROUGE_L": 0.25994318181818177,
    "CIDEr": 0.0,
    "METEOR": 0.14617283950617285,
    "SPICE": 0.10526315789473685,
    "BLEU_4": 6.518210331440214e-09
  },
  "5": {
    "BLEU_1": 0.09022352209759289,
    "BLEU_2": 0.07813586214891081,
    "ROUGE_L": 0.21070811744386875,
    "CIDEr": 0.0,
    "METEOR": 0.03111854475715475,
    "SPICE": 0.0588235294117647,
    "BLEU_4": 5.782700798817902e-07
  },
  "6": {
    "BLEU_1": 0.4294155959203306,
    "BLEU_2": 7.333667449130742e-09,
    "ROUGE_L": 0.22803738317757008,
    "CIDEr": 0.0,
    "METEOR": 0.22478572330462376,
    "SPICE": 0.15789473684210525,
    "BLEU_4": 1.1100972798838728e-12
  },
  "7": {
    "BLEU_1": 0.4043537730069712,
    "BLEU_2": 7.003612790685742e-09,
    "ROUGE_L": 0.23921568627450981,
    "CIDEr": 0.0,
    "METEOR": 0.2308977218234806,
    "SPICE": 0.16216216216216214,
    "BLEU_4": 1.1073684133627694e-12
  },
  "8": {
    "BLEU_1": 0.555555555432099,
    "BLEU_2": 8.333333331423613e-09,
    "ROUGE_L": 0.2510288065843621,
    "CIDEr": 0.0,
    "METEOR": 0.1861406132809062,
    "SPICE": 0.15384615384615383,
    "BLEU_4": 1.1339582219145234e-12
  },
  "9": {
    "BLEU_1": 7.162619917923445e-17,
    "BLEU_2": 8.27068107508754e-17,
    "ROUGE_L": 0.0,
    "CIDEr": 0.0,
    "METEOR": 0.03463203463203463,
    "SPICE": 0.0,
    "BLEU_4": 1.2944315414357063e-16
  }
}