{
  "0": {
    "BLEU_1": 0.4953587997157158,
    "BLEU_2": 8.459862053518921e-09,
    "ROUGE_L": 0.23797139141742524,
    "CIDEr": 0.0,
    "METEOR": 0.14344709962278643,
    "SPICE": 0.17142857142857143,
    "BLEU_4": 1.2805693630023128e-12
  },
  "1": {
    "BLEU_1": 0.3999999999200002,
    "BLEU_2": 0.21081851063455723,
    "ROUGE_L": 0.21682464454976302,
    "CIDEr": 0.0,
    "METEOR": 0.13685543858979185,
    "SPICE": 0.15789473684210525,
    "BLEU_4": 5.307712169906119e-09
  },
  "2": {
    "BLEU_1": 0.6249999998437503,
    "BLEU_2": 0.29880715225622895,
    "ROUGE_L": 0.33516483516483514,
    "CIDEr": 0.0,
    "METEOR": 0.1948528059429478,
    "SPICE": 0.22222222222222224,
    "BLEU_4": 7.386099953835683e-09
  },
  "3": {
    "BLEU_1": 0.4999999999000002,
    "BLEU_2": 7.453559923467182e-09,
    "ROUGE_L": 0.28328173374613,
    "CIDEr": 0.0,
    "METEOR": 0.1848816602230528,
    "SPICE": 0.21052631578947364,
    "BLEU_4": 9.98009940168062e-13
  },
  "4": {
    "BLEU_1": 0.2984791654700016,
    "BLEU_2": 0.11590590163182096,
    "ROUGE_L": 0.3144329896907217,
    "CIDEr": 0.0,
    "METEOR": 0.15955301981368877,
    "SPICE": 0.14285714285714285,
    "BLEU_4": 2.3861368084293435e-09
  },
  "5": {
    "BLEU_1": 0.3999999999733334,
    "BLEU_2": 0.16903085093403225,
    "ROUGE_L": 0.2946859903381642,
    "CIDEr": 0.0,
    "METEOR": 0.15316061307329074,
    "SPICE": 0.19047619047619047,
    "BLEU_4": 3.6787632496533857e-09
  },
  "6": {
    "BLEU_1": 0.33333333331111115,
    "BLEU_2": 4.879500364405748e-09,
    "ROUGE_L": 0.20908311910882607,
    "CIDEr": 0.0,
    "METEOR": 0.12384739690204925,
    "SPICE": 0.18604651162790697,
    "BLEU_4": 6.250381527478681e-13
  },
  "7": {
    "BLEU_1": 0.4285714285102042,
    "BLEU_2": 0.18156825977420374,
    "ROUGE_L": 0.3609467455621302,
    "CIDEr": 0.0,
    "METEOR": 0.24138114482608505,
    "SPICE": 0.24390243902439027,
    "BLEU_4": 3.9753601756593914e-09
  },
  "8": {
    "BLEU_1": 0.4444444443950618,
    "BLEU_2": 0.23570226036769004,
    "ROUGE_L": 0.2510288065843621,
    "CIDEr": 0.0,
    "METEOR": 0.18278543987897516,
    "SPICE": 0.16666666666666666,
    "BLEU_4": 6.030725359585126e-09
  },
  "9": {
    "BLEU_1": 0.4166666666319445,
    "BLEU_2": 6.154574548430443e-09,
    "ROUGE_L": 0.3505747126436781,
    "CIDEr": 0.0,
    "METEOR": 0.2473658013093764,
    "SPICE": 0.2051282051282051,
    "BLEU_4": 8.054496384067745e-13
  }
}