{
  "0": {
    "BLEU_1": 0.4953587997157158,
    "BLEU_2": 0.2675243277994909,
    "ROUGE_L": 0.3952483801295896,
    "CIDEr": 0.0,
    "METEOR": 0.24288374970479493,
    "SPICE": 0.2,
    "BLEU_4": 7.201170725888819e-09
  },
  "1": {
    "BLEU_1": 0.09090909089256209,
    "BLEU_2": 3.0151134452157307e-09,
    "ROUGE_L": 0.1018363939899833,
    "CIDEr": 0.0,
    "METEOR": 0.08757130683192423,
    "SPICE": 0.0,
    "BLEU_4": 5.960994272089826e-13
  },
  "2": {
    "BLEU_1": 1.2383969992892892e-16,
    "BLEU_2": 1.3376216389974536e-16,
    "ROUGE_L": 0.0,
    "CIDEr": 0.0,
    "METEOR": 0.020887728459530026,
    "SPICE": 0.0,
    "BLEU_4": 1.61023072606689e-16
  },
  "3": {
    "BLEU_1": 0.09090909089256209,
    "BLEU_2": 3.0151134452157307e-09,
    "ROUGE_L": 0.1018363939899833,
    "CIDEr": 0.0,
    "METEOR": 0.07748184019370459,
    "SPICE": 0.06060606060606061,
    "BLEU_4": 5.960994272089826e-13
  },
  "4": {
    "BLEU_1": 0.1999999999800001,
    "BLEU_2": 4.714045207412725e-09,
    "ROUGE_L": 0.11338289962825278,
    "CIDEr": 0.0,
    "METEOR": 0.07351351351351351,
    "SPICE": 0.0,
    "BLEU_4": 7.93688092513584e-13
  },
  "5": {
    "BLEU_1": 0.24999999993750016,
    "BLEU_2": 5.976143045124577e-09,
    "ROUGE_L": 0.125,
    "CIDEr": 0.0,
    "METEOR": 0.12799999999999997,
    "SPICE": 0.06451612903225806,
    "BLEU_4": 1.0445522727757714e-12
  },
  "6": {
    "BLEU_1": 0.2999999999700001,
    "BLEU_2": 5.773502691286834e-09,
    "ROUGE_L": 0.11338289962825278,
    "CIDEr": 0.0,
    "METEOR": 0.12403100775193797,
    "SPICE": 0.06060606060606061,
    "BLEU_4": 8.783602618662196e-13
  },
  "7": {
    "BLEU_1": 0.4999999998750002,
    "BLEU_2": 0.26726124184322303,
    "ROUGE_L": 0.25,
    "CIDEr": 0.0,
    "METEOR": 0.15533972748693511,
    "SPICE": 0.07407407407407408,
    "BLEU_4": 6.985342054598842e-09
  },
  "8": {
    "BLEU_1": 0.45454545446281003,
    "BLEU_2": 6.741998623375958e-09,
    "ROUGE_L": 0.28818897637795277,
    "CIDEr": 0.0,
    "METEOR": 0.15807629779714746,
    "SPICE": 0.2352941176470588,
    "BLEU_4": 8.913765519636197e-13
  },
  "9": {
    "BLEU_1": 0.33333333330555565,
    "BLEU_2": 5.504818825152218e-09,
    "ROUGE_L": 0.10374149659863945,
    "CIDEr": 0.0,
    "METEOR": 0.0962406015037594,
    "SPICE": 0.0588235294117647,
    "BLEU_4": 7.61747236997849e-13
  }
}