{
  "0": {
    "BLEU_1": 0.3076923076449706,
    "BLEU_2": 5.063696834623075e-09,
    "ROUGE_L": 0.2417437252311757,
    "CIDEr": 0.0,
    "METEOR": 0.10526315789473684,
    "SPICE": 0.0625,
    "BLEU_4": 6.94841384364963e-13
  },
  "1": {
    "BLEU_1": 0.29411764704152255,
    "BLEU_2": 4.287464628302636e-09,
    "ROUGE_L": 0.17110799438990182,
    "CIDEr": 0.0,
    "METEOR": 0.11573452153133769,
    "SPICE": 0.05555555555555555,
    "BLEU_4": 5.439330543997057e-13
  },
  "2": {
    "BLEU_1": 0.26666666664888894,
    "BLEU_2": 4.3643578044184995e-09,
    "ROUGE_L": 0.18401206636500753,
    "CIDEr": 0.0,
    "METEOR": 0.11944792863929503,
    "SPICE": 0.058823529411764705,
    "BLEU_4": 5.911245882681416e-13
  },
  "3": {
    "BLEU_1": 0.23076923073372793,
    "BLEU_2": 0.1386750490345283,
    "ROUGE_L": 0.2985318107667211,
    "CIDEr": 0.0,
    "METEOR": 0.1746328716706493,
    "SPICE": 0.05714285714285715,
    "BLEU_4": 3.636227045901134e-09
  },
  "4": {
    "BLEU_1": 0.27777777776234575,
    "BLEU_2": 0.12782749813391808,
    "ROUGE_L": 0.2479674796747967,
    "CIDEr": 0.0,
    "METEOR": 0.11484196738071038,
    "SPICE": 0.05555555555555555,
    "BLEU_4": 2.8724953479163113e-09
  },
  "5": {
    "BLEU_1": 0.29411764704152255,
    "BLEU_2": 0.13558153612843557,
    "ROUGE_L": 0.2566619915848527,
    "CIDEr": 0.0,
    "METEOR": 0.11756190871341142,
    "SPICE": 0.052631578947368425,
    "BLEU_4": 3.058760346259648e-09
  },
  "6": {
    "BLEU_1": 0.3124999999804688,
    "BLEU_2": 0.14433756728808472,
    "ROUGE_L": 0.2659883720930233,
    "CIDEr": 0.0,
    "METEOR": 0.11849741461829269,
    "SPICE": 0.05555555555555555,
    "BLEU_4": 3.2709344706502825e-09
  },
  "7": {
    "BLEU_1": 0.27777777776234575,
    "BLEU_2": 0.12782749813391808,
    "ROUGE_L": 0.2479674796747967,
    "CIDEr": 0.0,
    "METEOR": 0.11484196738071038,
    "SPICE": 0.052631578947368425,
    "BLEU_4": 2.8724953479163113e-09
  },
  "8": {
    "BLEU_1": 0.27777777776234575,
    "BLEU_2": 0.12782749813391808,
    "ROUGE_L": 0.2479674796747967,
    "CIDEr": 0.0,
    "METEOR": 0.11484196738071038,
    "SPICE": 0.052631578947368425,
    "BLEU_4": 2.8724953479163113e-09
  },
  "9": {
    "BLEU_1": 0.3157894736675901,
    "BLEU_2": 0.1324532356993396,
    "ROUGE_L": 0.2398427260812582,
    "CIDEr": 0.0,
    "METEOR": 0.12657111356119075,
    "SPICE": 0.05,
    "BLEU_4": 2.833929617442683e-09
  }
}