{
  "0": {
    "BLEU_1": 0.12499999996875016,
    "BLEU_2": 4.225771272548414e-09,
    "ROUGE_L": 0.125,
    "CIDEr": 0.0,
    "METEOR": 0.09489636073807474,
    "SPICE": 0.22222222222222218,
    "BLEU_4": 8.783602617222665e-13
  },
  "1": {
    "BLEU_1": 0.07142857141836743,
    "BLEU_2": 2.344036154351177e-09,
    "ROUGE_L": 0.09561128526645768,
    "CIDEr": 0.0,
    "METEOR": 0.08670386916356469,
    "SPICE": 0.1935483870967742,
    "BLEU_4": 4.516881220267841e-13
  },
  "2": {
    "BLEU_1": 0.06249999999609382,
    "BLEU_2": 2.041241452187486e-09,
    "ROUGE_L": 0.08866279069767442,
    "CIDEr": 0.0,
    "METEOR": 0.08577820507996792,
    "SPICE": 0.18749999999999997,
    "BLEU_4": 3.8898185452049755e-13
  },
  "3": {
    "BLEU_1": 0.1999999999800001,
    "BLEU_2": 4.714045207412725e-09,
    "ROUGE_L": 0.11338289962825278,
    "CIDEr": 0.0,
    "METEOR": 0.08773095409931064,
    "SPICE": 0.13793103448275862,
    "BLEU_4": 7.93688092513584e-13
  },
  "4": {
    "BLEU_1": 0.2857142856734695,
    "BLEU_2": 4.688072308702351e-09,
    "ROUGE_L": 0.14285714285714285,
    "CIDEr": 0.0,
    "METEOR": 0.1641614963448211,
    "SPICE": 0.12903225806451615,
    "BLEU_4": 6.387834681331114e-13
  },
  "5": {
    "BLEU_1": 0.3999999999733334,
    "BLEU_2": 5.345224837879414e-09,
    "ROUGE_L": 0.18401206636500753,
    "CIDEr": 0.0,
    "METEOR": 0.1791818154041608,
    "SPICE": 0.125,
    "BLEU_4": 6.541868941266492e-13
  },
  "6": {
    "BLEU_1": 0.423240862374767,
    "BLEU_2": 5.7069786240162205e-09,
    "ROUGE_L": 0.2074829931972789,
    "CIDEr": 0.0,
    "METEOR": 0.19168287229282316,
    "SPICE": 0.13793103448275862,
    "BLEU_4": 7.135941625570779e-13
  },
  "7": {
    "BLEU_1": 0.423240862374767,
    "BLEU_2": 5.7069786240162205e-09,
    "ROUGE_L": 0.2074829931972789,
    "CIDEr": 0.0,
    "METEOR": 0.18875641622728387,
    "SPICE": 0.13793103448275862,
    "BLEU_4": 7.135941625570779e-13
  },
  "8": {
    "BLEU_1": 0.5454545454049587,
    "BLEU_2": 7.3854894580549865e-09,
    "ROUGE_L": 0.216696269982238,
    "CIDEr": 0.0,
    "METEOR": 0.19318039473261087,
    "SPICE": 0.14285714285714285,
    "BLEU_4": 9.329460218001107e-13
  },
  "9": {
    "BLEU_1": 0.4285714285102042,
    "BLEU_2": 5.741692516796131e-09,
    "ROUGE_L": 0.19122257053291536,
    "CIDEr": 0.0,
    "METEOR": 0.18048971186696489,
    "SPICE": 0.12903225806451615,
    "BLEU_4": 7.06930114786381e-13
  }
}