{
  "0": {
    "BLEU_1": 0.3999999999200002,
    "BLEU_2": 0.21081851063455723,
    "ROUGE_L": 0.31881533101045295,
    "CIDEr": 0.0,
    "METEOR": 0.15346813919400312,
    "SPICE": 0.06250000000000001,
    "BLEU_4": 5.307712169906119e-09
  },
  "1": {
    "BLEU_1": 0.30769230766863914,
    "BLEU_2": 0.16012815379225645,
    "ROUGE_L": 0.2819722650231125,
    "CIDEr": 0.0,
    "METEOR": 0.14665454316213408,
    "SPICE": 0.11764705882352942,
    "BLEU_4": 3.9073802491094676e-09
  },
  "2": {
    "BLEU_1": 0.30769230766863914,
    "BLEU_2": 0.16012815379225645,
    "ROUGE_L": 0.2819722650231125,
    "CIDEr": 0.0,
    "METEOR": 0.14665454316213408,
    "SPICE": 0.11764705882352942,
    "BLEU_4": 3.9073802491094676e-09
  },
  "3": {
    "BLEU_1": 0.26666666664888894,
    "BLEU_2": 0.13801311185894144,
    "ROUGE_L": 0.26180257510729615,
    "CIDEr": 0.0,
    "METEOR": 0.17554675062397254,
    "SPICE": 0.16666666666666663,
    "BLEU_4": 3.324137843193063e-09
  },
  "4": {
    "BLEU_1": 0.30769230766863914,
    "BLEU_2": 0.16012815379225645,
    "ROUGE_L": 0.2819722650231125,
    "CIDEr": 0.0,
    "METEOR": 0.18050336475923767,
    "SPICE": 0.1764705882352941,
    "BLEU_4": 3.9073802491094676e-09
  },
  "5": {
    "BLEU_1": 0.30769230766863914,
    "BLEU_2": 0.16012815379225645,
    "ROUGE_L": 0.2819722650231125,
    "CIDEr": 0.0,
    "METEOR": 0.18050336475923767,
    "SPICE": 0.1764705882352941,
    "BLEU_4": 3.9073802491094676e-09
  },
  "6": {
    "BLEU_1": 0.30769230766863914,
    "BLEU_2": 0.16012815379225645,
    "ROUGE_L": 0.2819722650231125,
    "CIDEr": 0.0,
    "METEOR": 0.18050336475923767,
    "SPICE": 0.1764705882352941,
    "BLEU_4": 3.9073802491094676e-09
  },
  "7": {
    "BLEU_1": 0.24999999997916675,
    "BLEU_2": 0.1507556722757479,
    "ROUGE_L": 0.2932692307692307,
    "CIDEr": 0.0,
    "METEOR": 0.18440848563143272,
    "SPICE": 0.1935483870967742,
    "BLEU_4": 3.986357127883976e-09
  },
  "8": {
    "BLEU_1": 0.24999999997916675,
    "BLEU_2": 0.1507556722757479,
    "ROUGE_L": 0.2932692307692307,
    "CIDEr": 0.0,
    "METEOR": 0.18440848563143272,
    "SPICE": 0.1935483870967742,
    "BLEU_4": 3.986357127883976e-09
  },
  "9": {
    "BLEU_1": 0.24999999997916675,
    "BLEU_2": 0.1507556722757479,
    "ROUGE_L": 0.2932692307692307,
    "CIDEr": 0.0,
    "METEOR": 0.18440848563143272,
    "SPICE": 0.1935483870967742,
    "BLEU_4": 3.986357127883976e-09
  }
}