{
  "0": {
    "BLEU_1": 0.4444444443950618,
    "BLEU_2": 0.23570226036769004,
    "ROUGE_L": 0.20854700854700853,
    "CIDEr": 0.0,
    "METEOR": 0.12173913043478263,
    "SPICE": 0.21621621621621623,
    "BLEU_4": 6.030725359585126e-09
  },
  "1": {
    "BLEU_1": 0.5555555554938273,
    "BLEU_2": 0.26352313831625473,
    "ROUGE_L": 0.2946859903381642,
    "CIDEr": 0.0,
    "METEOR": 0.20652306173505539,
    "SPICE": 0.21621621621621623,
    "BLEU_4": 6.376715692927575e-09
  },
  "2": {
    "BLEU_1": 0.4444444443950618,
    "BLEU_2": 0.23570226036769004,
    "ROUGE_L": 0.2946859903381642,
    "CIDEr": 0.0,
    "METEOR": 0.11573452153133766,
    "SPICE": 0.16216216216216214,
    "BLEU_4": 6.030725359585126e-09
  },
  "3": {
    "BLEU_1": 0.45454545446281003,
    "BLEU_2": 6.741998623375958e-09,
    "ROUGE_L": 0.1921259842519685,
    "CIDEr": 0.0,
    "METEOR": 0.1535181236673774,
    "SPICE": 0.10810810810810811,
    "BLEU_4": 8.913765519636197e-13
  },
  "4": {
    "BLEU_1": 0.4666666666355556,
    "BLEU_2": 0.18257418582244916,
    "ROUGE_L": 0.2489795918367347,
    "CIDEr": 0.0,
    "METEOR": 0.2148752928392257,
    "SPICE": 0.10256410256410255,
    "BLEU_4": 3.8233014075451295e-09
  },
  "5": {
    "BLEU_1": 0.4374999999726563,
    "BLEU_2": 0.1707825127549637,
    "ROUGE_L": 0.24078947368421053,
    "CIDEr": 0.0,
    "METEOR": 0.20754999876516123,
    "SPICE": 0.0975609756097561,
    "BLEU_4": 3.5579828676919253e-09
  },
  "6": {
    "BLEU_1": 0.4666666666355556,
    "BLEU_2": 0.18257418582244916,
    "ROUGE_L": 0.2489795918367347,
    "CIDEr": 0.0,
    "METEOR": 0.2148752928392257,
    "SPICE": 0.10256410256410255,
    "BLEU_4": 3.8233014075451295e-09
  },
  "7": {
    "BLEU_1": 0.5714285713877553,
    "BLEU_2": 0.3631365195743456,
    "ROUGE_L": 0.34366197183098596,
    "CIDEr": 0.0,
    "METEOR": 0.24872460778816216,
    "SPICE": 0.10810810810810811,
    "BLEU_4": 5.622008276136972e-09
  },
  "8": {
    "BLEU_1": 0.3076923076449706,
    "BLEU_2": 0.16012815377993891,
    "ROUGE_L": 0.1781021897810219,
    "CIDEr": 0.0,
    "METEOR": 0.11642411642411643,
    "SPICE": 0.0,
    "BLEU_4": 3.907380248808901e-09
  },
  "9": {
    "BLEU_1": 0.35294117644982703,
    "BLEU_2": 0.14852213143749163,
    "ROUGE_L": 0.2331210191082802,
    "CIDEr": 0.0,
    "METEOR": 0.1282565130260521,
    "SPICE": 0.0,
    "BLEU_4": 3.2014060613745118e-09
  }
}