{
  "0": {
    "BLEU_1": 0.09090909090082655,
    "BLEU_2": 3.015113445489832e-09,
    "ROUGE_L": 0.1018363939899833,
    "CIDEr": 0.0,
    "METEOR": 0.10412147505422993,
    "SPICE": 0.1111111111111111,
    "BLEU_4": 5.960994272631735e-13
  },
  "1": {
    "BLEU_1": 0.19999999996000015,
    "BLEU_2": 0.14907119846934372,
    "ROUGE_L": 0.21254355400696867,
    "CIDEr": 0.0,
    "METEOR": 0.16386795310620492,
    "SPICE": 0.11764705882352941,
    "BLEU_4": 4.46323613687257e-09
  },
  "2": {
    "BLEU_1": 0.22062422559099293,
    "BLEU_2": 0.16677623831564797,
    "ROUGE_L": 0.232824427480916,
    "CIDEr": 0.0,
    "METEOR": 0.17057164209691333,
    "SPICE": 0.0625,
    "BLEU_4": 5.1837418805413775e-09
  },
  "3": {
    "BLEU_1": 0.19999999996000015,
    "BLEU_2": 4.714045206941321e-09,
    "ROUGE_L": 0.10627177700348434,
    "CIDEr": 0.0,
    "METEOR": 0.1126382609135615,
    "SPICE": 0.058823529411764705,
    "BLEU_4": 7.936880924342154e-13
  },
  "4": {
    "BLEU_1": 0.22222222217283966,
    "BLEU_2": 0.16666666662847238,
    "ROUGE_L": 0.2222222222222222,
    "CIDEr": 0.0,
    "METEOR": 0.1671526114090019,
    "SPICE": 0.11764705882352941,
    "BLEU_4": 5.071215335691334e-09
  },
  "5": {
    "BLEU_1": 0.1538461538343196,
    "BLEU_2": 3.5805743699102604e-09,
    "ROUGE_L": 0.09399075500770414,
    "CIDEr": 0.0,
    "METEOR": 0.15830779835530778,
    "SPICE": 0.0,
    "BLEU_4": 5.84289629327371e-13
  },
  "6": {
    "BLEU_1": 0.14285714284693884,
    "BLEU_2": 0.10482848366441617,
    "ROUGE_L": 0.18100890207715134,
    "CIDEr": 0.0,
    "METEOR": 0.16805552314625788,
    "SPICE": 0.0,
    "BLEU_4": 3.020620524999948e-09
  },
  "7": {
    "BLEU_1": 0.09090909090082655,
    "BLEU_2": 3.015113445489832e-09,
    "ROUGE_L": 0.1018363939899833,
    "CIDEr": 0.0,
    "METEOR": 0.10344827586206898,
    "SPICE": 0.10810810810810811,
    "BLEU_4": 5.960994272631735e-13
  },
  "8": {
    "BLEU_1": 0.08333333332638898,
    "BLEU_2": 2.7524094125761097e-09,
    "ROUGE_L": 0.09775641025641024,
    "CIDEr": 0.0,
    "METEOR": 0.1014799154334038,
    "SPICE": 0.10526315789473684,
    "BLEU_4": 5.386366368312954e-13
  },
  "9": {
    "BLEU_1": 0.18181818180165296,
    "BLEU_2": 0.13483997247977744,
    "ROUGE_L": 0.2036727879799666,
    "CIDEr": 0.0,
    "METEOR": 0.17341899728922355,
    "SPICE": 0.0,
    "BLEU_4": 3.986357127842452e-09
  }
}