{
  "0": {
    "BLEU_1": 0.24767939985785795,
    "BLEU_2": 5.982025825945981e-09,
    "ROUGE_L": 0.2136602451838879,
    "CIDEr": 0.0,
    "METEOR": 0.15686274509803924,
    "SPICE": 0.0,
    "BLEU_4": 1.0768261868323776e-12
  },
  "1": {
    "BLEU_1": 0.4444444443950618,
    "BLEU_2": 0.23570226036769004,
    "ROUGE_L": 0.2785388127853881,
    "CIDEr": 0.0,
    "METEOR": 0.10365087079140681,
    "SPICE": 0.0,
    "BLEU_4": 6.030725359585126e-09
  },
  "2": {
    "BLEU_1": 0.36363636357024803,
    "BLEU_2": 6.030226890431458e-09,
    "ROUGE_L": 0.18181818181818182,
    "CIDEr": 0.0,
    "METEOR": 0.16899520447417565,
    "SPICE": 0.060606060606060615,
    "BLEU_4": 8.430118944817767e-13
  },
  "3": {
    "BLEU_1": 0.2142857142704082,
    "BLEU_2": 4.059989714404599e-09,
    "ROUGE_L": 0.16353887399463804,
    "CIDEr": 0.0,
    "METEOR": 0.1568627450980392,
    "SPICE": 0.0,
    "BLEU_4": 5.944549994012258e-13
  },
  "4": {
    "BLEU_1": 0.2142857142704082,
    "BLEU_2": 4.059989714404599e-09,
    "ROUGE_L": 0.16353887399463804,
    "CIDEr": 0.0,
    "METEOR": 0.1763085399449036,
    "SPICE": 0.05263157894736842,
    "BLEU_4": 5.944549994012258e-13
  },
  "5": {
    "BLEU_1": 0.27894295160771204,
    "BLEU_2": 0.11738273821992519,
    "ROUGE_L": 0.21353558926487748,
    "CIDEr": 0.0,
    "METEOR": 0.16666666666666666,
    "SPICE": 0.09523809523809525,
    "BLEU_4": 2.5301940256369427e-09
  },
  "6": {
    "BLEU_1": 0.14285714284693884,
    "BLEU_2": 3.31496772041309e-09,
    "ROUGE_L": 0.09561128526645768,
    "CIDEr": 0.0,
    "METEOR": 0.07374571662654662,
    "SPICE": 0.05,
    "BLEU_4": 5.371507285148366e-13
  },
  "7": {
    "BLEU_1": 0.1881070499547913,
    "BLEU_2": 0.1368679828033544,
    "ROUGE_L": 0.17528735632183906,
    "CIDEr": 0.0,
    "METEOR": 0.10903542784122051,
    "SPICE": 0.09523809523809525,
    "BLEU_4": 2.734682528496642e-09
  },
  "8": {
    "BLEU_1": 0.13947147580385605,
    "BLEU_2": 2.6247578204481525e-09,
    "ROUGE_L": 0.17958783120706576,
    "CIDEr": 0.0,
    "METEOR": 0.1269132756914381,
    "SPICE": 0.14285714285714285,
    "BLEU_4": 3.783522552489415e-13
  },
  "9": {
    "BLEU_1": 0.19047619045804992,
    "BLEU_2": 3.086066998944254e-09,
    "ROUGE_L": 0.16353887399463804,
    "CIDEr": 0.0,
    "METEOR": 0.14109347442680775,
    "SPICE": 0.13043478260869565,
    "BLEU_4": 4.0850384503395003e-13
  }
}