{
  "0": {
    "BLEU_1": 0.6363636363057852,
    "BLEU_2": 0.3567530339722843,
    "ROUGE_L": 0.4803149606299213,
    "CIDEr": 0.0,
    "METEOR": 0.3258812436754607,
    "SPICE": 0.23529411764705882,
    "BLEU_4": 6.484115070705435e-09
  },
  "1": {
    "BLEU_1": 0.6666666665185187,
    "BLEU_2": 0.2886751345286584,
    "ROUGE_L": 0.41709401709401706,
    "CIDEr": 0.0,
    "METEOR": 0.32211712431448475,
    "SPICE": 0.24242424242424243,
    "BLEU_4": 6.674094717389515e-09
  },
  "2": {
    "BLEU_1": 0.6249999998437503,
    "BLEU_2": 0.42257712725484126,
    "ROUGE_L": 0.3267857142857143,
    "CIDEr": 0.0,
    "METEOR": 0.24863052329365257,
    "SPICE": 0.1935483870967742,
    "BLEU_4": 8.783602617222663e-09
  },
  "3": {
    "BLEU_1": 0.22222222217283966,
    "BLEU_2": 5.270462765739487e-09,
    "ROUGE_L": 0.1189083820662768,
    "CIDEr": 0.0,
    "METEOR": 0.08275862068965519,
    "SPICE": 0.058823529411764705,
    "BLEU_4": 9.018037815333522e-13
  },
  "4": {
    "BLEU_1": 0.5999999998800002,
    "BLEU_2": 0.516397779388174,
    "ROUGE_L": 0.5,
    "CIDEr": 0.0,
    "METEOR": 0.378966425916241,
    "SPICE": 0.30303030303030304,
    "BLEU_4": 0.41113361681017657
  },
  "5": {
    "BLEU_1": 0.6249999998437503,
    "BLEU_2": 0.42257712725484126,
    "ROUGE_L": 0.3267857142857143,
    "CIDEr": 0.0,
    "METEOR": 0.24863052329365257,
    "SPICE": 0.1935483870967742,
    "BLEU_4": 8.783602617222663e-09
  },
  "6": {
    "BLEU_1": 0.22222222217283966,
    "BLEU_2": 5.270462765739487e-09,
    "ROUGE_L": 0.1189083820662768,
    "CIDEr": 0.0,
    "METEOR": 0.08275862068965519,
    "SPICE": 0.0,
    "BLEU_4": 9.018037815333522e-13
  },
  "7": {
    "BLEU_1": 0.18181818180165296,
    "BLEU_2": 4.26401432670519e-09,
    "ROUGE_L": 0.108348134991119,
    "CIDEr": 0.0,
    "METEOR": 0.08000000000000002,
    "SPICE": 0.05714285714285714,
    "BLEU_4": 7.088856801504128e-13
  },
  "8": {
    "BLEU_1": 0.6666666665185187,
    "BLEU_2": 0.40824829037030635,
    "ROUGE_L": 0.5213675213675214,
    "CIDEr": 0.0,
    "METEOR": 0.3634729274651554,
    "SPICE": 0.30303030303030304,
    "BLEU_4": 4.463236136748592e-05
  },
  "9": {
    "BLEU_1": 0.4953587997157158,
    "BLEU_2": 0.2675243277994909,
    "ROUGE_L": 0.34205607476635513,
    "CIDEr": 0.0,
    "METEOR": 0.254533038840399,
    "SPICE": 0.1935483870967742,
    "BLEU_4": 7.201170725888819e-09
  }
}