{
  "0": {
    "BLEU_1": 0.24999999993750016,
    "BLEU_2": 5.976143045124577e-09,
    "ROUGE_L": 0.125,
    "CIDEr": 0.0,
    "METEOR": 0.17777777777777778,
    "SPICE": 0.21428571428571427,
    "BLEU_4": 1.0445522727757714e-12
  },
  "1": {
    "BLEU_1": 0.28571428569387763,
    "BLEU_2": 4.688072309037213e-09,
    "ROUGE_L": 0.16353887399463804,
    "CIDEr": 0.0,
    "METEOR": 0.15954415954415957,
    "SPICE": 0.17142857142857143,
    "BLEU_4": 6.387834681787387e-13
  },
  "2": {
    "BLEU_1": 0.24999999997916675,
    "BLEU_2": 4.767312945812628e-09,
    "ROUGE_L": 0.17528735632183906,
    "CIDEr": 0.0,
    "METEOR": 0.16519174041297935,
    "SPICE": 0.18181818181818182,
    "BLEU_4": 7.08885680157797e-13
  },
  "3": {
    "BLEU_1": 0.27145122535649774,
    "BLEU_2": 5.224081267685234e-09,
    "ROUGE_L": 0.11338289962825278,
    "CIDEr": 0.0,
    "METEOR": 0.1712538226299694,
    "SPICE": 0.19354838709677416,
    "BLEU_4": 7.947732313729421e-13
  },
  "4": {
    "BLEU_1": 0.23076923073372793,
    "BLEU_2": 4.385290095846432e-09,
    "ROUGE_L": 0.09951060358890701,
    "CIDEr": 0.0,
    "METEOR": 0.16091954022988508,
    "SPICE": 0.18181818181818182,
    "BLEU_4": 6.466227685952641e-13
  },
  "5": {
    "BLEU_1": 0.3333333332962964,
    "BLEU_2": 6.454972242916984e-09,
    "ROUGE_L": 0.1189083820662768,
    "CIDEr": 0.0,
    "METEOR": 0.17610062893081763,
    "SPICE": 0.2,
    "BLEU_4": 9.980099402512292e-13
  },
  "6": {
    "BLEU_1": 0.33333333330555565,
    "BLEU_2": 5.504818825152218e-09,
    "ROUGE_L": 0.10374149659863945,
    "CIDEr": 0.0,
    "METEOR": 0.16519174041297935,
    "SPICE": 0.18181818181818182,
    "BLEU_4": 7.61747236997849e-13
  },
  "7": {
    "BLEU_1": 0.23076923073372793,
    "BLEU_2": 4.385290095846432e-09,
    "ROUGE_L": 0.09951060358890701,
    "CIDEr": 0.0,
    "METEOR": 0.16091954022988508,
    "SPICE": 0.18181818181818182,
    "BLEU_4": 6.466227685952641e-13
  },
  "8": {
    "BLEU_1": 0.3333333332962964,
    "BLEU_2": 6.454972242916984e-09,
    "ROUGE_L": 0.1189083820662768,
    "CIDEr": 0.0,
    "METEOR": 0.17610062893081763,
    "SPICE": 0.2,
    "BLEU_4": 9.980099402512292e-13
  },
  "9": {
    "BLEU_1": 0.24999999997916675,
    "BLEU_2": 4.767312945812628e-09,
    "ROUGE_L": 0.10374149659863945,
    "CIDEr": 0.0,
    "METEOR": 0.16091954022988508,
    "SPICE": 0.18181818181818182,
    "BLEU_4": 7.08885680157797e-13
  }
}