{
  "0": {
    "BLEU_1": 0.1111111110864199,
    "BLEU_2": 3.726779961645599e-09,
    "ROUGE_L": 0.10427350427350426,
    "CIDEr": 0.0,
    "METEOR": 0.05555555555555556,
    "SPICE": 0.07142857142857142,
    "BLEU_4": 7.583235671536399e-13
  },
  "1": {
    "BLEU_1": 0.07692307691715985,
    "BLEU_2": 2.531848417506296e-09,
    "ROUGE_L": 0.08905109489051095,
    "CIDEr": 0.0,
    "METEOR": 0.09230769230769231,
    "SPICE": 0.06451612903225808,
    "BLEU_4": 4.91327054771308e-13
  },
  "2": {
    "BLEU_1": 0.17391304347069947,
    "BLEU_2": 2.8116077854526447e-09,
    "ROUGE_L": 0.19572192513368983,
    "CIDEr": 0.0,
    "METEOR": 0.11200015859381383,
    "SPICE": 0.05263157894736842,
    "BLEU_4": 3.7039494075864306e-13
  },
  "3": {
    "BLEU_1": 0.2916666666545139,
    "BLEU_2": 0.15925551431087165,
    "ROUGE_L": 0.19062500000000002,
    "CIDEr": 0.0,
    "METEOR": 0.19158386254473803,
    "SPICE": 0.05555555555555555,
    "BLEU_4": 2.7219913802054716e-09
  },
  "4": {
    "BLEU_1": 0.1818181818099174,
    "BLEU_2": 2.9424494315455668e-09,
    "ROUGE_L": 0.20109890109890108,
    "CIDEr": 0.0,
    "METEOR": 0.10510242259952943,
    "SPICE": 0.05405405405405406,
    "BLEU_4": 3.885157280417424e-13
  },
  "5": {
    "BLEU_1": 0.22727272726239672,
    "BLEU_2": 3.2897584746457508e-09,
    "ROUGE_L": 0.20109890109890108,
    "CIDEr": 0.0,
    "METEOR": 0.10623866500601081,
    "SPICE": 0.05405405405405406,
    "BLEU_4": 4.1080536622602774e-13
  },
  "6": {
    "BLEU_1": 0.24999999998750005,
    "BLEU_2": 3.627381250363917e-09,
    "ROUGE_L": 0.21279069767441858,
    "CIDEr": 0.0,
    "METEOR": 0.10739974331208743,
    "SPICE": 0.05555555555555555,
    "BLEU_4": 4.553719183899022e-13
  },
  "7": {
    "BLEU_1": 0.22727272726239672,
    "BLEU_2": 3.2897584746457508e-09,
    "ROUGE_L": 0.20109890109890108,
    "CIDEr": 0.0,
    "METEOR": 0.10399022765138623,
    "SPICE": 0.05263157894736842,
    "BLEU_4": 4.1080536622602774e-13
  },
  "8": {
    "BLEU_1": 0.18749999997656258,
    "BLEU_2": 3.535533905483431e-09,
    "ROUGE_L": 0.125,
    "CIDEr": 0.0,
    "METEOR": 0.06685236768802229,
    "SPICE": 0.05714285714285714,
    "BLEU_4": 5.119289102124982e-13
  },
  "9": {
    "BLEU_1": 0.14285714285034018,
    "BLEU_2": 2.6726124189937955e-09,
    "ROUGE_L": 0.11080835603996367,
    "CIDEr": 0.0,
    "METEOR": 0.09801851239752028,
    "SPICE": 0.05,
    "BLEU_4": 3.8015566316858765e-13
  }
}