{
  "0": {
    "BLEU_1": 0.3715190997867868,
    "BLEU_2": 7.326455450859374e-09,
    "ROUGE_L": 0.2634989200863931,
    "CIDEr": 0.0,
    "METEOR": 0.17975728419821388,
    "SPICE": 0.13333333333333333,
    "BLEU_4": 1.1917040716272326e-12
  },
  "1": {
    "BLEU_1": 0.4444444443950618,
    "BLEU_2": 7.453559924119366e-09,
    "ROUGE_L": 0.2378167641325536,
    "CIDEr": 0.0,
    "METEOR": 0.1750708429344622,
    "SPICE": 0.125,
    "BLEU_4": 1.0724314734549807e-12
  },
  "2": {
    "BLEU_1": 0.3124999999804688,
    "BLEU_2": 4.564354645581603e-09,
    "ROUGE_L": 0.21995192307692307,
    "CIDEr": 0.0,
    "METEOR": 0.1465251295529112,
    "SPICE": 0.052631578947368425,
    "BLEU_4": 5.816635420743959e-13
  },
  "3": {
    "BLEU_1": 0.4999999998750002,
    "BLEU_2": 8.451542545096823e-09,
    "ROUGE_L": 0.25,
    "CIDEr": 0.0,
    "METEOR": 0.19978271627367306,
    "SPICE": 0.13333333333333333,
    "BLEU_4": 1.2421889947772103e-12
  },
  "4": {
    "BLEU_1": 0.19999999998666673,
    "BLEU_2": 3.7796447298312975e-09,
    "ROUGE_L": 0.07911802853437094,
    "CIDEr": 0.0,
    "METEOR": 0.07939127473378273,
    "SPICE": 0.0,
    "BLEU_4": 5.501034141770605e-13
  },
  "5": {
    "BLEU_1": 0.24999999993750016,
    "BLEU_2": 5.976143045124577e-09,
    "ROUGE_L": 0.125,
    "CIDEr": 0.0,
    "METEOR": 0.22037171088410512,
    "SPICE": 0.14285714285714285,
    "BLEU_4": 1.0445522727757714e-12
  },
  "6": {
    "BLEU_1": 0.28571428569387763,
    "BLEU_2": 4.688072309037213e-09,
    "ROUGE_L": 0.15601023017902813,
    "CIDEr": 0.0,
    "METEOR": 0.14235878290612797,
    "SPICE": 0.0625,
    "BLEU_4": 6.387834681787387e-13
  },
  "7": {
    "BLEU_1": 0.4444444443950618,
    "BLEU_2": 7.453559924119366e-09,
    "ROUGE_L": 0.2378167641325536,
    "CIDEr": 0.0,
    "METEOR": 0.2099574403471902,
    "SPICE": 0.07142857142857142,
    "BLEU_4": 1.0724314734549807e-12
  },
  "8": {
    "BLEU_1": 0.30769230766863914,
    "BLEU_2": 5.063696835012589e-09,
    "ROUGE_L": 0.16116248348745044,
    "CIDEr": 0.0,
    "METEOR": 0.1447168731751252,
    "SPICE": 0.05555555555555555,
    "BLEU_4": 6.948413844184121e-13
  },
  "9": {
    "BLEU_1": 0.4444444443950618,
    "BLEU_2": 7.453559924119366e-09,
    "ROUGE_L": 0.2378167641325536,
    "CIDEr": 0.0,
    "METEOR": 0.2099574403471902,
    "SPICE": 0.07142857142857142,
    "BLEU_4": 1.0724314734549807e-12
  }
}