{
  "0": {
    "BLEU_1": 0.6191984996446447,
    "BLEU_2": 0.2991012912972992,
    "ROUGE_L": 0.17967599410898377,
    "CIDEr": 0.0,
    "METEOR": 0.1614299153339605,
    "SPICE": 0.16666666666666663,
    "BLEU_4": 7.614310988684265e-09
  },
  "1": {
    "BLEU_1": 0.5999999999600001,
    "BLEU_2": 0.292770021864345,
    "ROUGE_L": 0.2760180995475113,
    "CIDEr": 0.0,
    "METEOR": 0.2682538454371332,
    "SPICE": 0.14634146341463414,
    "BLEU_4": 4.841524712673483e-09
  },
  "2": {
    "BLEU_1": 0.4999999999687501,
    "BLEU_2": 5.773502691523386e-09,
    "ROUGE_L": 0.2932692307692307,
    "CIDEr": 0.0,
    "METEOR": 0.1653641446696916,
    "SPICE": 0.18604651162790697,
    "BLEU_4": 6.541868941300564e-13
  },
  "3": {
    "BLEU_1": 0.6428571427653064,
    "BLEU_2": 7.0321084630535275e-09,
    "ROUGE_L": 0.31202046035805625,
    "CIDEr": 0.0,
    "METEOR": 0.16893958563552275,
    "SPICE": 0.1904761904761905,
    "BLEU_4": 7.823467765257608e-13
  },
  "4": {
    "BLEU_1": 0.5999999999600001,
    "BLEU_2": 6.546536706627749e-09,
    "ROUGE_L": 0.30235439900867406,
    "CIDEr": 0.0,
    "METEOR": 0.16624374118389204,
    "SPICE": 0.1951219512195122,
    "BLEU_4": 7.239768078348712e-13
  },
  "5": {
    "BLEU_1": 0.5263157894459835,
    "BLEU_2": 0.2418254166902561,
    "ROUGE_L": 0.33627342888643885,
    "CIDEr": 0.0,
    "METEOR": 0.19513247747151907,
    "SPICE": 0.17777777777777778,
    "BLEU_4": 3.829206137800793e-09
  },
  "6": {
    "BLEU_1": 0.5555555555246915,
    "BLEU_2": 0.2556549962678361,
    "ROUGE_L": 0.34580498866213155,
    "CIDEr": 0.0,
    "METEOR": 0.19818142243201156,
    "SPICE": 0.17777777777777778,
    "BLEU_4": 4.062321878876869e-09
  },
  "7": {
    "BLEU_1": 0.5555555555246915,
    "BLEU_2": 0.2556549962678361,
    "ROUGE_L": 0.34580498866213155,
    "CIDEr": 0.0,
    "METEOR": 0.19818142243201156,
    "SPICE": 0.17777777777777778,
    "BLEU_4": 4.062321878876869e-09
  },
  "8": {
    "BLEU_1": 0.5555555555246915,
    "BLEU_2": 0.2556549962678361,
    "ROUGE_L": 0.34580498866213155,
    "CIDEr": 0.0,
    "METEOR": 0.19818142243201156,
    "SPICE": 0.17777777777777778,
    "BLEU_4": 4.062321878876869e-09
  },
  "9": {
    "BLEU_1": 0.5555555555246915,
    "BLEU_2": 0.2556549962678361,
    "ROUGE_L": 0.34580498866213155,
    "CIDEr": 0.0,
    "METEOR": 0.19818142243201156,
    "SPICE": 0.17777777777777778,
    "BLEU_4": 4.062321878876869e-09
  }
}