{
  "0": {
    "BLEU_1": 0.2195246543498009,
    "BLEU_2": 5.488116358607818e-09,
    "ROUGE_L": 0.2190305206463196,
    "CIDEr": 0.0,
    "METEOR": 0.11642411642411643,
    "SPICE": 0.11764705882352941,
    "BLEU_4": 1.108882419297383e-12
  },
  "1": {
    "BLEU_1": 0.2195246543498009,
    "BLEU_2": 5.488116358607818e-09,
    "ROUGE_L": 0.2190305206463196,
    "CIDEr": 0.0,
    "METEOR": 0.11642411642411643,
    "SPICE": 0.11764705882352941,
    "BLEU_4": 1.108882419297383e-12
  },
  "2": {
    "BLEU_1": 0.2195246543498009,
    "BLEU_2": 5.488116358607818e-09,
    "ROUGE_L": 0.2190305206463196,
    "CIDEr": 0.0,
    "METEOR": 0.11642411642411643,
    "SPICE": 0.11764705882352941,
    "BLEU_4": 1.108882419297383e-12
  },
  "3": {
    "BLEU_1": 0.2195246543498009,
    "BLEU_2": 5.488116358607818e-09,
    "ROUGE_L": 0.2190305206463196,
    "CIDEr": 0.0,
    "METEOR": 0.11642411642411643,
    "SPICE": 0.11764705882352941,
    "BLEU_4": 1.108882419297383e-12
  },
  "4": {
    "BLEU_1": 0.35826565516747294,
    "BLEU_2": 0.32044254357784663,
    "ROUGE_L": 0.31443298969072164,
    "CIDEr": 0.0,
    "METEOR": 0.15660273804950503,
    "SPICE": 0.11764705882352941,
    "BLEU_4": 4.578227396826306e-05
  },
  "5": {
    "BLEU_1": 0.2195246543498009,
    "BLEU_2": 5.488116358607818e-09,
    "ROUGE_L": 0.2190305206463196,
    "CIDEr": 0.0,
    "METEOR": 0.11642411642411643,
    "SPICE": 0.11764705882352941,
    "BLEU_4": 1.108882419297383e-12
  },
  "6": {
    "BLEU_1": 0.35826565516747294,
    "BLEU_2": 0.32044254357784663,
    "ROUGE_L": 0.31443298969072164,
    "CIDEr": 0.0,
    "METEOR": 0.15660273804950503,
    "SPICE": 0.11764705882352941,
    "BLEU_4": 4.578227396826306e-05
  },
  "7": {
    "BLEU_1": 0.2195246543498009,
    "BLEU_2": 5.488116358607818e-09,
    "ROUGE_L": 0.2190305206463196,
    "CIDEr": 0.0,
    "METEOR": 0.11642411642411643,
    "SPICE": 0.11764705882352941,
    "BLEU_4": 1.108882419297383e-12
  },
  "8": {
    "BLEU_1": 0.2195246543498009,
    "BLEU_2": 5.488116358607818e-09,
    "ROUGE_L": 0.2190305206463196,
    "CIDEr": 0.0,
    "METEOR": 0.11642411642411643,
    "SPICE": 0.11764705882352941,
    "BLEU_4": 1.108882419297383e-12
  },
  "9": {
    "BLEU_1": 0.35826565516747294,
    "BLEU_2": 0.32044254357784663,
    "ROUGE_L": 0.31443298969072164,
    "CIDEr": 0.0,
    "METEOR": 0.15660273804950503,
    "SPICE": 0.11764705882352941,
    "BLEU_4": 4.578227396826306e-05
  }
}