{
  "0": {
    "BLEU_1": 0.24999999993750016,
    "BLEU_2": 5.976143045124577e-09,
    "ROUGE_L": 0.125,
    "CIDEr": 0.0,
    "METEOR": 0.09930213082720758,
    "SPICE": 0.06451612903225806,
    "BLEU_4": 1.0445522727757714e-12
  },
  "1": {
    "BLEU_1": 0.16601831202113534,
    "BLEU_2": 3.893474535598386e-09,
    "ROUGE_L": 0.108348134991119,
    "CIDEr": 0.0,
    "METEOR": 0.10092855430517003,
    "SPICE": 0.0588235294117647,
    "BLEU_4": 6.472840222487366e-13
  },
  "2": {
    "BLEU_1": 0.07692307691715985,
    "BLEU_2": 2.531848417506296e-09,
    "ROUGE_L": 0.09399075500770414,
    "CIDEr": 0.0,
    "METEOR": 0.05568445475638051,
    "SPICE": 0.057142857142857134,
    "BLEU_4": 4.91327054771308e-13
  },
  "3": {
    "BLEU_1": 8.300915601056766e-17,
    "BLEU_2": 8.706073730262415e-17,
    "ROUGE_L": 0.0,
    "CIDEr": 0.0,
    "METEOR": 0.04752475247524754,
    "SPICE": 0.06060606060606061,
    "BLEU_4": 9.679153737736177e-17
  },
  "4": {
    "BLEU_1": 0.09999999999000012,
    "BLEU_2": 3.333333332981484e-09,
    "ROUGE_L": 0.10627177700348434,
    "CIDEr": 0.0,
    "METEOR": 0.06075949367088607,
    "SPICE": 0.06060606060606061,
    "BLEU_4": 6.674094718242315e-13
  },
  "5": {
    "BLEU_1": 0.08333333331944454,
    "BLEU_2": 2.752409412346742e-09,
    "ROUGE_L": 0.09775641025641024,
    "CIDEr": 0.0,
    "METEOR": 0.058968058968058956,
    "SPICE": 0.057142857142857134,
    "BLEU_4": 5.38636636786409e-13
  },
  "6": {
    "BLEU_1": 0.16601831202113534,
    "BLEU_2": 3.893474535598386e-09,
    "ROUGE_L": 0.1018363939899833,
    "CIDEr": 0.0,
    "METEOR": 0.0898876404494382,
    "SPICE": 0.1176470588235294,
    "BLEU_4": 6.472840222487366e-13
  },
  "7": {
    "BLEU_1": 0.18749999998828132,
    "BLEU_2": 3.535533905704402e-09,
    "ROUGE_L": 0.14663461538461536,
    "CIDEr": 0.0,
    "METEOR": 0.12286212914485169,
    "SPICE": 0.15789473684210528,
    "BLEU_4": 5.119289102444937e-13
  },
  "8": {
    "BLEU_1": 0.18749999998828132,
    "BLEU_2": 3.535533905704402e-09,
    "ROUGE_L": 0.14663461538461536,
    "CIDEr": 0.0,
    "METEOR": 0.12286212914485169,
    "SPICE": 0.15384615384615383,
    "BLEU_4": 5.119289102444937e-13
  },
  "9": {
    "BLEU_1": 0.18749999998828132,
    "BLEU_2": 3.535533905704402e-09,
    "ROUGE_L": 0.14663461538461536,
    "CIDEr": 0.0,
    "METEOR": 0.12286212914485169,
    "SPICE": 0.10526315789473685,
    "BLEU_4": 5.119289102444937e-13
  }
}