{
  "0": {
    "BLEU_1": 0.3749999999062502,
    "BLEU_2": 0.3273268352692345,
    "ROUGE_L": 0.34923664122137404,
    "CIDEr": 0.0,
    "METEOR": 0.2936079376612074,
    "SPICE": 0.18181818181818182,
    "BLEU_4": 4.347208718216914e-05
  },
  "1": {
    "BLEU_1": 0.2499999999583334,
    "BLEU_2": 0.15075567226318493,
    "ROUGE_L": 0.2932692307692307,
    "CIDEr": 0.0,
    "METEOR": 0.206627012145542,
    "SPICE": 0.08,
    "BLEU_4": 3.98635712755178e-09
  },
  "2": {
    "BLEU_1": 0.2499999999583334,
    "BLEU_2": 0.15075567226318493,
    "ROUGE_L": 0.2932692307692307,
    "CIDEr": 0.0,
    "METEOR": 0.206627012145542,
    "SPICE": 0.08,
    "BLEU_4": 3.98635712755178e-09
  },
  "3": {
    "BLEU_1": 0.33333333331111115,
    "BLEU_2": 0.26726124189397066,
    "ROUGE_L": 0.26180257510729615,
    "CIDEr": 0.0,
    "METEOR": 0.20096297100432398,
    "SPICE": 0.21428571428571427,
    "BLEU_4": 2.6012784402097693e-05
  },
  "4": {
    "BLEU_1": 0.2499999999583334,
    "BLEU_2": 0.15075567226318493,
    "ROUGE_L": 0.2932692307692307,
    "CIDEr": 0.0,
    "METEOR": 0.206627012145542,
    "SPICE": 0.08,
    "BLEU_4": 3.98635712755178e-09
  },
  "5": {
    "BLEU_1": 0.33333333327777787,
    "BLEU_2": 0.17407765592602564,
    "ROUGE_L": 0.2932692307692307,
    "CIDEr": 0.0,
    "METEOR": 0.20565106519571566,
    "SPICE": 0.23076923076923075,
    "BLEU_4": 4.283619506777607e-09
  },
  "6": {
    "BLEU_1": 0.33333333331111115,
    "BLEU_2": 0.21821789022092503,
    "ROUGE_L": 0.26180257510729615,
    "CIDEr": 0.0,
    "METEOR": 0.1810800145504563,
    "SPICE": 0.21428571428571427,
    "BLEU_4": 2.3505204105206395e-05
  },
  "7": {
    "BLEU_1": 0.17647058822491354,
    "BLEU_2": 3.3210558205738968e-09,
    "ROUGE_L": 0.2443257676902537,
    "CIDEr": 0.0,
    "METEOR": 0.18208130296251904,
    "SPICE": 0.06896551724137931,
    "BLEU_4": 4.787218652070603e-13
  },
  "8": {
    "BLEU_1": 0.18749999998828132,
    "BLEU_2": 3.535533905704402e-09,
    "ROUGE_L": 0.2527624309392265,
    "CIDEr": 0.0,
    "METEOR": 0.1809953309766591,
    "SPICE": 0.06896551724137931,
    "BLEU_4": 5.119289102444937e-13
  },
  "9": {
    "BLEU_1": 0.15789473683379507,
    "BLEU_2": 2.9617443886352513e-09,
    "ROUGE_L": 0.2290362953692115,
    "CIDEr": 0.0,
    "METEOR": 0.171774814115584,
    "SPICE": 0.0625,
    "BLEU_4": 4.237713199509635e-13
  }
}