{
  "0": {
    "BLEU_1": 0.2999999999700001,
    "BLEU_2": 0.18257418581578377,
    "ROUGE_L": 0.18885448916408668,
    "CIDEr": 0.0,
    "METEOR": 0.18485596680453656,
    "SPICE": 0.13793103448275865,
    "BLEU_4": 4.939382736523921e-09
  },
  "1": {
    "BLEU_1": 0.13333333332888891,
    "BLEU_2": 2.1442250696028833e-09,
    "ROUGE_L": 0.10645724258289702,
    "CIDEr": 0.0,
    "METEOR": 0.15345576109282344,
    "SPICE": 0.2,
    "BLEU_4": 2.7925742928429695e-13
  },
  "2": {
    "BLEU_1": 0.13636363635743806,
    "BLEU_2": 2.5482359570695415e-09,
    "ROUGE_L": 0.06979405034324943,
    "CIDEr": 0.0,
    "METEOR": 0.13333333333333333,
    "SPICE": 0.13953488372093023,
    "BLEU_4": 3.6155462435323534e-13
  },
  "3": {
    "BLEU_1": 0.1999999999800001,
    "BLEU_2": 4.714045207412725e-09,
    "ROUGE_L": 0.18885448916408668,
    "CIDEr": 0.0,
    "METEOR": 0.1603563474387528,
    "SPICE": 0.2758620689655173,
    "BLEU_4": 7.93688092513584e-13
  },
  "4": {
    "BLEU_1": 0.14814814814266122,
    "BLEU_2": 0.07548513560679027,
    "ROUGE_L": 0.1139122315592904,
    "CIDEr": 0.0,
    "METEOR": 0.20104882338596017,
    "SPICE": 0.1904761904761905,
    "BLEU_4": 1.7554679594241147e-09
  },
  "5": {
    "BLEU_1": 0.21739130433837434,
    "BLEU_2": 3.143473067169879e-09,
    "ROUGE_L": 0.12564366632337798,
    "CIDEr": 0.0,
    "METEOR": 0.15004389143011954,
    "SPICE": 0.15,
    "BLEU_4": 3.916449664819593e-13
  },
  "6": {
    "BLEU_1": 0.27999999998880004,
    "BLEU_2": 0.1080123449690539,
    "ROUGE_L": 0.23898139079333985,
    "CIDEr": 0.0,
    "METEOR": 0.1814379921633828,
    "SPICE": 0.24390243902439024,
    "BLEU_4": 2.1912860207933277e-09
  },
  "7": {
    "BLEU_1": 0.19047619046712022,
    "BLEU_2": 0.09759000729009006,
    "ROUGE_L": 0.13246471226927253,
    "CIDEr": 0.0,
    "METEOR": 0.1554257814447452,
    "SPICE": 0.15384615384615385,
    "BLEU_4": 2.297185935726835e-09
  },
  "8": {
    "BLEU_1": 0.24999999998958336,
    "BLEU_2": 0.18057877962096616,
    "ROUGE_L": 0.30622489959839355,
    "CIDEr": 0.0,
    "METEOR": 0.29267551253041774,
    "SPICE": 0.380952380952381,
    "BLEU_4": 1.6299446730562733e-05
  },
  "9": {
    "BLEU_1": 0.23999999999040003,
    "BLEU_2": 0.17320508074981522,
    "ROUGE_L": 0.23898139079333985,
    "CIDEr": 0.0,
    "METEOR": 0.23934538224021235,
    "SPICE": 0.18604651162790697,
    "BLEU_4": 1.560424226798813e-05
  }
}