{
  "0": {
    "BLEU_1": 0.5999999998800002,
    "BLEU_2": 0.2581988896940871,
    "ROUGE_L": 0.3577712609970674,
    "CIDEr": 0.0,
    "METEOR": 0.19787323220134687,
    "SPICE": 0.35714285714285715,
    "BLEU_4": 5.873949093408464e-09
  },
  "1": {
    "BLEU_1": 0.5833333332847223,
    "BLEU_2": 0.23028309321585674,
    "ROUGE_L": 0.3333333333333333,
    "CIDEr": 0.0,
    "METEOR": 0.2063210827404871,
    "SPICE": 0.2,
    "BLEU_4": 4.926862020644611e-09
  },
  "2": {
    "BLEU_1": 0.44999999997750006,
    "BLEU_2": 0.3441236007881837,
    "ROUGE_L": 0.33701657458563533,
    "CIDEr": 0.0,
    "METEOR": 0.24746429039572906,
    "SPICE": 0.35294117647058826,
    "BLEU_4": 2.9660903201888074e-05
  },
  "3": {
    "BLEU_1": 0.4999999999285716,
    "BLEU_2": 0.39223227021925744,
    "ROUGE_L": 0.4680306905370844,
    "CIDEr": 0.0,
    "METEOR": 0.26582310920198027,
    "SPICE": 0.31250000000000006,
    "BLEU_4": 0.2197281387165561
  },
  "4": {
    "BLEU_1": 0.4666666666355556,
    "BLEU_2": 0.31622776599500324,
    "ROUGE_L": 0.4535315985130111,
    "CIDEr": 0.0,
    "METEOR": 0.2608075788396787,
    "SPICE": 0.25,
    "BLEU_4": 0.18922405686547977
  },
  "5": {
    "BLEU_1": 0.46153846146745575,
    "BLEU_2": 0.27735009806905647,
    "ROUGE_L": 0.2943305186972256,
    "CIDEr": 0.0,
    "METEOR": 0.2520276085172106,
    "SPICE": 0.2,
    "BLEU_4": 5.142401604181237e-09
  },
  "6": {
    "BLEU_1": 0.5294117646747406,
    "BLEU_2": 0.3638034375324306,
    "ROUGE_L": 0.42707117852975496,
    "CIDEr": 0.0,
    "METEOR": 0.25756773313980696,
    "SPICE": 0.2424242424242424,
    "BLEU_4": 0.18842393722728332
  },
  "7": {
    "BLEU_1": 0.4166666666319445,
    "BLEU_2": 0.19462473602342495,
    "ROUGE_L": 0.22761194029850743,
    "CIDEr": 0.0,
    "METEOR": 0.20074360336447328,
    "SPICE": 0.13793103448275862,
    "BLEU_4": 4.5293761703575315e-09
  },
  "8": {
    "BLEU_1": 0.26666666664888894,
    "BLEU_2": 0.13801311185894144,
    "ROUGE_L": 0.26180257510729615,
    "CIDEr": 0.0,
    "METEOR": 0.1536681460332552,
    "SPICE": 0.23529411764705882,
    "BLEU_4": 3.324137843193063e-09
  },
  "9": {
    "BLEU_1": 0.5294117646747406,
    "BLEU_2": 0.2572478776981582,
    "ROUGE_L": 0.3283100107642627,
    "CIDEr": 0.0,
    "METEOR": 0.20445226033678762,
    "SPICE": 0.1935483870967742,
    "BLEU_4": 4.2132873222835864e-09
  }
}