{
  "0": {
    "BLEU_1": 0.3333333332592594,
    "BLEU_2": 6.454972242199766e-09,
    "ROUGE_L": 0.2222222222222222,
    "CIDEr": 0.0,
    "METEOR": 0.15291671255631997,
    "SPICE": 0.1111111111111111,
    "BLEU_4": 9.980099401403394e-13
  },
  "1": {
    "BLEU_1": 0.36363636360330587,
    "BLEU_2": 0.19069251783091612,
    "ROUGE_L": 0.2036727879799666,
    "CIDEr": 0.0,
    "METEOR": 0.14855804141457213,
    "SPICE": 0.10526315789473684,
    "BLEU_4": 4.740604259372055e-09
  },
  "2": {
    "BLEU_1": 0.2476793998932407,
    "BLEU_2": 0.12851453014497438,
    "ROUGE_L": 0.21889952153110045,
    "CIDEr": 0.0,
    "METEOR": 0.14149985392654948,
    "SPICE": 0.10810810810810811,
    "BLEU_4": 3.1139497433547216e-09
  },
  "3": {
    "BLEU_1": 0.36363636360330587,
    "BLEU_2": 0.19069251783091612,
    "ROUGE_L": 0.2036727879799666,
    "CIDEr": 0.0,
    "METEOR": 0.14855804141457213,
    "SPICE": 0.10526315789473684,
    "BLEU_4": 4.740604259372055e-09
  },
  "4": {
    "BLEU_1": 0.24946852930850233,
    "BLEU_2": 0.12911223016138224,
    "ROUGE_L": 0.21254355400696867,
    "CIDEr": 0.0,
    "METEOR": 0.13685543858979185,
    "SPICE": 0.047619047619047616,
    "BLEU_4": 3.10975417130773e-09
  },
  "5": {
    "BLEU_1": 0.27272727270247943,
    "BLEU_2": 0.16514456475319042,
    "ROUGE_L": 0.2036727879799666,
    "CIDEr": 0.0,
    "METEOR": 0.13423971766435377,
    "SPICE": 0.1111111111111111,
    "BLEU_4": 4.411629358851744e-09
  },
  "6": {
    "BLEU_1": 0.27272727270247943,
    "BLEU_2": 0.16514456475319042,
    "ROUGE_L": 0.2036727879799666,
    "CIDEr": 0.0,
    "METEOR": 0.13423971766435377,
    "SPICE": 0.10810810810810811,
    "BLEU_4": 4.411629358851744e-09
  },
  "7": {
    "BLEU_1": 0.33333333330555565,
    "BLEU_2": 0.17407765594053212,
    "ROUGE_L": 0.232824427480916,
    "CIDEr": 0.0,
    "METEOR": 0.14246682331556917,
    "SPICE": 0.04878048780487805,
    "BLEU_4": 4.283619507134575e-09
  },
  "8": {
    "BLEU_1": 0.31183566163562787,
    "BLEU_2": 0.14435186168372466,
    "ROUGE_L": 0.21254355400696867,
    "CIDEr": 0.0,
    "METEOR": 0.13775976968179487,
    "SPICE": 0.04878048780487805,
    "BLEU_4": 3.288164697105219e-09
  },
  "9": {
    "BLEU_1": 0.27777777776234575,
    "BLEU_2": 0.12782749813391808,
    "ROUGE_L": 0.2259259259259259,
    "CIDEr": 0.0,
    "METEOR": 0.18607188550345874,
    "SPICE": 0.1,
    "BLEU_4": 2.8724953479163113e-09
  }
}