{
  "0": {
    "BLEU_1": 0.3333333332592594,
    "BLEU_2": 6.454972242199766e-09,
    "ROUGE_L": 0.10427350427350426,
    "CIDEr": 0.0,
    "METEOR": 0.08552338530066815,
    "SPICE": 0.058823529411764705,
    "BLEU_4": 9.980099401403394e-13
  },
  "1": {
    "BLEU_1": 0.23076923075147937,
    "BLEU_2": 0.1386750490451956,
    "ROUGE_L": 0.1781021897810219,
    "CIDEr": 0.0,
    "METEOR": 0.16984334786057978,
    "SPICE": 0.2105263157894737,
    "BLEU_4": 3.636227046180843e-09
  },
  "2": {
    "BLEU_1": 0.2499999999583334,
    "BLEU_2": 0.15075567226318493,
    "ROUGE_L": 0.18484848484848485,
    "CIDEr": 0.0,
    "METEOR": 0.14330089860669767,
    "SPICE": 0.16216216216216217,
    "BLEU_4": 3.98635712755178e-09
  },
  "3": {
    "BLEU_1": 0.1111111110864199,
    "BLEU_2": 3.726779961645599e-09,
    "ROUGE_L": 0.0928462709284627,
    "CIDEr": 0.0,
    "METEOR": 0.0446927374301676,
    "SPICE": 0.058823529411764705,
    "BLEU_4": 7.583235671536399e-13
  },
  "4": {
    "BLEU_1": 0.19999999996000015,
    "BLEU_2": 4.714045206941321e-09,
    "ROUGE_L": 0.08944281524926685,
    "CIDEr": 0.0,
    "METEOR": 0.05007824726134587,
    "SPICE": 0.058823529411764705,
    "BLEU_4": 7.936880924342154e-13
  },
  "5": {
    "BLEU_1": 0.19999999996000015,
    "BLEU_2": 4.714045206941321e-09,
    "ROUGE_L": 0.08944281524926685,
    "CIDEr": 0.0,
    "METEOR": 0.05007824726134587,
    "SPICE": 0.05714285714285714,
    "BLEU_4": 7.936880924342154e-13
  },
  "6": {
    "BLEU_1": 0.2660179370202898,
    "BLEU_2": 0.1380299298247408,
    "ROUGE_L": 0.2340153452685422,
    "CIDEr": 0.0,
    "METEOR": 0.1689723563330896,
    "SPICE": 0.19047619047619052,
    "BLEU_4": 3.3445110375313474e-09
  },
  "7": {
    "BLEU_1": 0.09090909090082655,
    "BLEU_2": 3.015113445489832e-09,
    "ROUGE_L": 0.08628005657708629,
    "CIDEr": 0.0,
    "METEOR": 0.07700534759358289,
    "SPICE": 0.1111111111111111,
    "BLEU_4": 5.960994272631735e-13
  },
  "8": {
    "BLEU_1": 0.09999999998000014,
    "BLEU_2": 3.333333332648151e-09,
    "ROUGE_L": 0.08944281524926685,
    "CIDEr": 0.0,
    "METEOR": 0.04371584699453552,
    "SPICE": 0.05714285714285714,
    "BLEU_4": 6.674094717574907e-13
  },
  "9": {
    "BLEU_1": 0.13300896851014493,
    "BLEU_2": 3.0864430601764595e-09,
    "ROUGE_L": 0.08591549295774649,
    "CIDEr": 0.0,
    "METEOR": 0.1896517583961637,
    "SPICE": 0.25641025641025644,
    "BLEU_4": 5.001210503753419e-13
  }
}