{
  "0": {
    "BLEU_1": 0.2857142856326532,
    "BLEU_2": 6.900655591369778e-09,
    "ROUGE_L": 0.2136602451838879,
    "CIDEr": 0.0,
    "METEOR": 0.13176470588235295,
    "SPICE": 0.18181818181818182,
    "BLEU_4": 1.2421889947162098e-12
  },
  "1": {
    "BLEU_1": 0.29999999994000015,
    "BLEU_2": 5.773502690709485e-09,
    "ROUGE_L": 0.18885448916408668,
    "CIDEr": 0.0,
    "METEOR": 0.07174887892376682,
    "SPICE": 0.08695652173913045,
    "BLEU_4": 8.783602617783837e-13
  },
  "2": {
    "BLEU_1": 0.3333333332962964,
    "BLEU_2": 6.454972242916984e-09,
    "ROUGE_L": 0.19645732689210954,
    "CIDEr": 0.0,
    "METEOR": 0.12641083521444696,
    "SPICE": 0.16666666666666669,
    "BLEU_4": 9.980099402512292e-13
  },
  "3": {
    "BLEU_1": 0.49999999997222233,
    "BLEU_2": 0.17149858513270103,
    "ROUGE_L": 0.2259259259259259,
    "CIDEr": 0.0,
    "METEOR": 0.18526315789473685,
    "SPICE": 0.13333333333333333,
    "BLEU_4": 3.3271889137683705e-09
  },
  "4": {
    "BLEU_1": 0.3999999999733334,
    "BLEU_2": 5.345224837879414e-09,
    "ROUGE_L": 0.2373540856031128,
    "CIDEr": 0.0,
    "METEOR": 0.1739130434782609,
    "SPICE": 0.20689655172413796,
    "BLEU_4": 6.541868941266492e-13
  },
  "5": {
    "BLEU_1": 0.4374999999726563,
    "BLEU_2": 5.400617248324428e-09,
    "ROUGE_L": 0.22989949748743718,
    "CIDEr": 0.0,
    "METEOR": 0.16551724137931034,
    "SPICE": 0.20000000000000004,
    "BLEU_4": 6.32708767488779e-13
  },
  "6": {
    "BLEU_1": 0.3749999999765626,
    "BLEU_2": 0.15811388299820756,
    "ROUGE_L": 0.24078947368421053,
    "CIDEr": 0.0,
    "METEOR": 0.17168411307471432,
    "SPICE": 0.14285714285714288,
    "BLEU_4": 3.4234749556315017e-09
  },
  "7": {
    "BLEU_1": 0.35294117644982703,
    "BLEU_2": 0.14852213143749163,
    "ROUGE_L": 0.2331210191082802,
    "CIDEr": 0.0,
    "METEOR": 0.1706414970034104,
    "SPICE": 0.1379310344827586,
    "BLEU_4": 3.2014060613745118e-09
  },
  "8": {
    "BLEU_1": 0.3999999999733334,
    "BLEU_2": 0.16903085093403225,
    "ROUGE_L": 0.2489795918367347,
    "CIDEr": 0.0,
    "METEOR": 0.17488983302839153,
    "SPICE": 0.14814814814814814,
    "BLEU_4": 3.6787632496533857e-09
  },
  "9": {
    "BLEU_1": 0.42857142854081637,
    "BLEU_2": 0.18156825978717286,
    "ROUGE_L": 0.2577464788732394,
    "CIDEr": 0.0,
    "METEOR": 0.17821754655324465,
    "SPICE": 0.15384615384615383,
    "BLEU_4": 3.975360175943345e-09
  }
}