{
  "0": {
    "BLEU_1": 0.3999999999200002,
    "BLEU_2": 6.666666665296299e-09,
    "ROUGE_L": 0.2,
    "CIDEr": 0.0,
    "METEOR": 0.10068874422115293,
    "SPICE": 0.0,
    "BLEU_4": 9.438595266157062e-13
  },
  "1": {
    "BLEU_1": 0.3999999999200002,
    "BLEU_2": 0.21081851063455723,
    "ROUGE_L": 0.2,
    "CIDEr": 0.0,
    "METEOR": 0.17932372009495023,
    "SPICE": 0.15384615384615383,
    "BLEU_4": 5.307712169906119e-09
  },
  "2": {
    "BLEU_1": 0.2920502935787644,
    "BLEU_2": 0.1802573546248537,
    "ROUGE_L": 0.28955696202531644,
    "CIDEr": 0.0,
    "METEOR": 0.20789682932974532,
    "SPICE": 0.17142857142857143,
    "BLEU_4": 5.062667120148438e-09
  },
  "3": {
    "BLEU_1": 0.2920502935787644,
    "BLEU_2": 5.700238056112239e-09,
    "ROUGE_L": 0.21785714285714283,
    "CIDEr": 0.0,
    "METEOR": 0.17505470459518602,
    "SPICE": 0.10526315789473685,
    "BLEU_4": 9.002836699641014e-13
  },
  "4": {
    "BLEU_1": 0.2791881674335416,
    "BLEU_2": 5.505664910048476e-09,
    "ROUGE_L": 0.22803738317757008,
    "CIDEr": 0.0,
    "METEOR": 0.17857142857142858,
    "SPICE": 0.10810810810810811,
    "BLEU_4": 8.955385498932293e-13
  },
  "5": {
    "BLEU_1": 0.1861254449556944,
    "BLEU_2": 4.495356574788337e-09,
    "ROUGE_L": 0.22803738317757008,
    "CIDEr": 0.0,
    "METEOR": 0.17857142857142858,
    "SPICE": 0.10810810810810811,
    "BLEU_4": 8.092104279933771e-13
  },
  "6": {
    "BLEU_1": 0.2567085594307266,
    "BLEU_2": 5.134171188528962e-09,
    "ROUGE_L": 0.31443298969072164,
    "CIDEr": 0.0,
    "METEOR": 0.18223234624145784,
    "SPICE": 0.1111111111111111,
    "BLEU_4": 8.723184009457538e-13
  },
  "7": {
    "BLEU_1": 0.2791881674335416,
    "BLEU_2": 5.505664910048476e-09,
    "ROUGE_L": 0.30148270181219106,
    "CIDEr": 0.0,
    "METEOR": 0.17857142857142858,
    "SPICE": 0.10810810810810811,
    "BLEU_4": 8.955385498932293e-13
  },
  "8": {
    "BLEU_1": 0.2791881674335416,
    "BLEU_2": 5.505664910048476e-09,
    "ROUGE_L": 0.30148270181219106,
    "CIDEr": 0.0,
    "METEOR": 0.17857142857142858,
    "SPICE": 0.10810810810810811,
    "BLEU_4": 8.955385498932293e-13
  },
  "9": {
    "BLEU_1": 0.2567085594307266,
    "BLEU_2": 5.134171188528962e-09,
    "ROUGE_L": 0.31443298969072164,
    "CIDEr": 0.0,
    "METEOR": 0.1275626423690205,
    "SPICE": 0.05555555555555555,
    "BLEU_4": 8.723184009457538e-13
  }
}