{
  "0": {
    "BLEU_1": 0.0919698602468758,
    "BLEU_2": 3.3582644710475053e-09,
    "ROUGE_L": 0.15721649484536082,
    "CIDEr": 0.0,
    "METEOR": 0.022662889518413595,
    "SPICE": 0.0,
    "BLEU_4": 9.346579564396796e-13
  },
  "1": {
    "BLEU_1": 0.5555555554938273,
    "BLEU_2": 8.333333332349538e-09,
    "ROUGE_L": 0.19645732689210954,
    "CIDEr": 0.0,
    "METEOR": 0.2615501284887493,
    "SPICE": 0.05405405405405406,
    "BLEU_4": 1.1339582220405185e-12
  },
  "2": {
    "BLEU_1": 0.5555555554938273,
    "BLEU_2": 8.333333332349538e-09,
    "ROUGE_L": 0.19645732689210954,
    "CIDEr": 0.0,
    "METEOR": 0.2615501284887493,
    "SPICE": 0.05405405405405406,
    "BLEU_4": 1.1339582220405185e-12
  },
  "3": {
    "BLEU_1": 0.5555555554938273,
    "BLEU_2": 8.333333332349538e-09,
    "ROUGE_L": 0.19645732689210954,
    "CIDEr": 0.0,
    "METEOR": 0.2615501284887493,
    "SPICE": 0.05405405405405406,
    "BLEU_4": 1.1339582220405185e-12
  },
  "4": {
    "BLEU_1": 0.4999999998750002,
    "BLEU_2": 8.451542545096823e-09,
    "ROUGE_L": 0.20469798657718125,
    "CIDEr": 0.0,
    "METEOR": 0.21491556843959572,
    "SPICE": 0.05555555555555556,
    "BLEU_4": 1.2421889947772103e-12
  },
  "5": {
    "BLEU_1": 0.4999999998750002,
    "BLEU_2": 8.451542545096823e-09,
    "ROUGE_L": 0.20469798657718125,
    "CIDEr": 0.0,
    "METEOR": 0.21491556843959572,
    "SPICE": 0.05555555555555556,
    "BLEU_4": 1.2421889947772103e-12
  },
  "6": {
    "BLEU_1": 0.4999999998750002,
    "BLEU_2": 8.451542545096823e-09,
    "ROUGE_L": 0.20469798657718125,
    "CIDEr": 0.0,
    "METEOR": 0.21491556843959572,
    "SPICE": 0.05555555555555556,
    "BLEU_4": 1.2421889947772103e-12
  },
  "7": {
    "BLEU_1": 0.4999999998750002,
    "BLEU_2": 8.451542545096823e-09,
    "ROUGE_L": 0.20469798657718125,
    "CIDEr": 0.0,
    "METEOR": 0.21491556843959572,
    "SPICE": 0.05555555555555556,
    "BLEU_4": 1.2421889947772103e-12
  },
  "8": {
    "BLEU_1": 0.5555555554938273,
    "BLEU_2": 8.333333332349538e-09,
    "ROUGE_L": 0.19645732689210954,
    "CIDEr": 0.0,
    "METEOR": 0.2615501284887493,
    "SPICE": 0.05405405405405406,
    "BLEU_4": 1.1339582220405185e-12
  },
  "9": {
    "BLEU_1": 0.5555555554938273,
    "BLEU_2": 8.333333332349538e-09,
    "ROUGE_L": 0.19645732689210954,
    "CIDEr": 0.0,
    "METEOR": 0.2615501284887493,
    "SPICE": 0.05405405405405406,
    "BLEU_4": 1.1339582220405185e-12
  }
}