{
  "0": {
    "BLEU_1": 0.24999999993750016,
    "BLEU_2": 5.976143045124577e-09,
    "ROUGE_L": 0.125,
    "CIDEr": 0.0,
    "METEOR": 0.06517311608961304,
    "SPICE": 0.13333333333333333,
    "BLEU_4": 1.0445522727757714e-12
  },
  "1": {
    "BLEU_1": 0.16601831202113534,
    "BLEU_2": 3.893474535598386e-09,
    "ROUGE_L": 0.216696269982238,
    "CIDEr": 0.0,
    "METEOR": 0.07905138339920947,
    "SPICE": 0.05555555555555555,
    "BLEU_4": 6.472840222487366e-13
  },
  "2": {
    "BLEU_1": 0.1999999999800001,
    "BLEU_2": 4.714045207412725e-09,
    "ROUGE_L": 0.22676579925650556,
    "CIDEr": 0.0,
    "METEOR": 0.13071041053327218,
    "SPICE": 0.058823529411764705,
    "BLEU_4": 7.93688092513584e-13
  },
  "3": {
    "BLEU_1": 0.33333333327777787,
    "BLEU_2": 0.17407765592602564,
    "ROUGE_L": 0.2074829931972789,
    "CIDEr": 0.0,
    "METEOR": 0.08493065648497404,
    "SPICE": 0.0625,
    "BLEU_4": 4.283619506777607e-09
  },
  "4": {
    "BLEU_1": 0.1999999999800001,
    "BLEU_2": 4.714045207412725e-09,
    "ROUGE_L": 0.22676579925650556,
    "CIDEr": 0.0,
    "METEOR": 0.08048289738430585,
    "SPICE": 0.06666666666666667,
    "BLEU_4": 7.93688092513584e-13
  },
  "5": {
    "BLEU_1": 0.16601831202113534,
    "BLEU_2": 3.893474535598386e-09,
    "ROUGE_L": 0.216696269982238,
    "CIDEr": 0.0,
    "METEOR": 0.07905138339920947,
    "SPICE": 0.05714285714285714,
    "BLEU_4": 6.472840222487366e-13
  },
  "6": {
    "BLEU_1": 0.1999999999800001,
    "BLEU_2": 4.714045207412725e-09,
    "ROUGE_L": 0.22676579925650556,
    "CIDEr": 0.0,
    "METEOR": 0.08048289738430585,
    "SPICE": 0.06666666666666667,
    "BLEU_4": 7.93688092513584e-13
  },
  "7": {
    "BLEU_1": 0.16666666663888896,
    "BLEU_2": 3.8924947201441226e-09,
    "ROUGE_L": 0.2074829931972789,
    "CIDEr": 0.0,
    "METEOR": 0.07858546168958744,
    "SPICE": 0.11428571428571428,
    "BLEU_4": 6.405505208675338e-13
  },
  "8": {
    "BLEU_1": 0.16666666663888896,
    "BLEU_2": 3.8924947201441226e-09,
    "ROUGE_L": 0.2074829931972789,
    "CIDEr": 0.0,
    "METEOR": 0.1068762278978389,
    "SPICE": 0.05714285714285714,
    "BLEU_4": 6.405505208675338e-13
  },
  "9": {
    "BLEU_1": 0.1538461538343196,
    "BLEU_2": 3.5805743699102604e-09,
    "ROUGE_L": 0.19902120717781402,
    "CIDEr": 0.0,
    "METEOR": 0.10501930501930504,
    "SPICE": 0.05405405405405406,
    "BLEU_4": 5.84289629327371e-13
  }
}