{
  "0": {
    "BLEU_1": 0.4412484511819858,
    "BLEU_2": 0.2358572181075568,
    "ROUGE_L": 0.1930379746835443,
    "CIDEr": 0.0,
    "METEOR": 0.18102191783843793,
    "SPICE": 0.25,
    "BLEU_4": 6.164542726677392e-09
  },
  "1": {
    "BLEU_1": 0.4999999999166667,
    "BLEU_2": 0.21320071631926954,
    "ROUGE_L": 0.19551282051282048,
    "CIDEr": 0.0,
    "METEOR": 0.2151631262771927,
    "SPICE": 0.16666666666666666,
    "BLEU_4": 4.7406042590263856e-09
  },
  "2": {
    "BLEU_1": 0.22062422559099293,
    "BLEU_2": 5.273927726724911e-09,
    "ROUGE_L": 0.1930379746835443,
    "CIDEr": 0.0,
    "METEOR": 0.09567010309278351,
    "SPICE": 0.06060606060606061,
    "BLEU_4": 9.218141453123176e-13
  },
  "3": {
    "BLEU_1": 0.4043537730069712,
    "BLEU_2": 0.31321108576120654,
    "ROUGE_L": 0.41924398625429554,
    "CIDEr": 0.0,
    "METEOR": 0.24970500175876276,
    "SPICE": 0.125,
    "BLEU_4": 4.164373080478205e-05
  },
  "4": {
    "BLEU_1": 0.11031211279549655,
    "BLEU_2": 3.729230059054939e-09,
    "ROUGE_L": 0.116412213740458,
    "CIDEr": 0.0,
    "METEOR": 0.04618556701030928,
    "SPICE": 0.06060606060606061,
    "BLEU_4": 7.751502103232947e-13
  },
  "5": {
    "BLEU_1": 0.3032653297552284,
    "BLEU_2": 0.1918018354745145,
    "ROUGE_L": 0.20962199312714777,
    "CIDEr": 0.0,
    "METEOR": 0.185673444635143,
    "SPICE": 0.17647058823529413,
    "BLEU_4": 5.795053468391787e-09
  },
  "6": {
    "BLEU_1": 0.33093633838648934,
    "BLEU_2": 0.2042583425470713,
    "ROUGE_L": 0.1930379746835443,
    "CIDEr": 0.0,
    "METEOR": 0.16579865063912042,
    "SPICE": 0.2285714285714286,
    "BLEU_4": 5.736753415588487e-09
  },
  "7": {
    "BLEU_1": 0.32206169694024794,
    "BLEU_2": 0.20084075455651398,
    "ROUGE_L": 0.20098846787479407,
    "CIDEr": 0.0,
    "METEOR": 0.2140594336033658,
    "SPICE": 0.17142857142857143,
    "BLEU_4": 5.809334106350273e-09
  },
  "8": {
    "BLEU_1": 1.0108844325174277e-16,
    "BLEU_2": 1.107368413422752e-16,
    "ROUGE_L": 0.0,
    "CIDEr": 0.0,
    "METEOR": 0.09819333523371147,
    "SPICE": 0.058823529411764705,
    "BLEU_4": 1.392442061937298e-16
  },
  "9": {
    "BLEU_1": 0.33093633838648934,
    "BLEU_2": 0.2042583425470713,
    "ROUGE_L": 0.1930379746835443,
    "CIDEr": 0.0,
    "METEOR": 0.18102191783843793,
    "SPICE": 0.16666666666666666,
    "BLEU_4": 5.736753415588487e-09
  }
}