{
  "0": {
    "BLEU_1": 0.1194218850558244,
    "BLEU_2": 4.136895448977816e-09,
    "ROUGE_L": 0.11960784313725491,
    "CIDEr": 0.0,
    "METEOR": 0.11678832116788321,
    "SPICE": 0.07142857142857144,
    "BLEU_4": 9.250379439222845e-13
  },
  "1": {
    "BLEU_1": 0.3715190997867868,
    "BLEU_2": 7.326455450859374e-09,
    "ROUGE_L": 0.22803738317757008,
    "CIDEr": 0.0,
    "METEOR": 0.11910669975186104,
    "SPICE": 0.13793103448275862,
    "BLEU_4": 1.1917040716272326e-12
  },
  "2": {
    "BLEU_1": 0.12499999996875016,
    "BLEU_2": 4.225771272548414e-09,
    "ROUGE_L": 0.10892857142857142,
    "CIDEr": 0.0,
    "METEOR": 0.11188811188811187,
    "SPICE": 0.06666666666666667,
    "BLEU_4": 8.783602617222665e-13
  },
  "3": {
    "BLEU_1": 0.4999999998750002,
    "BLEU_2": 8.451542545096823e-09,
    "ROUGE_L": 0.20469798657718125,
    "CIDEr": 0.0,
    "METEOR": 0.13999999999999999,
    "SPICE": 0.19999999999999998,
    "BLEU_4": 1.2421889947772103e-12
  },
  "4": {
    "BLEU_1": 0.23076923075147937,
    "BLEU_2": 4.385290096183762e-09,
    "ROUGE_L": 0.16920943134535368,
    "CIDEr": 0.0,
    "METEOR": 0.15384615384615385,
    "SPICE": 0.1714285714285714,
    "BLEU_4": 6.466227686450042e-13
  },
  "5": {
    "BLEU_1": 0.38461538458579886,
    "BLEU_2": 5.661385170269343e-09,
    "ROUGE_L": 0.2671532846715329,
    "CIDEr": 0.0,
    "METEOR": 0.15584415584415584,
    "SPICE": 0.1764705882352941,
    "BLEU_4": 7.347053125332871e-13
  },
  "6": {
    "BLEU_1": 0.38461538458579886,
    "BLEU_2": 5.661385170269343e-09,
    "ROUGE_L": 0.2671532846715329,
    "CIDEr": 0.0,
    "METEOR": 0.14457831325301204,
    "SPICE": 0.1764705882352941,
    "BLEU_4": 7.347053125332871e-13
  },
  "7": {
    "BLEU_1": 0.4999999998750002,
    "BLEU_2": 8.451542545096823e-09,
    "ROUGE_L": 0.21785714285714283,
    "CIDEr": 0.0,
    "METEOR": 0.17733990147783252,
    "SPICE": 0.19999999999999998,
    "BLEU_4": 1.2421889947772103e-12
  },
  "8": {
    "BLEU_1": 0.33333333330555565,
    "BLEU_2": 5.504818825152218e-09,
    "ROUGE_L": 0.18484848484848485,
    "CIDEr": 0.0,
    "METEOR": 0.16289592760180996,
    "SPICE": 0.1764705882352941,
    "BLEU_4": 7.61747236997849e-13
  },
  "9": {
    "BLEU_1": 0.18181818178512404,
    "BLEU_2": 4.2640143263175525e-09,
    "ROUGE_L": 0.1921259842519685,
    "CIDEr": 0.0,
    "METEOR": 0.11085450346420322,
    "SPICE": 0.11764705882352942,
    "BLEU_4": 7.088856800859686e-13
  }
}