{
  "0": {
    "BLEU_1": 0.35826565516747294,
    "BLEU_2": 7.1653131032300366e-09,
    "ROUGE_L": 0.13926940639269406,
    "CIDEr": 0.0,
    "METEOR": 0.20214743936776786,
    "SPICE": 0.1935483870967742,
    "BLEU_4": 1.2174183989911234e-12
  },
  "1": {
    "BLEU_1": 0.4999999998750002,
    "BLEU_2": 8.451542545096823e-09,
    "ROUGE_L": 0.15721649484536082,
    "CIDEr": 0.0,
    "METEOR": 0.24863052329365257,
    "SPICE": 0.24242424242424243,
    "BLEU_4": 1.2421889947772103e-12
  },
  "2": {
    "BLEU_1": 0.6249999998437503,
    "BLEU_2": 9.44911182278404e-09,
    "ROUGE_L": 0.15721649484536082,
    "CIDEr": 0.0,
    "METEOR": 0.2525346389486769,
    "SPICE": 0.18181818181818182,
    "BLEU_4": 1.313454946839543e-12
  },
  "3": {
    "BLEU_1": 0.3999999999600001,
    "BLEU_2": 6.666666665962964e-09,
    "ROUGE_L": 0.11338289962825278,
    "CIDEr": 0.0,
    "METEOR": 0.24117356995098582,
    "SPICE": 0.17142857142857143,
    "BLEU_4": 9.43859526710092e-13
  },
  "4": {
    "BLEU_1": 0.6249999998437503,
    "BLEU_2": 9.44911182278404e-09,
    "ROUGE_L": 0.15721649484536082,
    "CIDEr": 0.0,
    "METEOR": 0.29950374684387754,
    "SPICE": 0.18181818181818182,
    "BLEU_4": 1.313454946839543e-12
  },
  "5": {
    "BLEU_1": 0.6249999998437503,
    "BLEU_2": 9.44911182278404e-09,
    "ROUGE_L": 0.15721649484536082,
    "CIDEr": 0.0,
    "METEOR": 0.2525346389486769,
    "SPICE": 0.30303030303030304,
    "BLEU_4": 1.313454946839543e-12
  },
  "6": {
    "BLEU_1": 0.4999999999500001,
    "BLEU_2": 7.453559924212536e-09,
    "ROUGE_L": 0.1476997578692494,
    "CIDEr": 0.0,
    "METEOR": 0.24117356995098582,
    "SPICE": 0.28571428571428575,
    "BLEU_4": 9.98009940267863e-13
  },
  "7": {
    "BLEU_1": 0.4166666666319445,
    "BLEU_2": 6.154574548430443e-09,
    "ROUGE_L": 0.13926940639269406,
    "CIDEr": 0.0,
    "METEOR": 0.2778642091137963,
    "SPICE": 0.21621621621621623,
    "BLEU_4": 8.054496384067745e-13
  },
  "8": {
    "BLEU_1": 0.4166666666319445,
    "BLEU_2": 6.154574548430443e-09,
    "ROUGE_L": 0.13926940639269406,
    "CIDEr": 0.0,
    "METEOR": 0.23415089128574637,
    "SPICE": 0.21621621621621623,
    "BLEU_4": 8.054496384067745e-13
  },
  "9": {
    "BLEU_1": 0.4166666666319445,
    "BLEU_2": 6.154574548430443e-09,
    "ROUGE_L": 0.13926940639269406,
    "CIDEr": 0.0,
    "METEOR": 0.23415089128574637,
    "SPICE": 0.21621621621621623,
    "BLEU_4": 8.054496384067745e-13
  }
}