{
  "0": {
    "BLEU_1": 0.5054422162587139,
    "BLEU_2": 7.830277144030163e-09,
    "ROUGE_L": 0.3860759493670886,
    "CIDEr": 0.0,
    "METEOR": 0.2692307692307692,
    "SPICE": 0.13333333333333333,
    "BLEU_4": 1.1708995383315644e-12
  },
  "1": {
    "BLEU_1": 0.6666666665185187,
    "BLEU_2": 9.128709289660775e-09,
    "ROUGE_L": 0.4444444444444444,
    "CIDEr": 0.0,
    "METEOR": 0.28710469588740445,
    "SPICE": 0.17647058823529413,
    "BLEU_4": 1.1868405216583314e-12
  },
  "2": {
    "BLEU_1": 0.6618726767729786,
    "BLEU_2": 0.40851668509414246,
    "ROUGE_L": 0.465648854961832,
    "CIDEr": 0.0,
    "METEOR": 0.2931419441654107,
    "SPICE": 0.24242424242424243,
    "BLEU_4": 8.112994484315413e-09
  },
  "3": {
    "BLEU_1": 0.5999999999400001,
    "BLEU_2": 0.36514837163156744,
    "ROUGE_L": 0.42508710801393734,
    "CIDEr": 0.0,
    "METEOR": 0.2851471638699904,
    "SPICE": 0.23529411764705882,
    "BLEU_4": 6.985342055743659e-09
  },
  "4": {
    "BLEU_1": 0.6666666665185187,
    "BLEU_2": 0.40824829037030635,
    "ROUGE_L": 0.3333333333333333,
    "CIDEr": 0.0,
    "METEOR": 0.28710469588740445,
    "SPICE": 0.22857142857142856,
    "BLEU_4": 7.936880924121685e-09
  },
  "5": {
    "BLEU_1": 0.45454545446281003,
    "BLEU_2": 0.30151134452157297,
    "ROUGE_L": 0.3055091819699499,
    "CIDEr": 0.0,
    "METEOR": 0.22529238178980326,
    "SPICE": 0.16216216216216217,
    "BLEU_4": 5.960994272089826e-09
  },
  "6": {
    "BLEU_1": 0.636363636247934,
    "BLEU_2": 0.504524979015488,
    "ROUGE_L": 0.4073455759599332,
    "CIDEr": 0.0,
    "METEOR": 0.36387319838125465,
    "SPICE": 0.21621621621621623,
    "BLEU_4": 4.336189089491568e-05
  },
  "7": {
    "BLEU_1": 0.6666666665185187,
    "BLEU_2": 0.40824829037030635,
    "ROUGE_L": 0.3333333333333333,
    "CIDEr": 0.0,
    "METEOR": 0.28710469588740445,
    "SPICE": 0.22857142857142856,
    "BLEU_4": 7.936880924121685e-09
  },
  "8": {
    "BLEU_1": 0.7777777776049386,
    "BLEU_2": 0.6236095643194133,
    "ROUGE_L": 0.4444444444444444,
    "CIDEr": 0.0,
    "METEOR": 0.3014060006711107,
    "SPICE": 0.17142857142857143,
    "BLEU_4": 5.51625153137941e-05
  },
  "9": {
    "BLEU_1": 0.6666666665185187,
    "BLEU_2": 0.40824829037030635,
    "ROUGE_L": 0.3333333333333333,
    "CIDEr": 0.0,
    "METEOR": 0.28710469588740445,
    "SPICE": 0.22857142857142856,
    "BLEU_4": 7.936880924121685e-09
  }
}