{
  "0": {
    "BLEU_1": 0.29999999994000015,
    "BLEU_2": 0.25819888969408705,
    "ROUGE_L": 0.31881533101045295,
    "CIDEr": 0.0,
    "METEOR": 0.2285500775226438,
    "SPICE": 0.08695652173913045,
    "BLEU_4": 3.303164317287965e-05
  },
  "1": {
    "BLEU_1": 0.44444444441975317,
    "BLEU_2": 0.3233808333632833,
    "ROUGE_L": 0.3940568475452197,
    "CIDEr": 0.0,
    "METEOR": 0.28336335882680325,
    "SPICE": 0.45161290322580644,
    "BLEU_4": 0.1718152967028113
  },
  "2": {
    "BLEU_1": 0.44999999997750006,
    "BLEU_2": 0.3077935056097516,
    "ROUGE_L": 0.37014563106796117,
    "CIDEr": 0.0,
    "METEOR": 0.2820682902262949,
    "SPICE": 0.43749999999999994,
    "BLEU_4": 0.15774545979828386
  },
  "3": {
    "BLEU_1": 0.3124999999804688,
    "BLEU_2": 0.14433756728808472,
    "ROUGE_L": 0.2527624309392265,
    "CIDEr": 0.0,
    "METEOR": 0.27323873010091676,
    "SPICE": 0.21428571428571427,
    "BLEU_4": 3.2709344706502825e-09
  },
  "4": {
    "BLEU_1": 0.38461538458579886,
    "BLEU_2": 0.31008683644817453,
    "ROUGE_L": 0.4699537750385208,
    "CIDEr": 0.0,
    "METEOR": 0.33497339734855247,
    "SPICE": 0.3703703703703704,
    "BLEU_4": 0.2044800735842324
  },
  "5": {
    "BLEU_1": 0.2692307692204142,
    "BLEU_2": 0.17974340684753198,
    "ROUGE_L": 0.3131416837782341,
    "CIDEr": 0.0,
    "METEOR": 0.254222426108891,
    "SPICE": 0.2777777777777778,
    "BLEU_4": 0.10401577613266517
  },
  "6": {
    "BLEU_1": 0.38461538458579886,
    "BLEU_2": 0.31008683644817453,
    "ROUGE_L": 0.4699537750385208,
    "CIDEr": 0.0,
    "METEOR": 0.3104010425927754,
    "SPICE": 0.2962962962962963,
    "BLEU_4": 0.2044800735842324
  },
  "7": {
    "BLEU_1": 0.4117647058581315,
    "BLEU_2": 0.320844473940411,
    "ROUGE_L": 0.40720961281708945,
    "CIDEr": 0.0,
    "METEOR": 0.29841130275013605,
    "SPICE": 0.4000000000000001,
    "BLEU_4": 0.17694975148384962
  },
  "8": {
    "BLEU_1": 0.34999999998250003,
    "BLEU_2": 0.2714483570013889,
    "ROUGE_L": 0.37014563106796117,
    "CIDEr": 0.0,
    "METEOR": 0.2820682902262949,
    "SPICE": 0.3636363636363636,
    "BLEU_4": 0.14813945786167443
  },
  "9": {
    "BLEU_1": 0.4999999999687501,
    "BLEU_2": 0.3651483716465283,
    "ROUGE_L": 0.4212707182320442,
    "CIDEr": 0.0,
    "METEOR": 0.3003448533079123,
    "SPICE": 0.4827586206896552,
    "BLEU_4": 0.19564751496565516
  }
}