{
  "0": {
    "BLEU_1": 0.2695973783624942,
    "BLEU_2": 5.503133441363796e-09,
    "ROUGE_L": 0.2190305206463196,
    "CIDEr": 0.0,
    "METEOR": 0.1795938154862007,
    "SPICE": 0.2608695652173913,
    "BLEU_4": 1.0047301075023746e-12
  },
  "1": {
    "BLEU_1": 0.4043537730069712,
    "BLEU_2": 0.22147368268455053,
    "ROUGE_L": 0.2573839662447257,
    "CIDEr": 0.0,
    "METEOR": 0.1611931325658115,
    "SPICE": 0.16,
    "BLEU_4": 6.227190210443543e-09
  },
  "2": {
    "BLEU_1": 0.21470779796016531,
    "BLEU_2": 5.1856859842473975e-09,
    "ROUGE_L": 0.20098846787479407,
    "CIDEr": 0.0,
    "METEOR": 0.1732605323204405,
    "SPICE": 0.15384615384615385,
    "BLEU_4": 9.334768232372482e-13
  },
  "3": {
    "BLEU_1": 0.2695973783624942,
    "BLEU_2": 5.503133441363796e-09,
    "ROUGE_L": 0.2190305206463196,
    "CIDEr": 0.0,
    "METEOR": 0.1795938154862007,
    "SPICE": 0.2608695652173913,
    "BLEU_4": 1.0047301075023746e-12
  },
  "4": {
    "BLEU_1": 0.4043537730069712,
    "BLEU_2": 7.003612790685742e-09,
    "ROUGE_L": 0.31443298969072164,
    "CIDEr": 0.0,
    "METEOR": 0.19857137094185898,
    "SPICE": 0.16,
    "BLEU_4": 1.1073684133627694e-12
  },
  "5": {
    "BLEU_1": 0.4294155959203306,
    "BLEU_2": 7.333667449130742e-09,
    "ROUGE_L": 0.30148270181219106,
    "CIDEr": 0.0,
    "METEOR": 0.1952183834400265,
    "SPICE": 0.3333333333333333,
    "BLEU_4": 1.1100972798838728e-12
  },
  "6": {
    "BLEU_1": 0.6666666665185187,
    "BLEU_2": 0.2886751345286584,
    "ROUGE_L": 0.3333333333333333,
    "CIDEr": 0.0,
    "METEOR": 0.22924564798952357,
    "SPICE": 0.15384615384615385,
    "BLEU_4": 6.674094717389515e-09
  },
  "7": {
    "BLEU_1": 0.6666666665185187,
    "BLEU_2": 0.40824829037030635,
    "ROUGE_L": 0.3333333333333333,
    "CIDEr": 0.0,
    "METEOR": 0.24650313058420217,
    "SPICE": 0.2857142857142857,
    "BLEU_4": 4.463236136748592e-05
  },
  "8": {
    "BLEU_1": 0.6666666665185187,
    "BLEU_2": 0.40824829037030635,
    "ROUGE_L": 0.3333333333333333,
    "CIDEr": 0.0,
    "METEOR": 0.24650313058420217,
    "SPICE": 0.2857142857142857,
    "BLEU_4": 4.463236136748592e-05
  },
  "9": {
    "BLEU_1": 0.6666666665185187,
    "BLEU_2": 0.40824829037030635,
    "ROUGE_L": 0.3333333333333333,
    "CIDEr": 0.0,
    "METEOR": 0.24650313058420217,
    "SPICE": 0.2857142857142857,
    "BLEU_4": 4.463236136748592e-05
  }
}