{
  "0": {
    "BLEU_1": 0.0919698602468758,
    "BLEU_2": 3.3582644710475053e-09,
    "ROUGE_L": 0.15721649484536082,
    "CIDEr": 0.0,
    "METEOR": 0.11241217798594848,
    "SPICE": 0.14814814814814817,
    "BLEU_4": 9.346579564396796e-13
  },
  "1": {
    "BLEU_1": 0.2195246543498009,
    "BLEU_2": 5.488116358607818e-09,
    "ROUGE_L": 0.1476997578692494,
    "CIDEr": 0.0,
    "METEOR": 0.1651376146788991,
    "SPICE": 0.08,
    "BLEU_4": 1.108882419297383e-12
  },
  "2": {
    "BLEU_1": 0.2195246543498009,
    "BLEU_2": 5.488116358607818e-09,
    "ROUGE_L": 0.1476997578692494,
    "CIDEr": 0.0,
    "METEOR": 0.1651376146788991,
    "SPICE": 0.08,
    "BLEU_4": 1.108882419297383e-12
  },
  "3": {
    "BLEU_1": 0.35826565516747294,
    "BLEU_2": 7.1653131032300366e-09,
    "ROUGE_L": 0.2234432234432234,
    "CIDEr": 0.0,
    "METEOR": 0.16733412019135607,
    "SPICE": 0.13793103448275862,
    "BLEU_4": 1.2174183989911234e-12
  },
  "4": {
    "BLEU_1": 0.23884377011164867,
    "BLEU_2": 5.85045365006396e-09,
    "ROUGE_L": 0.13926940639269406,
    "CIDEr": 0.0,
    "METEOR": 0.11364317842296438,
    "SPICE": 0.13793103448275862,
    "BLEU_4": 1.1000617045598687e-12
  },
  "5": {
    "BLEU_1": 0.12383969992892904,
    "BLEU_2": 4.229931026759462e-09,
    "ROUGE_L": 0.13174946004319654,
    "CIDEr": 0.0,
    "METEOR": 0.10714285714285715,
    "SPICE": 0.07407407407407408,
    "BLEU_4": 9.054992803586729e-13
  },
  "6": {
    "BLEU_1": 0.12383969992892904,
    "BLEU_2": 4.229931026759462e-09,
    "ROUGE_L": 0.13174946004319654,
    "CIDEr": 0.0,
    "METEOR": 0.08458149779735682,
    "SPICE": 0.13333333333333333,
    "BLEU_4": 9.054992803586729e-13
  },
  "7": {
    "BLEU_1": 0.24767939985785795,
    "BLEU_2": 5.982025825945981e-09,
    "ROUGE_L": 0.13174946004319654,
    "CIDEr": 0.0,
    "METEOR": 0.16071428571428573,
    "SPICE": 0.14814814814814817,
    "BLEU_4": 1.0768261868323776e-12
  },
  "8": {
    "BLEU_1": 0.24767939985785795,
    "BLEU_2": 5.982025825945981e-09,
    "ROUGE_L": 0.13174946004319654,
    "CIDEr": 0.0,
    "METEOR": 0.15859030837004406,
    "SPICE": 0.07407407407407408,
    "BLEU_4": 1.0768261868323776e-12
  },
  "9": {
    "BLEU_1": 0.3333333332592594,
    "BLEU_2": 6.454972242199766e-09,
    "ROUGE_L": 0.19645732689210954,
    "CIDEr": 0.0,
    "METEOR": 0.1565217391304348,
    "SPICE": 0.13333333333333333,
    "BLEU_4": 9.980099401403394e-13
  }
}