{
  "0": {
    "BLEU_1": 0.1999999999800001,
    "BLEU_2": 0.1490711984842508,
    "ROUGE_L": 0.21254355400696867,
    "CIDEr": 0.0,
    "METEOR": 0.24160527785600922,
    "SPICE": 0.23076923076923078,
    "BLEU_4": 4.463236137318893e-09
  },
  "1": {
    "BLEU_1": 0.5714285713877553,
    "BLEU_2": 0.4193139346576645,
    "ROUGE_L": 0.45252225519287836,
    "CIDEr": 0.0,
    "METEOR": 0.2528690111948849,
    "SPICE": 0.22222222222222224,
    "BLEU_4": 3.397239497851277e-05
  },
  "2": {
    "BLEU_1": 0.2499999999583334,
    "BLEU_2": 4.7673129454153526e-09,
    "ROUGE_L": 0.19551282051282048,
    "CIDEr": 0.0,
    "METEOR": 0.2045035345391787,
    "SPICE": 0.20689655172413793,
    "BLEU_4": 7.088856800987232e-13
  },
  "3": {
    "BLEU_1": 0.27272727267768604,
    "BLEU_2": 5.222329677697684e-09,
    "ROUGE_L": 0.2036727879799666,
    "CIDEr": 0.0,
    "METEOR": 0.20893855095087172,
    "SPICE": 0.2857142857142857,
    "BLEU_4": 7.845109652856079e-13
  },
  "4": {
    "BLEU_1": 0.2499999999583334,
    "BLEU_2": 4.7673129454153526e-09,
    "ROUGE_L": 0.19551282051282048,
    "CIDEr": 0.0,
    "METEOR": 0.20743899197275545,
    "SPICE": 0.27586206896551724,
    "BLEU_4": 7.088856800987232e-13
  },
  "5": {
    "BLEU_1": 0.2999999999700001,
    "BLEU_2": 5.773502691286834e-09,
    "ROUGE_L": 0.21254355400696867,
    "CIDEr": 0.0,
    "METEOR": 0.2135701937059403,
    "SPICE": 0.29629629629629634,
    "BLEU_4": 8.783602618662196e-13
  },
  "6": {
    "BLEU_1": 0.2499999999583334,
    "BLEU_2": 4.7673129454153526e-09,
    "ROUGE_L": 0.19551282051282048,
    "CIDEr": 0.0,
    "METEOR": 0.21653919174991948,
    "SPICE": 0.27586206896551724,
    "BLEU_4": 7.088856800987232e-13
  },
  "7": {
    "BLEU_1": 0.18181818178512404,
    "BLEU_2": 4.2640143263175525e-09,
    "ROUGE_L": 0.17256011315417258,
    "CIDEr": 0.0,
    "METEOR": 0.13114754098360656,
    "SPICE": 0.15384615384615383,
    "BLEU_4": 7.088856800859686e-13
  },
  "8": {
    "BLEU_1": 0.22222222217283966,
    "BLEU_2": 5.270462765739487e-09,
    "ROUGE_L": 0.1111111111111111,
    "CIDEr": 0.0,
    "METEOR": 0.176039119804401,
    "SPICE": 0.30769230769230765,
    "BLEU_4": 9.018037815333522e-13
  },
  "9": {
    "BLEU_1": 0.18181818178512404,
    "BLEU_2": 4.2640143263175525e-09,
    "ROUGE_L": 0.1018363939899833,
    "CIDEr": 0.0,
    "METEOR": 0.17349397590361448,
    "SPICE": 0.2857142857142857,
    "BLEU_4": 7.088856800859686e-13
  }
}