{
  "0": {
    "BLEU_1": 0.2195246543498009,
    "BLEU_2": 5.488116358607818e-09,
    "ROUGE_L": 0.2953995157384988,
    "CIDEr": 0.0,
    "METEOR": 0.10344827586206898,
    "SPICE": 0.16,
    "BLEU_4": 1.108882419297383e-12
  },
  "1": {
    "BLEU_1": 0.1111111110864199,
    "BLEU_2": 3.726779961645599e-09,
    "ROUGE_L": 0.1189083820662768,
    "CIDEr": 0.0,
    "METEOR": 0.024242424242424246,
    "SPICE": 0.0,
    "BLEU_4": 7.583235671536399e-13
  },
  "2": {
    "BLEU_1": 0.09090909090082655,
    "BLEU_2": 3.015113445489832e-09,
    "ROUGE_L": 0.108348134991119,
    "CIDEr": 0.0,
    "METEOR": 0.09266409266409267,
    "SPICE": 0.0625,
    "BLEU_4": 5.960994272631735e-13
  },
  "3": {
    "BLEU_1": 0.16666666665277785,
    "BLEU_2": 3.892494720468497e-09,
    "ROUGE_L": 0.10374149659863945,
    "CIDEr": 0.0,
    "METEOR": 0.09108159392789375,
    "SPICE": 0.0625,
    "BLEU_4": 6.40550520920913e-13
  },
  "4": {
    "BLEU_1": 0.1538461538343196,
    "BLEU_2": 3.5805743699102604e-09,
    "ROUGE_L": 0.09951060358890701,
    "CIDEr": 0.0,
    "METEOR": 0.09660377358490567,
    "SPICE": 0.11764705882352941,
    "BLEU_4": 5.84289629327371e-13
  },
  "5": {
    "BLEU_1": 0.1333333333244445,
    "BLEU_2": 3.0860669990287532e-09,
    "ROUGE_L": 0.1659863945578231,
    "CIDEr": 0.0,
    "METEOR": 0.10218978102189782,
    "SPICE": 0.060606060606060615,
    "BLEU_4": 4.970745472430083e-13
  },
  "6": {
    "BLEU_1": 0.1538461538343196,
    "BLEU_2": 3.5805743699102604e-09,
    "ROUGE_L": 0.09951060358890701,
    "CIDEr": 0.0,
    "METEOR": 0.06666666666666667,
    "SPICE": 0.0625,
    "BLEU_4": 5.84289629327371e-13
  },
  "7": {
    "BLEU_1": 0.26666666664888894,
    "BLEU_2": 4.3643578044184995e-09,
    "ROUGE_L": 0.18401206636500753,
    "CIDEr": 0.0,
    "METEOR": 0.1,
    "SPICE": 0.0,
    "BLEU_4": 5.911245882681416e-13
  },
  "8": {
    "BLEU_1": 0.1538461538343196,
    "BLEU_2": 3.5805743699102604e-09,
    "ROUGE_L": 0.19902120717781402,
    "CIDEr": 0.0,
    "METEOR": 0.08743169398907104,
    "SPICE": 0.11764705882352941,
    "BLEU_4": 5.84289629327371e-13
  },
  "9": {
    "BLEU_1": 0.30769230766863914,
    "BLEU_2": 5.063696835012589e-09,
    "ROUGE_L": 0.19902120717781402,
    "CIDEr": 0.0,
    "METEOR": 0.16360282763134296,
    "SPICE": 0.12121212121212123,
    "BLEU_4": 6.948413844184121e-13
  }
}