{
  "0": {
    "BLEU_1": 0.32206169694024794,
    "BLEU_2": 6.3511423138542446e-09,
    "ROUGE_L": 0.24448897795591182,
    "CIDEr": 0.0,
    "METEOR": 0.08060453400503778,
    "SPICE": 0.0,
    "BLEU_4": 1.0330619227359553e-12
  },
  "1": {
    "BLEU_1": 0.36363636357024803,
    "BLEU_2": 6.030226890431458e-09,
    "ROUGE_L": 0.2036727879799666,
    "CIDEr": 0.0,
    "METEOR": 0.09569377990430623,
    "SPICE": 0.0,
    "BLEU_4": 8.430118944817767e-13
  },
  "2": {
    "BLEU_1": 0.36363636357024803,
    "BLEU_2": 6.030226890431458e-09,
    "ROUGE_L": 0.2036727879799666,
    "CIDEr": 0.0,
    "METEOR": 0.09569377990430623,
    "SPICE": 0.0,
    "BLEU_4": 8.430118944817767e-13
  },
  "3": {
    "BLEU_1": 0.36363636357024803,
    "BLEU_2": 6.030226890431458e-09,
    "ROUGE_L": 0.2036727879799666,
    "CIDEr": 0.0,
    "METEOR": 0.09433962264150943,
    "SPICE": 0.0,
    "BLEU_4": 8.430118944817767e-13
  },
  "4": {
    "BLEU_1": 0.29999999994000015,
    "BLEU_2": 5.773502690709485e-09,
    "ROUGE_L": 0.21254355400696867,
    "CIDEr": 0.0,
    "METEOR": 0.097799511002445,
    "SPICE": 0.0,
    "BLEU_4": 8.783602617783837e-13
  },
  "5": {
    "BLEU_1": 0.29999999994000015,
    "BLEU_2": 5.773502690709485e-09,
    "ROUGE_L": 0.21254355400696867,
    "CIDEr": 0.0,
    "METEOR": 0.09638554216867469,
    "SPICE": 0.0,
    "BLEU_4": 8.783602617783837e-13
  },
  "6": {
    "BLEU_1": 0.29999999994000015,
    "BLEU_2": 5.773502690709485e-09,
    "ROUGE_L": 0.21254355400696867,
    "CIDEr": 0.0,
    "METEOR": 0.09638554216867469,
    "SPICE": 0.0,
    "BLEU_4": 8.783602617783837e-13
  },
  "7": {
    "BLEU_1": 0.29999999994000015,
    "BLEU_2": 5.773502690709485e-09,
    "ROUGE_L": 0.21254355400696867,
    "CIDEr": 0.0,
    "METEOR": 0.097799511002445,
    "SPICE": 0.0,
    "BLEU_4": 8.783602617783837e-13
  },
  "8": {
    "BLEU_1": 0.29999999994000015,
    "BLEU_2": 5.773502690709485e-09,
    "ROUGE_L": 0.21254355400696867,
    "CIDEr": 0.0,
    "METEOR": 0.097799511002445,
    "SPICE": 0.0,
    "BLEU_4": 8.783602617783837e-13
  },
  "9": {
    "BLEU_1": 0.29999999994000015,
    "BLEU_2": 5.773502690709485e-09,
    "ROUGE_L": 0.21254355400696867,
    "CIDEr": 0.0,
    "METEOR": 0.09638554216867469,
    "SPICE": 0.0,
    "BLEU_4": 8.783602617783837e-13
  }
}