{
  "0": {
    "BLEU_1": 0.24767939985785795,
    "BLEU_2": 0.18916826631939285,
    "ROUGE_L": 0.22803738317757008,
    "CIDEr": 0.0,
    "METEOR": 0.08325397159430509,
    "SPICE": 0.0909090909090909,
    "BLEU_4": 6.055438649029897e-09
  },
  "1": {
    "BLEU_1": 0.18181818178512404,
    "BLEU_2": 0.13483997246751928,
    "ROUGE_L": 0.1921259842519685,
    "CIDEr": 0.0,
    "METEOR": 0.07719913729653745,
    "SPICE": 0.0,
    "BLEU_4": 3.986357127480056e-09
  },
  "2": {
    "BLEU_1": 0.28571428569387763,
    "BLEU_2": 0.20965696732883227,
    "ROUGE_L": 0.34366197183098596,
    "CIDEr": 0.0,
    "METEOR": 0.20109814274126628,
    "SPICE": 0.15384615384615383,
    "BLEU_4": 4.271802513237463e-09
  },
  "3": {
    "BLEU_1": 0.28571428569387763,
    "BLEU_2": 0.20965696732883227,
    "ROUGE_L": 0.34366197183098596,
    "CIDEr": 0.0,
    "METEOR": 0.20109814274126628,
    "SPICE": 0.08333333333333333,
    "BLEU_4": 4.271802513237463e-09
  },
  "4": {
    "BLEU_1": 0.28571428569387763,
    "BLEU_2": 0.20965696732883227,
    "ROUGE_L": 0.34366197183098596,
    "CIDEr": 0.0,
    "METEOR": 0.20109814274126628,
    "SPICE": 0.08333333333333333,
    "BLEU_4": 4.271802513237463e-09
  },
  "5": {
    "BLEU_1": 0.3333333332962964,
    "BLEU_2": 0.20412414520783367,
    "ROUGE_L": 0.31282051282051276,
    "CIDEr": 0.0,
    "METEOR": 0.09456264775413711,
    "SPICE": 0.0,
    "BLEU_4": 5.612222323540175e-09
  },
  "6": {
    "BLEU_1": 0.19999999996000015,
    "BLEU_2": 4.714045206941321e-09,
    "ROUGE_L": 0.1,
    "CIDEr": 0.0,
    "METEOR": 0.14822888283378746,
    "SPICE": 0.08,
    "BLEU_4": 7.936880924342154e-13
  },
  "7": {
    "BLEU_1": 0.24999999993750016,
    "BLEU_2": 5.976143045124577e-09,
    "ROUGE_L": 0.10892857142857142,
    "CIDEr": 0.0,
    "METEOR": 0.15587392550143264,
    "SPICE": 0.08695652173913045,
    "BLEU_4": 1.0445522727757714e-12
  },
  "8": {
    "BLEU_1": 0.24999999993750016,
    "BLEU_2": 5.976143045124577e-09,
    "ROUGE_L": 0.10892857142857142,
    "CIDEr": 0.0,
    "METEOR": 0.15587392550143264,
    "SPICE": 0.1739130434782609,
    "BLEU_4": 1.0445522727757714e-12
  },
  "9": {
    "BLEU_1": 0.24999999993750016,
    "BLEU_2": 5.976143045124577e-09,
    "ROUGE_L": 0.10892857142857142,
    "CIDEr": 0.0,
    "METEOR": 0.06837606837606837,
    "SPICE": 0.08695652173913045,
    "BLEU_4": 1.0445522727757714e-12
  }
}