{
  "0": {
    "BLEU_1": 0.3422780792409688,
    "BLEU_2": 0.18747342493669486,
    "ROUGE_L": 0.26521739130434785,
    "CIDEr": 0.0,
    "METEOR": 0.1844882949885357,
    "SPICE": 0.17391304347826086,
    "BLEU_4": 5.271202710558196e-09
  },
  "1": {
    "BLEU_1": 0.2207276646145745,
    "BLEU_2": 4.505584586736407e-09,
    "ROUGE_L": 0.27518796992481204,
    "CIDEr": 0.0,
    "METEOR": 0.16249821495271252,
    "SPICE": 0.2608695652173913,
    "BLEU_4": 8.22603437555541e-13
  },
  "2": {
    "BLEU_1": 0.3422780792409688,
    "BLEU_2": 0.18747342493669486,
    "ROUGE_L": 0.26521739130434785,
    "CIDEr": 0.0,
    "METEOR": 0.1844882949885357,
    "SPICE": 0.17391304347826086,
    "BLEU_4": 5.271202710558196e-09
  },
  "3": {
    "BLEU_1": 0.2207276646145745,
    "BLEU_2": 4.505584586736407e-09,
    "ROUGE_L": 0.27518796992481204,
    "CIDEr": 0.0,
    "METEOR": 0.16249821495271252,
    "SPICE": 0.2608695652173913,
    "BLEU_4": 8.22603437555541e-13
  },
  "4": {
    "BLEU_1": 0.3422780792409688,
    "BLEU_2": 0.18747342493669486,
    "ROUGE_L": 0.26521739130434785,
    "CIDEr": 0.0,
    "METEOR": 0.1844882949885357,
    "SPICE": 0.17391304347826086,
    "BLEU_4": 5.271202710558196e-09
  },
  "5": {
    "BLEU_1": 0.3422780792409688,
    "BLEU_2": 0.26512746013000815,
    "ROUGE_L": 0.23921568627450981,
    "CIDEr": 0.0,
    "METEOR": 0.21938540224382208,
    "SPICE": 0.16666666666666666,
    "BLEU_4": 6.268551768017434e-09
  },
  "6": {
    "BLEU_1": 0.2567085594307266,
    "BLEU_2": 0.1623567485296528,
    "ROUGE_L": 0.2234432234432234,
    "CIDEr": 0.0,
    "METEOR": 0.18159057307772097,
    "SPICE": 0.16,
    "BLEU_4": 4.905406855757615e-09
  },
  "7": {
    "BLEU_1": 0.3422780792409688,
    "BLEU_2": 0.18747342493669486,
    "ROUGE_L": 0.26521739130434785,
    "CIDEr": 0.0,
    "METEOR": 0.1844882949885357,
    "SPICE": 0.17391304347826086,
    "BLEU_4": 5.271202710558196e-09
  },
  "8": {
    "BLEU_1": 0.3422780792409688,
    "BLEU_2": 0.26512746013000815,
    "ROUGE_L": 0.23921568627450981,
    "CIDEr": 0.0,
    "METEOR": 0.21938540224382208,
    "SPICE": 0.16666666666666666,
    "BLEU_4": 6.268551768017434e-09
  },
  "9": {
    "BLEU_1": 0.37225088991138877,
    "BLEU_2": 0.28431131341888405,
    "ROUGE_L": 0.22803738317757008,
    "CIDEr": 0.0,
    "METEOR": 0.21425691232123922,
    "SPICE": 0.16,
    "BLEU_4": 6.4354136679619e-09
  }
}