{
  "0": {
    "BLEU_1": 0.33093633838648934,
    "BLEU_2": 6.459215935396237e-09,
    "ROUGE_L": 0.20469798657718125,
    "CIDEr": 0.0,
    "METEOR": 0.09661835748792269,
    "SPICE": 0.05405405405405406,
    "BLEU_4": 1.0201550479411466e-12
  },
  "1": {
    "BLEU_1": 0.18181818178512404,
    "BLEU_2": 4.2640143263175525e-09,
    "ROUGE_L": 0.1018363939899833,
    "CIDEr": 0.0,
    "METEOR": 0.08849557522123894,
    "SPICE": 0.0,
    "BLEU_4": 7.088856800859686e-13
  },
  "2": {
    "BLEU_1": 0.22222222217283966,
    "BLEU_2": 5.270462765739487e-09,
    "ROUGE_L": 0.20854700854700853,
    "CIDEr": 0.0,
    "METEOR": 0.12556053811659193,
    "SPICE": 0.09302325581395347,
    "BLEU_4": 9.018037815333522e-13
  },
  "3": {
    "BLEU_1": 0.22062422559099293,
    "BLEU_2": 5.273927726724911e-09,
    "ROUGE_L": 0.116412213740458,
    "CIDEr": 0.0,
    "METEOR": 0.12641083521444696,
    "SPICE": 0.09523809523809523,
    "BLEU_4": 9.218141453123176e-13
  },
  "4": {
    "BLEU_1": 0.11031211279549655,
    "BLEU_2": 3.729230059054939e-09,
    "ROUGE_L": 0.10892857142857142,
    "CIDEr": 0.0,
    "METEOR": 0.09523809523809523,
    "SPICE": 0.09523809523809523,
    "BLEU_4": 7.751502103232947e-13
  },
  "5": {
    "BLEU_1": 0.33093633838648934,
    "BLEU_2": 6.459215935396237e-09,
    "ROUGE_L": 0.232824427480916,
    "CIDEr": 0.0,
    "METEOR": 0.14645308924485126,
    "SPICE": 0.14285714285714285,
    "BLEU_4": 1.0201550479411466e-12
  },
  "6": {
    "BLEU_1": 0.27272727267768604,
    "BLEU_2": 5.222329677697684e-09,
    "ROUGE_L": 0.18181818181818182,
    "CIDEr": 0.0,
    "METEOR": 0.12068965517241381,
    "SPICE": 0.04545454545454545,
    "BLEU_4": 7.845109652856079e-13
  },
  "7": {
    "BLEU_1": 0.3999999999200002,
    "BLEU_2": 6.666666665296299e-09,
    "ROUGE_L": 0.21254355400696867,
    "CIDEr": 0.0,
    "METEOR": 0.14253897550111358,
    "SPICE": 0.04651162790697674,
    "BLEU_4": 9.438595266157062e-13
  },
  "8": {
    "BLEU_1": 0.3333333332592594,
    "BLEU_2": 6.454972242199766e-09,
    "ROUGE_L": 0.1111111111111111,
    "CIDEr": 0.0,
    "METEOR": 0.12556053811659193,
    "SPICE": 0.09302325581395347,
    "BLEU_4": 9.980099401403394e-13
  },
  "9": {
    "BLEU_1": 0.36363636357024803,
    "BLEU_2": 6.030226890431458e-09,
    "ROUGE_L": 0.2036727879799666,
    "CIDEr": 0.0,
    "METEOR": 0.13973799126637557,
    "SPICE": 0.08888888888888888,
    "BLEU_4": 8.430118944817767e-13
  }
}