{
  "0": {
    "BLEU_1": 0.22222222217283966,
    "BLEU_2": 0.16666666662847238,
    "ROUGE_L": 0.2222222222222222,
    "CIDEr": 0.0,
    "METEOR": 0.1193054526805469,
    "SPICE": 0.06451612903225806,
    "BLEU_4": 5.071215335691334e-09
  },
  "1": {
    "BLEU_1": 0.19999999996000015,
    "BLEU_2": 4.714045206941321e-09,
    "ROUGE_L": 0.10627177700348434,
    "CIDEr": 0.0,
    "METEOR": 0.09657947686116701,
    "SPICE": 0.125,
    "BLEU_4": 7.936880924342154e-13
  },
  "2": {
    "BLEU_1": 0.18749999998828132,
    "BLEU_2": 3.535533905704402e-09,
    "ROUGE_L": 0.14663461538461536,
    "CIDEr": 0.0,
    "METEOR": 0.05936920222634508,
    "SPICE": 0.052631578947368425,
    "BLEU_4": 5.119289102444937e-13
  },
  "3": {
    "BLEU_1": 0.2857142857006803,
    "BLEU_2": 0.11952286092760558,
    "ROUGE_L": 0.20677966101694914,
    "CIDEr": 0.0,
    "METEOR": 0.15702469353636672,
    "SPICE": 0.09523809523809525,
    "BLEU_4": 2.5422541412587532e-09
  },
  "4": {
    "BLEU_1": 0.27272727271487607,
    "BLEU_2": 0.11396057645433466,
    "ROUGE_L": 0.20109890109890108,
    "CIDEr": 0.0,
    "METEOR": 0.14124813569122793,
    "SPICE": 0.09302325581395349,
    "BLEU_4": 2.4178614975561836e-09
  },
  "5": {
    "BLEU_1": 0.30434782607372407,
    "BLEU_2": 0.11761799221901122,
    "ROUGE_L": 0.19572192513368983,
    "CIDEr": 0.0,
    "METEOR": 0.15220962627290063,
    "SPICE": 0.0909090909090909,
    "BLEU_4": 2.395656561164293e-09
  },
  "6": {
    "BLEU_1": 0.2916666666545139,
    "BLEU_2": 0.11261065411056866,
    "ROUGE_L": 0.19062500000000002,
    "CIDEr": 0.0,
    "METEOR": 0.14991115876206823,
    "SPICE": 0.0909090909090909,
    "BLEU_4": 2.2889127939662925e-09
  },
  "7": {
    "BLEU_1": 0.2916666666545139,
    "BLEU_2": 0.11261065411056866,
    "ROUGE_L": 0.19062500000000002,
    "CIDEr": 0.0,
    "METEOR": 0.14991115876206823,
    "SPICE": 0.0909090909090909,
    "BLEU_4": 2.2889127939662925e-09
  },
  "8": {
    "BLEU_1": 0.2608695652060492,
    "BLEU_2": 0.10889310129125214,
    "ROUGE_L": 0.19572192513368983,
    "CIDEr": 0.0,
    "METEOR": 0.15220962627290063,
    "SPICE": 0.09302325581395349,
    "BLEU_4": 2.3050898625491595e-09
  },
  "9": {
    "BLEU_1": 0.2608695652060492,
    "BLEU_2": 0.10889310129125214,
    "ROUGE_L": 0.19572192513368983,
    "CIDEr": 0.0,
    "METEOR": 0.15220962627290063,
    "SPICE": 0.09302325581395349,
    "BLEU_4": 2.3050898625491595e-09
  }
}