{
  "0": {
    "BLEU_1": 0.2195246543498009,
    "BLEU_2": 5.488116358607818e-09,
    "ROUGE_L": 0.2515463917525773,
    "CIDEr": 0.0,
    "METEOR": 0.21343876589442898,
    "SPICE": 0.1739130434782609,
    "BLEU_4": 1.108882419297383e-12
  },
  "1": {
    "BLEU_1": 0.6249999998437503,
    "BLEU_2": 0.42257712725484126,
    "ROUGE_L": 0.3267857142857143,
    "CIDEr": 0.0,
    "METEOR": 0.22171656075917925,
    "SPICE": 0.15384615384615383,
    "BLEU_4": 4.939382735714412e-05
  },
  "2": {
    "BLEU_1": 0.6191984996446447,
    "BLEU_2": 0.42299310267594614,
    "ROUGE_L": 0.34205607476635513,
    "CIDEr": 0.0,
    "METEOR": 0.22763777454800005,
    "SPICE": 0.16000000000000003,
    "BLEU_4": 5.091996652758037e-05
  },
  "3": {
    "BLEU_1": 0.7777777776049386,
    "BLEU_2": 0.5400617247435577,
    "ROUGE_L": 0.31282051282051276,
    "CIDEr": 0.0,
    "METEOR": 0.213757027219238,
    "SPICE": 0.2222222222222222,
    "BLEU_4": 5.133450479131077e-05
  },
  "4": {
    "BLEU_1": 0.4999999998750002,
    "BLEU_2": 8.451542545096823e-09,
    "ROUGE_L": 0.25,
    "CIDEr": 0.0,
    "METEOR": 0.2004843899297382,
    "SPICE": 0.15384615384615383,
    "BLEU_4": 1.2421889947772103e-12
  },
  "5": {
    "BLEU_1": 0.7499999998125003,
    "BLEU_2": 0.5669467093670424,
    "ROUGE_L": 0.375,
    "CIDEr": 0.0,
    "METEOR": 0.2600956289412558,
    "SPICE": 0.23076923076923075,
    "BLEU_4": 5.721248422925795e-05
  },
  "6": {
    "BLEU_1": 0.6666666665185187,
    "BLEU_2": 0.40824829037030635,
    "ROUGE_L": 0.35672514619883033,
    "CIDEr": 0.0,
    "METEOR": 0.2531766978695507,
    "SPICE": 0.2222222222222222,
    "BLEU_4": 7.936880924121685e-09
  },
  "7": {
    "BLEU_1": 0.5999999998800002,
    "BLEU_2": 0.2581988896940871,
    "ROUGE_L": 0.34014869888475835,
    "CIDEr": 0.0,
    "METEOR": 0.2466163360621785,
    "SPICE": 0.21428571428571425,
    "BLEU_4": 5.873949093408464e-09
  },
  "8": {
    "BLEU_1": 0.7499999998125003,
    "BLEU_2": 0.5669467093670424,
    "ROUGE_L": 0.375,
    "CIDEr": 0.0,
    "METEOR": 0.2600956289412558,
    "SPICE": 0.23076923076923075,
    "BLEU_4": 5.721248422925795e-05
  },
  "9": {
    "BLEU_1": 0.6666666665185187,
    "BLEU_2": 0.40824829037030635,
    "ROUGE_L": 0.35672514619883033,
    "CIDEr": 0.0,
    "METEOR": 0.2531766978695507,
    "SPICE": 0.2222222222222222,
    "BLEU_4": 7.936880924121685e-09
  }
}