{
  "0": {
    "BLEU_1": 0.10735389898008273,
    "BLEU_2": 3.666833724565372e-09,
    "ROUGE_L": 0.0948678071539658,
    "CIDEr": 0.0,
    "METEOR": 0.09302325581395349,
    "SPICE": 0.10526315789473685,
    "BLEU_4": 7.849573143826273e-13
  },
  "1": {
    "BLEU_1": 0.18181818180165296,
    "BLEU_2": 4.26401432670519e-09,
    "ROUGE_L": 0.1641991924629879,
    "CIDEr": 0.0,
    "METEOR": 0.13975157290706663,
    "SPICE": 0.14285714285714285,
    "BLEU_4": 7.088856801504128e-13
  },
  "2": {
    "BLEU_1": 0.18749999998828132,
    "BLEU_2": 0.11180339886776892,
    "ROUGE_L": 0.14055299539170507,
    "CIDEr": 0.0,
    "METEOR": 0.1374570009572195,
    "SPICE": 0.1702127659574468,
    "BLEU_4": 2.8787878179013993e-09
  },
  "3": {
    "BLEU_1": 0.16666666665740745,
    "BLEU_2": 0.09901475429200489,
    "ROUGE_L": 0.13289760348583876,
    "CIDEr": 0.0,
    "METEOR": 0.13335380689879503,
    "SPICE": 0.16326530612244897,
    "BLEU_4": 2.5281168695855673e-09
  },
  "4": {
    "BLEU_1": 0.17647058822491354,
    "BLEU_2": 0.10502100629573005,
    "ROUGE_L": 0.1366181410974244,
    "CIDEr": 0.0,
    "METEOR": 0.13537431912453435,
    "SPICE": 0.16666666666666666,
    "BLEU_4": 2.69205088078134e-09
  },
  "5": {
    "BLEU_1": 0.15384615382248532,
    "BLEU_2": 0.11322770339667712,
    "ROUGE_L": 0.15384615384615383,
    "CIDEr": 0.0,
    "METEOR": 0.14257508078009468,
    "SPICE": 0.13953488372093023,
    "BLEU_4": 3.2857020442565717e-09
  },
  "6": {
    "BLEU_1": 0.11764705881660904,
    "BLEU_2": 0.08574929256605278,
    "ROUGE_L": 0.1366181410974244,
    "CIDEr": 0.0,
    "METEOR": 0.134020575933289,
    "SPICE": 0.22727272727272727,
    "BLEU_4": 2.4325425696936665e-09
  },
  "7": {
    "BLEU_1": 0.24999999998437505,
    "BLEU_2": 0.12909944486524297,
    "ROUGE_L": 0.21082949308755758,
    "CIDEr": 0.0,
    "METEOR": 0.14822136520446458,
    "SPICE": 0.2127659574468085,
    "BLEU_4": 3.0934588292167494e-09
  },
  "8": {
    "BLEU_1": 0.23529411763321803,
    "BLEU_2": 0.12126781251081024,
    "ROUGE_L": 0.20492721164613661,
    "CIDEr": 0.0,
    "METEOR": 0.14597558694379084,
    "SPICE": 0.20833333333333331,
    "BLEU_4": 2.8927969314267103e-09
  },
  "9": {
    "BLEU_1": 0.36363636360330587,
    "BLEU_2": 0.19069251783091612,
    "ROUGE_L": 0.24629878869448185,
    "CIDEr": 0.0,
    "METEOR": 0.15880860557621201,
    "SPICE": 0.23809523809523805,
    "BLEU_4": 4.740604259372055e-09
  }
}