{
  "0": {
    "BLEU_1": 0.07162619917923453,
    "BLEU_2": 2.615418999812674e-09,
    "ROUGE_L": 0.12298387096774194,
    "CIDEr": 0.0,
    "METEOR": 0.1081081081081081,
    "SPICE": 0.0,
    "BLEU_4": 7.279123483791415e-13
  },
  "1": {
    "BLEU_1": 0.08986579278749814,
    "BLEU_2": 3.1772355737578207e-09,
    "ROUGE_L": 0.11708253358925146,
    "CIDEr": 0.0,
    "METEOR": 0.10596026490066227,
    "SPICE": 0.0,
    "BLEU_4": 7.634297901288654e-13
  },
  "2": {
    "BLEU_1": 0.08986579278749814,
    "BLEU_2": 3.1772355737578207e-09,
    "ROUGE_L": 0.11708253358925146,
    "CIDEr": 0.0,
    "METEOR": 0.10596026490066227,
    "SPICE": 0.0,
    "BLEU_4": 7.634297901288654e-13
  },
  "3": {
    "BLEU_1": 0.1538461538343196,
    "BLEU_2": 3.5805743699102604e-09,
    "ROUGE_L": 0.08460471567267684,
    "CIDEr": 0.0,
    "METEOR": 0.1939491673296725,
    "SPICE": 0.05128205128205128,
    "BLEU_4": 5.84289629327371e-13
  },
  "4": {
    "BLEU_1": 0.1111111110864199,
    "BLEU_2": 3.726779961645599e-09,
    "ROUGE_L": 0.09822866344605477,
    "CIDEr": 0.0,
    "METEOR": 0.20907760049804924,
    "SPICE": 0.05714285714285714,
    "BLEU_4": 7.583235671536399e-13
  },
  "5": {
    "BLEU_1": 0.09090909089256209,
    "BLEU_2": 3.0151134452157307e-09,
    "ROUGE_L": 0.09090909090909091,
    "CIDEr": 0.0,
    "METEOR": 0.13826572741573617,
    "SPICE": 0.0,
    "BLEU_4": 5.960994272089826e-13
  },
  "6": {
    "BLEU_1": 0.21470779796016531,
    "BLEU_2": 5.1856859842473975e-09,
    "ROUGE_L": 0.10683012259194395,
    "CIDEr": 0.0,
    "METEOR": 0.14968590549137223,
    "SPICE": 0.11764705882352941,
    "BLEU_4": 9.334768232372482e-13
  },
  "7": {
    "BLEU_1": 0.18181818178512404,
    "BLEU_2": 4.2640143263175525e-09,
    "ROUGE_L": 0.09090909090909091,
    "CIDEr": 0.0,
    "METEOR": 0.20122944558966016,
    "SPICE": 0.10810810810810811,
    "BLEU_4": 7.088856800859686e-13
  },
  "8": {
    "BLEU_1": 0.22222222217283966,
    "BLEU_2": 5.270462765739487e-09,
    "ROUGE_L": 0.09822866344605477,
    "CIDEr": 0.0,
    "METEOR": 0.10062893081761007,
    "SPICE": 0.0,
    "BLEU_4": 9.018037815333522e-13
  },
  "9": {
    "BLEU_1": 0.09999999999000012,
    "BLEU_2": 3.333333332981484e-09,
    "ROUGE_L": 0.09442724458204334,
    "CIDEr": 0.0,
    "METEOR": 0.207727337272535,
    "SPICE": 0.05555555555555555,
    "BLEU_4": 6.674094718242315e-13
  }
}