{
  "0": {
    "BLEU_1": 0.4999999999000002,
    "BLEU_2": 7.453559923467182e-09,
    "ROUGE_L": 0.21254355400696867,
    "CIDEr": 0.0,
    "METEOR": 0.17505470459518602,
    "SPICE": 0.2727272727272727,
    "BLEU_4": 9.98009940168062e-13
  },
  "1": {
    "BLEU_1": 0.5515605639774822,
    "BLEU_2": 8.338811915782395e-09,
    "ROUGE_L": 0.232824427480916,
    "CIDEr": 0.0,
    "METEOR": 0.17829788372499647,
    "SPICE": 0.2727272727272727,
    "BLEU_4": 1.1591199222703112e-12
  },
  "2": {
    "BLEU_1": 0.555555555432099,
    "BLEU_2": 8.333333331423613e-09,
    "ROUGE_L": 0.2222222222222222,
    "CIDEr": 0.0,
    "METEOR": 0.17480944686950742,
    "SPICE": 0.2857142857142857,
    "BLEU_4": 1.1339582219145234e-12
  },
  "3": {
    "BLEU_1": 0.3999999999200002,
    "BLEU_2": 6.666666665296299e-09,
    "ROUGE_L": 0.31881533101045295,
    "CIDEr": 0.0,
    "METEOR": 0.18727753486957185,
    "SPICE": 0.3333333333333333,
    "BLEU_4": 9.438595266157062e-13
  },
  "4": {
    "BLEU_1": 0.555555555432099,
    "BLEU_2": 8.333333331423613e-09,
    "ROUGE_L": 0.2222222222222222,
    "CIDEr": 0.0,
    "METEOR": 0.22619869211637852,
    "SPICE": 0.43478260869565216,
    "BLEU_4": 1.1339582219145234e-12
  },
  "5": {
    "BLEU_1": 0.4545454545041323,
    "BLEU_2": 6.741998623988867e-09,
    "ROUGE_L": 0.2036727879799666,
    "CIDEr": 0.0,
    "METEOR": 0.17036513889824875,
    "SPICE": 0.34782608695652173,
    "BLEU_4": 8.913765520446539e-13
  },
  "6": {
    "BLEU_1": 0.4999999999583334,
    "BLEU_2": 6.741998624045051e-09,
    "ROUGE_L": 0.2932692307692307,
    "CIDEr": 0.0,
    "METEOR": 0.18026922795137582,
    "SPICE": 0.30769230769230765,
    "BLEU_4": 8.430118945671953e-13
  },
  "7": {
    "BLEU_1": 0.46153846150295863,
    "BLEU_2": 6.20173672896349e-09,
    "ROUGE_L": 0.2819722650231125,
    "CIDEr": 0.0,
    "METEOR": 0.17695816049920768,
    "SPICE": 0.29629629629629634,
    "BLEU_4": 7.689683971953974e-13
  },
  "8": {
    "BLEU_1": 0.46153846150295863,
    "BLEU_2": 6.20173672896349e-09,
    "ROUGE_L": 0.2819722650231125,
    "CIDEr": 0.0,
    "METEOR": 0.17695816049920768,
    "SPICE": 0.23999999999999996,
    "BLEU_4": 7.689683971953974e-13
  },
  "9": {
    "BLEU_1": 0.4166666666319445,
    "BLEU_2": 6.154574548430443e-09,
    "ROUGE_L": 0.19551282051282048,
    "CIDEr": 0.0,
    "METEOR": 0.16717743359661832,
    "SPICE": 0.30769230769230765,
    "BLEU_4": 8.054496384067745e-13
  }
}