{
  "0": {
    "BLEU_1": 7.162619917923445e-17,
    "BLEU_2": 8.27068107508754e-17,
    "ROUGE_L": 0.0,
    "CIDEr": 0.0,
    "METEOR": 0.0,
    "SPICE": 0.0,
    "BLEU_4": 1.2944315414357063e-16
  },
  "1": {
    "BLEU_1": 0.07162619917923453,
    "BLEU_2": 2.615418999812674e-09,
    "ROUGE_L": 0.14386792452830188,
    "CIDEr": 0.0,
    "METEOR": 0.08648648648648649,
    "SPICE": 0.0,
    "BLEU_4": 7.279123483791415e-13
  },
  "2": {
    "BLEU_1": 0.20217688650348561,
    "BLEU_2": 4.952302097098729e-09,
    "ROUGE_L": 0.12869198312236285,
    "CIDEr": 0.0,
    "METEOR": 0.11104549581086999,
    "SPICE": 0.06451612903225806,
    "BLEU_4": 9.311821291619466e-13
  },
  "3": {
    "BLEU_1": 0.33093633838648934,
    "BLEU_2": 6.459215935396237e-09,
    "ROUGE_L": 0.232824427480916,
    "CIDEr": 0.0,
    "METEOR": 0.1518530003484689,
    "SPICE": 0.06451612903225806,
    "BLEU_4": 1.0201550479411466e-12
  },
  "4": {
    "BLEU_1": 0.17973158557499613,
    "BLEU_2": 4.493289639262571e-09,
    "ROUGE_L": 0.2717149220489978,
    "CIDEr": 0.0,
    "METEOR": 0.11014862821084202,
    "SPICE": 0.0,
    "BLEU_4": 9.078761382262807e-13
  },
  "5": {
    "BLEU_1": 0.21470779796016531,
    "BLEU_2": 5.1856859842473975e-09,
    "ROUGE_L": 0.12224448897795591,
    "CIDEr": 0.0,
    "METEOR": 0.05797101449275363,
    "SPICE": 0.0625,
    "BLEU_4": 9.334768232372482e-13
  },
  "6": {
    "BLEU_1": 0.33093633838648934,
    "BLEU_2": 0.2042583425470713,
    "ROUGE_L": 0.3070469798657718,
    "CIDEr": 0.0,
    "METEOR": 0.10869470878612247,
    "SPICE": 0.060606060606060615,
    "BLEU_4": 5.736753415588487e-09
  },
  "7": {
    "BLEU_1": 0.21470779796016531,
    "BLEU_2": 5.1856859842473975e-09,
    "ROUGE_L": 0.2136602451838879,
    "CIDEr": 0.0,
    "METEOR": 0.07673860911270984,
    "SPICE": 0.0625,
    "BLEU_4": 9.334768232372482e-13
  },
  "8": {
    "BLEU_1": 0.45454545446281003,
    "BLEU_2": 0.2132007163158777,
    "ROUGE_L": 0.2727272727272727,
    "CIDEr": 0.0,
    "METEOR": 0.10619469026548674,
    "SPICE": 0.10810810810810811,
    "BLEU_4": 5.012578714748261e-09
  },
  "9": {
    "BLEU_1": 0.36363636357024803,
    "BLEU_2": 6.030226890431458e-09,
    "ROUGE_L": 0.18181818181818182,
    "CIDEr": 0.0,
    "METEOR": 0.1064638783269962,
    "SPICE": 0.1142857142857143,
    "BLEU_4": 8.430118944817767e-13
  }
}