{
  "0": {
    "BLEU_1": 0.21470779796016531,
    "BLEU_2": 5.1856859842473975e-09,
    "ROUGE_L": 0.10683012259194395,
    "CIDEr": 0.0,
    "METEOR": 0.08909512761020881,
    "SPICE": 0.125,
    "BLEU_4": 9.334768232372482e-13
  },
  "1": {
    "BLEU_1": 0.4444444443456792,
    "BLEU_2": 7.453559923291195e-09,
    "ROUGE_L": 0.2946859903381642,
    "CIDEr": 0.0,
    "METEOR": 0.18856195490901054,
    "SPICE": 0.29411764705882354,
    "BLEU_4": 1.0724314733358218e-12
  },
  "2": {
    "BLEU_1": 0.4166666666319445,
    "BLEU_2": 6.154574548430443e-09,
    "ROUGE_L": 0.232824427480916,
    "CIDEr": 0.0,
    "METEOR": 0.13023255813953488,
    "SPICE": 0.1764705882352941,
    "BLEU_4": 8.054496384067745e-13
  },
  "3": {
    "BLEU_1": 0.38461538458579886,
    "BLEU_2": 5.661385170269343e-09,
    "ROUGE_L": 0.22564734895191124,
    "CIDEr": 0.0,
    "METEOR": 0.12756264236902048,
    "SPICE": 0.17142857142857143,
    "BLEU_4": 7.347053125332871e-13
  },
  "4": {
    "BLEU_1": 0.5384615384201185,
    "BLEU_2": 6.698641270034088e-09,
    "ROUGE_L": 0.2538141470180305,
    "CIDEr": 0.0,
    "METEOR": 0.1788714047637937,
    "SPICE": 0.28571428571428575,
    "BLEU_4": 7.991810714190136e-13
  },
  "5": {
    "BLEU_1": 0.4999999999642858,
    "BLEU_2": 6.201736729000405e-09,
    "ROUGE_L": 0.24530831099195713,
    "CIDEr": 0.0,
    "METEOR": 0.17548938240481443,
    "SPICE": 0.2777777777777778,
    "BLEU_4": 7.34705312538535e-13
  },
  "6": {
    "BLEU_1": 0.4999999999642858,
    "BLEU_2": 6.201736729000405e-09,
    "ROUGE_L": 0.24530831099195713,
    "CIDEr": 0.0,
    "METEOR": 0.17548938240481443,
    "SPICE": 0.2777777777777778,
    "BLEU_4": 7.34705312538535e-13
  },
  "7": {
    "BLEU_1": 0.4999999999642858,
    "BLEU_2": 6.201736729000405e-09,
    "ROUGE_L": 0.24530831099195713,
    "CIDEr": 0.0,
    "METEOR": 0.17548938240481443,
    "SPICE": 0.2777777777777778,
    "BLEU_4": 7.34705312538535e-13
  },
  "8": {
    "BLEU_1": 0.4999999999642858,
    "BLEU_2": 6.201736729000405e-09,
    "ROUGE_L": 0.24530831099195713,
    "CIDEr": 0.0,
    "METEOR": 0.17548938240481443,
    "SPICE": 0.2777777777777778,
    "BLEU_4": 7.34705312538535e-13
  },
  "9": {
    "BLEU_1": 0.4999999999642858,
    "BLEU_2": 6.201736729000405e-09,
    "ROUGE_L": 0.24530831099195713,
    "CIDEr": 0.0,
    "METEOR": 0.17548938240481443,
    "SPICE": 0.2777777777777778,
    "BLEU_4": 7.34705312538535e-13
  }
}