{
  "0": {
    "BLEU_1": 0.24767939985785795,
    "BLEU_2": 5.982025825945981e-09,
    "ROUGE_L": 0.17967599410898377,
    "CIDEr": 0.0,
    "METEOR": 0.12873563218390804,
    "SPICE": 0.14814814814814814,
    "BLEU_4": 1.0768261868323776e-12
  },
  "1": {
    "BLEU_1": 0.22222222217283966,
    "BLEU_2": 5.270462765739487e-09,
    "ROUGE_L": 0.1189083820662768,
    "CIDEr": 0.0,
    "METEOR": 0.11093333333333333,
    "SPICE": 0.0,
    "BLEU_4": 9.018037815333522e-13
  },
  "2": {
    "BLEU_1": 0.24767939985785795,
    "BLEU_2": 5.982025825945981e-09,
    "ROUGE_L": 0.17967599410898377,
    "CIDEr": 0.0,
    "METEOR": 0.09515418502202644,
    "SPICE": 0.0,
    "BLEU_4": 1.0768261868323776e-12
  },
  "3": {
    "BLEU_1": 0.29999999994000015,
    "BLEU_2": 5.773502690709485e-09,
    "ROUGE_L": 0.21254355400696867,
    "CIDEr": 0.0,
    "METEOR": 0.1682051282051282,
    "SPICE": 0.06666666666666667,
    "BLEU_4": 8.783602617783837e-13
  },
  "4": {
    "BLEU_1": 0.2849111010768803,
    "BLEU_2": 0.2096888927387587,
    "ROUGE_L": 0.39804241435562804,
    "CIDEr": 0.0,
    "METEOR": 0.23588625285053114,
    "SPICE": 0.1764705882352941,
    "BLEU_4": 2.419557280073454e-05
  },
  "5": {
    "BLEU_1": 0.07122777526922014,
    "BLEU_2": 2.3443930914526333e-09,
    "ROUGE_L": 0.09951060358890701,
    "CIDEr": 0.0,
    "METEOR": 0.16078431372549018,
    "SPICE": 0.1818181818181818,
    "BLEU_4": 4.549497295671966e-13
  },
  "6": {
    "BLEU_1": 0.2849111010768803,
    "BLEU_2": 4.688786182905264e-09,
    "ROUGE_L": 0.2985318107667211,
    "CIDEr": 0.0,
    "METEOR": 0.1938369642989147,
    "SPICE": 0.1764705882352941,
    "BLEU_4": 6.433960777519012e-13
  },
  "7": {
    "BLEU_1": 0.14245555053844017,
    "BLEU_2": 3.3154725054661e-09,
    "ROUGE_L": 0.1471652593486128,
    "CIDEr": 0.0,
    "METEOR": 0.1826839842711499,
    "SPICE": 0.12121212121212123,
    "BLEU_4": 5.410294553698739e-13
  },
  "8": {
    "BLEU_1": 0.14245555053844017,
    "BLEU_2": 3.3154725054661e-09,
    "ROUGE_L": 0.1471652593486128,
    "CIDEr": 0.0,
    "METEOR": 0.1483065953654189,
    "SPICE": 0.1818181818181818,
    "BLEU_4": 5.410294553698739e-13
  },
  "9": {
    "BLEU_1": 0.29999999994000015,
    "BLEU_2": 5.773502690709485e-09,
    "ROUGE_L": 0.22676579925650556,
    "CIDEr": 0.0,
    "METEOR": 0.1742849788813765,
    "SPICE": 0.1290322580645161,
    "BLEU_4": 8.783602617783837e-13
  }
}