{
  "0": {
    "BLEU_1": 0.24999999993750016,
    "BLEU_2": 5.976143045124577e-09,
    "ROUGE_L": 0.20469798657718125,
    "CIDEr": 0.0,
    "METEOR": 0.13238770685579196,
    "SPICE": 0.05555555555555556,
    "BLEU_4": 1.0445522727757714e-12
  },
  "1": {
    "BLEU_1": 0.45454545446281003,
    "BLEU_2": 0.36927447286917897,
    "ROUGE_L": 0.3283983849259758,
    "CIDEr": 0.0,
    "METEOR": 0.2675966914618394,
    "SPICE": 0.05263157894736841,
    "BLEU_4": 0.24808414996798095
  },
  "2": {
    "BLEU_1": 0.4524187089274962,
    "BLEU_2": 0.3693983289849845,
    "ROUGE_L": 0.33983286908078,
    "CIDEr": 0.0,
    "METEOR": 0.2724698735393789,
    "SPICE": 0.05263157894736841,
    "BLEU_4": 0.25132936344704904
  },
  "3": {
    "BLEU_1": 0.6191984996446447,
    "BLEU_2": 0.5180586331363808,
    "ROUGE_L": 0.3794712286158632,
    "CIDEr": 0.0,
    "METEOR": 0.28456150300065963,
    "SPICE": 0.05714285714285715,
    "BLEU_4": 0.37684991632384973
  },
  "4": {
    "BLEU_1": 0.4444444443950618,
    "BLEU_2": 0.33333333329398157,
    "ROUGE_L": 0.35209235209235207,
    "CIDEr": 0.0,
    "METEOR": 0.21546570767701126,
    "SPICE": 0.05405405405405406,
    "BLEU_4": 4.032989116198e-05
  },
  "5": {
    "BLEU_1": 0.24999999997916675,
    "BLEU_2": 4.767312945812628e-09,
    "ROUGE_L": 0.15885416666666669,
    "CIDEr": 0.0,
    "METEOR": 0.130390223525732,
    "SPICE": 0.05128205128205127,
    "BLEU_4": 7.08885680157797e-13
  },
  "6": {
    "BLEU_1": 0.27145122535649774,
    "BLEU_2": 5.224081267685234e-09,
    "ROUGE_L": 0.16991643454039,
    "CIDEr": 0.0,
    "METEOR": 0.13495641812390938,
    "SPICE": 0.05405405405405406,
    "BLEU_4": 7.947732313729421e-13
  },
  "7": {
    "BLEU_1": 0.27145122535649774,
    "BLEU_2": 5.224081267685234e-09,
    "ROUGE_L": 0.16991643454039,
    "CIDEr": 0.0,
    "METEOR": 0.13495641812390938,
    "SPICE": 0.05263157894736841,
    "BLEU_4": 7.947732313729421e-13
  },
  "8": {
    "BLEU_1": 0.3619349671419969,
    "BLEU_2": 6.032249452333103e-09,
    "ROUGE_L": 0.1788856304985337,
    "CIDEr": 0.0,
    "METEOR": 0.1381824679595407,
    "SPICE": 0.05405405405405406,
    "BLEU_4": 8.540394170515986e-13
  },
  "9": {
    "BLEU_1": 0.4524187089274962,
    "BLEU_2": 6.744259916326348e-09,
    "ROUGE_L": 0.18885448916408668,
    "CIDEr": 0.0,
    "METEOR": 0.1546651814973307,
    "SPICE": 0.10810810810810811,
    "BLEU_4": 9.030367374358917e-13
  }
}