{
  "0": {
    "BLEU_1": 9.196986024687569e-17,
    "BLEU_2": 1.0619764713730698e-16,
    "ROUGE_L": 0.0,
    "CIDEr": 0.0,
    "METEOR": 0.0,
    "SPICE": 0.0,
    "BLEU_4": 1.6620829993657386e-16
  },
  "1": {
    "BLEU_1": 0.6249999998437503,
    "BLEU_2": 0.29880715225622895,
    "ROUGE_L": 0.28955696202531644,
    "CIDEr": 0.0,
    "METEOR": 0.17465069909408612,
    "SPICE": 0.2222222222222222,
    "BLEU_4": 7.386099953835683e-09
  },
  "2": {
    "BLEU_1": 0.3715190997867868,
    "BLEU_2": 0.23168286400471463,
    "ROUGE_L": 0.1897356143079316,
    "CIDEr": 0.0,
    "METEOR": 0.17757236506406154,
    "SPICE": 0.18181818181818182,
    "BLEU_4": 6.701444468735928e-09
  },
  "3": {
    "BLEU_1": 0.35826565516747294,
    "BLEU_2": 0.2265870955445612,
    "ROUGE_L": 0.31443298969072164,
    "CIDEr": 0.0,
    "METEOR": 0.21380087544338672,
    "SPICE": 0.24,
    "BLEU_4": 6.846046757997816e-09
  },
  "4": {
    "BLEU_1": 0.35826565516747294,
    "BLEU_2": 0.2265870955445612,
    "ROUGE_L": 0.31443298969072164,
    "CIDEr": 0.0,
    "METEOR": 0.17658767542414994,
    "SPICE": 0.2608695652173913,
    "BLEU_4": 6.846046757997816e-09
  },
  "5": {
    "BLEU_1": 0.6191984996446447,
    "BLEU_2": 0.42299310267594614,
    "ROUGE_L": 0.474339035769829,
    "CIDEr": 0.0,
    "METEOR": 0.2458593848644323,
    "SPICE": 0.24999999999999997,
    "BLEU_4": 9.054992803586728e-09
  },
  "6": {
    "BLEU_1": 0.357142857117347,
    "BLEU_2": 0.16574838602065456,
    "ROUGE_L": 0.2982885085574572,
    "CIDEr": 0.0,
    "METEOR": 0.12618245357814603,
    "SPICE": 0.17142857142857143,
    "BLEU_4": 3.7982292265213524e-09
  },
  "7": {
    "BLEU_1": 0.4999999998750002,
    "BLEU_2": 0.26726124184322303,
    "ROUGE_L": 0.28955696202531644,
    "CIDEr": 0.0,
    "METEOR": 0.17182361943249122,
    "SPICE": 0.18181818181818182,
    "BLEU_4": 6.985342054598842e-09
  },
  "8": {
    "BLEU_1": 0.47768754022329724,
    "BLEU_2": 0.37001517758895625,
    "ROUGE_L": 0.39482200647249194,
    "CIDEr": 0.0,
    "METEOR": 0.20239517761572196,
    "SPICE": 0.2608695652173913,
    "BLEU_4": 4.919625501680315e-05
  },
  "9": {
    "BLEU_1": 0.4953587997157158,
    "BLEU_2": 0.2675243277994909,
    "ROUGE_L": 0.30148270181219106,
    "CIDEr": 0.0,
    "METEOR": 0.20907536525851303,
    "SPICE": 0.18181818181818182,
    "BLEU_4": 7.201170725888819e-09
  }
}