{
  "0": {
    "BLEU_1": 0.5515605639774822,
    "BLEU_2": 0.3729230059054938,
    "ROUGE_L": 0.346590909090909,
    "CIDEr": 0.0,
    "METEOR": 0.17275575480011776,
    "SPICE": 0.07692307692307693,
    "BLEU_4": 4.358989964947794e-05
  },
  "1": {
    "BLEU_1": 0.4999999999000002,
    "BLEU_2": 0.33333333326481496,
    "ROUGE_L": 0.32360742705570295,
    "CIDEr": 0.0,
    "METEOR": 0.169086606025602,
    "SPICE": 0.07407407407407407,
    "BLEU_4": 3.753119267926982e-05
  },
  "2": {
    "BLEU_1": 0.38461538455621314,
    "BLEU_2": 0.17902871848174168,
    "ROUGE_L": 0.2207478890229192,
    "CIDEr": 0.0,
    "METEOR": 0.14646874771049284,
    "SPICE": 0.18749999999999997,
    "BLEU_4": 4.131551590425773e-09
  },
  "3": {
    "BLEU_1": 0.4999999999000002,
    "BLEU_2": 0.23570226034706615,
    "ROUGE_L": 0.24270557029177717,
    "CIDEr": 0.0,
    "METEOR": 0.15185551426376842,
    "SPICE": 0.2962962962962963,
    "BLEU_4": 5.612222323072491e-09
  },
  "4": {
    "BLEU_1": 0.35714285709183685,
    "BLEU_2": 0.16574838600881542,
    "ROUGE_L": 0.21428571428571427,
    "CIDEr": 0.0,
    "METEOR": 0.14427537212081826,
    "SPICE": 0.25,
    "BLEU_4": 3.798229226250051e-09
  },
  "5": {
    "BLEU_1": 0.5384615383786985,
    "BLEU_2": 0.29957234471059097,
    "ROUGE_L": 0.30310559006211174,
    "CIDEr": 0.0,
    "METEOR": 0.22479173205249262,
    "SPICE": 0.2857142857142857,
    "BLEU_4": 5.344445933910239e-09
  },
  "6": {
    "BLEU_1": 0.47058823526643606,
    "BLEU_2": 0.2425356250216204,
    "ROUGE_L": 0.2696132596685083,
    "CIDEr": 0.0,
    "METEOR": 0.22795831968362612,
    "SPICE": 0.2580645161290323,
    "BLEU_4": 4.091032653614925e-09
  },
  "7": {
    "BLEU_1": 0.3999999999800001,
    "BLEU_2": 0.2051956704065011,
    "ROUGE_L": 0.2837209302325582,
    "CIDEr": 0.0,
    "METEOR": 0.2188252331725218,
    "SPICE": 0.23529411764705882,
    "BLEU_4": 3.4249460896035026e-09
  },
  "8": {
    "BLEU_1": 0.3999999999800001,
    "BLEU_2": 0.2051956704065011,
    "ROUGE_L": 0.2837209302325582,
    "CIDEr": 0.0,
    "METEOR": 0.1800512607584206,
    "SPICE": 0.17647058823529413,
    "BLEU_4": 3.4249460896035026e-09
  },
  "9": {
    "BLEU_1": 0.4210526315567868,
    "BLEU_2": 0.2649064713986791,
    "ROUGE_L": 0.3297297297297298,
    "CIDEr": 0.0,
    "METEOR": 0.19282940501976792,
    "SPICE": 0.22857142857142856,
    "BLEU_4": 2.2537412721381717e-05
  }
}