{
  "0": {
    "BLEU_1": 0.34364463930957506,
    "BLEU_2": 0.18368578615520836,
    "ROUGE_L": 0.4093959731543625,
    "CIDEr": 0.0,
    "METEOR": 0.17848920090746084,
    "SPICE": 0.15384615384615385,
    "BLEU_4": 4.800950702813486e-09
  },
  "1": {
    "BLEU_1": 0.5833333332361111,
    "BLEU_2": 0.32566947358395304,
    "ROUGE_L": 0.45522388059701485,
    "CIDEr": 0.0,
    "METEOR": 0.23409707586600703,
    "SPICE": 0.2,
    "BLEU_4": 5.859059369098998e-09
  },
  "2": {
    "BLEU_1": 0.5333333332622223,
    "BLEU_2": 0.33806170184552686,
    "ROUGE_L": 0.48577929465301484,
    "CIDEr": 0.0,
    "METEOR": 0.24407703615041396,
    "SPICE": 0.22857142857142854,
    "BLEU_4": 2.9256127303182507e-05
  },
  "3": {
    "BLEU_1": 0.4999999999687501,
    "BLEU_2": 0.316227765996415,
    "ROUGE_L": 0.4723451327433628,
    "CIDEr": 0.0,
    "METEOR": 0.24285256941387343,
    "SPICE": 0.22857142857142854,
    "BLEU_4": 2.722589422880811e-05
  },
  "4": {
    "BLEU_1": 0.4285714285102042,
    "BLEU_2": 0.2567762954691601,
    "ROUGE_L": 0.31202046035805625,
    "CIDEr": 0.0,
    "METEOR": 0.25318987003645993,
    "SPICE": 0.25806451612903225,
    "BLEU_4": 4.727526605592614e-09
  },
  "5": {
    "BLEU_1": 0.38461538458579886,
    "BLEU_2": 0.17902871849551308,
    "ROUGE_L": 0.2943305186972256,
    "CIDEr": 0.0,
    "METEOR": 0.16426965743613708,
    "SPICE": 0.21428571428571427,
    "BLEU_4": 4.131551590743584e-09
  },
  "6": {
    "BLEU_1": 0.35714285709183685,
    "BLEU_2": 0.16574838600881542,
    "ROUGE_L": 0.31202046035805625,
    "CIDEr": 0.0,
    "METEOR": 0.17709432672202674,
    "SPICE": 0.23076923076923073,
    "BLEU_4": 3.798229226250051e-09
  },
  "7": {
    "BLEU_1": 0.35714285709183685,
    "BLEU_2": 0.16574838600881542,
    "ROUGE_L": 0.31202046035805625,
    "CIDEr": 0.0,
    "METEOR": 0.17598517645028125,
    "SPICE": 0.22222222222222224,
    "BLEU_4": 3.798229226250051e-09
  },
  "8": {
    "BLEU_1": 0.23529411763321803,
    "BLEU_2": 0.12126781251081024,
    "ROUGE_L": 0.2847141190198366,
    "CIDEr": 0.0,
    "METEOR": 0.15160855735706721,
    "SPICE": 0.06896551724137931,
    "BLEU_4": 2.8927969314267103e-09
  },
  "9": {
    "BLEU_1": 0.19047619046712022,
    "BLEU_2": 0.09759000729009006,
    "ROUGE_L": 0.2549634273772205,
    "CIDEr": 0.0,
    "METEOR": 0.17607867014078354,
    "SPICE": 0.12903225806451613,
    "BLEU_4": 2.297185935726835e-09
  }
}