{
  "0": {
    "BLEU_1": 0.37225088991138877,
    "BLEU_2": 6.357394235768728e-09,
    "ROUGE_L": 0.22803738317757008,
    "CIDEr": 0.0,
    "METEOR": 0.226302729528536,
    "SPICE": 0.12903225806451613,
    "BLEU_4": 9.62318798504121e-13
  },
  "1": {
    "BLEU_1": 0.1988531814701149,
    "BLEU_2": 4.716217300589896e-09,
    "ROUGE_L": 0.20854700854700853,
    "CIDEr": 0.0,
    "METEOR": 0.07407407407407407,
    "SPICE": 0.0,
    "BLEU_4": 8.0696947976792e-13
  },
  "2": {
    "BLEU_1": 0.46002220723799137,
    "BLEU_2": 0.19615412824451478,
    "ROUGE_L": 0.2772727272727273,
    "CIDEr": 0.0,
    "METEOR": 0.25069911772116343,
    "SPICE": 0.12121212121212122,
    "BLEU_4": 4.3615664704852085e-09
  },
  "3": {
    "BLEU_1": 0.4971329536752872,
    "BLEU_2": 7.456994305077522e-09,
    "ROUGE_L": 0.20854700854700853,
    "CIDEr": 0.0,
    "METEOR": 0.23903614457831326,
    "SPICE": 0.0625,
    "BLEU_4": 1.0147104005940296e-12
  },
  "4": {
    "BLEU_1": 0.29999999994000015,
    "BLEU_2": 0.1825741857975264,
    "ROUGE_L": 0.2,
    "CIDEr": 0.0,
    "METEOR": 0.13330316149460247,
    "SPICE": 0.06060606060606061,
    "BLEU_4": 4.939382736029984e-09
  },
  "5": {
    "BLEU_1": 0.27272727270247943,
    "BLEU_2": 5.222329678172441e-09,
    "ROUGE_L": 0.09606299212598425,
    "CIDEr": 0.0,
    "METEOR": 0.15307517084282463,
    "SPICE": 0.05714285714285715,
    "BLEU_4": 7.84510965356927e-13
  },
  "6": {
    "BLEU_1": 0.3999999999200002,
    "BLEU_2": 6.666666665296299e-09,
    "ROUGE_L": 0.2,
    "CIDEr": 0.0,
    "METEOR": 0.212093023255814,
    "SPICE": 0.11764705882352941,
    "BLEU_4": 9.438595266157062e-13
  },
  "7": {
    "BLEU_1": 0.357142857117347,
    "BLEU_2": 0.2344036154518607,
    "ROUGE_L": 0.2577464788732394,
    "CIDEr": 0.0,
    "METEOR": 0.2619804110147444,
    "SPICE": 0.052631578947368425,
    "BLEU_4": 4.516881220590474e-09
  },
  "8": {
    "BLEU_1": 0.46002220723799137,
    "BLEU_2": 0.19615412824451478,
    "ROUGE_L": 0.18484848484848485,
    "CIDEr": 0.0,
    "METEOR": 0.260872622070156,
    "SPICE": 0.17142857142857143,
    "BLEU_4": 4.3615664704852085e-09
  },
  "9": {
    "BLEU_1": 0.4999999999642858,
    "BLEU_2": 0.1961161351236371,
    "ROUGE_L": 0.2577464788732394,
    "CIDEr": 0.0,
    "METEOR": 0.27436483375554427,
    "SPICE": 0.16216216216216217,
    "BLEU_4": 4.131551590773095e-09
  }
}