{
  "0": {
    "BLEU_1": 0.3333333332962964,
    "BLEU_2": 6.454972242916984e-09,
    "ROUGE_L": 0.19645732689210954,
    "CIDEr": 0.0,
    "METEOR": 0.11740041928721175,
    "SPICE": 0.15000000000000002,
    "BLEU_4": 9.980099402512292e-13
  },
  "1": {
    "BLEU_1": 0.27145122535649774,
    "BLEU_2": 5.224081267685234e-09,
    "ROUGE_L": 0.18885448916408668,
    "CIDEr": 0.0,
    "METEOR": 0.11522633744855966,
    "SPICE": 0.15000000000000002,
    "BLEU_4": 7.947732313729421e-13
  },
  "2": {
    "BLEU_1": 0.3999999999733334,
    "BLEU_2": 0.23904572185037326,
    "ROUGE_L": 0.3164721141374838,
    "CIDEr": 0.0,
    "METEOR": 0.1839820501874323,
    "SPICE": 0.13043478260869568,
    "BLEU_4": 2.4601372575092587e-05
  },
  "3": {
    "BLEU_1": 0.1538461538343196,
    "BLEU_2": 3.5805743699102604e-09,
    "ROUGE_L": 0.16920943134535368,
    "CIDEr": 0.0,
    "METEOR": 0.09142857142857143,
    "SPICE": 0.045454545454545456,
    "BLEU_4": 5.84289629327371e-13
  },
  "4": {
    "BLEU_1": 0.08333333331944454,
    "BLEU_2": 2.752409412346742e-09,
    "ROUGE_L": 0.08764367816091953,
    "CIDEr": 0.0,
    "METEOR": 0.06189555125725338,
    "SPICE": 0.09302325581395349,
    "BLEU_4": 5.38636636786409e-13
  },
  "5": {
    "BLEU_1": 0.18749999998828132,
    "BLEU_2": 3.535533905704402e-09,
    "ROUGE_L": 0.15326633165829145,
    "CIDEr": 0.0,
    "METEOR": 0.11228070175438597,
    "SPICE": 0.08695652173913043,
    "BLEU_4": 5.119289102444937e-13
  },
  "6": {
    "BLEU_1": 0.1333333333244445,
    "BLEU_2": 3.0860669990287532e-09,
    "ROUGE_L": 0.1582360570687419,
    "CIDEr": 0.0,
    "METEOR": 0.11347517730496454,
    "SPICE": 0.13333333333333333,
    "BLEU_4": 4.970745472430083e-13
  },
  "7": {
    "BLEU_1": 0.1333333333244445,
    "BLEU_2": 3.0860669990287532e-09,
    "ROUGE_L": 0.1582360570687419,
    "CIDEr": 0.0,
    "METEOR": 0.09505953091371785,
    "SPICE": 0.08888888888888889,
    "BLEU_4": 4.970745472430083e-13
  },
  "8": {
    "BLEU_1": 0.12499999999218755,
    "BLEU_2": 2.8867513457616934e-09,
    "ROUGE_L": 0.08026315789473684,
    "CIDEr": 0.0,
    "METEOR": 0.07092198581560283,
    "SPICE": 0.07692307692307691,
    "BLEU_4": 4.625799890027289e-13
  },
  "9": {
    "BLEU_1": 0.11764705881660904,
    "BLEU_2": 2.7116307225687105e-09,
    "ROUGE_L": 0.14859926918392205,
    "CIDEr": 0.0,
    "METEOR": 0.11053540587219342,
    "SPICE": 0.13043478260869568,
    "BLEU_4": 4.3257403657294177e-13
  }
}