{
  "0": {
    "BLEU_1": 0.5555555554938273,
    "BLEU_2": 0.37267799620596836,
    "ROUGE_L": 0.2234432234432234,
    "CIDEr": 0.0,
    "METEOR": 0.16563898438623378,
    "SPICE": 0.09302325581395347,
    "BLEU_4": 7.583235672378978e-09
  },
  "1": {
    "BLEU_1": 0.4999999999166667,
    "BLEU_2": 0.21320071631926954,
    "ROUGE_L": 0.20469798657718125,
    "CIDEr": 0.0,
    "METEOR": 0.12114854321653244,
    "SPICE": 0.0851063829787234,
    "BLEU_4": 4.7406042590263856e-09
  },
  "2": {
    "BLEU_1": 0.4999999999642858,
    "BLEU_2": 0.1961161351236371,
    "ROUGE_L": 0.2237163814180929,
    "CIDEr": 0.0,
    "METEOR": 0.13257237396077007,
    "SPICE": 0.08333333333333333,
    "BLEU_4": 4.131551590773095e-09
  },
  "3": {
    "BLEU_1": 0.4374999999726563,
    "BLEU_2": 0.2415229457542257,
    "ROUGE_L": 0.21082949308755758,
    "CIDEr": 0.0,
    "METEOR": 0.15951796865451134,
    "SPICE": 0.08163265306122448,
    "BLEU_4": 4.231178541317022e-09
  },
  "4": {
    "BLEU_1": 0.3146093504597646,
    "BLEU_2": 0.1727739060495549,
    "ROUGE_L": 0.19406150583244963,
    "CIDEr": 0.0,
    "METEOR": 0.15025888593043296,
    "SPICE": 0.07692307692307693,
    "BLEU_4": 2.990958887358382e-09
  },
  "5": {
    "BLEU_1": 0.33333333331111115,
    "BLEU_2": 0.21821789022092503,
    "ROUGE_L": 0.28944246737841045,
    "CIDEr": 0.0,
    "METEOR": 0.12176814289313653,
    "SPICE": 0.04081632653061224,
    "BLEU_4": 4.179882048905088e-09
  },
  "6": {
    "BLEU_1": 0.3333333332962964,
    "BLEU_2": 6.454972242916984e-09,
    "ROUGE_L": 0.2234432234432234,
    "CIDEr": 0.0,
    "METEOR": 0.11387900355871886,
    "SPICE": 0.09302325581395347,
    "BLEU_4": 9.980099402512292e-13
  },
  "7": {
    "BLEU_1": 0.3333333332962964,
    "BLEU_2": 0.20412414520783367,
    "ROUGE_L": 0.2234432234432234,
    "CIDEr": 0.0,
    "METEOR": 0.12718441369707142,
    "SPICE": 0.17777777777777776,
    "BLEU_4": 5.612222323540175e-09
  },
  "8": {
    "BLEU_1": 0.36363636357024803,
    "BLEU_2": 0.19069251781358043,
    "ROUGE_L": 0.22867853795688847,
    "CIDEr": 0.0,
    "METEOR": 0.13351169511209202,
    "SPICE": 0.1702127659574468,
    "BLEU_4": 4.740604258941092e-09
  },
  "9": {
    "BLEU_1": 0.36363636357024803,
    "BLEU_2": 0.19069251781358043,
    "ROUGE_L": 0.22867853795688847,
    "CIDEr": 0.0,
    "METEOR": 0.13351169511209202,
    "SPICE": 0.1702127659574468,
    "BLEU_4": 4.740604258941092e-09
  }
}