{
  "0": {
    "BLEU_1": 0.3422780792409688,
    "BLEU_2": 0.18747342493669486,
    "ROUGE_L": 0.23921568627450981,
    "CIDEr": 0.0,
    "METEOR": 0.1831716299771604,
    "SPICE": 0.0,
    "BLEU_4": 5.271202710558196e-09
  },
  "1": {
    "BLEU_1": 0.7272727272066117,
    "BLEU_2": 0.6030226890979661,
    "ROUGE_L": 0.384251968503937,
    "CIDEr": 0.0,
    "METEOR": 0.24818625172831302,
    "SPICE": 0.1081081081081081,
    "BLEU_4": 0.31702331381849935
  },
  "2": {
    "BLEU_1": 0.46553138978550707,
    "BLEU_2": 0.3162663007956586,
    "ROUGE_L": 0.2939759036144578,
    "CIDEr": 0.0,
    "METEOR": 0.23585227132404685,
    "SPICE": 0.21052631578947367,
    "BLEU_4": 2.8469016190057817e-05
  },
  "3": {
    "BLEU_1": 0.3999999999200002,
    "BLEU_2": 0.2981423969386873,
    "ROUGE_L": 0.3,
    "CIDEr": 0.0,
    "METEOR": 0.20382928266894595,
    "SPICE": 0.16666666666666663,
    "BLEU_4": 3.549481055230085e-05
  },
  "4": {
    "BLEU_1": 0.5333333332622223,
    "BLEU_2": 0.43643578041275427,
    "ROUGE_L": 0.3319727891156462,
    "CIDEr": 0.0,
    "METEOR": 0.2945757332849824,
    "SPICE": 0.25641025641025644,
    "BLEU_4": 3.9530883741114504e-05
  },
  "5": {
    "BLEU_1": 0.3999999999200002,
    "BLEU_2": 0.2981423969386873,
    "ROUGE_L": 0.3,
    "CIDEr": 0.0,
    "METEOR": 0.20382928266894595,
    "SPICE": 0.16666666666666663,
    "BLEU_4": 3.549481055230085e-05
  },
  "6": {
    "BLEU_1": 0.5333333332622223,
    "BLEU_2": 0.3903600291264359,
    "ROUGE_L": 0.3333333333333333,
    "CIDEr": 0.0,
    "METEOR": 0.26716921357662354,
    "SPICE": 0.26315789473684215,
    "BLEU_4": 3.143775472160169e-05
  },
  "7": {
    "BLEU_1": 0.3297707380878974,
    "BLEU_2": 0.21708167557230726,
    "ROUGE_L": 0.2671532846715329,
    "CIDEr": 0.0,
    "METEOR": 0.21030411522582468,
    "SPICE": 0.21052631578947367,
    "BLEU_4": 2.3689513579244033e-05
  },
  "8": {
    "BLEU_1": 0.3999999999200002,
    "BLEU_2": 0.2981423969386873,
    "ROUGE_L": 0.3,
    "CIDEr": 0.0,
    "METEOR": 0.20382928266894595,
    "SPICE": 0.16666666666666663,
    "BLEU_4": 3.549481055230085e-05
  },
  "9": {
    "BLEU_1": 0.4867504892979407,
    "BLEU_2": 0.3291033976141351,
    "ROUGE_L": 0.3267857142857143,
    "CIDEr": 0.0,
    "METEOR": 0.20652306173505539,
    "SPICE": 0.17647058823529413,
    "BLEU_4": 3.8467951424637624e-05
  }
}