{
  "0": {
    "BLEU_1": 0.4999999998750002,
    "BLEU_2": 0.26726124184322303,
    "ROUGE_L": 0.28955696202531644,
    "CIDEr": 0.0,
    "METEOR": 0.11721954896253386,
    "SPICE": 0.11764705882352941,
    "BLEU_4": 6.985342054598842e-09
  },
  "1": {
    "BLEU_1": 0.6249999998437503,
    "BLEU_2": 0.29880715225622895,
    "ROUGE_L": 0.3860759493670886,
    "CIDEr": 0.0,
    "METEOR": 0.16877761293355087,
    "SPICE": 0.19999999999999998,
    "BLEU_4": 7.386099953835683e-09
  },
  "2": {
    "BLEU_1": 0.6666666665925927,
    "BLEU_2": 9.128709290675074e-09,
    "ROUGE_L": 0.3713850837138508,
    "CIDEr": 0.0,
    "METEOR": 0.15238095238095237,
    "SPICE": 0.13333333333333336,
    "BLEU_4": 1.1868405217902023e-12
  },
  "3": {
    "BLEU_1": 0.4999999999500001,
    "BLEU_2": 0.23570226037063632,
    "ROUGE_L": 0.3577712609970674,
    "CIDEr": 0.0,
    "METEOR": 0.19649626927665437,
    "SPICE": 0.12903225806451613,
    "BLEU_4": 5.612222323633712e-09
  },
  "4": {
    "BLEU_1": 0.4999999998750002,
    "BLEU_2": 8.451542545096823e-09,
    "ROUGE_L": 0.1930379746835443,
    "CIDEr": 0.0,
    "METEOR": 0.13238770685579196,
    "SPICE": 0.12903225806451613,
    "BLEU_4": 1.2421889947772103e-12
  },
  "5": {
    "BLEU_1": 0.4444444443950618,
    "BLEU_2": 0.23570226036769004,
    "ROUGE_L": 0.2785388127853881,
    "CIDEr": 0.0,
    "METEOR": 0.18007964794055403,
    "SPICE": 0.125,
    "BLEU_4": 6.030725359585126e-09
  },
  "6": {
    "BLEU_1": 0.4999999998750002,
    "BLEU_2": 8.451542545096823e-09,
    "ROUGE_L": 0.25,
    "CIDEr": 0.0,
    "METEOR": 0.15130023640661938,
    "SPICE": 0.13333333333333336,
    "BLEU_4": 1.2421889947772103e-12
  },
  "7": {
    "BLEU_1": 0.6249999998437503,
    "BLEU_2": 0.29880715225622895,
    "ROUGE_L": 0.3860759493670886,
    "CIDEr": 0.0,
    "METEOR": 0.16877761293355087,
    "SPICE": 0.19999999999999998,
    "BLEU_4": 7.386099953835683e-09
  },
  "8": {
    "BLEU_1": 0.6666666665925927,
    "BLEU_2": 9.128709290675074e-09,
    "ROUGE_L": 0.3713850837138508,
    "CIDEr": 0.0,
    "METEOR": 0.15238095238095237,
    "SPICE": 0.13333333333333336,
    "BLEU_4": 1.1868405217902023e-12
  },
  "9": {
    "BLEU_1": 0.5810640920739736,
    "BLEU_2": 0.3257514508263493,
    "ROUGE_L": 0.4314002828854314,
    "CIDEr": 0.0,
    "METEOR": 0.20973486061547575,
    "SPICE": 0.2222222222222222,
    "BLEU_4": 5.9206501149795045e-09
  }
}