{
  "0": {
    "BLEU_1": 0.1947001957191763,
    "BLEU_2": 4.654224883289751e-09,
    "ROUGE_L": 0.20469798657718125,
    "CIDEr": 0.0,
    "METEOR": 0.1524960601429109,
    "SPICE": 0.13333333333333333,
    "BLEU_4": 8.134981279967864e-13
  },
  "1": {
    "BLEU_1": 0.26666666664888894,
    "BLEU_2": 0.23904572185037323,
    "ROUGE_L": 0.2373540856031128,
    "CIDEr": 0.0,
    "METEOR": 0.23655390862405218,
    "SPICE": 0.1714285714285714,
    "BLEU_4": 2.4601372575092587e-05
  },
  "2": {
    "BLEU_1": 0.33333333331111115,
    "BLEU_2": 0.26726124189397066,
    "ROUGE_L": 0.2373540856031128,
    "CIDEr": 0.0,
    "METEOR": 0.24887337397839018,
    "SPICE": 0.16216216216216214,
    "BLEU_4": 2.6012784402097693e-05
  },
  "3": {
    "BLEU_1": 0.33333333331111115,
    "BLEU_2": 0.26726124189397066,
    "ROUGE_L": 0.2373540856031128,
    "CIDEr": 0.0,
    "METEOR": 0.24887337397839018,
    "SPICE": 0.16216216216216214,
    "BLEU_4": 2.6012784402097693e-05
  },
  "4": {
    "BLEU_1": 0.3749999999765626,
    "BLEU_2": 0.22360679773553777,
    "ROUGE_L": 0.24078947368421053,
    "CIDEr": 0.0,
    "METEOR": 0.234001028159514,
    "SPICE": 0.21621621621621623,
    "BLEU_4": 4.071220775270606e-09
  },
  "5": {
    "BLEU_1": 0.388888888867284,
    "BLEU_2": 0.2619684159828101,
    "ROUGE_L": 0.2259259259259259,
    "CIDEr": 0.0,
    "METEOR": 0.24374340114928483,
    "SPICE": 0.20512820512820512,
    "BLEU_4": 4.112175645300661e-09
  },
  "6": {
    "BLEU_1": 0.3999999999733334,
    "BLEU_2": 0.2927700218643449,
    "ROUGE_L": 0.2489795918367347,
    "CIDEr": 0.0,
    "METEOR": 0.2511211320074264,
    "SPICE": 0.21621621621621623,
    "BLEU_4": 4.841524712673482e-09
  },
  "7": {
    "BLEU_1": 0.35294117644982703,
    "BLEU_2": 0.2572478776981582,
    "ROUGE_L": 0.2331210191082802,
    "CIDEr": 0.0,
    "METEOR": 0.2451840620815476,
    "SPICE": 0.20512820512820512,
    "BLEU_4": 4.2132873222835864e-09
  },
  "8": {
    "BLEU_1": 0.36842105261218844,
    "BLEU_2": 0.24779731387827186,
    "ROUGE_L": 0.21916167664670658,
    "CIDEr": 0.0,
    "METEOR": 0.25345856065095007,
    "SPICE": 0.19999999999999998,
    "BLEU_4": 3.8761990532009996e-09
  },
  "9": {
    "BLEU_1": 0.34999999998250003,
    "BLEU_2": 0.2350811729787503,
    "ROUGE_L": 0.21279069767441858,
    "CIDEr": 0.0,
    "METEOR": 0.2491506337964924,
    "SPICE": 0.1951219512195122,
    "BLEU_4": 3.665882729402356e-09
  }
}