{
  "0": {
    "BLEU_1": 0.12499999996875016,
    "BLEU_2": 4.225771272548414e-09,
    "ROUGE_L": 0.116412213740458,
    "CIDEr": 0.0,
    "METEOR": 0.1251833740831296,
    "SPICE": 0.06896551724137931,
    "BLEU_4": 8.783602617222665e-13
  },
  "1": {
    "BLEU_1": 0.16601831202113534,
    "BLEU_2": 3.893474535598386e-09,
    "ROUGE_L": 0.1018363939899833,
    "CIDEr": 0.0,
    "METEOR": 0.17500999726435404,
    "SPICE": 0.12500000000000003,
    "BLEU_4": 6.472840222487366e-13
  },
  "2": {
    "BLEU_1": 0.16601831202113534,
    "BLEU_2": 3.893474535598386e-09,
    "ROUGE_L": 0.1018363939899833,
    "CIDEr": 0.0,
    "METEOR": 0.17500999726435404,
    "SPICE": 0.12500000000000003,
    "BLEU_4": 6.472840222487366e-13
  },
  "3": {
    "BLEU_1": 0.24902746803170303,
    "BLEU_2": 4.768512969367871e-09,
    "ROUGE_L": 0.108348134991119,
    "CIDEr": 0.0,
    "METEOR": 0.1614678899082569,
    "SPICE": 0.060606060606060615,
    "BLEU_4": 7.163375243335776e-13
  },
  "4": {
    "BLEU_1": 0.1111111110864199,
    "BLEU_2": 3.726779961645599e-09,
    "ROUGE_L": 0.1189083820662768,
    "CIDEr": 0.0,
    "METEOR": 0.10334928229665073,
    "SPICE": 0.1290322580645161,
    "BLEU_4": 7.583235671536399e-13
  },
  "5": {
    "BLEU_1": 0.1538461538343196,
    "BLEU_2": 3.5805743699102604e-09,
    "ROUGE_L": 0.09951060358890701,
    "CIDEr": 0.0,
    "METEOR": 0.12622601279317697,
    "SPICE": 0.1818181818181818,
    "BLEU_4": 5.84289629327371e-13
  },
  "6": {
    "BLEU_1": 0.16666666663888896,
    "BLEU_2": 3.8924947201441226e-09,
    "ROUGE_L": 0.09775641025641024,
    "CIDEr": 0.0,
    "METEOR": 0.180416730074928,
    "SPICE": 0.11764705882352942,
    "BLEU_4": 6.405505208675338e-13
  },
  "7": {
    "BLEU_1": 0.1538461538343196,
    "BLEU_2": 3.5805743699102604e-09,
    "ROUGE_L": 0.09399075500770414,
    "CIDEr": 0.0,
    "METEOR": 0.17366516845050242,
    "SPICE": 0.11764705882352942,
    "BLEU_4": 5.84289629327371e-13
  },
  "8": {
    "BLEU_1": 0.1538461538343196,
    "BLEU_2": 3.5805743699102604e-09,
    "ROUGE_L": 0.09399075500770414,
    "CIDEr": 0.0,
    "METEOR": 0.17366516845050242,
    "SPICE": 0.11764705882352942,
    "BLEU_4": 5.84289629327371e-13
  },
  "9": {
    "BLEU_1": 0.1538461538343196,
    "BLEU_2": 3.5805743699102604e-09,
    "ROUGE_L": 0.09399075500770414,
    "CIDEr": 0.0,
    "METEOR": 0.17366516845050242,
    "SPICE": 0.11764705882352942,
    "BLEU_4": 5.84289629327371e-13
  }
}