{
  "0": {
    "BLEU_1": 0.21470779796016531,
    "BLEU_2": 5.1856859842473975e-09,
    "ROUGE_L": 0.12224448897795591,
    "CIDEr": 0.0,
    "METEOR": 0.12937129501855954,
    "SPICE": 0.19354838709677416,
    "BLEU_4": 9.334768232372482e-13
  },
  "1": {
    "BLEU_1": 0.21470779796016531,
    "BLEU_2": 5.1856859842473975e-09,
    "ROUGE_L": 0.12224448897795591,
    "CIDEr": 0.0,
    "METEOR": 0.10267379679144387,
    "SPICE": 0.12903225806451613,
    "BLEU_4": 9.334768232372482e-13
  },
  "2": {
    "BLEU_1": 0.2499999999583334,
    "BLEU_2": 4.7673129454153526e-09,
    "ROUGE_L": 0.19551282051282048,
    "CIDEr": 0.0,
    "METEOR": 0.11234866828087167,
    "SPICE": 0.1142857142857143,
    "BLEU_4": 7.088856800987232e-13
  },
  "3": {
    "BLEU_1": 0.19999999996000015,
    "BLEU_2": 4.714045206941321e-09,
    "ROUGE_L": 0.10627177700348434,
    "CIDEr": 0.0,
    "METEOR": 0.09434889434889436,
    "SPICE": 0.06060606060606061,
    "BLEU_4": 7.936880924342154e-13
  },
  "4": {
    "BLEU_1": 0.16666666663888896,
    "BLEU_2": 3.8924947201441226e-09,
    "ROUGE_L": 0.09775641025641024,
    "CIDEr": 0.0,
    "METEOR": 0.11741706857947293,
    "SPICE": 0.1142857142857143,
    "BLEU_4": 6.405505208675338e-13
  },
  "5": {
    "BLEU_1": 0.18181818178512404,
    "BLEU_2": 4.2640143263175525e-09,
    "ROUGE_L": 0.1018363939899833,
    "CIDEr": 0.0,
    "METEOR": 0.11962785020544625,
    "SPICE": 0.11764705882352941,
    "BLEU_4": 7.088856800859686e-13
  },
  "6": {
    "BLEU_1": 0.18181818178512404,
    "BLEU_2": 4.2640143263175525e-09,
    "ROUGE_L": 0.1018363939899833,
    "CIDEr": 0.0,
    "METEOR": 0.11962785020544625,
    "SPICE": 0.11764705882352941,
    "BLEU_4": 7.088856800859686e-13
  },
  "7": {
    "BLEU_1": 0.18181818178512404,
    "BLEU_2": 4.2640143263175525e-09,
    "ROUGE_L": 0.1018363939899833,
    "CIDEr": 0.0,
    "METEOR": 0.12114854321653244,
    "SPICE": 0.11764705882352941,
    "BLEU_4": 7.088856800859686e-13
  },
  "8": {
    "BLEU_1": 0.27272727267768604,
    "BLEU_2": 5.222329677697684e-09,
    "ROUGE_L": 0.2036727879799666,
    "CIDEr": 0.0,
    "METEOR": 0.13084296116220684,
    "SPICE": 0.11764705882352941,
    "BLEU_4": 7.845109652856079e-13
  },
  "9": {
    "BLEU_1": 0.27272727267768604,
    "BLEU_2": 5.222329677697684e-09,
    "ROUGE_L": 0.2036727879799666,
    "CIDEr": 0.0,
    "METEOR": 0.13250621914308236,
    "SPICE": 0.11764705882352941,
    "BLEU_4": 7.845109652856079e-13
  }
}