{
  "0": {
    "BLEU_1": 0.1999999999800001,
    "BLEU_2": 4.714045207412725e-09,
    "ROUGE_L": 0.1476997578692494,
    "CIDEr": 0.0,
    "METEOR": 0.11697740120689615,
    "SPICE": 0.10256410256410256,
    "BLEU_4": 7.93688092513584e-13
  },
  "1": {
    "BLEU_1": 0.24999999993750016,
    "BLEU_2": 5.976143045124577e-09,
    "ROUGE_L": 0.116412213740458,
    "CIDEr": 0.0,
    "METEOR": 0.13560260634059598,
    "SPICE": 0.10526315789473685,
    "BLEU_4": 1.0445522727757714e-12
  },
  "2": {
    "BLEU_1": 0.22222222217283966,
    "BLEU_2": 5.270462765739487e-09,
    "ROUGE_L": 0.1111111111111111,
    "CIDEr": 0.0,
    "METEOR": 0.13225714730258784,
    "SPICE": 0.10256410256410256,
    "BLEU_4": 9.018037815333522e-13
  },
  "3": {
    "BLEU_1": 0.18181818178512404,
    "BLEU_2": 4.2640143263175525e-09,
    "ROUGE_L": 0.1018363939899833,
    "CIDEr": 0.0,
    "METEOR": 0.1405340334596625,
    "SPICE": 0.0975609756097561,
    "BLEU_4": 7.088856800859686e-13
  },
  "4": {
    "BLEU_1": 0.23529411763321803,
    "BLEU_2": 0.12126781251081024,
    "ROUGE_L": 0.1628838451268358,
    "CIDEr": 0.0,
    "METEOR": 0.17808502234140197,
    "SPICE": 0.16216216216216217,
    "BLEU_4": 2.8927969314267103e-09
  },
  "5": {
    "BLEU_1": 0.2476793998932407,
    "BLEU_2": 0.12851453014497438,
    "ROUGE_L": 0.18100890207715134,
    "CIDEr": 0.0,
    "METEOR": 0.18411693438844948,
    "SPICE": 0.1,
    "BLEU_4": 3.1139497433547216e-09
  },
  "6": {
    "BLEU_1": 0.1999999999800001,
    "BLEU_2": 4.714045207412725e-09,
    "ROUGE_L": 0.10627177700348434,
    "CIDEr": 0.0,
    "METEOR": 0.14261430698126937,
    "SPICE": 0.1,
    "BLEU_4": 7.93688092513584e-13
  },
  "7": {
    "BLEU_1": 0.1999999999800001,
    "BLEU_2": 4.714045207412725e-09,
    "ROUGE_L": 0.10627177700348434,
    "CIDEr": 0.0,
    "METEOR": 0.14403571203423882,
    "SPICE": 0.1142857142857143,
    "BLEU_4": 7.93688092513584e-13
  },
  "8": {
    "BLEU_1": 0.18181818178512404,
    "BLEU_2": 4.2640143263175525e-09,
    "ROUGE_L": 0.1018363939899833,
    "CIDEr": 0.0,
    "METEOR": 0.14191407306810438,
    "SPICE": 0.1,
    "BLEU_4": 7.088856800859686e-13
  },
  "9": {
    "BLEU_1": 0.18575954991993052,
    "BLEU_2": 3.5195153563790056e-09,
    "ROUGE_L": 0.13174946004319654,
    "CIDEr": 0.0,
    "METEOR": 0.14977870611456093,
    "SPICE": 0.15,
    "BLEU_4": 5.153199013401217e-13
  }
}