{
  "0": {
    "BLEU_1": 0.5515605639774822,
    "BLEU_2": 8.338811915782395e-09,
    "ROUGE_L": 0.21785714285714283,
    "CIDEr": 0.0,
    "METEOR": 0.10288248337028826,
    "SPICE": 0.0,
    "BLEU_4": 1.1591199222703112e-12
  },
  "1": {
    "BLEU_1": 0.5515605639774822,
    "BLEU_2": 8.338811915782395e-09,
    "ROUGE_L": 0.21785714285714283,
    "CIDEr": 0.0,
    "METEOR": 0.10288248337028826,
    "SPICE": 0.0,
    "BLEU_4": 1.1591199222703112e-12
  },
  "2": {
    "BLEU_1": 0.29999999994000015,
    "BLEU_2": 5.773502690709485e-09,
    "ROUGE_L": 0.1788856304985337,
    "CIDEr": 0.0,
    "METEOR": 0.058394160583941604,
    "SPICE": 0.0,
    "BLEU_4": 8.783602617783837e-13
  },
  "3": {
    "BLEU_1": 1.0735389898008262e-16,
    "BLEU_2": 1.1595546370745083e-16,
    "ROUGE_L": 0.0,
    "CIDEr": 0.0,
    "METEOR": 0.0,
    "SPICE": 0.0,
    "BLEU_4": 1.3958734299260755e-16
  },
  "4": {
    "BLEU_1": 8.986579278749804e-17,
    "BLEU_2": 1.0047301075986612e-16,
    "ROUGE_L": 0.0,
    "CIDEr": 0.0,
    "METEOR": 0.0,
    "SPICE": 0.0,
    "BLEU_4": 1.357591476796497e-16
  },
  "5": {
    "BLEU_1": 0.4412484511819858,
    "BLEU_2": 7.458460118109875e-09,
    "ROUGE_L": 0.21785714285714283,
    "CIDEr": 0.0,
    "METEOR": 0.09612682399567646,
    "SPICE": 0.07692307692307691,
    "BLEU_4": 1.0962279403155601e-12
  },
  "6": {
    "BLEU_1": 0.4444444443456792,
    "BLEU_2": 7.453559923291195e-09,
    "ROUGE_L": 0.1856925418569254,
    "CIDEr": 0.0,
    "METEOR": 0.08608534322820037,
    "SPICE": 0.07407407407407408,
    "BLEU_4": 1.0724314733358218e-12
  },
  "7": {
    "BLEU_1": 0.33093633838648934,
    "BLEU_2": 6.459215935396237e-09,
    "ROUGE_L": 0.10892857142857142,
    "CIDEr": 0.0,
    "METEOR": 0.08514412416851441,
    "SPICE": 0.06666666666666667,
    "BLEU_4": 1.0201550479411466e-12
  },
  "8": {
    "BLEU_1": 0.33093633838648934,
    "BLEU_2": 6.459215935396237e-09,
    "ROUGE_L": 0.10892857142857142,
    "CIDEr": 0.0,
    "METEOR": 0.08514412416851441,
    "SPICE": 0.06666666666666667,
    "BLEU_4": 1.0201550479411466e-12
  },
  "9": {
    "BLEU_1": 0.33093633838648934,
    "BLEU_2": 6.459215935396237e-09,
    "ROUGE_L": 0.10892857142857142,
    "CIDEr": 0.0,
    "METEOR": 0.08514412416851441,
    "SPICE": 0.07142857142857142,
    "BLEU_4": 1.0201550479411466e-12
  }
}