{
  "0": {
    "BLEU_1": 0.4999999998750002,
    "BLEU_2": 0.26726124184322303,
    "ROUGE_L": 0.3267857142857143,
    "CIDEr": 0.0,
    "METEOR": 0.2770225250818856,
    "SPICE": 0.14814814814814814,
    "BLEU_4": 6.985342054598842e-09
  },
  "1": {
    "BLEU_1": 0.3124999999804688,
    "BLEU_2": 0.14433756728808472,
    "ROUGE_L": 0.24078947368421053,
    "CIDEr": 0.0,
    "METEOR": 0.24407270932324723,
    "SPICE": 0.24242424242424243,
    "BLEU_4": 3.2709344706502825e-09
  },
  "2": {
    "BLEU_1": 0.33333333331481485,
    "BLEU_2": 0.14002800839479293,
    "ROUGE_L": 0.2479674796747967,
    "CIDEr": 0.0,
    "METEOR": 0.23476485176430983,
    "SPICE": 0.2857142857142857,
    "BLEU_4": 3.006454568869563e-09
  },
  "3": {
    "BLEU_1": 0.33333333331481485,
    "BLEU_2": 0.14002800839479293,
    "ROUGE_L": 0.2479674796747967,
    "CIDEr": 0.0,
    "METEOR": 0.23476485176430983,
    "SPICE": 0.2857142857142857,
    "BLEU_4": 3.006454568869563e-09
  },
  "4": {
    "BLEU_1": 0.27777777776234575,
    "BLEU_2": 4.042260417041042e-09,
    "ROUGE_L": 0.2479674796747967,
    "CIDEr": 0.0,
    "METEOR": 0.2033898305084746,
    "SPICE": 0.2857142857142857,
    "BLEU_4": 5.108099332632167e-13
  },
  "5": {
    "BLEU_1": 0.33333333331481485,
    "BLEU_2": 0.14002800839479293,
    "ROUGE_L": 0.2479674796747967,
    "CIDEr": 0.0,
    "METEOR": 0.23476485176430983,
    "SPICE": 0.2857142857142857,
    "BLEU_4": 3.006454568869563e-09
  },
  "6": {
    "BLEU_1": 0.33333333331481485,
    "BLEU_2": 0.14002800839479293,
    "ROUGE_L": 0.2479674796747967,
    "CIDEr": 0.0,
    "METEOR": 0.23476485176430983,
    "SPICE": 0.2857142857142857,
    "BLEU_4": 3.006454568869563e-09
  },
  "7": {
    "BLEU_1": 0.33333333331481485,
    "BLEU_2": 0.14002800839479293,
    "ROUGE_L": 0.2479674796747967,
    "CIDEr": 0.0,
    "METEOR": 0.23476485176430983,
    "SPICE": 0.2857142857142857,
    "BLEU_4": 3.006454568869563e-09
  },
  "8": {
    "BLEU_1": 0.33333333331481485,
    "BLEU_2": 0.14002800839479293,
    "ROUGE_L": 0.2479674796747967,
    "CIDEr": 0.0,
    "METEOR": 0.23476485176430983,
    "SPICE": 0.2857142857142857,
    "BLEU_4": 3.006454568869563e-09
  },
  "9": {
    "BLEU_1": 0.33333333331481485,
    "BLEU_2": 0.14002800839479293,
    "ROUGE_L": 0.2479674796747967,
    "CIDEr": 0.0,
    "METEOR": 0.23476485176430983,
    "SPICE": 0.2857142857142857,
    "BLEU_4": 3.006454568869563e-09
  }
}