{
  "0": {
    "BLEU_1": 0.24999999993750016,
    "BLEU_2": 5.976143045124577e-09,
    "ROUGE_L": 0.09651898734177215,
    "CIDEr": 0.0,
    "METEOR": 0.08064516129032259,
    "SPICE": 0.07407407407407407,
    "BLEU_4": 1.0445522727757714e-12
  },
  "1": {
    "BLEU_1": 0.1999999999800001,
    "BLEU_2": 4.714045207412725e-09,
    "ROUGE_L": 0.11338289962825278,
    "CIDEr": 0.0,
    "METEOR": 0.17102137767220904,
    "SPICE": 0.13793103448275862,
    "BLEU_4": 7.93688092513584e-13
  },
  "2": {
    "BLEU_1": 0.3999999999733334,
    "BLEU_2": 0.16903085093403225,
    "ROUGE_L": 0.3490701001430615,
    "CIDEr": 0.0,
    "METEOR": 0.23974976583763621,
    "SPICE": 0.24242424242424243,
    "BLEU_4": 3.6787632496533857e-09
  },
  "3": {
    "BLEU_1": 0.2499999999583334,
    "BLEU_2": 4.7673129454153526e-09,
    "ROUGE_L": 0.10374149659863945,
    "CIDEr": 0.0,
    "METEOR": 0.11320754716981132,
    "SPICE": 0.12903225806451615,
    "BLEU_4": 7.088856800987232e-13
  },
  "4": {
    "BLEU_1": 0.17647058822491354,
    "BLEU_2": 3.3210558205738968e-09,
    "ROUGE_L": 0.08555399719495091,
    "CIDEr": 0.0,
    "METEOR": 0.10300429184549356,
    "SPICE": 0.11428571428571428,
    "BLEU_4": 4.787218652070603e-13
  },
  "5": {
    "BLEU_1": 0.16666666663888896,
    "BLEU_2": 3.8924947201441226e-09,
    "ROUGE_L": 0.10374149659863945,
    "CIDEr": 0.0,
    "METEOR": 0.11962616822429906,
    "SPICE": 0.13333333333333333,
    "BLEU_4": 6.405505208675338e-13
  },
  "6": {
    "BLEU_1": 0.16666666663888896,
    "BLEU_2": 3.8924947201441226e-09,
    "ROUGE_L": 0.10374149659863945,
    "CIDEr": 0.0,
    "METEOR": 0.12098298676748583,
    "SPICE": 0.06666666666666667,
    "BLEU_4": 6.405505208675338e-13
  },
  "7": {
    "BLEU_1": 0.22222222217283966,
    "BLEU_2": 5.270462765739487e-09,
    "ROUGE_L": 0.1189083820662768,
    "CIDEr": 0.0,
    "METEOR": 0.12598425196850394,
    "SPICE": 0.07407407407407407,
    "BLEU_4": 9.018037815333522e-13
  },
  "8": {
    "BLEU_1": 0.4444444443456792,
    "BLEU_2": 7.453559923291195e-09,
    "ROUGE_L": 0.1856925418569254,
    "CIDEr": 0.0,
    "METEOR": 0.13714285714285712,
    "SPICE": 0.14814814814814814,
    "BLEU_4": 1.0724314733358218e-12
  },
  "9": {
    "BLEU_1": 0.30769230766863914,
    "BLEU_2": 5.063696835012589e-09,
    "ROUGE_L": 0.16116248348745044,
    "CIDEr": 0.0,
    "METEOR": 0.1297297297297297,
    "SPICE": 0.12903225806451615,
    "BLEU_4": 6.948413844184121e-13
  }
}