{
  "0": {
    "BLEU_1": 0.5999999999400001,
    "BLEU_2": 8.164965808415404e-09,
    "ROUGE_L": 0.21254355400696867,
    "CIDEr": 0.0,
    "METEOR": 0.16443848010899337,
    "SPICE": 0.05555555555555555,
    "BLEU_4": 1.0445522729469615e-12
  },
  "1": {
    "BLEU_1": 0.4444444443456792,
    "BLEU_2": 0.23570226034150096,
    "ROUGE_L": 0.1856925418569254,
    "CIDEr": 0.0,
    "METEOR": 0.09454904650338815,
    "SPICE": 0.05555555555555555,
    "BLEU_4": 6.030725358915047e-09
  },
  "2": {
    "BLEU_1": 0.46153846150295863,
    "BLEU_2": 0.1961161351224697,
    "ROUGE_L": 0.2417437252311757,
    "CIDEr": 0.0,
    "METEOR": 0.14487090682637838,
    "SPICE": 0.14634146341463414,
    "BLEU_4": 4.324227075083586e-09
  },
  "3": {
    "BLEU_1": 0.24902746803170303,
    "BLEU_2": 4.768512969367871e-09,
    "ROUGE_L": 0.1921259842519685,
    "CIDEr": 0.0,
    "METEOR": 0.06539509536784742,
    "SPICE": 0.05128205128205129,
    "BLEU_4": 7.163375243335776e-13
  },
  "4": {
    "BLEU_1": 0.2999999999700001,
    "BLEU_2": 5.773502691286834e-09,
    "ROUGE_L": 0.2,
    "CIDEr": 0.0,
    "METEOR": 0.0670391061452514,
    "SPICE": 0.05263157894736842,
    "BLEU_4": 8.783602618662196e-13
  },
  "5": {
    "BLEU_1": 0.46153846150295863,
    "BLEU_2": 0.1961161351224697,
    "ROUGE_L": 0.2417437252311757,
    "CIDEr": 0.0,
    "METEOR": 0.14487090682637838,
    "SPICE": 0.14634146341463414,
    "BLEU_4": 4.324227075083586e-09
  },
  "6": {
    "BLEU_1": 0.4166666665972223,
    "BLEU_2": 0.19462473600720623,
    "ROUGE_L": 0.21785714285714283,
    "CIDEr": 0.0,
    "METEOR": 0.1473774572924715,
    "SPICE": 0.10256410256410257,
    "BLEU_4": 4.529376169980083e-09
  },
  "7": {
    "BLEU_1": 0.3749999999765626,
    "BLEU_2": 0.15811388299820756,
    "ROUGE_L": 0.21995192307692307,
    "CIDEr": 0.0,
    "METEOR": 0.1900291748307829,
    "SPICE": 0.18604651162790697,
    "BLEU_4": 3.4234749556315017e-09
  },
  "8": {
    "BLEU_1": 0.23686516477829297,
    "BLEU_2": 3.4415710550405976e-09,
    "ROUGE_L": 0.21916167664670658,
    "CIDEr": 0.0,
    "METEOR": 0.15257695013115904,
    "SPICE": 0.0851063829787234,
    "BLEU_4": 4.3338965438420834e-13
  },
  "9": {
    "BLEU_1": 0.28216057493218694,
    "BLEU_2": 0.11853115007243666,
    "ROUGE_L": 0.2378167641325536,
    "CIDEr": 0.0,
    "METEOR": 0.18908963229221082,
    "SPICE": 0.17777777777777778,
    "BLEU_4": 2.5449088491205917e-09
  }
}