{
  "0": {
    "BLEU_1": 0.22062422559099293,
    "BLEU_2": 5.273927726724911e-09,
    "ROUGE_L": 0.1930379746835443,
    "CIDEr": 0.0,
    "METEOR": 0.1375358166189112,
    "SPICE": 0.125,
    "BLEU_4": 9.218141453123176e-13
  },
  "1": {
    "BLEU_1": 0.09999999998000014,
    "BLEU_2": 3.333333332648151e-09,
    "ROUGE_L": 0.1,
    "CIDEr": 0.0,
    "METEOR": 0.01839080459770115,
    "SPICE": 0.0,
    "BLEU_4": 6.674094717574907e-13
  },
  "2": {
    "BLEU_1": 0.19999999996000015,
    "BLEU_2": 4.714045206941321e-09,
    "ROUGE_L": 0.1,
    "CIDEr": 0.0,
    "METEOR": 0.09014084507042254,
    "SPICE": 0.06666666666666667,
    "BLEU_4": 7.936880924342154e-13
  },
  "3": {
    "BLEU_1": 0.22222222217283966,
    "BLEU_2": 5.270462765739487e-09,
    "ROUGE_L": 0.10427350427350426,
    "CIDEr": 0.0,
    "METEOR": 0.09090909090909091,
    "SPICE": 0.06060606060606061,
    "BLEU_4": 9.018037815333522e-13
  },
  "4": {
    "BLEU_1": 0.4294155959203306,
    "BLEU_2": 0.2319109274149018,
    "ROUGE_L": 0.22803738317757008,
    "CIDEr": 0.0,
    "METEOR": 0.1532915084204286,
    "SPICE": 0.19354838709677416,
    "BLEU_4": 6.2425357546009905e-09
  },
  "5": {
    "BLEU_1": 0.33333333327777787,
    "BLEU_2": 5.5048188246934825e-09,
    "ROUGE_L": 0.18484848484848485,
    "CIDEr": 0.0,
    "METEOR": 0.08579088471849866,
    "SPICE": 0.05714285714285715,
    "BLEU_4": 7.617472369343701e-13
  },
  "6": {
    "BLEU_1": 0.30769230766863914,
    "BLEU_2": 0.16012815379225645,
    "ROUGE_L": 0.2417437252311757,
    "CIDEr": 0.0,
    "METEOR": 0.08725297912323504,
    "SPICE": 0.06060606060606061,
    "BLEU_4": 3.9073802491094676e-09
  },
  "7": {
    "BLEU_1": 0.33333333327777787,
    "BLEU_2": 0.17407765592602564,
    "ROUGE_L": 0.25,
    "CIDEr": 0.0,
    "METEOR": 0.0877672402968494,
    "SPICE": 0.05714285714285715,
    "BLEU_4": 4.283619506777607e-09
  },
  "8": {
    "BLEU_1": 0.33333333327777787,
    "BLEU_2": 0.17407765592602564,
    "ROUGE_L": 0.25,
    "CIDEr": 0.0,
    "METEOR": 0.0877672402968494,
    "SPICE": 0.05714285714285715,
    "BLEU_4": 4.283619506777607e-09
  },
  "9": {
    "BLEU_1": 0.33333333327777787,
    "BLEU_2": 0.17407765592602564,
    "ROUGE_L": 0.25,
    "CIDEr": 0.0,
    "METEOR": 0.0877672402968494,
    "SPICE": 0.05714285714285715,
    "BLEU_4": 4.283619506777607e-09
  }
}