{
  "0": {
    "BLEU_1": 0.3333333332592594,
    "BLEU_2": 6.454972242199766e-09,
    "ROUGE_L": 0.2222222222222222,
    "CIDEr": 0.0,
    "METEOR": 0.227979274611399,
    "SPICE": 0.23076923076923075,
    "BLEU_4": 9.980099401403394e-13
  },
  "1": {
    "BLEU_1": 0.36363636360330587,
    "BLEU_2": 0.19069251783091612,
    "ROUGE_L": 0.28818897637795277,
    "CIDEr": 0.0,
    "METEOR": 0.25416150608950167,
    "SPICE": 0.14814814814814817,
    "BLEU_4": 4.740604259372055e-09
  },
  "2": {
    "BLEU_1": 0.28571428569387763,
    "BLEU_2": 0.14824986332122378,
    "ROUGE_L": 0.2577464788732394,
    "CIDEr": 0.0,
    "METEOR": 0.257668527225331,
    "SPICE": 0.125,
    "BLEU_4": 3.592143420053192e-09
  },
  "3": {
    "BLEU_1": 0.36363636360330587,
    "BLEU_2": 0.19069251783091612,
    "ROUGE_L": 0.28818897637795277,
    "CIDEr": 0.0,
    "METEOR": 0.27116239024710637,
    "SPICE": 0.13333333333333333,
    "BLEU_4": 4.740604259372055e-09
  },
  "4": {
    "BLEU_1": 0.3999999999200002,
    "BLEU_2": 0.21081851063455723,
    "ROUGE_L": 0.3,
    "CIDEr": 0.0,
    "METEOR": 0.25805173322352465,
    "SPICE": 0.21428571428571425,
    "BLEU_4": 5.307712169906119e-09
  },
  "5": {
    "BLEU_1": 0.3333333332592594,
    "BLEU_2": 0.20412414518515326,
    "ROUGE_L": 0.31282051282051276,
    "CIDEr": 0.0,
    "METEOR": 0.26004184941805053,
    "SPICE": 0.14285714285714288,
    "BLEU_4": 5.612222322916596e-09
  },
  "6": {
    "BLEU_1": 0.4444444443456792,
    "BLEU_2": 7.453559923291195e-09,
    "ROUGE_L": 0.31282051282051276,
    "CIDEr": 0.0,
    "METEOR": 0.26004184941805053,
    "SPICE": 0.14285714285714288,
    "BLEU_4": 1.0724314733358218e-12
  },
  "7": {
    "BLEU_1": 0.4444444443456792,
    "BLEU_2": 7.453559923291195e-09,
    "ROUGE_L": 0.31282051282051276,
    "CIDEr": 0.0,
    "METEOR": 0.26004184941805053,
    "SPICE": 0.21428571428571425,
    "BLEU_4": 1.0724314733358218e-12
  },
  "8": {
    "BLEU_1": 0.4444444443456792,
    "BLEU_2": 7.453559923291195e-09,
    "ROUGE_L": 0.31282051282051276,
    "CIDEr": 0.0,
    "METEOR": 0.26004184941805053,
    "SPICE": 0.14285714285714288,
    "BLEU_4": 1.0724314733358218e-12
  },
  "9": {
    "BLEU_1": 0.30769230766863914,
    "BLEU_2": 5.063696835012589e-09,
    "ROUGE_L": 0.2671532846715329,
    "CIDEr": 0.0,
    "METEOR": 0.22911694510739855,
    "SPICE": 0.12903225806451613,
    "BLEU_4": 6.948413844184121e-13
  }
}