{
  "0": {
    "BLEU_1": 0.07162619917923453,
    "BLEU_2": 2.615418999812674e-09,
    "ROUGE_L": 0.12298387096774194,
    "CIDEr": 0.0,
    "METEOR": 0.019801980198019806,
    "SPICE": 0.0,
    "BLEU_4": 7.279123483791415e-13
  },
  "1": {
    "BLEU_1": 0.20217688650348561,
    "BLEU_2": 4.952302097098729e-09,
    "ROUGE_L": 0.2234432234432234,
    "CIDEr": 0.0,
    "METEOR": 0.039024390243902446,
    "SPICE": 0.0606060606060606,
    "BLEU_4": 9.311821291619466e-13
  },
  "2": {
    "BLEU_1": 0.45454545446281003,
    "BLEU_2": 0.2132007163158777,
    "ROUGE_L": 0.24629878869448185,
    "CIDEr": 0.0,
    "METEOR": 0.14709160623816936,
    "SPICE": 0.16666666666666663,
    "BLEU_4": 5.012578714748261e-09
  },
  "3": {
    "BLEU_1": 0.42857142854081637,
    "BLEU_2": 0.18156825978717286,
    "ROUGE_L": 0.16353887399463804,
    "CIDEr": 0.0,
    "METEOR": 0.14201183431952663,
    "SPICE": 0.21052631578947367,
    "BLEU_4": 3.975360175943345e-09
  },
  "4": {
    "BLEU_1": 0.11031211279549655,
    "BLEU_2": 3.729230059054939e-09,
    "ROUGE_L": 0.10234899328859062,
    "CIDEr": 0.0,
    "METEOR": 0.1169780798213809,
    "SPICE": 0.16666666666666663,
    "BLEU_4": 7.751502103232947e-13
  },
  "5": {
    "BLEU_1": 0.10735389898008273,
    "BLEU_2": 3.666833724565372e-09,
    "ROUGE_L": 0.0948678071539658,
    "CIDEr": 0.0,
    "METEOR": 0.12903225806451613,
    "SPICE": 0.1142857142857143,
    "BLEU_4": 7.849573143826273e-13
  },
  "6": {
    "BLEU_1": 0.21470779796016531,
    "BLEU_2": 5.1856859842473975e-09,
    "ROUGE_L": 0.12224448897795591,
    "CIDEr": 0.0,
    "METEOR": 0.11136890951276102,
    "SPICE": 0.1142857142857143,
    "BLEU_4": 9.334768232372482e-13
  },
  "7": {
    "BLEU_1": 0.3333333332592594,
    "BLEU_2": 6.454972242199766e-09,
    "ROUGE_L": 0.2222222222222222,
    "CIDEr": 0.0,
    "METEOR": 0.1415929203539823,
    "SPICE": 0.1081081081081081,
    "BLEU_4": 9.980099401403394e-13
  },
  "8": {
    "BLEU_1": 0.20217688650348561,
    "BLEU_2": 4.952302097098729e-09,
    "ROUGE_L": 0.1117216117216117,
    "CIDEr": 0.0,
    "METEOR": 0.09411764705882353,
    "SPICE": 0.0,
    "BLEU_4": 9.311821291619466e-13
  },
  "9": {
    "BLEU_1": 0.4043537730069712,
    "BLEU_2": 0.22147368268455053,
    "ROUGE_L": 0.33516483516483514,
    "CIDEr": 0.0,
    "METEOR": 0.14447067800880609,
    "SPICE": 0.0606060606060606,
    "BLEU_4": 6.227190210443543e-09
  }
}