{
  "0": {
    "BLEU_1": 0.22222222219753096,
    "BLEU_2": 5.270462766325093e-09,
    "ROUGE_L": 0.2222222222222222,
    "CIDEr": 0.0,
    "METEOR": 0.12158054711246201,
    "SPICE": 0.06060606060606061,
    "BLEU_4": 9.018037816335524e-13
  },
  "1": {
    "BLEU_1": 0.1538461538343196,
    "BLEU_2": 3.5805743699102604e-09,
    "ROUGE_L": 0.18798151001540828,
    "CIDEr": 0.0,
    "METEOR": 0.08304498269896195,
    "SPICE": 0.0,
    "BLEU_4": 5.84289629327371e-13
  },
  "2": {
    "BLEU_1": 0.33333333330555565,
    "BLEU_2": 0.17407765594053212,
    "ROUGE_L": 0.3112244897959184,
    "CIDEr": 0.0,
    "METEOR": 0.14992996883794543,
    "SPICE": 0.05714285714285714,
    "BLEU_4": 4.283619507134575e-09
  },
  "3": {
    "BLEU_1": 0.24999999997916675,
    "BLEU_2": 4.767312945812628e-09,
    "ROUGE_L": 0.2629310344827586,
    "CIDEr": 0.0,
    "METEOR": 0.15021373417034287,
    "SPICE": 0.05714285714285714,
    "BLEU_4": 7.08885680157797e-13
  },
  "4": {
    "BLEU_1": 0.24999999997916675,
    "BLEU_2": 4.767312945812628e-09,
    "ROUGE_L": 0.2629310344827586,
    "CIDEr": 0.0,
    "METEOR": 0.11527377521613834,
    "SPICE": 0.05714285714285714,
    "BLEU_4": 7.08885680157797e-13
  },
  "5": {
    "BLEU_1": 0.22222222219753096,
    "BLEU_2": 5.270462766325093e-09,
    "ROUGE_L": 0.19645732689210954,
    "CIDEr": 0.0,
    "METEOR": 0.09977434193677817,
    "SPICE": 0.06060606060606061,
    "BLEU_4": 9.018037816335524e-13
  },
  "6": {
    "BLEU_1": 0.24767939985785795,
    "BLEU_2": 5.982025825945981e-09,
    "ROUGE_L": 0.2136602451838879,
    "CIDEr": 0.0,
    "METEOR": 0.10300154437139093,
    "SPICE": 0.06451612903225806,
    "BLEU_4": 1.0768261868323776e-12
  },
  "7": {
    "BLEU_1": 0.12499999996875016,
    "BLEU_2": 4.225771272548414e-09,
    "ROUGE_L": 0.125,
    "CIDEr": 0.0,
    "METEOR": 0.10217532877482897,
    "SPICE": 0.06896551724137932,
    "BLEU_4": 8.783602617222665e-13
  },
  "8": {
    "BLEU_1": 0.12383969992892904,
    "BLEU_2": 4.229931026759462e-09,
    "ROUGE_L": 0.13174946004319654,
    "CIDEr": 0.0,
    "METEOR": 0.0877446912024072,
    "SPICE": 0.0,
    "BLEU_4": 9.054992803586729e-13
  },
  "9": {
    "BLEU_1": 0.35826565516747294,
    "BLEU_2": 7.1653131032300366e-09,
    "ROUGE_L": 0.2573839662447257,
    "CIDEr": 0.0,
    "METEOR": 0.15582699137491168,
    "SPICE": 0.13333333333333333,
    "BLEU_4": 1.2174183989911234e-12
  }
}