{
  "0": {
    "BLEU_1": 0.12383969992892904,
    "BLEU_2": 4.229931026759462e-09,
    "ROUGE_L": 0.13174946004319654,
    "CIDEr": 0.0,
    "METEOR": 0.0334106728538283,
    "SPICE": 0.0,
    "BLEU_4": 9.054992803586729e-13
  },
  "1": {
    "BLEU_1": 0.3749999999062502,
    "BLEU_2": 7.319250545218839e-09,
    "ROUGE_L": 0.25,
    "CIDEr": 0.0,
    "METEOR": 0.12698412698412698,
    "SPICE": 0.10526315789473685,
    "BLEU_4": 1.1559871144628244e-12
  },
  "2": {
    "BLEU_1": 0.33333333331111115,
    "BLEU_2": 0.1543033499514377,
    "ROUGE_L": 0.2760180995475113,
    "CIDEr": 0.0,
    "METEOR": 0.12998814340863715,
    "SPICE": 0.09302325581395349,
    "BLEU_4": 3.514847831107641e-09
  },
  "3": {
    "BLEU_1": 0.4166666666319445,
    "BLEU_2": 6.154574548430443e-09,
    "ROUGE_L": 0.2772727272727273,
    "CIDEr": 0.0,
    "METEOR": 0.15536326633659253,
    "SPICE": 0.0975609756097561,
    "BLEU_4": 8.054496384067745e-13
  },
  "4": {
    "BLEU_1": 0.357142857117347,
    "BLEU_2": 5.241424183220805e-09,
    "ROUGE_L": 0.2577464788732394,
    "CIDEr": 0.0,
    "METEOR": 0.14887477725524992,
    "SPICE": 0.09302325581395349,
    "BLEU_4": 6.754312828130983e-13
  },
  "5": {
    "BLEU_1": 0.38095238093424044,
    "BLEU_2": 0.19518001458018006,
    "ROUGE_L": 0.37515375153751535,
    "CIDEr": 0.0,
    "METEOR": 0.17914195613472214,
    "SPICE": 0.12765957446808507,
    "BLEU_4": 3.2487115055976186e-09
  },
  "6": {
    "BLEU_1": 0.33333333331481485,
    "BLEU_2": 4.428074427447237e-09,
    "ROUGE_L": 0.3306233062330623,
    "CIDEr": 0.0,
    "METEOR": 0.10619469026548672,
    "SPICE": 0.044444444444444446,
    "BLEU_4": 5.346316257038189e-13
  },
  "7": {
    "BLEU_1": 0.357142857117347,
    "BLEU_2": 5.241424183220805e-09,
    "ROUGE_L": 0.28683385579937304,
    "CIDEr": 0.0,
    "METEOR": 0.16760787039001643,
    "SPICE": 0.0975609756097561,
    "BLEU_4": 6.754312828130983e-13
  },
  "8": {
    "BLEU_1": 0.35294117644982703,
    "BLEU_2": 4.6966821828537125e-09,
    "ROUGE_L": 0.2566619915848527,
    "CIDEr": 0.0,
    "METEOR": 0.15285837779569497,
    "SPICE": 0.13953488372093023,
    "BLEU_4": 5.692994482116097e-13
  },
  "9": {
    "BLEU_1": 0.33333333331481485,
    "BLEU_2": 0.14002800839479293,
    "ROUGE_L": 0.2479674796747967,
    "CIDEr": 0.0,
    "METEOR": 0.14405282633904387,
    "SPICE": 0.09090909090909091,
    "BLEU_4": 3.006454568869563e-09
  }
}