{
  "0": {
    "BLEU_1": 0.7777777776049386,
    "BLEU_2": 0.3118047821597068,
    "ROUGE_L": 0.4444444444444444,
    "CIDEr": 0.0,
    "METEOR": 0.16705336426914155,
    "SPICE": 0.24242424242424243,
    "BLEU_4": 6.9363190820961554e-09
  },
  "1": {
    "BLEU_1": 0.5333333332977779,
    "BLEU_2": 0.19518001457623005,
    "ROUGE_L": 0.3490701001430615,
    "CIDEr": 0.0,
    "METEOR": 0.1522198731501057,
    "SPICE": 0.20512820512820512,
    "BLEU_4": 3.95308837437499e-09
  },
  "2": {
    "BLEU_1": 0.5333333332977779,
    "BLEU_2": 0.33806170186806433,
    "ROUGE_L": 0.3490701001430615,
    "CIDEr": 0.0,
    "METEOR": 0.1522198731501057,
    "SPICE": 0.2222222222222222,
    "BLEU_4": 2.9256127305132916e-05
  },
  "3": {
    "BLEU_1": 0.44444444441975317,
    "BLEU_2": 0.28005601678958575,
    "ROUGE_L": 0.3152454780361757,
    "CIDEr": 0.0,
    "METEOR": 0.16096579476861167,
    "SPICE": 0.2,
    "BLEU_4": 2.3909453159899268e-05
  },
  "4": {
    "BLEU_1": 0.44444444441975317,
    "BLEU_2": 0.28005601678958575,
    "ROUGE_L": 0.3152454780361757,
    "CIDEr": 0.0,
    "METEOR": 0.16096579476861167,
    "SPICE": 0.2,
    "BLEU_4": 2.3909453159899268e-05
  },
  "5": {
    "BLEU_1": 0.44444444441975317,
    "BLEU_2": 0.28005601678958575,
    "ROUGE_L": 0.3152454780361757,
    "CIDEr": 0.0,
    "METEOR": 0.16096579476861167,
    "SPICE": 0.2,
    "BLEU_4": 2.3909453159899268e-05
  },
  "6": {
    "BLEU_1": 0.47368421050138515,
    "BLEU_2": 0.28097574345930926,
    "ROUGE_L": 0.3817271589486859,
    "CIDEr": 0.0,
    "METEOR": 0.21619289480401158,
    "SPICE": 0.25641025641025644,
    "BLEU_4": 2.321091111608818e-05
  },
  "7": {
    "BLEU_1": 0.4166666666319445,
    "BLEU_2": 0.19462473602342495,
    "ROUGE_L": 0.48878205128205127,
    "CIDEr": 0.0,
    "METEOR": 0.2342475476891432,
    "SPICE": 0.23529411764705882,
    "BLEU_4": 4.5293761703575315e-09
  },
  "8": {
    "BLEU_1": 0.4999999999285716,
    "BLEU_2": 0.3396831101939195,
    "ROUGE_L": 0.543026706231454,
    "CIDEr": 0.0,
    "METEOR": 0.2516041297230792,
    "SPICE": 0.16216216216216217,
    "BLEU_4": 3.057690287985509e-05
  },
  "9": {
    "BLEU_1": 0.388888888867284,
    "BLEU_2": 0.2619684159828101,
    "ROUGE_L": 0.4728682170542636,
    "CIDEr": 0.0,
    "METEOR": 0.23677480970010792,
    "SPICE": 0.15,
    "BLEU_4": 2.312446301793853e-05
  }
}