{
  "0": {
    "BLEU_1": 0.4412484511819858,
    "BLEU_2": 0.2358572181075568,
    "ROUGE_L": 0.3070469798657718,
    "CIDEr": 0.0,
    "METEOR": 0.19672131147540986,
    "SPICE": 0.06451612903225806,
    "BLEU_4": 6.164542726677392e-09
  },
  "1": {
    "BLEU_1": 0.4412484511819858,
    "BLEU_2": 0.2358572181075568,
    "ROUGE_L": 0.3070469798657718,
    "CIDEr": 0.0,
    "METEOR": 0.19672131147540986,
    "SPICE": 0.06451612903225806,
    "BLEU_4": 6.164542726677392e-09
  },
  "2": {
    "BLEU_1": 0.3999999999200002,
    "BLEU_2": 0.21081851063455723,
    "ROUGE_L": 0.2,
    "CIDEr": 0.0,
    "METEOR": 0.20671834625323002,
    "SPICE": 0.1111111111111111,
    "BLEU_4": 5.307712169906119e-09
  },
  "3": {
    "BLEU_1": 0.4444444443456792,
    "BLEU_2": 7.453559923291195e-09,
    "ROUGE_L": 0.2946859903381642,
    "CIDEr": 0.0,
    "METEOR": 0.21164021164021168,
    "SPICE": 0.0,
    "BLEU_4": 1.0724314733358218e-12
  },
  "4": {
    "BLEU_1": 0.3333333332592594,
    "BLEU_2": 6.454972242199766e-09,
    "ROUGE_L": 0.20854700854700853,
    "CIDEr": 0.0,
    "METEOR": 0.20833333333333337,
    "SPICE": 0.05714285714285715,
    "BLEU_4": 9.980099401403394e-13
  },
  "5": {
    "BLEU_1": 0.4412484511819858,
    "BLEU_2": 0.2358572181075568,
    "ROUGE_L": 0.3070469798657718,
    "CIDEr": 0.0,
    "METEOR": 0.19672131147540986,
    "SPICE": 0.06451612903225806,
    "BLEU_4": 6.164542726677392e-09
  },
  "6": {
    "BLEU_1": 0.4412484511819858,
    "BLEU_2": 7.458460118109875e-09,
    "ROUGE_L": 0.3070469798657718,
    "CIDEr": 0.0,
    "METEOR": 0.19672131147540986,
    "SPICE": 0.0,
    "BLEU_4": 1.0962279403155601e-12
  },
  "7": {
    "BLEU_1": 0.36363636357024803,
    "BLEU_2": 0.19069251781358043,
    "ROUGE_L": 0.2727272727272727,
    "CIDEr": 0.0,
    "METEOR": 0.2410852721527239,
    "SPICE": 0.06666666666666668,
    "BLEU_4": 4.740604258941092e-09
  },
  "8": {
    "BLEU_1": 0.33333333327777787,
    "BLEU_2": 0.17407765592602564,
    "ROUGE_L": 0.2629310344827586,
    "CIDEr": 0.0,
    "METEOR": 0.2353737756802778,
    "SPICE": 0.058823529411764705,
    "BLEU_4": 4.283619506777607e-09
  },
  "9": {
    "BLEU_1": 0.30769230766863914,
    "BLEU_2": 0.16012815379225645,
    "ROUGE_L": 0.2538141470180305,
    "CIDEr": 0.0,
    "METEOR": 0.22992663592641022,
    "SPICE": 0.05714285714285715,
    "BLEU_4": 3.9073802491094676e-09
  }
}