{
  "0": {
    "BLEU_1": 0.33093633838648934,
    "BLEU_2": 6.459215935396237e-09,
    "ROUGE_L": 0.116412213740458,
    "CIDEr": 0.0,
    "METEOR": 0.13321668216162405,
    "SPICE": 0.14814814814814817,
    "BLEU_4": 1.0201550479411466e-12
  },
  "1": {
    "BLEU_1": 0.45454545446281003,
    "BLEU_2": 0.30151134452157297,
    "ROUGE_L": 0.24629878869448185,
    "CIDEr": 0.0,
    "METEOR": 0.16322380410813134,
    "SPICE": 0.28571428571428575,
    "BLEU_4": 5.960994272089826e-09
  },
  "2": {
    "BLEU_1": 0.33093633838648934,
    "BLEU_2": 6.459215935396237e-09,
    "ROUGE_L": 0.18263473053892215,
    "CIDEr": 0.0,
    "METEOR": 0.08658008658008659,
    "SPICE": 0.08333333333333334,
    "BLEU_4": 1.0201550479411466e-12
  },
  "3": {
    "BLEU_1": 0.32206169694024794,
    "BLEU_2": 0.20084075455651398,
    "ROUGE_L": 0.34205607476635513,
    "CIDEr": 0.0,
    "METEOR": 0.12280701754385966,
    "SPICE": 0.15384615384615383,
    "BLEU_4": 5.809334106350273e-09
  },
  "4": {
    "BLEU_1": 0.3032653297552284,
    "BLEU_2": 0.1918018354745145,
    "ROUGE_L": 0.2573839662447257,
    "CIDEr": 0.0,
    "METEOR": 0.1266748274976333,
    "SPICE": 0.16666666666666669,
    "BLEU_4": 5.795053468391787e-09
  },
  "5": {
    "BLEU_1": 0.32206169694024794,
    "BLEU_2": 0.20084075455651398,
    "ROUGE_L": 0.24448897795591182,
    "CIDEr": 0.0,
    "METEOR": 0.12360185324566915,
    "SPICE": 0.1739130434782609,
    "BLEU_4": 5.809334106350273e-09
  },
  "6": {
    "BLEU_1": 0.33093633838648934,
    "BLEU_2": 0.2042583425470713,
    "ROUGE_L": 0.232824427480916,
    "CIDEr": 0.0,
    "METEOR": 0.12067444093195592,
    "SPICE": 0.07692307692307691,
    "BLEU_4": 5.736753415588487e-09
  },
  "7": {
    "BLEU_1": 0.32206169694024794,
    "BLEU_2": 0.20084075455651398,
    "ROUGE_L": 0.30148270181219106,
    "CIDEr": 0.0,
    "METEOR": 0.0973279418542404,
    "SPICE": 0.16000000000000003,
    "BLEU_4": 5.809334106350273e-09
  },
  "8": {
    "BLEU_1": 7.162619917923445e-17,
    "BLEU_2": 8.27068107508754e-17,
    "ROUGE_L": 0.0,
    "CIDEr": 0.0,
    "METEOR": 0.0,
    "SPICE": 0.08333333333333334,
    "BLEU_4": 1.2944315414357063e-16
  },
  "9": {
    "BLEU_1": 0.21470779796016531,
    "BLEU_2": 5.1856859842473975e-09,
    "ROUGE_L": 0.10049423393739704,
    "CIDEr": 0.0,
    "METEOR": 0.05161290322580645,
    "SPICE": 0.15384615384615383,
    "BLEU_4": 9.334768232372482e-13
  }
}