{
  "0": {
    "BLEU_1": 0.4953587997157158,
    "BLEU_2": 0.4633657280094291,
    "ROUGE_L": 0.3667334669338677,
    "CIDEr": 0.0,
    "METEOR": 0.308524122118066,
    "SPICE": 0.4347826086956522,
    "BLEU_4": 6.33783487450775e-05
  },
  "1": {
    "BLEU_1": 0.3715190997867868,
    "BLEU_2": 0.3276490484449087,
    "ROUGE_L": 0.34205607476635513,
    "CIDEr": 0.0,
    "METEOR": 0.28557506914992503,
    "SPICE": 0.3333333333333333,
    "BLEU_4": 4.481526017805022e-05
  },
  "2": {
    "BLEU_1": 0.555555555432099,
    "BLEU_2": 0.4564354644830389,
    "ROUGE_L": 0.41709401709401706,
    "CIDEr": 0.0,
    "METEOR": 0.28690819358562375,
    "SPICE": 0.4,
    "BLEU_4": 5.6122223229165956e-05
  },
  "3": {
    "BLEU_1": 0.4545454545041323,
    "BLEU_2": 0.36927447290274934,
    "ROUGE_L": 0.384251968503937,
    "CIDEr": 0.0,
    "METEOR": 0.2803606179436959,
    "SPICE": 0.29629629629629634,
    "BLEU_4": 4.411629358851744e-05
  },
  "4": {
    "BLEU_1": 0.3333333332592594,
    "BLEU_2": 0.20412414518515326,
    "ROUGE_L": 0.31282051282051276,
    "CIDEr": 0.0,
    "METEOR": 0.21733066367560383,
    "SPICE": 0.30769230769230765,
    "BLEU_4": 5.612222322916596e-09
  },
  "5": {
    "BLEU_1": 0.4999999999000002,
    "BLEU_2": 0.23570226034706615,
    "ROUGE_L": 0.4,
    "CIDEr": 0.0,
    "METEOR": 0.2479080016544543,
    "SPICE": 0.37037037037037035,
    "BLEU_4": 5.612222323072491e-09
  },
  "6": {
    "BLEU_1": 0.36363636360330587,
    "BLEU_2": 0.19069251783091612,
    "ROUGE_L": 0.28818897637795277,
    "CIDEr": 0.0,
    "METEOR": 0.21050352240830736,
    "SPICE": 0.35714285714285715,
    "BLEU_4": 4.740604259372055e-09
  },
  "7": {
    "BLEU_1": 0.28571428569387763,
    "BLEU_2": 0.14824986332122378,
    "ROUGE_L": 0.34366197183098596,
    "CIDEr": 0.0,
    "METEOR": 0.23737657565906983,
    "SPICE": 0.2857142857142857,
    "BLEU_4": 3.592143420053192e-09
  },
  "8": {
    "BLEU_1": 0.3749999999062502,
    "BLEU_2": 0.23145502488320774,
    "ROUGE_L": 0.3267857142857143,
    "CIDEr": 0.0,
    "METEOR": 0.2227488796675164,
    "SPICE": 0.31999999999999995,
    "BLEU_4": 6.500593258499926e-09
  },
  "9": {
    "BLEU_1": 0.3999999999200002,
    "BLEU_2": 0.21081851063455723,
    "ROUGE_L": 0.4,
    "CIDEr": 0.0,
    "METEOR": 0.2479080016544543,
    "SPICE": 0.29629629629629634,
    "BLEU_4": 5.307712169906119e-09
  }
}