{
  "0": {
    "BLEU_1": 0.21470779796016531,
    "BLEU_2": 5.1856859842473975e-09,
    "ROUGE_L": 0.22803738317757008,
    "CIDEr": 0.0,
    "METEOR": 0.0392156862745098,
    "SPICE": 0.08333333333333333,
    "BLEU_4": 9.334768232372482e-13
  },
  "1": {
    "BLEU_1": 0.3333333332592594,
    "BLEU_2": 0.20412414518515326,
    "ROUGE_L": 0.31282051282051276,
    "CIDEr": 0.0,
    "METEOR": 0.1778000534136096,
    "SPICE": 0.22222222222222218,
    "BLEU_4": 5.612222322916596e-09
  },
  "2": {
    "BLEU_1": 0.21470779796016531,
    "BLEU_2": 5.1856859842473975e-09,
    "ROUGE_L": 0.24448897795591182,
    "CIDEr": 0.0,
    "METEOR": 0.10841653025293889,
    "SPICE": 0.16,
    "BLEU_4": 9.334768232372482e-13
  },
  "3": {
    "BLEU_1": 0.08986579278749814,
    "BLEU_2": 3.1772355737578207e-09,
    "ROUGE_L": 0.12577319587628866,
    "CIDEr": 0.0,
    "METEOR": 0.1353846153846154,
    "SPICE": 0.0,
    "BLEU_4": 7.634297901288654e-13
  },
  "4": {
    "BLEU_1": 1.0108844325174277e-16,
    "BLEU_2": 1.107368413422752e-16,
    "ROUGE_L": 0.0,
    "CIDEr": 0.0,
    "METEOR": 0.06779661016949153,
    "SPICE": 0.08,
    "BLEU_4": 1.392442061937298e-16
  },
  "5": {
    "BLEU_1": 0.09999999998000014,
    "BLEU_2": 3.333333332648151e-09,
    "ROUGE_L": 0.10627177700348434,
    "CIDEr": 0.0,
    "METEOR": 0.11645233564240841,
    "SPICE": 0.13793103448275862,
    "BLEU_4": 6.674094717574907e-13
  },
  "6": {
    "BLEU_1": 9.999999998000002e-17,
    "BLEU_2": 1.0540925531727854e-16,
    "ROUGE_L": 0.0,
    "CIDEr": 0.0,
    "METEOR": 0.1083388759439618,
    "SPICE": 0.06896551724137931,
    "BLEU_4": 1.1868405216912992e-16
  },
  "7": {
    "BLEU_1": 0.09999999998000014,
    "BLEU_2": 3.333333332648151e-09,
    "ROUGE_L": 0.10627177700348434,
    "CIDEr": 0.0,
    "METEOR": 0.11645233564240841,
    "SPICE": 0.13793103448275862,
    "BLEU_4": 6.674094717574907e-13
  },
  "8": {
    "BLEU_1": 1.111111110864198e-16,
    "BLEU_2": 1.178511301707504e-16,
    "ROUGE_L": 0.0,
    "CIDEr": 0.0,
    "METEOR": 0.11048547179247044,
    "SPICE": 0.07142857142857142,
    "BLEU_4": 1.3485111856165858e-16
  },
  "9": {
    "BLEU_1": 0.11031211279549655,
    "BLEU_2": 3.729230059054939e-09,
    "ROUGE_L": 0.10892857142857142,
    "CIDEr": 0.0,
    "METEOR": 0.08708303091846788,
    "SPICE": 0.07692307692307693,
    "BLEU_4": 7.751502103232947e-13
  }
}