{
  "0": {
    "BLEU_1": 0.4999999999000002,
    "BLEU_2": 7.453559923467182e-09,
    "ROUGE_L": 0.1788856304985337,
    "CIDEr": 0.0,
    "METEOR": 0.16540755467196822,
    "SPICE": 0.10256410256410257,
    "BLEU_4": 9.98009940168062e-13
  },
  "1": {
    "BLEU_1": 0.35294117644982703,
    "BLEU_2": 4.6966821828537125e-09,
    "ROUGE_L": 0.18963730569948187,
    "CIDEr": 0.0,
    "METEOR": 0.12604501607717042,
    "SPICE": 0.044444444444444446,
    "BLEU_4": 5.692994482116097e-13
  },
  "2": {
    "BLEU_1": 0.4374999999726563,
    "BLEU_2": 5.400617248324428e-09,
    "ROUGE_L": 0.1946808510638298,
    "CIDEr": 0.0,
    "METEOR": 0.15324675324675327,
    "SPICE": 0.08888888888888889,
    "BLEU_4": 6.32708767488779e-13
  },
  "3": {
    "BLEU_1": 0.35294117644982703,
    "BLEU_2": 4.6966821828537125e-09,
    "ROUGE_L": 0.18963730569948187,
    "CIDEr": 0.0,
    "METEOR": 0.13401709401709402,
    "SPICE": 0.043478260869565216,
    "BLEU_4": 5.692994482116097e-13
  },
  "4": {
    "BLEU_1": 0.23809523808390026,
    "BLEU_2": 3.450327796543363e-09,
    "ROUGE_L": 0.12748171368861025,
    "CIDEr": 0.0,
    "METEOR": 0.11969465648854963,
    "SPICE": 0.0425531914893617,
    "BLEU_4": 4.319402267644447e-13
  },
  "5": {
    "BLEU_1": 0.2631578947229917,
    "BLEU_2": 3.823595564302531e-09,
    "ROUGE_L": 0.1345093715545755,
    "CIDEr": 0.0,
    "METEOR": 0.13437013996889585,
    "SPICE": 0.0425531914893617,
    "BLEU_4": 4.814971806817797e-13
  },
  "6": {
    "BLEU_1": 0.2631578947229917,
    "BLEU_2": 3.823595564302531e-09,
    "ROUGE_L": 0.1345093715545755,
    "CIDEr": 0.0,
    "METEOR": 0.13563579277864996,
    "SPICE": 0.0425531914893617,
    "BLEU_4": 4.814971806817797e-13
  },
  "7": {
    "BLEU_1": 0.2631578947229917,
    "BLEU_2": 3.823595564302531e-09,
    "ROUGE_L": 0.1345093715545755,
    "CIDEr": 0.0,
    "METEOR": 0.13563579277864996,
    "SPICE": 0.0425531914893617,
    "BLEU_4": 4.814971806817797e-13
  },
  "8": {
    "BLEU_1": 0.2631578947229917,
    "BLEU_2": 3.823595564302531e-09,
    "ROUGE_L": 0.1345093715545755,
    "CIDEr": 0.0,
    "METEOR": 0.13563579277864996,
    "SPICE": 0.0425531914893617,
    "BLEU_4": 4.814971806817797e-13
  },
  "9": {
    "BLEU_1": 0.2631578947229917,
    "BLEU_2": 3.823595564302531e-09,
    "ROUGE_L": 0.1345093715545755,
    "CIDEr": 0.0,
    "METEOR": 0.13563579277864996,
    "SPICE": 0.0425531914893617,
    "BLEU_4": 4.814971806817797e-13
  }
}