{
  "0": {
    "BLEU_1": 0.6618726767729786,
    "BLEU_2": 0.40851668509414246,
    "ROUGE_L": 0.465648854961832,
    "CIDEr": 0.0,
    "METEOR": 0.20160638013412302,
    "SPICE": 0.18181818181818182,
    "BLEU_4": 4.562272069571923e-05
  },
  "1": {
    "BLEU_1": 0.555555555432099,
    "BLEU_2": 0.37267799616455977,
    "ROUGE_L": 0.4444444444444444,
    "CIDEr": 0.0,
    "METEOR": 0.17577545774908365,
    "SPICE": 0.11428571428571428,
    "BLEU_4": 4.264366796762506e-05
  },
  "2": {
    "BLEU_1": 0.1999999999733334,
    "BLEU_2": 0.16903085092276346,
    "ROUGE_L": 0.26180257510729615,
    "CIDEr": 0.0,
    "METEOR": 0.13849181071019204,
    "SPICE": 0.1,
    "BLEU_4": 2.0687206007337257e-05
  },
  "3": {
    "BLEU_1": 0.27272727271487607,
    "BLEU_2": 0.16116459279757603,
    "ROUGE_L": 0.2681318681318681,
    "CIDEr": 0.0,
    "METEOR": 0.19687990924582907,
    "SPICE": 0.13953488372093023,
    "BLEU_4": 2.875338095984947e-09
  },
  "4": {
    "BLEU_1": 0.44444444441975317,
    "BLEU_2": 0.22866478017693462,
    "ROUGE_L": 0.3605200945626478,
    "CIDEr": 0.0,
    "METEOR": 0.19540168708644906,
    "SPICE": 0.1,
    "BLEU_4": 2.1604629780500714e-05
  },
  "5": {
    "BLEU_1": 0.388888888867284,
    "BLEU_2": 0.21389631596101674,
    "ROUGE_L": 0.3605200945626478,
    "CIDEr": 0.0,
    "METEOR": 0.17869410124438537,
    "SPICE": 0.1,
    "BLEU_4": 2.0895311115411017e-05
  },
  "6": {
    "BLEU_1": 0.4090909090723141,
    "BLEU_2": 0.19738550847874506,
    "ROUGE_L": 0.3570035115099493,
    "CIDEr": 0.0,
    "METEOR": 0.17149145992743314,
    "SPICE": 0.14634146341463414,
    "BLEU_4": 1.789417717985297e-05
  },
  "7": {
    "BLEU_1": 0.055555555552469195,
    "BLEU_2": 1.8077538150520845e-09,
    "ROUGE_L": 0.06161616161616161,
    "CIDEr": 0.0,
    "METEOR": 0.06153846153846154,
    "SPICE": 0.1,
    "BLEU_4": 3.4159919055542935e-13
  },
  "8": {
    "BLEU_1": 0.19999999996000015,
    "BLEU_2": 4.714045206941321e-09,
    "ROUGE_L": 0.10627177700348434,
    "CIDEr": 0.0,
    "METEOR": 0.07511737089201878,
    "SPICE": 0.11428571428571428,
    "BLEU_4": 7.936880924342154e-13
  },
  "9": {
    "BLEU_1": 0.33093633838648934,
    "BLEU_2": 6.459215935396237e-09,
    "ROUGE_L": 0.232824427480916,
    "CIDEr": 0.0,
    "METEOR": 0.09061488673139158,
    "SPICE": 0.07142857142857142,
    "BLEU_4": 1.0201550479411466e-12
  }
}