{
  "0": {
    "BLEU_1": 0.4999999998750002,
    "BLEU_2": 8.451542545096823e-09,
    "ROUGE_L": 0.26676384839650147,
    "CIDEr": 0.0,
    "METEOR": 0.245056410747021,
    "SPICE": 0.25806451612903225,
    "BLEU_4": 1.2421889947772103e-12
  },
  "1": {
    "BLEU_1": 0.4999999999166667,
    "BLEU_2": 0.21320071631926954,
    "ROUGE_L": 0.2629310344827586,
    "CIDEr": 0.0,
    "METEOR": 0.258999553426935,
    "SPICE": 0.22857142857142854,
    "BLEU_4": 4.7406042590263856e-09
  },
  "2": {
    "BLEU_1": 0.4999999999166667,
    "BLEU_2": 0.21320071631926954,
    "ROUGE_L": 0.25,
    "CIDEr": 0.0,
    "METEOR": 0.21061551527883357,
    "SPICE": 0.2352941176470588,
    "BLEU_4": 4.7406042590263856e-09
  },
  "3": {
    "BLEU_1": 0.4999999999166667,
    "BLEU_2": 0.21320071631926954,
    "ROUGE_L": 0.2629310344827586,
    "CIDEr": 0.0,
    "METEOR": 0.258999553426935,
    "SPICE": 0.22857142857142854,
    "BLEU_4": 4.7406042590263856e-09
  },
  "4": {
    "BLEU_1": 0.4999999999166667,
    "BLEU_2": 0.21320071631926954,
    "ROUGE_L": 0.2629310344827586,
    "CIDEr": 0.0,
    "METEOR": 0.22519969332912584,
    "SPICE": 0.22857142857142854,
    "BLEU_4": 4.7406042590263856e-09
  },
  "5": {
    "BLEU_1": 0.5333333332622223,
    "BLEU_2": 0.2760262236994811,
    "ROUGE_L": 0.2373540856031128,
    "CIDEr": 0.0,
    "METEOR": 0.2815736955078971,
    "SPICE": 0.2162162162162162,
    "BLEU_4": 4.701040820727875e-09
  },
  "6": {
    "BLEU_1": 0.46153846150295863,
    "BLEU_2": 0.1961161351224697,
    "ROUGE_L": 0.19902120717781402,
    "CIDEr": 0.0,
    "METEOR": 0.19233517180961934,
    "SPICE": 0.18750000000000003,
    "BLEU_4": 4.324227075083586e-09
  },
  "7": {
    "BLEU_1": 0.46153846150295863,
    "BLEU_2": 0.1961161351224697,
    "ROUGE_L": 0.19902120717781402,
    "CIDEr": 0.0,
    "METEOR": 0.22923423240494686,
    "SPICE": 0.22857142857142854,
    "BLEU_4": 4.324227075083586e-09
  },
  "8": {
    "BLEU_1": 0.46153846150295863,
    "BLEU_2": 0.1961161351224697,
    "ROUGE_L": 0.19902120717781402,
    "CIDEr": 0.0,
    "METEOR": 0.19441447096431794,
    "SPICE": 0.22857142857142854,
    "BLEU_4": 4.324227075083586e-09
  },
  "9": {
    "BLEU_1": 0.4999999999166667,
    "BLEU_2": 0.21320071631926954,
    "ROUGE_L": 0.2074829931972789,
    "CIDEr": 0.0,
    "METEOR": 0.23309858767210603,
    "SPICE": 0.2352941176470588,
    "BLEU_4": 4.7406042590263856e-09
  }
}