{
  "0": {
    "BLEU_1": 0.4953587997157158,
    "BLEU_2": 0.2675243277994909,
    "ROUGE_L": 0.2634989200863931,
    "CIDEr": 0.0,
    "METEOR": 0.15785697989786693,
    "SPICE": 0.1142857142857143,
    "BLEU_4": 7.201170725888819e-09
  },
  "1": {
    "BLEU_1": 0.18181818178512404,
    "BLEU_2": 4.2640143263175525e-09,
    "ROUGE_L": 0.216696269982238,
    "CIDEr": 0.0,
    "METEOR": 0.17230769230769233,
    "SPICE": 0.05,
    "BLEU_4": 7.088856800859686e-13
  },
  "2": {
    "BLEU_1": 0.27272727267768604,
    "BLEU_2": 5.222329677697684e-09,
    "ROUGE_L": 0.2727272727272727,
    "CIDEr": 0.0,
    "METEOR": 0.12542372881355932,
    "SPICE": 0.0,
    "BLEU_4": 7.845109652856079e-13
  },
  "3": {
    "BLEU_1": 0.19999999996000015,
    "BLEU_2": 4.714045206941321e-09,
    "ROUGE_L": 0.21254355400696867,
    "CIDEr": 0.0,
    "METEOR": 0.17721518987341775,
    "SPICE": 0.05,
    "BLEU_4": 7.936880924342154e-13
  },
  "4": {
    "BLEU_1": 0.33333333330555565,
    "BLEU_2": 0.17407765594053212,
    "ROUGE_L": 0.2932692307692307,
    "CIDEr": 0.0,
    "METEOR": 0.22965781414336833,
    "SPICE": 0.04878048780487805,
    "BLEU_4": 4.283619507134575e-09
  },
  "5": {
    "BLEU_1": 0.2476793998932407,
    "BLEU_2": 0.12851453014497438,
    "ROUGE_L": 0.271513353115727,
    "CIDEr": 0.0,
    "METEOR": 0.22656130428974985,
    "SPICE": 0.04761904761904761,
    "BLEU_4": 3.1139497433547216e-09
  },
  "6": {
    "BLEU_1": 0.2476793998932407,
    "BLEU_2": 0.12851453014497438,
    "ROUGE_L": 0.271513353115727,
    "CIDEr": 0.0,
    "METEOR": 0.2235471849422144,
    "SPICE": 0.04761904761904761,
    "BLEU_4": 3.1139497433547216e-09
  },
  "7": {
    "BLEU_1": 0.24946852930850233,
    "BLEU_2": 0.12911223016138224,
    "ROUGE_L": 0.26180257510729615,
    "CIDEr": 0.0,
    "METEOR": 0.21917343567160583,
    "SPICE": 0.045454545454545456,
    "BLEU_4": 3.10975417130773e-09
  },
  "8": {
    "BLEU_1": 0.18575954991993052,
    "BLEU_2": 0.11129684786096884,
    "ROUGE_L": 0.19122257053291536,
    "CIDEr": 0.0,
    "METEOR": 0.17736855904397247,
    "SPICE": 0.0975609756097561,
    "BLEU_4": 2.8978567621656397e-09
  },
  "9": {
    "BLEU_1": 0.2476793998932407,
    "BLEU_2": 0.12851453014497438,
    "ROUGE_L": 0.271513353115727,
    "CIDEr": 0.0,
    "METEOR": 0.22656130428974985,
    "SPICE": 0.0,
    "BLEU_4": 3.1139497433547216e-09
  }
}