{
  "0": {
    "BLEU_1": 0.6249999998437503,
    "BLEU_2": 9.44911182278404e-09,
    "ROUGE_L": 0.28955696202531644,
    "CIDEr": 0.0,
    "METEOR": 0.22246168748471826,
    "SPICE": 0.19999999999999998,
    "BLEU_4": 1.313454946839543e-12
  },
  "1": {
    "BLEU_1": 0.598540358295652,
    "BLEU_2": 0.29280569815733243,
    "ROUGE_L": 0.42957746478873243,
    "CIDEr": 0.0,
    "METEOR": 0.22114989609564908,
    "SPICE": 0.2777777777777778,
    "BLEU_4": 2.7392758077375235e-05
  },
  "2": {
    "BLEU_1": 0.4953587997157158,
    "BLEU_2": 0.3783365326387855,
    "ROUGE_L": 0.3952483801295896,
    "CIDEr": 0.0,
    "METEOR": 0.15803508016581144,
    "SPICE": 0.13333333333333333,
    "BLEU_4": 4.8157131074181714e-05
  },
  "3": {
    "BLEU_1": 0.6249999998437503,
    "BLEU_2": 0.29880715225622895,
    "ROUGE_L": 0.25,
    "CIDEr": 0.0,
    "METEOR": 0.1957441963000316,
    "SPICE": 0.13333333333333333,
    "BLEU_4": 7.386099953835683e-09
  },
  "4": {
    "BLEU_1": 0.6333861924984946,
    "BLEU_2": 0.4370779972037695,
    "ROUGE_L": 0.4535315985130111,
    "CIDEr": 0.0,
    "METEOR": 0.19540168708644906,
    "SPICE": 0.23529411764705882,
    "BLEU_4": 4.088064518493941e-05
  },
  "5": {
    "BLEU_1": 0.5429024507129954,
    "BLEU_2": 0.4046555949795809,
    "ROUGE_L": 0.4535315985130111,
    "CIDEr": 0.0,
    "METEOR": 0.2004369391827807,
    "SPICE": 0.25806451612903225,
    "BLEU_4": 3.933517112506113e-05
  },
  "6": {
    "BLEU_1": 0.4390493086996017,
    "BLEU_2": 0.24543602492551397,
    "ROUGE_L": 0.2953995157384988,
    "CIDEr": 0.0,
    "METEOR": 0.11867569242790697,
    "SPICE": 0.13793103448275865,
    "BLEU_4": 7.415543672639246e-09
  },
  "7": {
    "BLEU_1": 0.5429024507129954,
    "BLEU_2": 7.38796657969969e-09,
    "ROUGE_L": 0.31362467866323906,
    "CIDEr": 0.0,
    "METEOR": 0.14663951120162932,
    "SPICE": 0.23529411764705882,
    "BLEU_4": 9.451499815624065e-13
  },
  "8": {
    "BLEU_1": 0.5429024507129954,
    "BLEU_2": 0.4046555949795809,
    "ROUGE_L": 0.5,
    "CIDEr": 0.0,
    "METEOR": 0.2183634638424261,
    "SPICE": 0.23529411764705882,
    "BLEU_4": 3.933517112506113e-05
  },
  "9": {
    "BLEU_1": 0.6666666665925927,
    "BLEU_2": 0.49999999994097233,
    "ROUGE_L": 0.4756335282651072,
    "CIDEr": 0.0,
    "METEOR": 0.21970586218571972,
    "SPICE": 0.12903225806451613,
    "BLEU_4": 4.939382736441597e-05
  }
}