{
  "0": {
    "BLEU_1": 0.1194218850558244,
    "BLEU_2": 4.136895448977816e-09,
    "ROUGE_L": 0.12869198312236285,
    "CIDEr": 0.0,
    "METEOR": 0.09840546697038725,
    "SPICE": 0.16000000000000003,
    "BLEU_4": 9.250379439222845e-13
  },
  "1": {
    "BLEU_1": 0.12383969992892904,
    "BLEU_2": 4.229931026759462e-09,
    "ROUGE_L": 0.12224448897795591,
    "CIDEr": 0.0,
    "METEOR": 0.09773755656108597,
    "SPICE": 0.18181818181818182,
    "BLEU_4": 9.054992803586729e-13
  },
  "2": {
    "BLEU_1": 0.12499999996875016,
    "BLEU_2": 4.225771272548414e-09,
    "ROUGE_L": 0.116412213740458,
    "CIDEr": 0.0,
    "METEOR": 0.09578713968957873,
    "SPICE": 0.15384615384615383,
    "BLEU_4": 8.783602617222665e-13
  },
  "3": {
    "BLEU_1": 0.22222222217283966,
    "BLEU_2": 5.270462765739487e-09,
    "ROUGE_L": 0.1111111111111111,
    "CIDEr": 0.0,
    "METEOR": 0.11277533039647579,
    "SPICE": 0.14814814814814817,
    "BLEU_4": 9.018037815333522e-13
  },
  "4": {
    "BLEU_1": 0.22222222217283966,
    "BLEU_2": 5.270462765739487e-09,
    "ROUGE_L": 0.1111111111111111,
    "CIDEr": 0.0,
    "METEOR": 0.11277533039647579,
    "SPICE": 0.14814814814814817,
    "BLEU_4": 9.018037815333522e-13
  },
  "5": {
    "BLEU_1": 0.22222222217283966,
    "BLEU_2": 5.270462765739487e-09,
    "ROUGE_L": 0.1111111111111111,
    "CIDEr": 0.0,
    "METEOR": 0.11277533039647579,
    "SPICE": 0.14814814814814817,
    "BLEU_4": 9.018037815333522e-13
  },
  "6": {
    "BLEU_1": 0.22222222217283966,
    "BLEU_2": 5.270462765739487e-09,
    "ROUGE_L": 0.1111111111111111,
    "CIDEr": 0.0,
    "METEOR": 0.11277533039647579,
    "SPICE": 0.14814814814814817,
    "BLEU_4": 9.018037815333522e-13
  },
  "7": {
    "BLEU_1": 0.22222222217283966,
    "BLEU_2": 5.270462765739487e-09,
    "ROUGE_L": 0.1111111111111111,
    "CIDEr": 0.0,
    "METEOR": 0.11277533039647579,
    "SPICE": 0.14814814814814817,
    "BLEU_4": 9.018037815333522e-13
  },
  "8": {
    "BLEU_1": 0.22222222217283966,
    "BLEU_2": 5.270462765739487e-09,
    "ROUGE_L": 0.1111111111111111,
    "CIDEr": 0.0,
    "METEOR": 0.11277533039647579,
    "SPICE": 0.14814814814814817,
    "BLEU_4": 9.018037815333522e-13
  },
  "9": {
    "BLEU_1": 0.22222222217283966,
    "BLEU_2": 5.270462765739487e-09,
    "ROUGE_L": 0.1111111111111111,
    "CIDEr": 0.0,
    "METEOR": 0.11277533039647579,
    "SPICE": 0.14814814814814817,
    "BLEU_4": 9.018037815333522e-13
  }
}