{
  "0": {
    "BLEU_1": 4.5111761048796427e-17,
    "BLEU_2": 5.525039797935208e-17,
    "ROUGE_L": 0.0,
    "CIDEr": 0.0,
    "METEOR": 0.0,
    "SPICE": 0.0,
    "BLEU_4": 1.5377056965806874e-14
  },
  "1": {
    "BLEU_1": 0.20217688650348561,
    "BLEU_2": 0.15660554288060333,
    "ROUGE_L": 0.20962199312714777,
    "CIDEr": 0.0,
    "METEOR": 0.19814445239444617,
    "SPICE": 0.125,
    "BLEU_4": 5.236421925064999e-09
  },
  "2": {
    "BLEU_1": 0.5367694949004131,
    "BLEU_2": 0.25928429921237,
    "ROUGE_L": 0.20098846787479407,
    "CIDEr": 0.0,
    "METEOR": 0.15106989235636445,
    "SPICE": 0.1818181818181818,
    "BLEU_4": 6.600677917915344e-09
  },
  "3": {
    "BLEU_1": 0.4412484511819858,
    "BLEU_2": 0.2358572181075568,
    "ROUGE_L": 0.1930379746835443,
    "CIDEr": 0.0,
    "METEOR": 0.24495880103709006,
    "SPICE": 0.19354838709677416,
    "BLEU_4": 6.164542726677392e-09
  },
  "4": {
    "BLEU_1": 0.4444444443456792,
    "BLEU_2": 0.23570226034150096,
    "ROUGE_L": 0.1856925418569254,
    "CIDEr": 0.0,
    "METEOR": 0.2403369368665789,
    "SPICE": 0.18750000000000003,
    "BLEU_4": 6.030725358915047e-09
  },
  "5": {
    "BLEU_1": 0.20217688650348561,
    "BLEU_2": 4.952302097098729e-09,
    "ROUGE_L": 0.1117216117216117,
    "CIDEr": 0.0,
    "METEOR": 0.1257025426374541,
    "SPICE": 0.06896551724137931,
    "BLEU_4": 9.311821291619466e-13
  },
  "6": {
    "BLEU_1": 0.1111111110864199,
    "BLEU_2": 3.726779961645599e-09,
    "ROUGE_L": 0.08367626886145405,
    "CIDEr": 0.0,
    "METEOR": 0.11721954896253386,
    "SPICE": 0.06060606060606061,
    "BLEU_4": 7.583235671536399e-13
  },
  "7": {
    "BLEU_1": 0.2695973783624942,
    "BLEU_2": 5.503133441363796e-09,
    "ROUGE_L": 0.2341650671785029,
    "CIDEr": 0.0,
    "METEOR": 0.14647057479047979,
    "SPICE": 0.07142857142857142,
    "BLEU_4": 1.0047301075023746e-12
  },
  "8": {
    "BLEU_1": 0.6618726767729786,
    "BLEU_2": 0.40851668509414246,
    "ROUGE_L": 0.346590909090909,
    "CIDEr": 0.0,
    "METEOR": 0.24185805672016478,
    "SPICE": 0.23529411764705882,
    "BLEU_4": 8.112994484315413e-09
  },
  "9": {
    "BLEU_1": 0.4294155959203306,
    "BLEU_2": 7.333667449130742e-09,
    "ROUGE_L": 0.20098846787479407,
    "CIDEr": 0.0,
    "METEOR": 0.16114698509012707,
    "SPICE": 0.18750000000000003,
    "BLEU_4": 1.1100972798838728e-12
  }
}