{
  "0": {
    "BLEU_1": 0.4545454545041323,
    "BLEU_2": 0.21320071633525958,
    "ROUGE_L": 0.25884016973125884,
    "CIDEr": 0.0,
    "METEOR": 0.0974264029714739,
    "SPICE": 0.052631578947368425,
    "BLEU_4": 5.01257871520395e-09
  },
  "1": {
    "BLEU_1": 0.36363636360330587,
    "BLEU_2": 6.03022689097966e-09,
    "ROUGE_L": 0.17256011315417258,
    "CIDEr": 0.0,
    "METEOR": 0.0578993529724031,
    "SPICE": 0.0,
    "BLEU_4": 8.430118945584141e-13
  },
  "2": {
    "BLEU_1": 0.12383969992892904,
    "BLEU_2": 4.229931026759462e-09,
    "ROUGE_L": 0.11401869158878504,
    "CIDEr": 0.0,
    "METEOR": 0.01932367149758454,
    "SPICE": 0.0,
    "BLEU_4": 9.054992803586729e-13
  },
  "3": {
    "BLEU_1": 0.12383969992892904,
    "BLEU_2": 4.229931026759462e-09,
    "ROUGE_L": 0.11401869158878504,
    "CIDEr": 0.0,
    "METEOR": 0.01932367149758454,
    "SPICE": 0.0,
    "BLEU_4": 9.054992803586729e-13
  },
  "4": {
    "BLEU_1": 0.1111111110864199,
    "BLEU_2": 3.726779961645599e-09,
    "ROUGE_L": 0.10427350427350426,
    "CIDEr": 0.0,
    "METEOR": 0.018518518518518517,
    "SPICE": 0.0,
    "BLEU_4": 7.583235671536399e-13
  },
  "5": {
    "BLEU_1": 0.1111111110864199,
    "BLEU_2": 3.726779961645599e-09,
    "ROUGE_L": 0.10427350427350426,
    "CIDEr": 0.0,
    "METEOR": 0.018518518518518517,
    "SPICE": 0.0,
    "BLEU_4": 7.583235671536399e-13
  },
  "6": {
    "BLEU_1": 0.12383969992892904,
    "BLEU_2": 4.229931026759462e-09,
    "ROUGE_L": 0.11401869158878504,
    "CIDEr": 0.0,
    "METEOR": 0.01932367149758454,
    "SPICE": 0.0,
    "BLEU_4": 9.054992803586729e-13
  },
  "7": {
    "BLEU_1": 0.1111111110864199,
    "BLEU_2": 3.726779961645599e-09,
    "ROUGE_L": 0.10427350427350426,
    "CIDEr": 0.0,
    "METEOR": 0.018518518518518517,
    "SPICE": 0.0,
    "BLEU_4": 7.583235671536399e-13
  },
  "8": {
    "BLEU_1": 0.12383969992892904,
    "BLEU_2": 4.229931026759462e-09,
    "ROUGE_L": 0.11401869158878504,
    "CIDEr": 0.0,
    "METEOR": 0.01932367149758454,
    "SPICE": 0.0,
    "BLEU_4": 9.054992803586729e-13
  },
  "9": {
    "BLEU_1": 0.12499999996875016,
    "BLEU_2": 4.225771272548414e-09,
    "ROUGE_L": 0.10892857142857142,
    "CIDEr": 0.0,
    "METEOR": 0.018912529550827423,
    "SPICE": 0.0,
    "BLEU_4": 8.783602617222665e-13
  }
}