{
  "0": {
    "BLEU_1": 0.24767939985785795,
    "BLEU_2": 5.982025825945981e-09,
    "ROUGE_L": 0.12224448897795591,
    "CIDEr": 0.0,
    "METEOR": 0.1227621483375959,
    "SPICE": 0.06451612903225806,
    "BLEU_4": 1.0768261868323776e-12
  },
  "1": {
    "BLEU_1": 0.30769230766863914,
    "BLEU_2": 0.16012815379225645,
    "ROUGE_L": 0.18798151001540828,
    "CIDEr": 0.0,
    "METEOR": 0.14768041131685702,
    "SPICE": 0.11764705882352941,
    "BLEU_4": 3.9073802491094676e-09
  },
  "2": {
    "BLEU_1": 0.28571428569387763,
    "BLEU_2": 0.20965696732883227,
    "ROUGE_L": 0.24530831099195713,
    "CIDEr": 0.0,
    "METEOR": 0.16245339324517427,
    "SPICE": 0.16216216216216217,
    "BLEU_4": 4.271802513237463e-09
  },
  "3": {
    "BLEU_1": 0.3124999999804688,
    "BLEU_2": 4.564354645581603e-09,
    "ROUGE_L": 0.22989949748743718,
    "CIDEr": 0.0,
    "METEOR": 0.12416851441241686,
    "SPICE": 0.15,
    "BLEU_4": 5.816635420743959e-13
  },
  "4": {
    "BLEU_1": 0.4166666666319445,
    "BLEU_2": 6.154574548430443e-09,
    "ROUGE_L": 0.2629310344827586,
    "CIDEr": 0.0,
    "METEOR": 0.13114754098360656,
    "SPICE": 0.15789473684210525,
    "BLEU_4": 8.054496384067745e-13
  },
  "5": {
    "BLEU_1": 0.3999999999733334,
    "BLEU_2": 0.23904572185037326,
    "ROUGE_L": 0.26180257510729615,
    "CIDEr": 0.0,
    "METEOR": 0.1569402690400213,
    "SPICE": 0.15,
    "BLEU_4": 4.374811430898337e-09
  },
  "6": {
    "BLEU_1": 0.33333333330555565,
    "BLEU_2": 5.504818825152218e-09,
    "ROUGE_L": 0.2629310344827586,
    "CIDEr": 0.0,
    "METEOR": 0.12933025404157042,
    "SPICE": 0.15789473684210525,
    "BLEU_4": 7.61747236997849e-13
  },
  "7": {
    "BLEU_1": 0.19999999998666673,
    "BLEU_2": 3.7796447298312975e-09,
    "ROUGE_L": 0.1582360570687419,
    "CIDEr": 0.0,
    "METEOR": 0.15847619047619046,
    "SPICE": 0.1951219512195122,
    "BLEU_4": 5.501034141770605e-13
  },
  "8": {
    "BLEU_1": 0.33333333331111115,
    "BLEU_2": 4.879500364405748e-09,
    "ROUGE_L": 0.2373540856031128,
    "CIDEr": 0.0,
    "METEOR": 0.16313725490196082,
    "SPICE": 0.20512820512820512,
    "BLEU_4": 6.250381527478681e-13
  },
  "9": {
    "BLEU_1": 0.33333333331111115,
    "BLEU_2": 0.1543033499514377,
    "ROUGE_L": 0.26180257510729615,
    "CIDEr": 0.0,
    "METEOR": 0.1569402690400213,
    "SPICE": 0.20512820512820512,
    "BLEU_4": 3.514847831107641e-09
  }
}