{
  "0": {
    "BLEU_1": 7.162619917923445e-17,
    "BLEU_2": 8.27068107508754e-17,
    "ROUGE_L": 0.0,
    "CIDEr": 0.0,
    "METEOR": 0.0,
    "SPICE": 0.0,
    "BLEU_4": 1.2944315414357063e-16
  },
  "1": {
    "BLEU_1": 0.10108844325174288,
    "BLEU_2": 3.5018063953428727e-09,
    "ROUGE_L": 0.12869198312236285,
    "CIDEr": 0.0,
    "METEOR": 0.02061855670103093,
    "SPICE": 0.0,
    "BLEU_4": 7.830277143606023e-13
  },
  "2": {
    "BLEU_1": 0.10735389898008273,
    "BLEU_2": 3.666833724565372e-09,
    "ROUGE_L": 0.10683012259194395,
    "CIDEr": 0.0,
    "METEOR": 0.02342606149341142,
    "SPICE": 0.0,
    "BLEU_4": 7.849573143826273e-13
  },
  "3": {
    "BLEU_1": 0.11031211279549655,
    "BLEU_2": 3.729230059054939e-09,
    "ROUGE_L": 0.10234899328859062,
    "CIDEr": 0.0,
    "METEOR": 0.06091370558375634,
    "SPICE": 0.049999999999999996,
    "BLEU_4": 7.751502103232947e-13
  },
  "4": {
    "BLEU_1": 0.22222222217283966,
    "BLEU_2": 5.270462765739487e-09,
    "ROUGE_L": 0.09822866344605477,
    "CIDEr": 0.0,
    "METEOR": 0.058679706601466985,
    "SPICE": 0.04545454545454545,
    "BLEU_4": 9.018037815333522e-13
  },
  "5": {
    "BLEU_1": 0.22222222217283966,
    "BLEU_2": 5.270462765739487e-09,
    "ROUGE_L": 0.09822866344605477,
    "CIDEr": 0.0,
    "METEOR": 0.04616355127089895,
    "SPICE": 0.0,
    "BLEU_4": 9.018037815333522e-13
  },
  "6": {
    "BLEU_1": 0.1111111110864199,
    "BLEU_2": 3.726779961645599e-09,
    "ROUGE_L": 0.09822866344605477,
    "CIDEr": 0.0,
    "METEOR": 0.058679706601466985,
    "SPICE": 0.049999999999999996,
    "BLEU_4": 7.583235671536399e-13
  },
  "7": {
    "BLEU_1": 0.22222222217283966,
    "BLEU_2": 5.270462765739487e-09,
    "ROUGE_L": 0.1111111111111111,
    "CIDEr": 0.0,
    "METEOR": 0.09412210089109861,
    "SPICE": 0.046511627906976744,
    "BLEU_4": 9.018037815333522e-13
  },
  "8": {
    "BLEU_1": 0.10735389898008273,
    "BLEU_2": 3.666833724565372e-09,
    "ROUGE_L": 0.10683012259194395,
    "CIDEr": 0.0,
    "METEOR": 0.023633677991137376,
    "SPICE": 0.0,
    "BLEU_4": 7.849573143826273e-13
  },
  "9": {
    "BLEU_1": 0.10735389898008273,
    "BLEU_2": 3.666833724565372e-09,
    "ROUGE_L": 0.10683012259194395,
    "CIDEr": 0.0,
    "METEOR": 0.023633677991137376,
    "SPICE": 0.0,
    "BLEU_4": 7.849573143826273e-13
  }
}