{
  "0": {
    "BLEU_1": 0.4999999999375001,
    "BLEU_2": 8.451542546153264e-09,
    "ROUGE_L": 0.20469798657718125,
    "CIDEr": 0.0,
    "METEOR": 0.13799920208691527,
    "SPICE": 0.07142857142857142,
    "BLEU_4": 1.2421889949324836e-12
  },
  "1": {
    "BLEU_1": 0.13406400915350244,
    "BLEU_2": 4.7398784991563485e-09,
    "ROUGE_L": 0.11708253358925146,
    "CIDEr": 0.0,
    "METEOR": 0.022099447513812154,
    "SPICE": 0.0,
    "BLEU_4": 1.138903415829333e-12
  },
  "2": {
    "BLEU_1": 0.4285714284489797,
    "BLEU_2": 0.2672612418328825,
    "ROUGE_L": 0.32049036777583184,
    "CIDEr": 0.0,
    "METEOR": 0.1413741825727366,
    "SPICE": 0.06896551724137931,
    "BLEU_4": 7.730551754367208e-09
  },
  "3": {
    "BLEU_1": 0.2681280183070047,
    "BLEU_2": 0.2119738105840655,
    "ROUGE_L": 0.2341650671785029,
    "CIDEr": 0.0,
    "METEOR": 0.053670748541834325,
    "SPICE": 0.0,
    "BLEU_4": 7.61630617640397e-09
  },
  "4": {
    "BLEU_1": 0.6249999999218752,
    "BLEU_2": 0.4225771273076633,
    "ROUGE_L": 0.511744966442953,
    "CIDEr": 0.0,
    "METEOR": 0.1729327279741658,
    "SPICE": 0.06896551724137931,
    "BLEU_4": 8.783602618320611e-09
  },
  "5": {
    "BLEU_1": 0.28216057486948465,
    "BLEU_2": 0.2185606414815224,
    "ROUGE_L": 0.2234432234432234,
    "CIDEr": 0.0,
    "METEOR": 0.05234736022162471,
    "SPICE": 0.0,
    "BLEU_4": 7.308015501613933e-09
  },
  "6": {
    "BLEU_1": 0.2681280183070047,
    "BLEU_2": 0.2119738105840655,
    "ROUGE_L": 0.2341650671785029,
    "CIDEr": 0.0,
    "METEOR": 0.11650479561520136,
    "SPICE": 0.07142857142857142,
    "BLEU_4": 7.61630617640397e-09
  },
  "7": {
    "BLEU_1": 0.23618327625241592,
    "BLEU_2": 0.19284283752437115,
    "ROUGE_L": 0.24596774193548387,
    "CIDEr": 0.0,
    "METEOR": 0.10825374776709926,
    "SPICE": 0.07407407407407407,
    "BLEU_4": 8.025716722742473e-09
  },
  "8": {
    "BLEU_1": 0.5362560366140092,
    "BLEU_2": 0.5192276747643325,
    "ROUGE_L": 0.4380610412926392,
    "CIDEr": 0.0,
    "METEOR": 0.19783583856576165,
    "SPICE": 0.07407407407407407,
    "BLEU_4": 0.44827003178420904
  },
  "9": {
    "BLEU_1": 0.6249999999218752,
    "BLEU_2": 0.4225771273076633,
    "ROUGE_L": 0.3070469798657718,
    "CIDEr": 0.0,
    "METEOR": 0.14023099511257966,
    "SPICE": 0.13333333333333333,
    "BLEU_4": 8.783602618320611e-09
  }
}