{
  "0": {
    "BLEU_1": 0.4867504892979407,
    "BLEU_2": 7.3589756869134795e-09,
    "ROUGE_L": 0.3267857142857143,
    "CIDEr": 0.0,
    "METEOR": 0.2553202996146411,
    "SPICE": 0.11428571428571428,
    "BLEU_4": 1.0229197411276467e-12
  },
  "1": {
    "BLEU_1": 0.38940039143835253,
    "BLEU_2": 6.5820679522827e-09,
    "ROUGE_L": 0.3267857142857143,
    "CIDEr": 0.0,
    "METEOR": 0.19979147153136353,
    "SPICE": 0.11428571428571428,
    "BLEU_4": 9.674177618551726e-13
  },
  "2": {
    "BLEU_1": 0.3977063629402297,
    "BLEU_2": 6.6697384695928586e-09,
    "ROUGE_L": 0.31282051282051276,
    "CIDEr": 0.0,
    "METEOR": 0.1918351739925039,
    "SPICE": 0.1111111111111111,
    "BLEU_4": 9.596538469300547e-13
  },
  "3": {
    "BLEU_1": 0.2920502935787644,
    "BLEU_2": 5.700238056112239e-09,
    "ROUGE_L": 0.21785714285714283,
    "CIDEr": 0.0,
    "METEOR": 0.14285714285714285,
    "SPICE": 0.17142857142857143,
    "BLEU_4": 9.002836699641014e-13
  },
  "4": {
    "BLEU_1": 0.4999999999583334,
    "BLEU_2": 6.741998624045051e-09,
    "ROUGE_L": 0.18484848484848485,
    "CIDEr": 0.0,
    "METEOR": 0.17467248908296945,
    "SPICE": 0.10256410256410256,
    "BLEU_4": 8.430118945671953e-13
  },
  "5": {
    "BLEU_1": 0.4999999999583334,
    "BLEU_2": 6.741998624045051e-09,
    "ROUGE_L": 0.18484848484848485,
    "CIDEr": 0.0,
    "METEOR": 0.17467248908296945,
    "SPICE": 0.10256410256410256,
    "BLEU_4": 8.430118945671953e-13
  },
  "6": {
    "BLEU_1": 0.4999999999583334,
    "BLEU_2": 6.741998624045051e-09,
    "ROUGE_L": 0.18484848484848485,
    "CIDEr": 0.0,
    "METEOR": 0.17467248908296945,
    "SPICE": 0.10256410256410256,
    "BLEU_4": 8.430118945671953e-13
  },
  "7": {
    "BLEU_1": 0.4999999999583334,
    "BLEU_2": 6.741998624045051e-09,
    "ROUGE_L": 0.18484848484848485,
    "CIDEr": 0.0,
    "METEOR": 0.17467248908296945,
    "SPICE": 0.10256410256410256,
    "BLEU_4": 8.430118945671953e-13
  },
  "8": {
    "BLEU_1": 0.5333333332977779,
    "BLEU_2": 0.19518001457623005,
    "ROUGE_L": 0.2373540856031128,
    "CIDEr": 0.0,
    "METEOR": 0.16597510373443983,
    "SPICE": 0.14634146341463417,
    "BLEU_4": 3.95308837437499e-09
  },
  "9": {
    "BLEU_1": 0.5333333332977779,
    "BLEU_2": 0.19518001457623005,
    "ROUGE_L": 0.2373540856031128,
    "CIDEr": 0.0,
    "METEOR": 0.16597510373443983,
    "SPICE": 0.14634146341463417,
    "BLEU_4": 3.95308837437499e-09
  }
}