{
  "0": {
    "BLEU_1": 0.22062422559099293,
    "BLEU_2": 5.273927726724911e-09,
    "ROUGE_L": 0.18263473053892215,
    "CIDEr": 0.0,
    "METEOR": 0.12416851441241686,
    "SPICE": 0.19999999999999998,
    "BLEU_4": 9.218141453123176e-13
  },
  "1": {
    "BLEU_1": 0.357142857117347,
    "BLEU_2": 5.241424183220805e-09,
    "ROUGE_L": 0.2982885085574572,
    "CIDEr": 0.0,
    "METEOR": 0.17307692307692307,
    "SPICE": 0.1764705882352941,
    "BLEU_4": 6.754312828130983e-13
  },
  "2": {
    "BLEU_1": 0.3124999999804688,
    "BLEU_2": 4.564354645581603e-09,
    "ROUGE_L": 0.28110599078341014,
    "CIDEr": 0.0,
    "METEOR": 0.1658986175115207,
    "SPICE": 0.16666666666666663,
    "BLEU_4": 5.816635420743959e-13
  },
  "3": {
    "BLEU_1": 0.3999999999733334,
    "BLEU_2": 0.16903085093403225,
    "ROUGE_L": 0.36180308422301305,
    "CIDEr": 0.0,
    "METEOR": 0.186627758367918,
    "SPICE": 0.2285714285714286,
    "BLEU_4": 3.6787632496533857e-09
  },
  "4": {
    "BLEU_1": 0.4166666665972223,
    "BLEU_2": 6.1545745479175624e-09,
    "ROUGE_L": 0.23828125000000006,
    "CIDEr": 0.0,
    "METEOR": 0.17859512610102693,
    "SPICE": 0.24242424242424246,
    "BLEU_4": 8.054496383396537e-13
  },
  "5": {
    "BLEU_1": 0.33333333331111115,
    "BLEU_2": 0.1543033499514377,
    "ROUGE_L": 0.28944246737841045,
    "CIDEr": 0.0,
    "METEOR": 0.21215902200671272,
    "SPICE": 0.2222222222222222,
    "BLEU_4": 3.514847831107641e-09
  },
  "6": {
    "BLEU_1": 0.4166666665972223,
    "BLEU_2": 6.1545745479175624e-09,
    "ROUGE_L": 0.23828125000000006,
    "CIDEr": 0.0,
    "METEOR": 0.17859512610102693,
    "SPICE": 0.24242424242424246,
    "BLEU_4": 8.054496383396537e-13
  },
  "7": {
    "BLEU_1": 0.3124999999804688,
    "BLEU_2": 0.14433756728808472,
    "ROUGE_L": 0.28110599078341014,
    "CIDEr": 0.0,
    "METEOR": 0.16792211059698153,
    "SPICE": 0.2222222222222222,
    "BLEU_4": 3.2709344706502825e-09
  },
  "8": {
    "BLEU_1": 0.357142857117347,
    "BLEU_2": 0.16574838602065456,
    "ROUGE_L": 0.2982885085574572,
    "CIDEr": 0.0,
    "METEOR": 0.17203448881568312,
    "SPICE": 0.2285714285714286,
    "BLEU_4": 3.7982292265213524e-09
  },
  "9": {
    "BLEU_1": 0.27272727270247943,
    "BLEU_2": 5.222329678172441e-09,
    "ROUGE_L": 0.1641991924629879,
    "CIDEr": 0.0,
    "METEOR": 0.15960099750623438,
    "SPICE": 0.1818181818181818,
    "BLEU_4": 7.84510965356927e-13
  }
}