{
  "0": {
    "BLEU_1": 0.17113903962048443,
    "BLEU_2": 4.192033221331537e-09,
    "ROUGE_L": 0.20962199312714777,
    "CIDEr": 0.0,
    "METEOR": 0.08247422680412372,
    "SPICE": 0.0625,
    "BLEU_4": 7.882286548803192e-13
  },
  "1": {
    "BLEU_1": 0.1538461538343196,
    "BLEU_2": 3.5805743699102604e-09,
    "ROUGE_L": 0.1781021897810219,
    "CIDEr": 0.0,
    "METEOR": 0.07936507936507936,
    "SPICE": 0.09523809523809523,
    "BLEU_4": 5.84289629327371e-13
  },
  "2": {
    "BLEU_1": 0.2982797722051723,
    "BLEU_2": 5.776162951265759e-09,
    "ROUGE_L": 0.20854700854700853,
    "CIDEr": 0.0,
    "METEOR": 0.08438818565400844,
    "SPICE": 0.11111111111111112,
    "BLEU_4": 8.930585330091313e-13
  },
  "3": {
    "BLEU_1": 0.2982797722051723,
    "BLEU_2": 5.776162951265759e-09,
    "ROUGE_L": 0.20854700854700853,
    "CIDEr": 0.0,
    "METEOR": 0.08438818565400844,
    "SPICE": 0.11111111111111112,
    "BLEU_4": 8.930585330091313e-13
  },
  "4": {
    "BLEU_1": 0.2982797722051723,
    "BLEU_2": 5.776162951265759e-09,
    "ROUGE_L": 0.20854700854700853,
    "CIDEr": 0.0,
    "METEOR": 0.08438818565400844,
    "SPICE": 0.11111111111111112,
    "BLEU_4": 8.930585330091313e-13
  },
  "5": {
    "BLEU_1": 0.2982797722051723,
    "BLEU_2": 5.776162951265759e-09,
    "ROUGE_L": 0.20854700854700853,
    "CIDEr": 0.0,
    "METEOR": 0.08438818565400844,
    "SPICE": 0.11111111111111112,
    "BLEU_4": 8.930585330091313e-13
  },
  "6": {
    "BLEU_1": 0.2982797722051723,
    "BLEU_2": 5.776162951265759e-09,
    "ROUGE_L": 0.20854700854700853,
    "CIDEr": 0.0,
    "METEOR": 0.08438818565400844,
    "SPICE": 0.11111111111111112,
    "BLEU_4": 8.930585330091313e-13
  },
  "7": {
    "BLEU_1": 0.2982797722051723,
    "BLEU_2": 5.776162951265759e-09,
    "ROUGE_L": 0.20854700854700853,
    "CIDEr": 0.0,
    "METEOR": 0.08438818565400844,
    "SPICE": 0.11111111111111112,
    "BLEU_4": 8.930585330091313e-13
  },
  "8": {
    "BLEU_1": 0.2982797722051723,
    "BLEU_2": 5.776162951265759e-09,
    "ROUGE_L": 0.20854700854700853,
    "CIDEr": 0.0,
    "METEOR": 0.08438818565400844,
    "SPICE": 0.11111111111111112,
    "BLEU_4": 8.930585330091313e-13
  },
  "9": {
    "BLEU_1": 0.2982797722051723,
    "BLEU_2": 5.776162951265759e-09,
    "ROUGE_L": 0.20854700854700853,
    "CIDEr": 0.0,
    "METEOR": 0.08438818565400844,
    "SPICE": 0.11111111111111112,
    "BLEU_4": 8.930585330091313e-13
  }
}