{
  "0": {
    "BLEU_1": 0.12383969992892904,
    "BLEU_2": 4.229931026759462e-09,
    "ROUGE_L": 0.0948678071539658,
    "CIDEr": 0.0,
    "METEOR": 0.056140350877192984,
    "SPICE": 0.05555555555555555,
    "BLEU_4": 9.054992803586729e-13
  },
  "1": {
    "BLEU_1": 0.3333333332962964,
    "BLEU_2": 6.454972242916984e-09,
    "ROUGE_L": 0.1111111111111111,
    "CIDEr": 0.0,
    "METEOR": 0.061823802163833076,
    "SPICE": 0.09999999999999999,
    "BLEU_4": 9.980099402512292e-13
  },
  "2": {
    "BLEU_1": 0.36363636360330587,
    "BLEU_2": 6.03022689097966e-09,
    "ROUGE_L": 0.1641991924629879,
    "CIDEr": 0.0,
    "METEOR": 0.08421052631578947,
    "SPICE": 0.09523809523809523,
    "BLEU_4": 8.430118945584141e-13
  },
  "3": {
    "BLEU_1": 0.4666666666044445,
    "BLEU_2": 5.7735026911127115e-09,
    "ROUGE_L": 0.17453505007153075,
    "CIDEr": 0.0,
    "METEOR": 0.11661807580174928,
    "SPICE": 0.09090909090909091,
    "BLEU_4": 6.798898170957074e-13
  },
  "4": {
    "BLEU_1": 0.35294117644982703,
    "BLEU_2": 4.6966821828537125e-09,
    "ROUGE_L": 0.1628838451268358,
    "CIDEr": 0.0,
    "METEOR": 0.10098176718092566,
    "SPICE": 0.08695652173913043,
    "BLEU_4": 5.692994482116097e-13
  },
  "5": {
    "BLEU_1": 0.3999999999200002,
    "BLEU_2": 6.666666665296299e-09,
    "ROUGE_L": 0.21254355400696867,
    "CIDEr": 0.0,
    "METEOR": 0.082687338501292,
    "SPICE": 0.0975609756097561,
    "BLEU_4": 9.438595266157062e-13
  },
  "6": {
    "BLEU_1": 0.4545454545041323,
    "BLEU_2": 6.741998623988867e-09,
    "ROUGE_L": 0.240473061760841,
    "CIDEr": 0.0,
    "METEOR": 0.14501510574018125,
    "SPICE": 0.09523809523809523,
    "BLEU_4": 8.913765520446539e-13
  },
  "7": {
    "BLEU_1": 0.46153846146745575,
    "BLEU_2": 6.201736728486434e-09,
    "ROUGE_L": 0.18798151001540828,
    "CIDEr": 0.0,
    "METEOR": 0.14117647058823532,
    "SPICE": 0.09090909090909091,
    "BLEU_4": 7.689683971362461e-13
  },
  "8": {
    "BLEU_1": 0.39999999994666674,
    "BLEU_2": 5.3452248375230655e-09,
    "ROUGE_L": 0.17453505007153075,
    "CIDEr": 0.0,
    "METEOR": 0.13872832369942198,
    "SPICE": 0.08695652173913043,
    "BLEU_4": 6.541868940830367e-13
  },
  "9": {
    "BLEU_1": 0.39999999994666674,
    "BLEU_2": 5.3452248375230655e-09,
    "ROUGE_L": 0.17453505007153075,
    "CIDEr": 0.0,
    "METEOR": 0.13872832369942198,
    "SPICE": 0.08695652173913043,
    "BLEU_4": 6.541868940830367e-13
  }
}