{
  "0": {
    "BLEU_1": 0.1410802874347424,
    "BLEU_2": 4.887164515586444e-09,
    "ROUGE_L": 0.13926940639269406,
    "CIDEr": 0.0,
    "METEOR": 0.15874874598020566,
    "SPICE": 0.07407407407407407,
    "BLEU_4": 1.0928032073484179e-12
  },
  "1": {
    "BLEU_1": 0.29999999994000015,
    "BLEU_2": 5.773502690709485e-09,
    "ROUGE_L": 0.18885448916408668,
    "CIDEr": 0.0,
    "METEOR": 0.16696796237912115,
    "SPICE": 0.1290322580645161,
    "BLEU_4": 8.783602617783837e-13
  },
  "2": {
    "BLEU_1": 0.23076923075147937,
    "BLEU_2": 4.385290096183762e-09,
    "ROUGE_L": 0.19902120717781402,
    "CIDEr": 0.0,
    "METEOR": 0.21804864531258736,
    "SPICE": 0.1818181818181818,
    "BLEU_4": 6.466227686450042e-13
  },
  "3": {
    "BLEU_1": 0.23076923075147937,
    "BLEU_2": 4.385290096183762e-09,
    "ROUGE_L": 0.2538141470180305,
    "CIDEr": 0.0,
    "METEOR": 0.19827266648140074,
    "SPICE": 0.12121212121212123,
    "BLEU_4": 6.466227686450042e-13
  },
  "4": {
    "BLEU_1": 0.33333333330555565,
    "BLEU_2": 5.504818825152218e-09,
    "ROUGE_L": 0.2629310344827586,
    "CIDEr": 0.0,
    "METEOR": 0.22768869068430175,
    "SPICE": 0.18749999999999997,
    "BLEU_4": 7.61747236997849e-13
  },
  "5": {
    "BLEU_1": 0.33333333330555565,
    "BLEU_2": 5.504818825152218e-09,
    "ROUGE_L": 0.2629310344827586,
    "CIDEr": 0.0,
    "METEOR": 0.22768869068430175,
    "SPICE": 0.18749999999999997,
    "BLEU_4": 7.61747236997849e-13
  },
  "6": {
    "BLEU_1": 0.36363636360330587,
    "BLEU_2": 6.03022689097966e-09,
    "ROUGE_L": 0.2727272727272727,
    "CIDEr": 0.0,
    "METEOR": 0.18607188550345874,
    "SPICE": 0.06451612903225805,
    "BLEU_4": 8.430118945584141e-13
  },
  "7": {
    "BLEU_1": 0.4166666666319445,
    "BLEU_2": 0.19462473602342495,
    "ROUGE_L": 0.3505747126436781,
    "CIDEr": 0.0,
    "METEOR": 0.25084347278779,
    "SPICE": 0.06451612903225805,
    "BLEU_4": 4.5293761703575315e-09
  },
  "8": {
    "BLEU_1": 0.36363636360330587,
    "BLEU_2": 6.03022689097966e-09,
    "ROUGE_L": 0.216696269982238,
    "CIDEr": 0.0,
    "METEOR": 0.18607188550345874,
    "SPICE": 0.06250000000000001,
    "BLEU_4": 8.430118945584141e-13
  },
  "9": {
    "BLEU_1": 0.33333333330555565,
    "BLEU_2": 5.504818825152218e-09,
    "ROUGE_L": 0.2629310344827586,
    "CIDEr": 0.0,
    "METEOR": 0.18254631293602477,
    "SPICE": 0.060606060606060615,
    "BLEU_4": 7.61747236997849e-13
  }
}