{
  "0": {
    "BLEU_1": 0.24767939985785795,
    "BLEU_2": 5.982025825945981e-09,
    "ROUGE_L": 0.10049423393739704,
    "CIDEr": 0.0,
    "METEOR": 0.19535964473937303,
    "SPICE": 0.12903225806451613,
    "BLEU_4": 1.0768261868323776e-12
  },
  "1": {
    "BLEU_1": 0.3715190997867868,
    "BLEU_2": 7.326455450859374e-09,
    "ROUGE_L": 0.30148270181219106,
    "CIDEr": 0.0,
    "METEOR": 0.20055929417693075,
    "SPICE": 0.2,
    "BLEU_4": 1.1917040716272326e-12
  },
  "2": {
    "BLEU_1": 0.6249999998437503,
    "BLEU_2": 9.44911182278404e-09,
    "ROUGE_L": 0.28955696202531644,
    "CIDEr": 0.0,
    "METEOR": 0.19920720904764808,
    "SPICE": 0.26666666666666666,
    "BLEU_4": 1.313454946839543e-12
  },
  "3": {
    "BLEU_1": 0.33333333327777787,
    "BLEU_2": 5.5048188246934825e-09,
    "ROUGE_L": 0.25,
    "CIDEr": 0.0,
    "METEOR": 0.24092883090633435,
    "SPICE": 0.2285714285714286,
    "BLEU_4": 7.617472369343701e-13
  },
  "4": {
    "BLEU_1": 0.44444444441975317,
    "BLEU_2": 0.16169041668164175,
    "ROUGE_L": 0.27664399092970515,
    "CIDEr": 0.0,
    "METEOR": 0.24328725430997616,
    "SPICE": 0.15,
    "BLEU_4": 3.2306456811007425e-09
  },
  "5": {
    "BLEU_1": 0.46153846150295863,
    "BLEU_2": 6.20173672896349e-09,
    "ROUGE_L": 0.2417437252311757,
    "CIDEr": 0.0,
    "METEOR": 0.21297233758722348,
    "SPICE": 0.23529411764705882,
    "BLEU_4": 7.689683971953974e-13
  },
  "6": {
    "BLEU_1": 0.45454545446281003,
    "BLEU_2": 6.741998623375958e-09,
    "ROUGE_L": 0.25884016973125884,
    "CIDEr": 0.0,
    "METEOR": 0.1859721150554676,
    "SPICE": 0.12903225806451613,
    "BLEU_4": 8.913765519636197e-13
  },
  "7": {
    "BLEU_1": 0.4999999999166667,
    "BLEU_2": 6.741998623483217e-09,
    "ROUGE_L": 0.25,
    "CIDEr": 0.0,
    "METEOR": 0.2083875547621045,
    "SPICE": 0.06451612903225806,
    "BLEU_4": 8.430118944969443e-13
  },
  "8": {
    "BLEU_1": 0.4999999999166667,
    "BLEU_2": 6.741998623483217e-09,
    "ROUGE_L": 0.25,
    "CIDEr": 0.0,
    "METEOR": 0.21974052628173268,
    "SPICE": 0.17647058823529413,
    "BLEU_4": 8.430118944969443e-13
  },
  "9": {
    "BLEU_1": 0.4999999999166667,
    "BLEU_2": 6.741998623483217e-09,
    "ROUGE_L": 0.25,
    "CIDEr": 0.0,
    "METEOR": 0.21974052628173268,
    "SPICE": 0.24242424242424243,
    "BLEU_4": 8.430118944969443e-13
  }
}