{
  "0": {
    "BLEU_1": 0.10735389898008273,
    "BLEU_2": 3.666833724565372e-09,
    "ROUGE_L": 0.12224448897795591,
    "CIDEr": 0.0,
    "METEOR": 0.15790732628837206,
    "SPICE": 0.12121212121212122,
    "BLEU_4": 7.849573143826273e-13
  },
  "1": {
    "BLEU_1": 0.22222222217283966,
    "BLEU_2": 5.270462765739487e-09,
    "ROUGE_L": 0.13974799541809851,
    "CIDEr": 0.0,
    "METEOR": 0.15285429184714414,
    "SPICE": 0.0,
    "BLEU_4": 9.018037815333522e-13
  },
  "2": {
    "BLEU_1": 0.18181818178512404,
    "BLEU_2": 4.2640143263175525e-09,
    "ROUGE_L": 0.1321776814734561,
    "CIDEr": 0.0,
    "METEOR": 0.1481146238828916,
    "SPICE": 0.10810810810810811,
    "BLEU_4": 7.088856800859686e-13
  },
  "3": {
    "BLEU_1": 0.24999999997916675,
    "BLEU_2": 4.767312945812628e-09,
    "ROUGE_L": 0.19551282051282048,
    "CIDEr": 0.0,
    "METEOR": 0.17650788528165245,
    "SPICE": 0.10526315789473684,
    "BLEU_4": 7.08885680157797e-13
  },
  "4": {
    "BLEU_1": 0.2142857142704082,
    "BLEU_2": 4.059989714404599e-09,
    "ROUGE_L": 0.18100890207715134,
    "CIDEr": 0.0,
    "METEOR": 0.17127802201404793,
    "SPICE": 0.1,
    "BLEU_4": 5.944549994012258e-13
  },
  "5": {
    "BLEU_1": 0.2999999999700001,
    "BLEU_2": 5.773502691286834e-09,
    "ROUGE_L": 0.21254355400696867,
    "CIDEr": 0.0,
    "METEOR": 0.18206718875509034,
    "SPICE": 0.10810810810810811,
    "BLEU_4": 8.783602618662196e-13
  },
  "6": {
    "BLEU_1": 0.1999999999800001,
    "BLEU_2": 4.714045207412725e-09,
    "ROUGE_L": 0.21254355400696867,
    "CIDEr": 0.0,
    "METEOR": 0.1792444416426083,
    "SPICE": 0.06060606060606061,
    "BLEU_4": 7.93688092513584e-13
  },
  "7": {
    "BLEU_1": 0.21832820079168483,
    "BLEU_2": 3.573233951675111e-09,
    "ROUGE_L": 0.21254355400696867,
    "CIDEr": 0.0,
    "METEOR": 0.16516094979926052,
    "SPICE": 0.1,
    "BLEU_4": 4.839718792834229e-13
  },
  "8": {
    "BLEU_1": 0.1999999999800001,
    "BLEU_2": 4.714045207412725e-09,
    "ROUGE_L": 0.21254355400696867,
    "CIDEr": 0.0,
    "METEOR": 0.1792444416426083,
    "SPICE": 0.10810810810810811,
    "BLEU_4": 7.93688092513584e-13
  },
  "9": {
    "BLEU_1": 0.2142857142704082,
    "BLEU_2": 4.059989714404599e-09,
    "ROUGE_L": 0.21889952153110045,
    "CIDEr": 0.0,
    "METEOR": 0.16634915807119766,
    "SPICE": 0.05714285714285714,
    "BLEU_4": 5.944549994012258e-13
  }
}