{
  "0": {
    "BLEU_1": 0.1194218850558244,
    "BLEU_2": 4.136895448977816e-09,
    "ROUGE_L": 0.13926940639269406,
    "CIDEr": 0.0,
    "METEOR": 0.08767123287671232,
    "SPICE": 0.16000000000000003,
    "BLEU_4": 9.250379439222845e-13
  },
  "1": {
    "BLEU_1": 0.24767939985785795,
    "BLEU_2": 5.982025825945981e-09,
    "ROUGE_L": 0.13174946004319654,
    "CIDEr": 0.0,
    "METEOR": 0.1432225063938619,
    "SPICE": 0.15384615384615383,
    "BLEU_4": 1.0768261868323776e-12
  },
  "2": {
    "BLEU_1": 0.15384615382248532,
    "BLEU_2": 3.580574369634832e-09,
    "ROUGE_L": 0.09951060358890701,
    "CIDEr": 0.0,
    "METEOR": 0.1258426966292135,
    "SPICE": 0.0625,
    "BLEU_4": 5.842896292824257e-13
  },
  "3": {
    "BLEU_1": 0.22222222217283966,
    "BLEU_2": 5.270462765739487e-09,
    "ROUGE_L": 0.17604617604617603,
    "CIDEr": 0.0,
    "METEOR": 0.17349397590361448,
    "SPICE": 0.07142857142857144,
    "BLEU_4": 9.018037815333522e-13
  },
  "4": {
    "BLEU_1": 0.15384615382248532,
    "BLEU_2": 3.580574369634832e-09,
    "ROUGE_L": 0.15384615384615383,
    "CIDEr": 0.0,
    "METEOR": 0.15964523281596454,
    "SPICE": 0.0625,
    "BLEU_4": 5.842896292824257e-13
  },
  "5": {
    "BLEU_1": 0.15384615382248532,
    "BLEU_2": 3.580574369634832e-09,
    "ROUGE_L": 0.15384615384615383,
    "CIDEr": 0.0,
    "METEOR": 0.15964523281596454,
    "SPICE": 0.06451612903225806,
    "BLEU_4": 5.842896292824257e-13
  },
  "6": {
    "BLEU_1": 0.07692307691124271,
    "BLEU_2": 2.5318484173115386e-09,
    "ROUGE_L": 0.07692307692307691,
    "CIDEr": 0.0,
    "METEOR": 0.10643015521064302,
    "SPICE": 0.12121212121212123,
    "BLEU_4": 4.913270547335137e-13
  },
  "7": {
    "BLEU_1": 0.09090909089256209,
    "BLEU_2": 3.0151134452157307e-09,
    "ROUGE_L": 0.08209959623149395,
    "CIDEr": 0.0,
    "METEOR": 0.05542725173210161,
    "SPICE": 0.0,
    "BLEU_4": 5.960994272089826e-13
  },
  "8": {
    "BLEU_1": 0.09999999998000014,
    "BLEU_2": 3.333333332648151e-09,
    "ROUGE_L": 0.084958217270195,
    "CIDEr": 0.0,
    "METEOR": 0.11320754716981132,
    "SPICE": 0.07142857142857144,
    "BLEU_4": 6.674094717574907e-13
  },
  "9": {
    "BLEU_1": 0.08333333332638898,
    "BLEU_2": 2.7524094125761097e-09,
    "ROUGE_L": 0.07942708333333334,
    "CIDEr": 0.0,
    "METEOR": 0.1085972850678733,
    "SPICE": 0.0625,
    "BLEU_4": 5.386366368312954e-13
  }
}