{
  "0": {
    "BLEU_1": 0.21470779796016531,
    "BLEU_2": 5.1856859842473975e-09,
    "ROUGE_L": 0.22803738317757008,
    "CIDEr": 0.0,
    "METEOR": 0.07660738714090287,
    "SPICE": 0.0,
    "BLEU_4": 9.334768232372482e-13
  },
  "1": {
    "BLEU_1": 0.10735389898008273,
    "BLEU_2": 3.666833724565372e-09,
    "ROUGE_L": 0.11401869158878504,
    "CIDEr": 0.0,
    "METEOR": 0.07591529293098703,
    "SPICE": 0.05405405405405405,
    "BLEU_4": 7.849573143826273e-13
  },
  "2": {
    "BLEU_1": 0.23485326567401232,
    "BLEU_2": 3.835137768842849e-09,
    "ROUGE_L": 0.20654627539503387,
    "CIDEr": 0.0,
    "METEOR": 0.1516157230233954,
    "SPICE": 0.043478260869565216,
    "BLEU_4": 5.167743331466156e-13
  },
  "3": {
    "BLEU_1": 0.18181818178512404,
    "BLEU_2": 4.2640143263175525e-09,
    "ROUGE_L": 0.1018363939899833,
    "CIDEr": 0.0,
    "METEOR": 0.132044921793825,
    "SPICE": 0.04878048780487805,
    "BLEU_4": 7.088856800859686e-13
  },
  "4": {
    "BLEU_1": 0.22222222217283966,
    "BLEU_2": 5.270462765739487e-09,
    "ROUGE_L": 0.1111111111111111,
    "CIDEr": 0.0,
    "METEOR": 0.11869706842406717,
    "SPICE": 0.049999999999999996,
    "BLEU_4": 9.018037815333522e-13
  },
  "5": {
    "BLEU_1": 0.22222222217283966,
    "BLEU_2": 5.270462765739487e-09,
    "ROUGE_L": 0.1111111111111111,
    "CIDEr": 0.0,
    "METEOR": 0.11869706842406717,
    "SPICE": 0.049999999999999996,
    "BLEU_4": 9.018037815333522e-13
  },
  "6": {
    "BLEU_1": 0.09999999998000014,
    "BLEU_2": 3.333333332648151e-09,
    "ROUGE_L": 0.10627177700348434,
    "CIDEr": 0.0,
    "METEOR": 0.09846153846153848,
    "SPICE": 0.0,
    "BLEU_4": 6.674094717574907e-13
  },
  "7": {
    "BLEU_1": 0.09999999998000014,
    "BLEU_2": 3.333333332648151e-09,
    "ROUGE_L": 0.10627177700348434,
    "CIDEr": 0.0,
    "METEOR": 0.09846153846153848,
    "SPICE": 0.0,
    "BLEU_4": 6.674094717574907e-13
  },
  "8": {
    "BLEU_1": 0.09999999998000014,
    "BLEU_2": 3.333333332648151e-09,
    "ROUGE_L": 0.10627177700348434,
    "CIDEr": 0.0,
    "METEOR": 0.09846153846153848,
    "SPICE": 0.0,
    "BLEU_4": 6.674094717574907e-13
  },
  "9": {
    "BLEU_1": 0.10735389898008273,
    "BLEU_2": 3.666833724565372e-09,
    "ROUGE_L": 0.12224448897795591,
    "CIDEr": 0.0,
    "METEOR": 0.10406504065040652,
    "SPICE": 0.0,
    "BLEU_4": 7.849573143826273e-13
  }
}