{
  "0": {
    "BLEU_1": 0.22062422559099293,
    "BLEU_2": 5.273927726724911e-09,
    "ROUGE_L": 0.116412213740458,
    "CIDEr": 0.0,
    "METEOR": 0.15189873417721522,
    "SPICE": 0.058823529411764705,
    "BLEU_4": 9.218141453123176e-13
  },
  "1": {
    "BLEU_1": 0.20217688650348561,
    "BLEU_2": 4.952302097098729e-09,
    "ROUGE_L": 0.12869198312236285,
    "CIDEr": 0.0,
    "METEOR": 0.13684210526315788,
    "SPICE": 0.0625,
    "BLEU_4": 9.311821291619466e-13
  },
  "2": {
    "BLEU_1": 0.555555555432099,
    "BLEU_2": 0.26352313828697443,
    "ROUGE_L": 0.2222222222222222,
    "CIDEr": 0.0,
    "METEOR": 0.21132075471698114,
    "SPICE": 0.060606060606060615,
    "BLEU_4": 6.376715692219053e-09
  },
  "3": {
    "BLEU_1": 0.22062422559099293,
    "BLEU_2": 5.273927726724911e-09,
    "ROUGE_L": 0.232824427480916,
    "CIDEr": 0.0,
    "METEOR": 0.21538461538461542,
    "SPICE": 0.1764705882352941,
    "BLEU_4": 9.218141453123176e-13
  },
  "4": {
    "BLEU_1": 0.3333333332592594,
    "BLEU_2": 6.454972242199766e-09,
    "ROUGE_L": 0.2222222222222222,
    "CIDEr": 0.0,
    "METEOR": 0.21132075471698114,
    "SPICE": 0.1142857142857143,
    "BLEU_4": 9.980099401403394e-13
  },
  "5": {
    "BLEU_1": 0.19999999996000015,
    "BLEU_2": 4.714045206941321e-09,
    "ROUGE_L": 0.21254355400696867,
    "CIDEr": 0.0,
    "METEOR": 0.20487804878048788,
    "SPICE": 0.1111111111111111,
    "BLEU_4": 7.936880924342154e-13
  },
  "6": {
    "BLEU_1": 0.19999999996000015,
    "BLEU_2": 4.714045206941321e-09,
    "ROUGE_L": 0.21254355400696867,
    "CIDEr": 0.0,
    "METEOR": 0.20740740740740746,
    "SPICE": 0.18181818181818182,
    "BLEU_4": 7.936880924342154e-13
  },
  "7": {
    "BLEU_1": 0.27272727270247943,
    "BLEU_2": 5.222329678172441e-09,
    "ROUGE_L": 0.2036727879799666,
    "CIDEr": 0.0,
    "METEOR": 0.2011976047904192,
    "SPICE": 0.10810810810810811,
    "BLEU_4": 7.84510965356927e-13
  },
  "8": {
    "BLEU_1": 0.2300111036189957,
    "BLEU_2": 4.386139648219463e-09,
    "ROUGE_L": 0.19551282051282048,
    "CIDEr": 0.0,
    "METEOR": 0.2,
    "SPICE": 0.15789473684210525,
    "BLEU_4": 6.522063105855395e-13
  },
  "9": {
    "BLEU_1": 0.27272727270247943,
    "BLEU_2": 0.16514456475319042,
    "ROUGE_L": 0.3055091819699499,
    "CIDEr": 0.0,
    "METEOR": 0.27820638517089935,
    "SPICE": 0.23529411764705882,
    "BLEU_4": 4.411629358851744e-09
  }
}