{
  "0": {
    "BLEU_1": 0.17973158557499613,
    "BLEU_2": 4.493289639262571e-09,
    "ROUGE_L": 0.15782664941785254,
    "CIDEr": 0.0,
    "METEOR": 0.12490706319702603,
    "SPICE": 0.058823529411764705,
    "BLEU_4": 9.078761382262807e-13
  },
  "1": {
    "BLEU_1": 0.3594631711499922,
    "BLEU_2": 6.354471147515638e-09,
    "ROUGE_L": 0.34807417974322397,
    "CIDEr": 0.0,
    "METEOR": 0.18701298701298702,
    "SPICE": 0.058823529411764705,
    "BLEU_4": 1.0796527631198868e-12
  },
  "2": {
    "BLEU_1": 0.5999999998800002,
    "BLEU_2": 0.2581988896940871,
    "ROUGE_L": 0.3860759493670886,
    "CIDEr": 0.0,
    "METEOR": 0.2275763835624154,
    "SPICE": 0.16216216216216217,
    "BLEU_4": 5.873949093408464e-09
  },
  "3": {
    "BLEU_1": 0.4166666665972223,
    "BLEU_2": 6.1545745479175624e-09,
    "ROUGE_L": 0.2573839662447257,
    "CIDEr": 0.0,
    "METEOR": 0.19576749628488307,
    "SPICE": 0.16666666666666669,
    "BLEU_4": 8.054496383396537e-13
  },
  "4": {
    "BLEU_1": 0.4166666665972223,
    "BLEU_2": 6.1545745479175624e-09,
    "ROUGE_L": 0.2573839662447257,
    "CIDEr": 0.0,
    "METEOR": 0.19576749628488307,
    "SPICE": 0.16666666666666669,
    "BLEU_4": 8.054496383396537e-13
  },
  "5": {
    "BLEU_1": 0.38461538458579886,
    "BLEU_2": 5.661385170269343e-09,
    "ROUGE_L": 0.25077081192189105,
    "CIDEr": 0.0,
    "METEOR": 0.192760828253204,
    "SPICE": 0.2564102564102564,
    "BLEU_4": 7.347053125332871e-13
  },
  "6": {
    "BLEU_1": 0.4999999999166667,
    "BLEU_2": 6.741998623483217e-09,
    "ROUGE_L": 0.3333333333333333,
    "CIDEr": 0.0,
    "METEOR": 0.2065971904265591,
    "SPICE": 0.16216216216216217,
    "BLEU_4": 8.430118944969443e-13
  },
  "7": {
    "BLEU_1": 0.4412484511819858,
    "BLEU_2": 7.458460118109875e-09,
    "ROUGE_L": 0.28773584905660377,
    "CIDEr": 0.0,
    "METEOR": 0.1911297432753029,
    "SPICE": 0.17647058823529416,
    "BLEU_4": 1.0962279403155601e-12
  },
  "8": {
    "BLEU_1": 0.5999999998800002,
    "BLEU_2": 8.16496580759891e-09,
    "ROUGE_L": 0.3860759493670886,
    "CIDEr": 0.0,
    "METEOR": 0.21359223300970878,
    "SPICE": 0.17142857142857143,
    "BLEU_4": 1.0445522728425065e-12
  },
  "9": {
    "BLEU_1": 0.4999999999000002,
    "BLEU_2": 7.453559923467182e-09,
    "ROUGE_L": 0.3577712609970674,
    "CIDEr": 0.0,
    "METEOR": 0.2309395813490521,
    "SPICE": 0.20512820512820512,
    "BLEU_4": 9.98009940168062e-13
  }
}