{
  "0": {
    "BLEU_1": 0.3333333332592594,
    "BLEU_2": 6.454972242199766e-09,
    "ROUGE_L": 0.19645732689210954,
    "CIDEr": 0.0,
    "METEOR": 0.1579800389384231,
    "SPICE": 0.29411764705882354,
    "BLEU_4": 9.980099401403394e-13
  },
  "1": {
    "BLEU_1": 0.3561388763461003,
    "BLEU_2": 5.242222318468966e-09,
    "ROUGE_L": 0.16920943134535368,
    "CIDEr": 0.0,
    "METEOR": 0.19546197113681207,
    "SPICE": 0.2631578947368421,
    "BLEU_4": 6.803085236252311e-13
  },
  "2": {
    "BLEU_1": 0.24999999998437505,
    "BLEU_2": 4.0824829043749705e-09,
    "ROUGE_L": 0.08866279069767442,
    "CIDEr": 0.0,
    "METEOR": 0.15229610901510116,
    "SPICE": 0.2,
    "BLEU_4": 5.501034141799257e-13
  },
  "3": {
    "BLEU_1": 0.24999999998437505,
    "BLEU_2": 4.0824829043749705e-09,
    "ROUGE_L": 0.08866279069767442,
    "CIDEr": 0.0,
    "METEOR": 0.13468900773345505,
    "SPICE": 0.2,
    "BLEU_4": 5.501034141799257e-13
  },
  "4": {
    "BLEU_1": 0.24999999998437505,
    "BLEU_2": 4.0824829043749705e-09,
    "ROUGE_L": 0.08866279069767442,
    "CIDEr": 0.0,
    "METEOR": 0.13468900773345505,
    "SPICE": 0.2,
    "BLEU_4": 5.501034141799257e-13
  },
  "5": {
    "BLEU_1": 0.24999999998437505,
    "BLEU_2": 4.0824829043749705e-09,
    "ROUGE_L": 0.08866279069767442,
    "CIDEr": 0.0,
    "METEOR": 0.13468900773345505,
    "SPICE": 0.2,
    "BLEU_4": 5.501034141799257e-13
  },
  "6": {
    "BLEU_1": 0.24999999998437505,
    "BLEU_2": 4.0824829043749705e-09,
    "ROUGE_L": 0.08866279069767442,
    "CIDEr": 0.0,
    "METEOR": 0.13468900773345505,
    "SPICE": 0.2,
    "BLEU_4": 5.501034141799257e-13
  },
  "7": {
    "BLEU_1": 0.24999999998437505,
    "BLEU_2": 4.0824829043749705e-09,
    "ROUGE_L": 0.08866279069767442,
    "CIDEr": 0.0,
    "METEOR": 0.13468900773345505,
    "SPICE": 0.2,
    "BLEU_4": 5.501034141799257e-13
  },
  "8": {
    "BLEU_1": 0.24999999998437505,
    "BLEU_2": 4.0824829043749705e-09,
    "ROUGE_L": 0.08866279069767442,
    "CIDEr": 0.0,
    "METEOR": 0.13468900773345505,
    "SPICE": 0.2,
    "BLEU_4": 5.501034141799257e-13
  },
  "9": {
    "BLEU_1": 0.2849111010768803,
    "BLEU_2": 4.688786182905264e-09,
    "ROUGE_L": 0.09951060358890701,
    "CIDEr": 0.0,
    "METEOR": 0.14193625149757697,
    "SPICE": 0.2105263157894737,
    "BLEU_4": 6.433960777519012e-13
  }
}