{
  "0": {
    "BLEU_1": 9.196986024687569e-17,
    "BLEU_2": 1.0619764713730698e-16,
    "ROUGE_L": 0.0,
    "CIDEr": 0.0,
    "METEOR": 0.011428571428571429,
    "SPICE": 0.0,
    "BLEU_4": 1.6620829993657386e-16
  },
  "1": {
    "BLEU_1": 0.0919698602468758,
    "BLEU_2": 3.3582644710475053e-09,
    "ROUGE_L": 0.15721649484536082,
    "CIDEr": 0.0,
    "METEOR": 0.15966673939464918,
    "SPICE": 0.19047619047619047,
    "BLEU_4": 9.346579564396796e-13
  },
  "2": {
    "BLEU_1": 0.1194218850558244,
    "BLEU_2": 4.136895448977816e-09,
    "ROUGE_L": 0.13926940639269406,
    "CIDEr": 0.0,
    "METEOR": 0.1520433937471593,
    "SPICE": 0.0,
    "BLEU_4": 9.250379439222845e-13
  },
  "3": {
    "BLEU_1": 0.3333333332592594,
    "BLEU_2": 0.20412414518515326,
    "ROUGE_L": 0.2378167641325536,
    "CIDEr": 0.0,
    "METEOR": 0.15006124926391737,
    "SPICE": 0.15999999999999998,
    "BLEU_4": 5.612222322916596e-09
  },
  "4": {
    "BLEU_1": 0.1194218850558244,
    "BLEU_2": 4.136895448977816e-09,
    "ROUGE_L": 0.13926940639269406,
    "CIDEr": 0.0,
    "METEOR": 0.16336201006193019,
    "SPICE": 0.10526315789473684,
    "BLEU_4": 9.250379439222845e-13
  },
  "5": {
    "BLEU_1": 0.24999999993750016,
    "BLEU_2": 5.976143045124577e-09,
    "ROUGE_L": 0.232824427480916,
    "CIDEr": 0.0,
    "METEOR": 0.1520433937471593,
    "SPICE": 0.1818181818181818,
    "BLEU_4": 1.0445522727757714e-12
  },
  "6": {
    "BLEU_1": 0.24999999993750016,
    "BLEU_2": 5.976143045124577e-09,
    "ROUGE_L": 0.232824427480916,
    "CIDEr": 0.0,
    "METEOR": 0.15905017696053128,
    "SPICE": 0.1818181818181818,
    "BLEU_4": 1.0445522727757714e-12
  },
  "7": {
    "BLEU_1": 0.1194218850558244,
    "BLEU_2": 4.136895448977816e-09,
    "ROUGE_L": 0.13926940639269406,
    "CIDEr": 0.0,
    "METEOR": 0.16336201006193019,
    "SPICE": 0.10526315789473684,
    "BLEU_4": 9.250379439222845e-13
  },
  "8": {
    "BLEU_1": 0.24999999993750016,
    "BLEU_2": 5.976143045124577e-09,
    "ROUGE_L": 0.232824427480916,
    "CIDEr": 0.0,
    "METEOR": 0.1520433937471593,
    "SPICE": 0.1818181818181818,
    "BLEU_4": 1.0445522727757714e-12
  },
  "9": {
    "BLEU_1": 0.4444444443456792,
    "BLEU_2": 0.23570226034150096,
    "ROUGE_L": 0.2785388127853881,
    "CIDEr": 0.0,
    "METEOR": 0.1957662549271826,
    "SPICE": 0.1818181818181818,
    "BLEU_4": 6.030725358915047e-09
  }
}