{
  "0": {
    "BLEU_1": 0.09999999999000012,
    "BLEU_2": 3.333333332981484e-09,
    "ROUGE_L": 0.10627177700348434,
    "CIDEr": 0.0,
    "METEOR": 0.09499072356215214,
    "SPICE": 0.0975609756097561,
    "BLEU_4": 6.674094718242315e-13
  },
  "1": {
    "BLEU_1": 0.09090909089256209,
    "BLEU_2": 3.0151134452157307e-09,
    "ROUGE_L": 0.1018363939899833,
    "CIDEr": 0.0,
    "METEOR": 0.0924187725631769,
    "SPICE": 0.09302325581395349,
    "BLEU_4": 5.960994272089826e-13
  },
  "2": {
    "BLEU_1": 0.16666666663888896,
    "BLEU_2": 3.8924947201441226e-09,
    "ROUGE_L": 0.09775641025641024,
    "CIDEr": 0.0,
    "METEOR": 0.14477251993949392,
    "SPICE": 0.13953488372093023,
    "BLEU_4": 6.405505208675338e-13
  },
  "3": {
    "BLEU_1": 0.2499999999583334,
    "BLEU_2": 4.7673129454153526e-09,
    "ROUGE_L": 0.09775641025641024,
    "CIDEr": 0.0,
    "METEOR": 0.14477251993949392,
    "SPICE": 0.18604651162790697,
    "BLEU_4": 7.088856800987232e-13
  },
  "4": {
    "BLEU_1": 0.16666666663888896,
    "BLEU_2": 3.8924947201441226e-09,
    "ROUGE_L": 0.09775641025641024,
    "CIDEr": 0.0,
    "METEOR": 0.14477251993949392,
    "SPICE": 0.13636363636363635,
    "BLEU_4": 6.405505208675338e-13
  },
  "5": {
    "BLEU_1": 0.06666666666222229,
    "BLEU_2": 2.1821789022092506e-09,
    "ROUGE_L": 0.08726752503576538,
    "CIDEr": 0.0,
    "METEOR": 0.11879350348027842,
    "SPICE": 0.0851063829787234,
    "BLEU_4": 4.179882048905089e-13
  },
  "6": {
    "BLEU_1": 0.1333333333244445,
    "BLEU_2": 3.0860669990287532e-09,
    "ROUGE_L": 0.17453505007153075,
    "CIDEr": 0.0,
    "METEOR": 0.1845145506427763,
    "SPICE": 0.08695652173913043,
    "BLEU_4": 4.970745472430083e-13
  },
  "7": {
    "BLEU_1": 0.10526315788919673,
    "BLEU_2": 2.4182541669025607e-09,
    "ROUGE_L": 0.15269086357947434,
    "CIDEr": 0.0,
    "METEOR": 0.17010560525635554,
    "SPICE": 0.08333333333333333,
    "BLEU_4": 3.829206137800792e-13
  },
  "8": {
    "BLEU_1": 0.09999999999500005,
    "BLEU_2": 2.294157338587892e-09,
    "ROUGE_L": 0.14805825242718446,
    "CIDEr": 0.0,
    "METEOR": 0.17010560525635554,
    "SPICE": 0.08163265306122448,
    "BLEU_4": 3.621439573979875e-13
  },
  "9": {
    "BLEU_1": 0.11764705881660904,
    "BLEU_2": 2.7116307225687105e-09,
    "ROUGE_L": 0.1628838451268358,
    "CIDEr": 0.0,
    "METEOR": 0.19034311097111342,
    "SPICE": 0.0851063829787234,
    "BLEU_4": 4.3257403657294177e-13
  }
}