{
  "0": {
    "BLEU_1": 0.5454545454049587,
    "BLEU_2": 0.23354968322616365,
    "ROUGE_L": 0.34512022630834516,
    "CIDEr": 0.0,
    "METEOR": 0.17584750877639577,
    "SPICE": 0.24242424242424243,
    "BLEU_4": 5.246341022301387e-09
  },
  "1": {
    "BLEU_1": 0.34999999998250003,
    "BLEU_2": 4.291975376174515e-09,
    "ROUGE_L": 0.26180257510729615,
    "CIDEr": 0.0,
    "METEOR": 0.17102137767220904,
    "SPICE": 0.27906976744186046,
    "BLEU_4": 4.953341311472897e-13
  },
  "2": {
    "BLEU_1": 0.33333333331481485,
    "BLEU_2": 4.428074427447237e-09,
    "ROUGE_L": 0.2074829931972789,
    "CIDEr": 0.0,
    "METEOR": 0.17349397590361448,
    "SPICE": 0.2564102564102564,
    "BLEU_4": 5.346316257038189e-13
  },
  "3": {
    "BLEU_1": 0.388888888867284,
    "BLEU_2": 4.782867026256066e-09,
    "ROUGE_L": 0.2378167641325536,
    "CIDEr": 0.0,
    "METEOR": 0.2024096385542169,
    "SPICE": 0.25,
    "BLEU_4": 5.556372368523969e-13
  },
  "4": {
    "BLEU_1": 0.30769230768047345,
    "BLEU_2": 3.5082320770904867e-09,
    "ROUGE_L": 0.26991150442477874,
    "CIDEr": 0.0,
    "METEOR": 0.19909502262443443,
    "SPICE": 0.21739130434782608,
    "BLEU_4": 3.8641981489783027e-13
  },
  "5": {
    "BLEU_1": 0.30434782607372407,
    "BLEU_2": 3.7194074922803726e-09,
    "ROUGE_L": 0.2569502948609941,
    "CIDEr": 0.0,
    "METEOR": 0.19534883720930235,
    "SPICE": 0.22222222222222224,
    "BLEU_4": 4.260146736243113e-13
  },
  "6": {
    "BLEU_1": 0.29999999998500004,
    "BLEU_2": 3.973597070991224e-09,
    "ROUGE_L": 0.26180257510729615,
    "CIDEr": 0.0,
    "METEOR": 0.1746700221553369,
    "SPICE": 0.1951219512195122,
    "BLEU_4": 4.766082512792658e-13
  },
  "7": {
    "BLEU_1": 0.2857142857006803,
    "BLEU_2": 3.77964472990779e-09,
    "ROUGE_L": 0.21554770318021202,
    "CIDEr": 0.0,
    "METEOR": 0.1746700221553369,
    "SPICE": 0.23809523809523808,
    "BLEU_4": 4.520838194486623e-13
  },
  "8": {
    "BLEU_1": 0.35006932757050313,
    "BLEU_2": 4.6779981620858615e-09,
    "ROUGE_L": 0.26180257510729615,
    "CIDEr": 0.0,
    "METEOR": 0.18367142207009043,
    "SPICE": 0.26315789473684204,
    "BLEU_4": 5.725269153690484e-13
  },
  "9": {
    "BLEU_1": 0.4285714285510205,
    "BLEU_2": 0.1463850109351351,
    "ROUGE_L": 0.3034825870646766,
    "CIDEr": 0.0,
    "METEOR": 0.21328417430869817,
    "SPICE": 0.09523809523809525,
    "BLEU_4": 2.8134666934143296e-09
  }
}