{
  "0": {
    "BLEU_1": 0.3333333332592594,
    "BLEU_2": 6.454972242199766e-09,
    "ROUGE_L": 0.1111111111111111,
    "CIDEr": 0.0,
    "METEOR": 0.19850063378182636,
    "SPICE": 0.26086956521739135,
    "BLEU_4": 9.980099401403394e-13
  },
  "1": {
    "BLEU_1": 0.33333333330555565,
    "BLEU_2": 5.504818825152218e-09,
    "ROUGE_L": 0.09775641025641024,
    "CIDEr": 0.0,
    "METEOR": 0.16322076399362997,
    "SPICE": 0.22222222222222224,
    "BLEU_4": 7.61747236997849e-13
  },
  "2": {
    "BLEU_1": 0.23076923075147937,
    "BLEU_2": 4.385290096183762e-09,
    "ROUGE_L": 0.09399075500770414,
    "CIDEr": 0.0,
    "METEOR": 0.13714285714285712,
    "SPICE": 0.21428571428571427,
    "BLEU_4": 6.466227686450042e-13
  },
  "3": {
    "BLEU_1": 0.36363636360330587,
    "BLEU_2": 6.03022689097966e-09,
    "ROUGE_L": 0.1018363939899833,
    "CIDEr": 0.0,
    "METEOR": 0.1669805110252931,
    "SPICE": 0.23076923076923075,
    "BLEU_4": 8.430118945584141e-13
  },
  "4": {
    "BLEU_1": 0.38461538458579886,
    "BLEU_2": 5.661385170269343e-09,
    "ROUGE_L": 0.18798151001540828,
    "CIDEr": 0.0,
    "METEOR": 0.15962659827129558,
    "SPICE": 0.21428571428571427,
    "BLEU_4": 7.347053125332871e-13
  },
  "5": {
    "BLEU_1": 0.36363636360330587,
    "BLEU_2": 6.03022689097966e-09,
    "ROUGE_L": 0.2036727879799666,
    "CIDEr": 0.0,
    "METEOR": 0.2393787020195057,
    "SPICE": 0.30769230769230765,
    "BLEU_4": 8.430118945584141e-13
  },
  "6": {
    "BLEU_1": 0.4999999999000002,
    "BLEU_2": 0.23570226034706615,
    "ROUGE_L": 0.21254355400696867,
    "CIDEr": 0.0,
    "METEOR": 0.24484528295504726,
    "SPICE": 0.32,
    "BLEU_4": 5.612222323072491e-09
  },
  "7": {
    "BLEU_1": 0.4166666666319445,
    "BLEU_2": 0.19462473602342495,
    "ROUGE_L": 0.19551282051282048,
    "CIDEr": 0.0,
    "METEOR": 0.23761035235450936,
    "SPICE": 0.2962962962962963,
    "BLEU_4": 4.5293761703575315e-09
  },
  "8": {
    "BLEU_1": 0.357142857117347,
    "BLEU_2": 5.241424183220805e-09,
    "ROUGE_L": 0.18100890207715134,
    "CIDEr": 0.0,
    "METEOR": 0.22435162491035168,
    "SPICE": 0.30769230769230765,
    "BLEU_4": 6.754312828130983e-13
  },
  "9": {
    "BLEU_1": 0.28571428569387763,
    "BLEU_2": 4.688072309037213e-09,
    "ROUGE_L": 0.18100890207715134,
    "CIDEr": 0.0,
    "METEOR": 0.22435162491035168,
    "SPICE": 0.28571428571428575,
    "BLEU_4": 6.387834681787387e-13
  }
}