{
  "0": {
    "BLEU_1": 0.1194218850558244,
    "BLEU_2": 4.136895448977816e-09,
    "ROUGE_L": 0.13926940639269406,
    "CIDEr": 0.0,
    "METEOR": 0.17912612325837207,
    "SPICE": 0.12121212121212122,
    "BLEU_4": 9.250379439222845e-13
  },
  "1": {
    "BLEU_1": 0.3333333332592594,
    "BLEU_2": 0.28867513452865834,
    "ROUGE_L": 0.35672514619883033,
    "CIDEr": 0.0,
    "METEOR": 0.21470328050929174,
    "SPICE": 0.1142857142857143,
    "BLEU_4": 3.753119267822728e-05
  },
  "2": {
    "BLEU_1": 0.33333333327777787,
    "BLEU_2": 5.5048188246934825e-09,
    "ROUGE_L": 0.2772727272727273,
    "CIDEr": 0.0,
    "METEOR": 0.20575215640363143,
    "SPICE": 0.05263157894736841,
    "BLEU_4": 7.617472369343701e-13
  },
  "3": {
    "BLEU_1": 0.30769230766863914,
    "BLEU_2": 0.22645540681077378,
    "ROUGE_L": 0.2985318107667211,
    "CIDEr": 0.0,
    "METEOR": 0.17262876621520254,
    "SPICE": 0.10526315789473682,
    "BLEU_4": 4.6466843932620825e-09
  },
  "4": {
    "BLEU_1": 0.33333333327777787,
    "BLEU_2": 0.24618298191670254,
    "ROUGE_L": 0.3112244897959184,
    "CIDEr": 0.0,
    "METEOR": 0.163021563722682,
    "SPICE": 0.10810810810810811,
    "BLEU_4": 5.094110795424376e-09
  },
  "5": {
    "BLEU_1": 0.3333333332592594,
    "BLEU_2": 0.20412414518515326,
    "ROUGE_L": 0.20854700854700853,
    "CIDEr": 0.0,
    "METEOR": 0.17246241505175156,
    "SPICE": 0.10810810810810811,
    "BLEU_4": 5.612222322916596e-09
  },
  "6": {
    "BLEU_1": 0.22222222217283966,
    "BLEU_2": 5.270462765739487e-09,
    "ROUGE_L": 0.1189083820662768,
    "CIDEr": 0.0,
    "METEOR": 0.10762331838565023,
    "SPICE": 0.0,
    "BLEU_4": 9.018037815333522e-13
  },
  "7": {
    "BLEU_1": 0.33333333327777787,
    "BLEU_2": 0.17407765592602564,
    "ROUGE_L": 0.2772727272727273,
    "CIDEr": 0.0,
    "METEOR": 0.16547614245154918,
    "SPICE": 0.05128205128205127,
    "BLEU_4": 4.283619506777607e-09
  },
  "8": {
    "BLEU_1": 0.4374999999726563,
    "BLEU_2": 0.1707825127549637,
    "ROUGE_L": 0.24078947368421053,
    "CIDEr": 0.0,
    "METEOR": 0.2174281926536501,
    "SPICE": 0.2926829268292683,
    "BLEU_4": 3.5579828676919253e-09
  },
  "9": {
    "BLEU_1": 0.4117647058581315,
    "BLEU_2": 0.16042223697020558,
    "ROUGE_L": 0.2331210191082802,
    "CIDEr": 0.0,
    "METEOR": 0.21391499025888736,
    "SPICE": 0.2857142857142857,
    "BLEU_4": 3.3271889137551674e-09
  }
}