{
  "0": {
    "BLEU_1": 0.35826565516747294,
    "BLEU_2": 0.2265870955445612,
    "ROUGE_L": 0.2573839662447257,
    "CIDEr": 0.0,
    "METEOR": 0.14149985392654948,
    "SPICE": 0.07142857142857142,
    "BLEU_4": 6.846046757997816e-09
  },
  "1": {
    "BLEU_1": 0.2195246543498009,
    "BLEU_2": 0.17354947757230146,
    "ROUGE_L": 0.2515463917525773,
    "CIDEr": 0.0,
    "METEOR": 0.1424668233155692,
    "SPICE": 0.07407407407407407,
    "BLEU_4": 6.2357040914797075e-09
  },
  "2": {
    "BLEU_1": 0.23884377011164867,
    "BLEU_2": 0.1850075887944782,
    "ROUGE_L": 0.23921568627450981,
    "CIDEr": 0.0,
    "METEOR": 0.14149985392654948,
    "SPICE": 0.0,
    "BLEU_4": 6.1861015673335086e-09
  },
  "3": {
    "BLEU_1": 0.24767939985785795,
    "BLEU_2": 0.18916826631939285,
    "ROUGE_L": 0.22803738317757008,
    "CIDEr": 0.0,
    "METEOR": 0.14144651813539738,
    "SPICE": 0.13793103448275862,
    "BLEU_4": 6.055438649029897e-09
  },
  "4": {
    "BLEU_1": 0.06295853423721502,
    "BLEU_2": 2.438373545820434e-09,
    "ROUGE_L": 0.14022988505747128,
    "CIDEr": 0.0,
    "METEOR": 0.1214414394972014,
    "SPICE": 0.0,
    "BLEU_4": 1.20680763897879e-10
  },
  "5": {
    "BLEU_1": 9.118819637307602e-19,
    "BLEU_2": 2.883623964058067e-14,
    "ROUGE_L": 0.0,
    "CIDEr": 0.0,
    "METEOR": 0.0,
    "SPICE": 0.0,
    "BLEU_4": 5.127889122861252e-12
  },
  "6": {
    "BLEU_1": 9.118819637307602e-19,
    "BLEU_2": 2.883623964058067e-14,
    "ROUGE_L": 0.0,
    "CIDEr": 0.0,
    "METEOR": 0.0,
    "SPICE": 0.0,
    "BLEU_4": 5.127889122861252e-12
  },
  "7": {
    "BLEU_1": 9.118819637307602e-19,
    "BLEU_2": 2.883623964058067e-14,
    "ROUGE_L": 0.0,
    "CIDEr": 0.0,
    "METEOR": 0.0,
    "SPICE": 0.0,
    "BLEU_4": 5.127889122861252e-12
  },
  "8": {
    "BLEU_1": 0.32928698152470126,
    "BLEU_2": 0.3005965127822614,
    "ROUGE_L": 0.37731958762886597,
    "CIDEr": 0.0,
    "METEOR": 0.2176171580967314,
    "SPICE": 0.21428571428571427,
    "BLEU_4": 4.61493737200632e-05
  },
  "9": {
    "BLEU_1": 0.23884377011164867,
    "BLEU_2": 0.1850075887944782,
    "ROUGE_L": 0.23921568627450981,
    "CIDEr": 0.0,
    "METEOR": 0.14149985392654948,
    "SPICE": 0.14285714285714285,
    "BLEU_4": 6.1861015673335086e-09
  }
}