{
  "0": {
    "BLEU_1": 0.24767939985785795,
    "BLEU_2": 5.982025825945981e-09,
    "ROUGE_L": 0.12224448897795591,
    "CIDEr": 0.0,
    "METEOR": 0.15294117647058825,
    "SPICE": 0.16666666666666666,
    "BLEU_4": 1.0768261868323776e-12
  },
  "1": {
    "BLEU_1": 0.29999999994000015,
    "BLEU_2": 5.773502690709485e-09,
    "ROUGE_L": 0.10627177700348434,
    "CIDEr": 0.0,
    "METEOR": 0.14545454545454548,
    "SPICE": 0.07692307692307693,
    "BLEU_4": 8.783602617783837e-13
  },
  "2": {
    "BLEU_1": 0.18181818180165296,
    "BLEU_2": 4.26401432670519e-09,
    "ROUGE_L": 0.1018363939899833,
    "CIDEr": 0.0,
    "METEOR": 0.14246575342465756,
    "SPICE": 0.15384615384615385,
    "BLEU_4": 7.088856801504128e-13
  },
  "3": {
    "BLEU_1": 0.24767939985785795,
    "BLEU_2": 5.982025825945981e-09,
    "ROUGE_L": 0.12224448897795591,
    "CIDEr": 0.0,
    "METEOR": 0.15294117647058825,
    "SPICE": 0.16666666666666666,
    "BLEU_4": 1.0768261868323776e-12
  },
  "4": {
    "BLEU_1": 0.30769230766863914,
    "BLEU_2": 5.063696835012589e-09,
    "ROUGE_L": 0.18798151001540828,
    "CIDEr": 0.0,
    "METEOR": 0.17551119105621982,
    "SPICE": 0.07142857142857142,
    "BLEU_4": 6.948413844184121e-13
  },
  "5": {
    "BLEU_1": 0.24999999993750016,
    "BLEU_2": 5.976143045124577e-09,
    "ROUGE_L": 0.116412213740458,
    "CIDEr": 0.0,
    "METEOR": 0.1496402877697842,
    "SPICE": 0.16,
    "BLEU_4": 1.0445522727757714e-12
  },
  "6": {
    "BLEU_1": 0.4999999998750002,
    "BLEU_2": 8.451542545096823e-09,
    "ROUGE_L": 0.232824427480916,
    "CIDEr": 0.0,
    "METEOR": 0.19370935602748685,
    "SPICE": 0.08695652173913043,
    "BLEU_4": 1.2421889947772103e-12
  },
  "7": {
    "BLEU_1": 0.4953587997157158,
    "BLEU_2": 8.459862053518921e-09,
    "ROUGE_L": 0.24448897795591182,
    "CIDEr": 0.0,
    "METEOR": 0.1950576810114369,
    "SPICE": 0.2608695652173913,
    "BLEU_4": 1.2805693630023128e-12
  },
  "8": {
    "BLEU_1": 0.36363636360330587,
    "BLEU_2": 0.19069251783091612,
    "ROUGE_L": 0.2036727879799666,
    "CIDEr": 0.0,
    "METEOR": 0.18809001875186934,
    "SPICE": 0.08333333333333333,
    "BLEU_4": 4.740604259372055e-09
  },
  "9": {
    "BLEU_1": 0.4545454545041323,
    "BLEU_2": 0.21320071633525958,
    "ROUGE_L": 0.2036727879799666,
    "CIDEr": 0.0,
    "METEOR": 0.18809001875186934,
    "SPICE": 0.08333333333333333,
    "BLEU_4": 5.01257871520395e-09
  }
}