{
  "0": {
    "BLEU_1": 0.32206169694024794,
    "BLEU_2": 6.3511423138542446e-09,
    "ROUGE_L": 0.32049036777583184,
    "CIDEr": 0.0,
    "METEOR": 0.1352657004830918,
    "SPICE": 0.13793103448275862,
    "BLEU_4": 1.0330619227359553e-12
  },
  "1": {
    "BLEU_1": 0.38461538458579886,
    "BLEU_2": 5.661385170269343e-09,
    "ROUGE_L": 0.2538141470180305,
    "CIDEr": 0.0,
    "METEOR": 0.12280701754385964,
    "SPICE": 0.1142857142857143,
    "BLEU_4": 7.347053125332871e-13
  },
  "2": {
    "BLEU_1": 0.4412484511819858,
    "BLEU_2": 7.458460118109875e-09,
    "ROUGE_L": 0.232824427480916,
    "CIDEr": 0.0,
    "METEOR": 0.14213197969543145,
    "SPICE": 0.13333333333333333,
    "BLEU_4": 1.0962279403155601e-12
  },
  "3": {
    "BLEU_1": 0.3999999999200002,
    "BLEU_2": 6.666666665296299e-09,
    "ROUGE_L": 0.21254355400696867,
    "CIDEr": 0.0,
    "METEOR": 0.13592233009708737,
    "SPICE": 0.1290322580645161,
    "BLEU_4": 9.438595266157062e-13
  },
  "4": {
    "BLEU_1": 0.4166666666319445,
    "BLEU_2": 6.154574548430443e-09,
    "ROUGE_L": 0.19551282051282048,
    "CIDEr": 0.0,
    "METEOR": 0.14780600461893764,
    "SPICE": 0.12121212121212123,
    "BLEU_4": 8.054496384067745e-13
  },
  "5": {
    "BLEU_1": 0.4999999999583334,
    "BLEU_2": 6.741998624045051e-09,
    "ROUGE_L": 0.19551282051282048,
    "CIDEr": 0.0,
    "METEOR": 0.14780600461893764,
    "SPICE": 0.12121212121212123,
    "BLEU_4": 8.430118945671953e-13
  },
  "6": {
    "BLEU_1": 0.4166666666319445,
    "BLEU_2": 6.154574548430443e-09,
    "ROUGE_L": 0.19551282051282048,
    "CIDEr": 0.0,
    "METEOR": 0.14780600461893764,
    "SPICE": 0.11764705882352942,
    "BLEU_4": 8.054496384067745e-13
  },
  "7": {
    "BLEU_1": 0.38461538458579886,
    "BLEU_2": 5.661385170269343e-09,
    "ROUGE_L": 0.18798151001540828,
    "CIDEr": 0.0,
    "METEOR": 0.1457858769931663,
    "SPICE": 0.11764705882352942,
    "BLEU_4": 7.347053125332871e-13
  },
  "8": {
    "BLEU_1": 0.4545454545041323,
    "BLEU_2": 6.741998623988867e-09,
    "ROUGE_L": 0.2036727879799666,
    "CIDEr": 0.0,
    "METEOR": 0.15421686746987953,
    "SPICE": 0.12500000000000003,
    "BLEU_4": 8.913765520446539e-13
  },
  "9": {
    "BLEU_1": 0.4545454545041323,
    "BLEU_2": 6.741998623988867e-09,
    "ROUGE_L": 0.2036727879799666,
    "CIDEr": 0.0,
    "METEOR": 0.15201900237529692,
    "SPICE": 0.12500000000000003,
    "BLEU_4": 8.913765520446539e-13
  }
}