{
  "0": {
    "BLEU_1": 0.1999999999800001,
    "BLEU_2": 4.714045207412725e-09,
    "ROUGE_L": 0.21254355400696867,
    "CIDEr": 0.0,
    "METEOR": 0.038277511961722493,
    "SPICE": 0.12903225806451613,
    "BLEU_4": 7.93688092513584e-13
  },
  "1": {
    "BLEU_1": 0.11111111110493832,
    "BLEU_2": 2.556549962678361e-09,
    "ROUGE_L": 0.07881136950904392,
    "CIDEr": 0.0,
    "METEOR": 0.05117270788912579,
    "SPICE": 0.10526315789473685,
    "BLEU_4": 4.0623218788768687e-13
  },
  "2": {
    "BLEU_1": 0.1538461538343196,
    "BLEU_2": 3.5805743699102604e-09,
    "ROUGE_L": 0.16116248348745044,
    "CIDEr": 0.0,
    "METEOR": 0.05581395348837209,
    "SPICE": 0.1176470588235294,
    "BLEU_4": 5.84289629327371e-13
  },
  "3": {
    "BLEU_1": 0.16666666663888896,
    "BLEU_2": 3.8924947201441226e-09,
    "ROUGE_L": 0.16666666666666666,
    "CIDEr": 0.0,
    "METEOR": 0.05620608899297424,
    "SPICE": 0.12121212121212122,
    "BLEU_4": 6.405505208675338e-13
  },
  "4": {
    "BLEU_1": 0.14285714284693884,
    "BLEU_2": 3.31496772041309e-09,
    "ROUGE_L": 0.15601023017902813,
    "CIDEr": 0.0,
    "METEOR": 0.05542725173210161,
    "SPICE": 0.11428571428571427,
    "BLEU_4": 5.371507285148366e-13
  },
  "5": {
    "BLEU_1": 0.16666666663888896,
    "BLEU_2": 3.8924947201441226e-09,
    "ROUGE_L": 0.16666666666666666,
    "CIDEr": 0.0,
    "METEOR": 0.05620608899297424,
    "SPICE": 0.12121212121212122,
    "BLEU_4": 6.405505208675338e-13
  },
  "6": {
    "BLEU_1": 0.16666666663888896,
    "BLEU_2": 3.8924947201441226e-09,
    "ROUGE_L": 0.16666666666666666,
    "CIDEr": 0.0,
    "METEOR": 0.05620608899297424,
    "SPICE": 0.11428571428571427,
    "BLEU_4": 6.405505208675338e-13
  },
  "7": {
    "BLEU_1": 0.12499999999218755,
    "BLEU_2": 2.8867513457616934e-09,
    "ROUGE_L": 0.14663461538461536,
    "CIDEr": 0.0,
    "METEOR": 0.08402625820568928,
    "SPICE": 0.10256410256410256,
    "BLEU_4": 4.625799890027289e-13
  },
  "8": {
    "BLEU_1": 0.1333333333244445,
    "BLEU_2": 3.0860669990287532e-09,
    "ROUGE_L": 0.15117719950433703,
    "CIDEr": 0.0,
    "METEOR": 0.08571428571428572,
    "SPICE": 0.10526315789473685,
    "BLEU_4": 4.970745472430083e-13
  },
  "9": {
    "BLEU_1": 0.2142857142704082,
    "BLEU_2": 4.059989714404599e-09,
    "ROUGE_L": 0.15601023017902813,
    "CIDEr": 0.0,
    "METEOR": 0.08747152619589976,
    "SPICE": 0.11428571428571427,
    "BLEU_4": 5.944549994012258e-13
  }
}