{
  "0": {
    "BLEU_1": 0.7777777776913581,
    "BLEU_2": 0.3118047821943517,
    "ROUGE_L": 0.41709401709401706,
    "CIDEr": 0.0,
    "METEOR": 0.30305495677003813,
    "SPICE": 0.19999999999999998,
    "BLEU_4": 6.936319082866856e-09
  },
  "1": {
    "BLEU_1": 0.5698222021537606,
    "BLEU_2": 0.20968889273875874,
    "ROUGE_L": 0.3562043795620438,
    "CIDEr": 0.0,
    "METEOR": 0.3288292879948192,
    "SPICE": 0.24242424242424246,
    "BLEU_4": 4.302648892564403e-09
  },
  "2": {
    "BLEU_1": 0.5454545454049587,
    "BLEU_2": 0.23354968322616365,
    "ROUGE_L": 0.384251968503937,
    "CIDEr": 0.0,
    "METEOR": 0.2871794871794872,
    "SPICE": 0.24242424242424246,
    "BLEU_4": 5.246341022301387e-09
  },
  "3": {
    "BLEU_1": 0.5454545454049587,
    "BLEU_2": 0.23354968322616365,
    "ROUGE_L": 0.28818897637795277,
    "CIDEr": 0.0,
    "METEOR": 0.2916666666666667,
    "SPICE": 0.23529411764705882,
    "BLEU_4": 5.246341022301387e-09
  },
  "4": {
    "BLEU_1": 0.5833333332847223,
    "BLEU_2": 0.23028309321585674,
    "ROUGE_L": 0.3696969696969697,
    "CIDEr": 0.0,
    "METEOR": 0.2849872773536896,
    "SPICE": 0.28571428571428575,
    "BLEU_4": 4.926862020644611e-09
  },
  "5": {
    "BLEU_1": 0.5454545454049587,
    "BLEU_2": 0.23354968322616365,
    "ROUGE_L": 0.216696269982238,
    "CIDEr": 0.0,
    "METEOR": 0.2871794871794872,
    "SPICE": 0.23529411764705882,
    "BLEU_4": 5.246341022301387e-09
  },
  "6": {
    "BLEU_1": 0.5333333332977779,
    "BLEU_2": 0.19518001457623005,
    "ROUGE_L": 0.4149659863945578,
    "CIDEr": 0.0,
    "METEOR": 0.3181014944256769,
    "SPICE": 0.2777777777777778,
    "BLEU_4": 3.95308837437499e-09
  },
  "7": {
    "BLEU_1": 0.4985944268845405,
    "BLEU_2": 0.19614599861010631,
    "ROUGE_L": 0.3562043795620438,
    "CIDEr": 0.0,
    "METEOR": 0.2765432098765432,
    "SPICE": 0.2285714285714286,
    "BLEU_4": 4.161385228255838e-09
  },
  "8": {
    "BLEU_1": 0.5833333332847223,
    "BLEU_2": 0.23028309321585674,
    "ROUGE_L": 0.2772727272727273,
    "CIDEr": 0.0,
    "METEOR": 0.30303030303030304,
    "SPICE": 0.18181818181818182,
    "BLEU_4": 4.926862020644611e-09
  },
  "9": {
    "BLEU_1": 0.4374999999726563,
    "BLEU_2": 0.1707825127549637,
    "ROUGE_L": 0.24078947368421053,
    "CIDEr": 0.0,
    "METEOR": 0.2857142857142857,
    "SPICE": 0.2222222222222222,
    "BLEU_4": 3.5579828676919253e-09
  }
}