{
  "0": {
    "BLEU_1": 4.5111761048796427e-17,
    "BLEU_2": 5.525039797935208e-17,
    "ROUGE_L": 0.0,
    "CIDEr": 0.0,
    "METEOR": 0.0,
    "SPICE": 0.0,
    "BLEU_4": 1.5377056965806874e-14
  },
  "1": {
    "BLEU_1": 0.21470779796016531,
    "BLEU_2": 5.1856859842473975e-09,
    "ROUGE_L": 0.12224448897795591,
    "CIDEr": 0.0,
    "METEOR": 0.1372549019607843,
    "SPICE": 0.1142857142857143,
    "BLEU_4": 9.334768232372482e-13
  },
  "2": {
    "BLEU_1": 0.29999999994000015,
    "BLEU_2": 5.773502690709485e-09,
    "ROUGE_L": 0.2,
    "CIDEr": 0.0,
    "METEOR": 0.17021276595744683,
    "SPICE": 0.17142857142857143,
    "BLEU_4": 8.783602617783837e-13
  },
  "3": {
    "BLEU_1": 0.3333333332592594,
    "BLEU_2": 6.454972242199766e-09,
    "ROUGE_L": 0.2222222222222222,
    "CIDEr": 0.0,
    "METEOR": 0.18342438418020363,
    "SPICE": 0.16216216216216217,
    "BLEU_4": 9.980099401403394e-13
  },
  "4": {
    "BLEU_1": 0.22222222217283966,
    "BLEU_2": 5.270462765739487e-09,
    "ROUGE_L": 0.10427350427350426,
    "CIDEr": 0.0,
    "METEOR": 0.15150152062023975,
    "SPICE": 0.16216216216216217,
    "BLEU_4": 9.018037815333522e-13
  },
  "5": {
    "BLEU_1": 0.10735389898008273,
    "BLEU_2": 3.666833724565372e-09,
    "ROUGE_L": 0.11401869158878504,
    "CIDEr": 0.0,
    "METEOR": 0.13845497449922478,
    "SPICE": 0.1111111111111111,
    "BLEU_4": 7.849573143826273e-13
  },
  "6": {
    "BLEU_1": 0.08986579278749814,
    "BLEU_2": 3.1772355737578207e-09,
    "ROUGE_L": 0.12577319587628866,
    "CIDEr": 0.0,
    "METEOR": 0.1447483824310077,
    "SPICE": 0.1176470588235294,
    "BLEU_4": 7.634297901288654e-13
  },
  "7": {
    "BLEU_1": 0.21470779796016531,
    "BLEU_2": 5.1856859842473975e-09,
    "ROUGE_L": 0.22803738317757008,
    "CIDEr": 0.0,
    "METEOR": 0.1532915084204286,
    "SPICE": 0.1176470588235294,
    "BLEU_4": 9.334768232372482e-13
  },
  "8": {
    "BLEU_1": 0.24999999997916675,
    "BLEU_2": 4.767312945812628e-09,
    "ROUGE_L": 0.18484848484848485,
    "CIDEr": 0.0,
    "METEOR": 0.14671726207433747,
    "SPICE": 0.16216216216216217,
    "BLEU_4": 7.08885680157797e-13
  },
  "9": {
    "BLEU_1": 0.33333333330555565,
    "BLEU_2": 5.504818825152218e-09,
    "ROUGE_L": 0.18484848484848485,
    "CIDEr": 0.0,
    "METEOR": 0.14671726207433747,
    "SPICE": 0.16216216216216217,
    "BLEU_4": 7.61747236997849e-13
  }
}