{
  "0": {
    "BLEU_1": 0.3715190997867868,
    "BLEU_2": 0.23168286400471463,
    "ROUGE_L": 0.2634989200863931,
    "CIDEr": 0.0,
    "METEOR": 0.15164116254677,
    "SPICE": 0.18181818181818182,
    "BLEU_4": 6.701444468735928e-09
  },
  "1": {
    "BLEU_1": 0.21368332580766022,
    "BLEU_2": 4.060607947309428e-09,
    "ROUGE_L": 0.19902120717781402,
    "CIDEr": 0.0,
    "METEOR": 0.13725490196078433,
    "SPICE": 0.10256410256410257,
    "BLEU_4": 5.987475162831515e-13
  },
  "2": {
    "BLEU_1": 0.4444444443456792,
    "BLEU_2": 0.23570226034150096,
    "ROUGE_L": 0.3333333333333333,
    "CIDEr": 0.0,
    "METEOR": 0.18351216644362278,
    "SPICE": 0.12903225806451613,
    "BLEU_4": 6.030725358915047e-09
  },
  "3": {
    "BLEU_1": 0.24999999997916675,
    "BLEU_2": 4.767312945812628e-09,
    "ROUGE_L": 0.19551282051282048,
    "CIDEr": 0.0,
    "METEOR": 0.16516094979926052,
    "SPICE": 0.11764705882352941,
    "BLEU_4": 7.08885680157797e-13
  },
  "4": {
    "BLEU_1": 0.4166666666319445,
    "BLEU_2": 0.19462473602342495,
    "ROUGE_L": 0.2932692307692307,
    "CIDEr": 0.0,
    "METEOR": 0.1792444416426083,
    "SPICE": 0.1111111111111111,
    "BLEU_4": 4.5293761703575315e-09
  },
  "5": {
    "BLEU_1": 0.21368332580766022,
    "BLEU_2": 4.060607947309428e-09,
    "ROUGE_L": 0.18798151001540828,
    "CIDEr": 0.0,
    "METEOR": 0.16169603476850677,
    "SPICE": 0.05714285714285715,
    "BLEU_4": 5.987475162831515e-13
  },
  "6": {
    "BLEU_1": 0.1333333333244445,
    "BLEU_2": 3.0860669990287532e-09,
    "ROUGE_L": 0.09200603318250376,
    "CIDEr": 0.0,
    "METEOR": 0.11104100946372242,
    "SPICE": 0.0975609756097561,
    "BLEU_4": 4.970745472430083e-13
  },
  "7": {
    "BLEU_1": 0.21428571425510212,
    "BLEU_2": 4.0599897141146e-09,
    "ROUGE_L": 0.14285714285714285,
    "CIDEr": 0.0,
    "METEOR": 0.10069930069930069,
    "SPICE": 0.10256410256410257,
    "BLEU_4": 5.944549993587648e-13
  },
  "8": {
    "BLEU_1": 0.19999999998666673,
    "BLEU_2": 3.7796447298312975e-09,
    "ROUGE_L": 0.13879408418657563,
    "CIDEr": 0.0,
    "METEOR": 0.12789559543230017,
    "SPICE": 0.15,
    "BLEU_4": 5.501034141770605e-13
  },
  "9": {
    "BLEU_1": 0.2857142856734695,
    "BLEU_2": 0.14824986331063453,
    "ROUGE_L": 0.18100890207715134,
    "CIDEr": 0.0,
    "METEOR": 0.12665589660743135,
    "SPICE": 0.15,
    "BLEU_4": 3.592143419796611e-09
  }
}