{
  "0": {
    "BLEU_1": 0.18393972049375146,
    "BLEU_2": 4.749303160991089e-09,
    "ROUGE_L": 0.13260869565217392,
    "CIDEr": 0.0,
    "METEOR": 0.14285714285714285,
    "SPICE": 0.0,
    "BLEU_4": 1.1115018918919703e-12
  },
  "1": {
    "BLEU_1": 0.6191984996446447,
    "BLEU_2": 9.458413315969635e-09,
    "ROUGE_L": 0.22803738317757008,
    "CIDEr": 0.0,
    "METEOR": 0.2240896358543418,
    "SPICE": 0.07692307692307693,
    "BLEU_4": 1.3540372452810337e-12
  },
  "2": {
    "BLEU_1": 0.555555555432099,
    "BLEU_2": 0.26352313828697443,
    "ROUGE_L": 0.31282051282051276,
    "CIDEr": 0.0,
    "METEOR": 0.25806451612903225,
    "SPICE": 0.20689655172413793,
    "BLEU_4": 6.376715692219053e-09
  },
  "3": {
    "BLEU_1": 0.6191984996446447,
    "BLEU_2": 0.2991012912972992,
    "ROUGE_L": 0.34205607476635513,
    "CIDEr": 0.0,
    "METEOR": 0.2659846547314578,
    "SPICE": 0.16,
    "BLEU_4": 7.614310988684265e-09
  },
  "4": {
    "BLEU_1": 0.4953587997157158,
    "BLEU_2": 0.2675243277994909,
    "ROUGE_L": 0.24448897795591182,
    "CIDEr": 0.0,
    "METEOR": 0.3502762395001597,
    "SPICE": 0.23076923076923075,
    "BLEU_4": 7.201170725888819e-09
  },
  "5": {
    "BLEU_1": 0.7777777776049386,
    "BLEU_2": 0.3118047821597068,
    "ROUGE_L": 0.31282051282051276,
    "CIDEr": 0.0,
    "METEOR": 0.2779156327543424,
    "SPICE": 0.1935483870967742,
    "BLEU_4": 6.9363190820961554e-09
  },
  "6": {
    "BLEU_1": 0.7499999998125003,
    "BLEU_2": 0.32732683526923456,
    "ROUGE_L": 0.34923664122137404,
    "CIDEr": 0.0,
    "METEOR": 0.3630645912737408,
    "SPICE": 0.37037037037037035,
    "BLEU_4": 7.730551754746834e-09
  },
  "7": {
    "BLEU_1": 0.8181818181074382,
    "BLEU_2": 0.5720775534927481,
    "ROUGE_L": 0.5091819699499166,
    "CIDEr": 0.0,
    "METEOR": 0.4143640441639451,
    "SPICE": 0.3125,
    "BLEU_4": 8.210967435809826e-09
  },
  "8": {
    "BLEU_1": 0.7430381995735735,
    "BLEU_2": 0.3276490484449088,
    "ROUGE_L": 0.45607476635514016,
    "CIDEr": 0.0,
    "METEOR": 0.21774115647741335,
    "SPICE": 0.21428571428571427,
    "BLEU_4": 7.969405443016395e-09
  },
  "9": {
    "BLEU_1": 0.8749999997812503,
    "BLEU_2": 0.35355339050172896,
    "ROUGE_L": 0.43571428571428567,
    "CIDEr": 0.0,
    "METEOR": 0.26044852785476424,
    "SPICE": 0.20689655172413793,
    "BLEU_4": 8.034284187167751e-09
  }
}