{
  "0": {
    "BLEU_1": 0.4444444443456792,
    "BLEU_2": 0.23570226034150096,
    "ROUGE_L": 0.3713850837138508,
    "CIDEr": 0.0,
    "METEOR": 0.18111644625506373,
    "SPICE": 0.21428571428571425,
    "BLEU_4": 6.030725358915047e-09
  },
  "1": {
    "BLEU_1": 0.5999999998800002,
    "BLEU_2": 0.2581988896940871,
    "ROUGE_L": 0.3577712609970674,
    "CIDEr": 0.0,
    "METEOR": 0.22110552763819094,
    "SPICE": 0.2,
    "BLEU_4": 5.873949093408464e-09
  },
  "2": {
    "BLEU_1": 0.555555555432099,
    "BLEU_2": 0.26352313828697443,
    "ROUGE_L": 0.3713850837138508,
    "CIDEr": 0.0,
    "METEOR": 0.22278481012658227,
    "SPICE": 0.2,
    "BLEU_4": 6.376715692219053e-09
  },
  "3": {
    "BLEU_1": 0.4999999999583334,
    "BLEU_2": 0.21320071633703627,
    "ROUGE_L": 0.3333333333333333,
    "CIDEr": 0.0,
    "METEOR": 0.21153846153846156,
    "SPICE": 0.18749999999999997,
    "BLEU_4": 4.740604259421436e-09
  },
  "4": {
    "BLEU_1": 0.5999999998800002,
    "BLEU_2": 0.2581988896940871,
    "ROUGE_L": 0.3577712609970674,
    "CIDEr": 0.0,
    "METEOR": 0.22110552763819094,
    "SPICE": 0.2,
    "BLEU_4": 5.873949093408464e-09
  },
  "5": {
    "BLEU_1": 0.4999999999000002,
    "BLEU_2": 0.23570226034706615,
    "ROUGE_L": 0.3577712609970674,
    "CIDEr": 0.0,
    "METEOR": 0.2178217821782178,
    "SPICE": 0.19354838709677416,
    "BLEU_4": 5.612222323072491e-09
  },
  "6": {
    "BLEU_1": 0.45454545446281003,
    "BLEU_2": 0.2132007163158777,
    "ROUGE_L": 0.34512022630834516,
    "CIDEr": 0.0,
    "METEOR": 0.21621621621621623,
    "SPICE": 0.19354838709677416,
    "BLEU_4": 5.012578714748261e-09
  },
  "7": {
    "BLEU_1": 0.45454545446281003,
    "BLEU_2": 0.2132007163158777,
    "ROUGE_L": 0.34512022630834516,
    "CIDEr": 0.0,
    "METEOR": 0.21307506053268765,
    "SPICE": 0.18749999999999997,
    "BLEU_4": 5.012578714748261e-09
  },
  "8": {
    "BLEU_1": 0.4444444443456792,
    "BLEU_2": 0.23570226034150096,
    "ROUGE_L": 0.3713850837138508,
    "CIDEr": 0.0,
    "METEOR": 0.17561417447009978,
    "SPICE": 0.2,
    "BLEU_4": 6.030725358915047e-09
  },
  "9": {
    "BLEU_1": 0.545454545355372,
    "BLEU_2": 0.23354968320493186,
    "ROUGE_L": 0.34512022630834516,
    "CIDEr": 0.0,
    "METEOR": 0.21621621621621623,
    "SPICE": 0.19354838709677416,
    "BLEU_4": 5.246341021824447e-09
  }
}