{
  "0": {
    "BLEU_1": 0.22062422559099293,
    "BLEU_2": 0.16677623831564797,
    "ROUGE_L": 0.232824427480916,
    "CIDEr": 0.0,
    "METEOR": 0.16964629864973296,
    "SPICE": 0.11764705882352941,
    "BLEU_4": 5.1837418805413775e-09
  },
  "1": {
    "BLEU_1": 0.1111111110864199,
    "BLEU_2": 3.726779961645599e-09,
    "ROUGE_L": 0.1111111111111111,
    "CIDEr": 0.0,
    "METEOR": 0.06666666666666665,
    "SPICE": 0.05555555555555555,
    "BLEU_4": 7.583235671536399e-13
  },
  "2": {
    "BLEU_1": 1.111111110864198e-16,
    "BLEU_2": 1.178511301707504e-16,
    "ROUGE_L": 0.0,
    "CIDEr": 0.0,
    "METEOR": 0.044036697247706424,
    "SPICE": 0.0,
    "BLEU_4": 1.3485111856165858e-16
  },
  "3": {
    "BLEU_1": 0.2499999999583334,
    "BLEU_2": 0.15075567226318493,
    "ROUGE_L": 0.16666666666666666,
    "CIDEr": 0.0,
    "METEOR": 0.09066666666666667,
    "SPICE": 0.05263157894736842,
    "BLEU_4": 3.98635712755178e-09
  },
  "4": {
    "BLEU_1": 0.23076923073372793,
    "BLEU_2": 0.1386750490345283,
    "ROUGE_L": 0.16116248348745044,
    "CIDEr": 0.0,
    "METEOR": 0.09112227805695143,
    "SPICE": 0.05263157894736842,
    "BLEU_4": 3.636227045901134e-09
  },
  "5": {
    "BLEU_1": 0.2499999999583334,
    "BLEU_2": 0.15075567226318493,
    "ROUGE_L": 0.16666666666666666,
    "CIDEr": 0.0,
    "METEOR": 0.09158249158249158,
    "SPICE": 0.05263157894736842,
    "BLEU_4": 3.98635712755178e-09
  },
  "6": {
    "BLEU_1": 0.2499999999583334,
    "BLEU_2": 0.15075567226318493,
    "ROUGE_L": 0.16666666666666666,
    "CIDEr": 0.0,
    "METEOR": 0.09158249158249158,
    "SPICE": 0.05263157894736842,
    "BLEU_4": 3.98635712755178e-09
  },
  "7": {
    "BLEU_1": 0.18181818180165296,
    "BLEU_2": 4.26401432670519e-09,
    "ROUGE_L": 0.1018363939899833,
    "CIDEr": 0.0,
    "METEOR": 0.10452261306532662,
    "SPICE": 0.0,
    "BLEU_4": 7.088856801504128e-13
  },
  "8": {
    "BLEU_1": 0.22222222217283966,
    "BLEU_2": 5.270462765739487e-09,
    "ROUGE_L": 0.1856925418569254,
    "CIDEr": 0.0,
    "METEOR": 0.08888888888888889,
    "SPICE": 0.05714285714285714,
    "BLEU_4": 9.018037815333522e-13
  },
  "9": {
    "BLEU_1": 0.11031211279549655,
    "BLEU_2": 3.729230059054939e-09,
    "ROUGE_L": 0.09131736526946108,
    "CIDEr": 0.0,
    "METEOR": 0.050632911392405056,
    "SPICE": 0.058823529411764705,
    "BLEU_4": 7.751502103232947e-13
  }
}