{
  "0": {
    "BLEU_1": 0.21470779796016531,
    "BLEU_2": 5.1856859842473975e-09,
    "ROUGE_L": 0.0948678071539658,
    "CIDEr": 0.0,
    "METEOR": 0.08084469776140495,
    "SPICE": 0.125,
    "BLEU_4": 9.334768232372482e-13
  },
  "1": {
    "BLEU_1": 0.18181818178512404,
    "BLEU_2": 4.2640143263175525e-09,
    "ROUGE_L": 0.08209959623149395,
    "CIDEr": 0.0,
    "METEOR": 0.09118737769939873,
    "SPICE": 0.11428571428571428,
    "BLEU_4": 7.088856800859686e-13
  },
  "2": {
    "BLEU_1": 0.1111111110864199,
    "BLEU_2": 3.726779961645599e-09,
    "ROUGE_L": 0.08802308802308802,
    "CIDEr": 0.0,
    "METEOR": 0.06992676430166538,
    "SPICE": 0.12121212121212122,
    "BLEU_4": 7.583235671536399e-13
  },
  "3": {
    "BLEU_1": 0.10108844325174288,
    "BLEU_2": 3.5018063953428727e-09,
    "ROUGE_L": 0.09870550161812298,
    "CIDEr": 0.0,
    "METEOR": 0.10508046154646845,
    "SPICE": 0.12903225806451613,
    "BLEU_4": 7.830277143606023e-13
  },
  "4": {
    "BLEU_1": 0.1999999999800001,
    "BLEU_2": 4.714045207412725e-09,
    "ROUGE_L": 0.16991643454039,
    "CIDEr": 0.0,
    "METEOR": 0.08941725857159186,
    "SPICE": 0.11764705882352941,
    "BLEU_4": 7.93688092513584e-13
  },
  "5": {
    "BLEU_1": 0.1999999999800001,
    "BLEU_2": 4.714045207412725e-09,
    "ROUGE_L": 0.16991643454039,
    "CIDEr": 0.0,
    "METEOR": 0.08941725857159186,
    "SPICE": 0.11764705882352941,
    "BLEU_4": 7.93688092513584e-13
  },
  "6": {
    "BLEU_1": 0.1999999999800001,
    "BLEU_2": 4.714045207412725e-09,
    "ROUGE_L": 0.16991643454039,
    "CIDEr": 0.0,
    "METEOR": 0.10637816445626934,
    "SPICE": 0.11764705882352941,
    "BLEU_4": 7.93688092513584e-13
  },
  "7": {
    "BLEU_1": 0.10108844325174288,
    "BLEU_2": 3.5018063953428727e-09,
    "ROUGE_L": 0.09870550161812298,
    "CIDEr": 0.0,
    "METEOR": 0.08175648006698472,
    "SPICE": 0.13333333333333333,
    "BLEU_4": 7.830277143606023e-13
  },
  "8": {
    "BLEU_1": 0.22222222217283966,
    "BLEU_2": 5.270462765739487e-09,
    "ROUGE_L": 0.17604617604617603,
    "CIDEr": 0.0,
    "METEOR": 0.09189851857306461,
    "SPICE": 0.12121212121212122,
    "BLEU_4": 9.018037815333522e-13
  },
  "9": {
    "BLEU_1": 0.10735389898008273,
    "BLEU_2": 3.666833724565372e-09,
    "ROUGE_L": 0.0948678071539658,
    "CIDEr": 0.0,
    "METEOR": 0.07908081344661066,
    "SPICE": 0.125,
    "BLEU_4": 7.849573143826273e-13
  }
}