{
  "0": {
    "BLEU_1": 0.3749999999531251,
    "BLEU_2": 7.3192505461337434e-09,
    "ROUGE_L": 0.25,
    "CIDEr": 0.0,
    "METEOR": 0.168,
    "SPICE": 0.14814814814814814,
    "BLEU_4": 1.1559871146073225e-12
  },
  "1": {
    "BLEU_1": 0.44999999997750006,
    "BLEU_2": 0.3441236007881837,
    "ROUGE_L": 0.3927038626609442,
    "CIDEr": 0.0,
    "METEOR": 0.2836414305466434,
    "SPICE": 0.2105263157894737,
    "BLEU_4": 0.1845895819869637
  },
  "2": {
    "BLEU_1": 0.49999999997222233,
    "BLEU_2": 0.3834824944017541,
    "ROUGE_L": 0.4149659863945578,
    "CIDEr": 0.0,
    "METEOR": 0.29782350207397557,
    "SPICE": 0.2222222222222222,
    "BLEU_4": 0.20706193827066885
  },
  "3": {
    "BLEU_1": 0.29629629628532245,
    "BLEU_2": 0.18490006540142992,
    "ROUGE_L": 0.2946859903381643,
    "CIDEr": 0.0,
    "METEOR": 0.24316508731066228,
    "SPICE": 0.1395348837209302,
    "BLEU_4": 1.545007954653912e-05
  },
  "4": {
    "BLEU_1": 0.4666666666355556,
    "BLEU_2": 0.31622776599500324,
    "ROUGE_L": 0.3779429987608426,
    "CIDEr": 0.0,
    "METEOR": 0.2127690170967862,
    "SPICE": 0.1142857142857143,
    "BLEU_4": 2.829559628115301e-05
  },
  "5": {
    "BLEU_1": 0.4090909090723141,
    "BLEU_2": 0.2791452631065508,
    "ROUGE_L": 0.3727087576374745,
    "CIDEr": 0.0,
    "METEOR": 0.26486237843222293,
    "SPICE": 0.1951219512195122,
    "BLEU_4": 2.5306188055255207e-05
  },
  "6": {
    "BLEU_1": 0.4999999999750001,
    "BLEU_2": 0.32444284224487613,
    "ROUGE_L": 0.3927038626609442,
    "CIDEr": 0.0,
    "METEOR": 0.28609319475852674,
    "SPICE": 0.25641025641025644,
    "BLEU_4": 2.880024889184813e-05
  },
  "7": {
    "BLEU_1": 0.4117647058581315,
    "BLEU_2": 0.22687130322949517,
    "ROUGE_L": 0.31082802547770705,
    "CIDEr": 0.0,
    "METEOR": 0.21360122967995482,
    "SPICE": 0.16216216216216214,
    "BLEU_4": 2.225025328898801e-05
  },
  "8": {
    "BLEU_1": 0.4285714285510205,
    "BLEU_2": 0.327326835338012,
    "ROUGE_L": 0.3824451410658307,
    "CIDEr": 0.0,
    "METEOR": 0.3136684566353939,
    "SPICE": 0.19999999999999998,
    "BLEU_4": 0.17509131038145104
  },
  "9": {
    "BLEU_1": 0.3636363636198348,
    "BLEU_2": 0.26318067797166006,
    "ROUGE_L": 0.3351648351648352,
    "CIDEr": 0.0,
    "METEOR": 0.2883081378558575,
    "SPICE": 0.15789473684210525,
    "BLEU_4": 2.0662416023429942e-05
  }
}