{
  "0": {
    "BLEU_1": 0.4444444443456792,
    "BLEU_2": 0.23570226034150096,
    "ROUGE_L": 0.2946859903381642,
    "CIDEr": 0.0,
    "METEOR": 0.1533907839323672,
    "SPICE": 0.1,
    "BLEU_4": 6.030725358915047e-09
  },
  "1": {
    "BLEU_1": 0.1194218850558244,
    "BLEU_2": 4.136895448977816e-09,
    "ROUGE_L": 0.12869198312236285,
    "CIDEr": 0.0,
    "METEOR": 0.021563342318059297,
    "SPICE": 0.0,
    "BLEU_4": 9.250379439222845e-13
  },
  "2": {
    "BLEU_1": 0.1194218850558244,
    "BLEU_2": 4.136895448977816e-09,
    "ROUGE_L": 0.12869198312236285,
    "CIDEr": 0.0,
    "METEOR": 0.021563342318059297,
    "SPICE": 0.0,
    "BLEU_4": 9.250379439222845e-13
  },
  "3": {
    "BLEU_1": 0.1194218850558244,
    "BLEU_2": 4.136895448977816e-09,
    "ROUGE_L": 0.12869198312236285,
    "CIDEr": 0.0,
    "METEOR": 0.03018867924528302,
    "SPICE": 0.0,
    "BLEU_4": 9.250379439222845e-13
  },
  "4": {
    "BLEU_1": 0.1194218850558244,
    "BLEU_2": 4.136895448977816e-09,
    "ROUGE_L": 0.12869198312236285,
    "CIDEr": 0.0,
    "METEOR": 0.021563342318059297,
    "SPICE": 0.0,
    "BLEU_4": 9.250379439222845e-13
  },
  "5": {
    "BLEU_1": 0.1194218850558244,
    "BLEU_2": 4.136895448977816e-09,
    "ROUGE_L": 0.12869198312236285,
    "CIDEr": 0.0,
    "METEOR": 0.021563342318059297,
    "SPICE": 0.0,
    "BLEU_4": 9.250379439222845e-13
  },
  "6": {
    "BLEU_1": 0.1194218850558244,
    "BLEU_2": 4.136895448977816e-09,
    "ROUGE_L": 0.12869198312236285,
    "CIDEr": 0.0,
    "METEOR": 0.021563342318059297,
    "SPICE": 0.0,
    "BLEU_4": 9.250379439222845e-13
  },
  "7": {
    "BLEU_1": 0.1194218850558244,
    "BLEU_2": 4.136895448977816e-09,
    "ROUGE_L": 0.12869198312236285,
    "CIDEr": 0.0,
    "METEOR": 0.021563342318059297,
    "SPICE": 0.0,
    "BLEU_4": 9.250379439222845e-13
  },
  "8": {
    "BLEU_1": 0.1194218850558244,
    "BLEU_2": 4.136895448977816e-09,
    "ROUGE_L": 0.12869198312236285,
    "CIDEr": 0.0,
    "METEOR": 0.021563342318059297,
    "SPICE": 0.0,
    "BLEU_4": 9.250379439222845e-13
  },
  "9": {
    "BLEU_1": 0.1194218850558244,
    "BLEU_2": 4.136895448977816e-09,
    "ROUGE_L": 0.12869198312236285,
    "CIDEr": 0.0,
    "METEOR": 0.021563342318059297,
    "SPICE": 0.0,
    "BLEU_4": 9.250379439222845e-13
  }
}