{
  "0": {
    "BLEU_1": 0.19999999996000015,
    "BLEU_2": 4.714045206941321e-09,
    "ROUGE_L": 0.10627177700348434,
    "CIDEr": 0.0,
    "METEOR": 0.04950495049504951,
    "SPICE": 0.05263157894736842,
    "BLEU_4": 7.936880924342154e-13
  },
  "1": {
    "BLEU_1": 0.16832558406951198,
    "BLEU_2": 0.08660279853348171,
    "ROUGE_L": 0.19092331768388104,
    "CIDEr": 0.0,
    "METEOR": 0.11696030209853676,
    "SPICE": 0.044444444444444446,
    "BLEU_4": 2.0577588332866054e-09
  },
  "2": {
    "BLEU_1": 0.16832558406951198,
    "BLEU_2": 0.08660279853348171,
    "ROUGE_L": 0.19092331768388104,
    "CIDEr": 0.0,
    "METEOR": 0.11696030209853676,
    "SPICE": 0.044444444444444446,
    "BLEU_4": 2.0577588332866054e-09
  },
  "3": {
    "BLEU_1": 0.16832558406951198,
    "BLEU_2": 0.08660279853348171,
    "ROUGE_L": 0.19092331768388104,
    "CIDEr": 0.0,
    "METEOR": 0.11696030209853676,
    "SPICE": 0.044444444444444446,
    "BLEU_4": 2.0577588332866054e-09
  },
  "4": {
    "BLEU_1": 0.24999999998437505,
    "BLEU_2": 0.12909944486524297,
    "ROUGE_L": 0.19869706840390877,
    "CIDEr": 0.0,
    "METEOR": 0.11861150636345726,
    "SPICE": 0.046511627906976744,
    "BLEU_4": 3.0934588292167494e-09
  },
  "5": {
    "BLEU_1": 0.16832558406951198,
    "BLEU_2": 0.08660279853348171,
    "ROUGE_L": 0.19092331768388104,
    "CIDEr": 0.0,
    "METEOR": 0.11615182074762521,
    "SPICE": 0.044444444444444446,
    "BLEU_4": 2.0577588332866054e-09
  },
  "6": {
    "BLEU_1": 0.30769230766863914,
    "BLEU_2": 0.16012815379225645,
    "ROUGE_L": 0.21162185602775369,
    "CIDEr": 0.0,
    "METEOR": 0.12886593839739327,
    "SPICE": 0.05,
    "BLEU_4": 3.9073802491094676e-09
  },
  "7": {
    "BLEU_1": 0.1653220053130199,
    "BLEU_2": 0.08520501126790656,
    "ROUGE_L": 0.19473264166001597,
    "CIDEr": 0.0,
    "METEOR": 0.12352126814128021,
    "SPICE": 0.044444444444444446,
    "BLEU_4": 2.032532706203521e-09
  },
  "8": {
    "BLEU_1": 0.24999999998437505,
    "BLEU_2": 0.12909944486524297,
    "ROUGE_L": 0.19869706840390877,
    "CIDEr": 0.0,
    "METEOR": 0.11861150636345726,
    "SPICE": 0.046511627906976744,
    "BLEU_4": 3.0934588292167494e-09
  },
  "9": {
    "BLEU_1": 0.16832558406951198,
    "BLEU_2": 0.08660279853348171,
    "ROUGE_L": 0.19092331768388104,
    "CIDEr": 0.0,
    "METEOR": 0.11615182074762521,
    "SPICE": 0.044444444444444446,
    "BLEU_4": 2.0577588332866054e-09
  }
}