{
  "0": {
    "BLEU_1": 0.1947001957191763,
    "BLEU_2": 4.654224883289751e-09,
    "ROUGE_L": 0.10892857142857142,
    "CIDEr": 0.0,
    "METEOR": 0.0832369942196532,
    "SPICE": 0.07692307692307691,
    "BLEU_4": 8.134981279967864e-13
  },
  "1": {
    "BLEU_1": 0.27272727267768604,
    "BLEU_2": 5.222329677697684e-09,
    "ROUGE_L": 0.09606299212598425,
    "CIDEr": 0.0,
    "METEOR": 0.09395973154362416,
    "SPICE": 0.13793103448275865,
    "BLEU_4": 7.845109652856079e-13
  },
  "2": {
    "BLEU_1": 0.23076923075147937,
    "BLEU_2": 4.385290096183762e-09,
    "ROUGE_L": 0.08905109489051095,
    "CIDEr": 0.0,
    "METEOR": 0.09120521172638436,
    "SPICE": 0.06451612903225806,
    "BLEU_4": 6.466227686450042e-13
  },
  "3": {
    "BLEU_1": 0.27272727267768604,
    "BLEU_2": 5.222329677697684e-09,
    "ROUGE_L": 0.09606299212598425,
    "CIDEr": 0.0,
    "METEOR": 0.10684474123539232,
    "SPICE": 0.2,
    "BLEU_4": 7.845109652856079e-13
  },
  "4": {
    "BLEU_1": 0.24999999997916675,
    "BLEU_2": 4.767312945812628e-09,
    "ROUGE_L": 0.09242424242424242,
    "CIDEr": 0.0,
    "METEOR": 0.10526315789473684,
    "SPICE": 0.19354838709677416,
    "BLEU_4": 7.08885680157797e-13
  },
  "5": {
    "BLEU_1": 0.33333333330555565,
    "BLEU_2": 5.504818825152218e-09,
    "ROUGE_L": 0.09242424242424242,
    "CIDEr": 0.0,
    "METEOR": 0.1433224755700326,
    "SPICE": 0.19354838709677416,
    "BLEU_4": 7.61747236997849e-13
  },
  "6": {
    "BLEU_1": 0.27272727267768604,
    "BLEU_2": 5.222329677697684e-09,
    "ROUGE_L": 0.09606299212598425,
    "CIDEr": 0.0,
    "METEOR": 0.10684474123539232,
    "SPICE": 0.2,
    "BLEU_4": 7.845109652856079e-13
  },
  "7": {
    "BLEU_1": 0.24999999997916675,
    "BLEU_2": 4.767312945812628e-09,
    "ROUGE_L": 0.09242424242424242,
    "CIDEr": 0.0,
    "METEOR": 0.10526315789473684,
    "SPICE": 0.19354838709677416,
    "BLEU_4": 7.08885680157797e-13
  },
  "8": {
    "BLEU_1": 0.23076923075147937,
    "BLEU_2": 4.385290096183762e-09,
    "ROUGE_L": 0.08905109489051095,
    "CIDEr": 0.0,
    "METEOR": 0.10372771474878445,
    "SPICE": 0.18749999999999997,
    "BLEU_4": 6.466227686450042e-13
  },
  "9": {
    "BLEU_1": 0.24999999997916675,
    "BLEU_2": 4.767312945812628e-09,
    "ROUGE_L": 0.09242424242424242,
    "CIDEr": 0.0,
    "METEOR": 0.10526315789473684,
    "SPICE": 0.19354838709677416,
    "BLEU_4": 7.08885680157797e-13
  }
}