{
  "0": {
    "BLEU_1": 0.09735009785958822,
    "BLEU_2": 3.2910339761413517e-09,
    "ROUGE_L": 0.06630434782608696,
    "CIDEr": 0.0,
    "METEOR": 0.05673507767128706,
    "SPICE": 0.052631578947368425,
    "BLEU_4": 6.840676596481053e-13
  },
  "1": {
    "BLEU_1": 9.306272247784718e-17,
    "BLEU_2": 1.0051922884327337e-16,
    "ROUGE_L": 0.0,
    "CIDEr": 0.0,
    "METEOR": 0.03619909502262444,
    "SPICE": 0.0,
    "BLEU_4": 1.2100518272513984e-16
  },
  "2": {
    "BLEU_1": 8.556951981024217e-17,
    "BLEU_2": 9.373671246834737e-17,
    "ROUGE_L": 0.0,
    "CIDEr": 0.0,
    "METEOR": 0.0,
    "SPICE": 0.0,
    "BLEU_4": 1.1786767583989272e-16
  },
  "3": {
    "BLEU_1": 9.735009785958812e-17,
    "BLEU_2": 1.0407163221606905e-16,
    "ROUGE_L": 0.0,
    "CIDEr": 0.0,
    "METEOR": 0.035398230088495575,
    "SPICE": 0.05128205128205128,
    "BLEU_4": 1.2164634342257387e-16
  },
  "4": {
    "BLEU_1": 9.306272247784718e-17,
    "BLEU_2": 1.0051922884327337e-16,
    "ROUGE_L": 0.0,
    "CIDEr": 0.0,
    "METEOR": 0.03366293900993131,
    "SPICE": 0.0,
    "BLEU_4": 1.2100518272513984e-16
  },
  "5": {
    "BLEU_1": 9.735009785958812e-17,
    "BLEU_2": 1.0407163221606905e-16,
    "ROUGE_L": 0.0,
    "CIDEr": 0.0,
    "METEOR": 0.05611259249307545,
    "SPICE": 0.05128205128205128,
    "BLEU_4": 1.2164634342257387e-16
  },
  "6": {
    "BLEU_1": 9.306272247784718e-17,
    "BLEU_2": 1.0051922884327337e-16,
    "ROUGE_L": 0.0,
    "CIDEr": 0.0,
    "METEOR": 0.03366293900993131,
    "SPICE": 0.0,
    "BLEU_4": 1.2100518272513984e-16
  },
  "7": {
    "BLEU_1": 0.09306272247784726,
    "BLEU_2": 3.1786971178843654e-09,
    "ROUGE_L": 0.0681564245810056,
    "CIDEr": 0.0,
    "METEOR": 0.03409108449813393,
    "SPICE": 0.0,
    "BLEU_4": 6.804621480855548e-13
  },
  "8": {
    "BLEU_1": 0.1988531814701149,
    "BLEU_2": 4.716217300589896e-09,
    "ROUGE_L": 0.1291005291005291,
    "CIDEr": 0.0,
    "METEOR": 0.02391629297458894,
    "SPICE": 0.0,
    "BLEU_4": 8.0696947976792e-13
  },
  "9": {
    "BLEU_1": 0.1988531814701149,
    "BLEU_2": 4.716217300589896e-09,
    "ROUGE_L": 0.1291005291005291,
    "CIDEr": 0.0,
    "METEOR": 0.033245414185001924,
    "SPICE": 0.0,
    "BLEU_4": 8.0696947976792e-13
  }
}