{
  "0": {
    "BLEU_1": 0.2897321389081416,
    "BLEU_2": 5.018307851661409e-09,
    "ROUGE_L": 0.20962199312714777,
    "CIDEr": 0.0,
    "METEOR": 0.17191100600844766,
    "SPICE": 0.125,
    "BLEU_4": 7.934641405148429e-13
  },
  "1": {
    "BLEU_1": 0.45454545446281003,
    "BLEU_2": 6.741998623375958e-09,
    "ROUGE_L": 0.17256011315417258,
    "CIDEr": 0.0,
    "METEOR": 0.16864084015159503,
    "SPICE": 0.16216216216216214,
    "BLEU_4": 8.913765519636197e-13
  },
  "2": {
    "BLEU_1": 0.7272727271404961,
    "BLEU_2": 8.528028652635105e-09,
    "ROUGE_L": 0.25884016973125884,
    "CIDEr": 0.0,
    "METEOR": 0.2239112683053124,
    "SPICE": 0.3243243243243243,
    "BLEU_4": 1.002515742949652e-12
  },
  "3": {
    "BLEU_1": 0.5338249351592445,
    "BLEU_2": 7.309698968585509e-09,
    "ROUGE_L": 0.2785388127853881,
    "CIDEr": 0.0,
    "METEOR": 0.22174220287303312,
    "SPICE": 0.36363636363636365,
    "BLEU_4": 9.50347596989122e-13
  },
  "4": {
    "BLEU_1": 0.5833333332361111,
    "BLEU_2": 7.282190811302909e-09,
    "ROUGE_L": 0.16666666666666666,
    "CIDEr": 0.0,
    "METEOR": 0.16701669080824097,
    "SPICE": 0.30769230769230776,
    "BLEU_4": 8.761337286684959e-13
  },
  "5": {
    "BLEU_1": 0.636363636247934,
    "BLEU_2": 7.977240350687988e-09,
    "ROUGE_L": 0.17256011315417258,
    "CIDEr": 0.0,
    "METEOR": 0.16334750875908557,
    "SPICE": 0.2777777777777778,
    "BLEU_4": 9.696013567396061e-13
  },
  "6": {
    "BLEU_1": 0.571428571346939,
    "BLEU_2": 0.20965696731385688,
    "ROUGE_L": 0.2340153452685422,
    "CIDEr": 0.0,
    "METEOR": 0.15758230256758843,
    "SPICE": 0.2631578947368421,
    "BLEU_4": 4.271802512932336e-09
  },
  "7": {
    "BLEU_1": 0.4999999999687501,
    "BLEU_2": 5.773502691523386e-09,
    "ROUGE_L": 0.14663461538461536,
    "CIDEr": 0.0,
    "METEOR": 0.15295508976788763,
    "SPICE": 0.1904761904761905,
    "BLEU_4": 6.541868941300564e-13
  },
  "8": {
    "BLEU_1": 0.4666666666355556,
    "BLEU_2": 5.773502691497612e-09,
    "ROUGE_L": 0.15117719950433703,
    "CIDEr": 0.0,
    "METEOR": 0.15523422190019057,
    "SPICE": 0.29268292682926833,
    "BLEU_4": 6.798898171410334e-13
  },
  "9": {
    "BLEU_1": 0.6428571427653064,
    "BLEU_2": 7.0321084630535275e-09,
    "ROUGE_L": 0.15601023017902813,
    "CIDEr": 0.0,
    "METEOR": 0.19636548972971485,
    "SPICE": 0.3,
    "BLEU_4": 7.823467765257608e-13
  }
}