{
  "0": {
    "BLEU_1": 0.3333333332962964,
    "BLEU_2": 6.454972242916984e-09,
    "ROUGE_L": 0.1189083820662768,
    "CIDEr": 0.0,
    "METEOR": 0.12461059190031153,
    "SPICE": 0.19354838709677416,
    "BLEU_4": 9.980099402512292e-13
  },
  "1": {
    "BLEU_1": 0.3333333332962964,
    "BLEU_2": 6.454972242916984e-09,
    "ROUGE_L": 0.17604617604617603,
    "CIDEr": 0.0,
    "METEOR": 0.191153193308225,
    "SPICE": 0.18750000000000003,
    "BLEU_4": 9.980099402512292e-13
  },
  "2": {
    "BLEU_1": 0.36363636357024803,
    "BLEU_2": 6.030226890431458e-09,
    "ROUGE_L": 0.24629878869448185,
    "CIDEr": 0.0,
    "METEOR": 0.1837808938417921,
    "SPICE": 0.1764705882352941,
    "BLEU_4": 8.430118944817767e-13
  },
  "3": {
    "BLEU_1": 0.33333333327777787,
    "BLEU_2": 5.5048188246934825e-09,
    "ROUGE_L": 0.23828125000000006,
    "CIDEr": 0.0,
    "METEOR": 0.11800433839479392,
    "SPICE": 0.06451612903225806,
    "BLEU_4": 7.617472369343701e-13
  },
  "4": {
    "BLEU_1": 0.36363636357024803,
    "BLEU_2": 6.030226890431458e-09,
    "ROUGE_L": 0.24629878869448185,
    "CIDEr": 0.0,
    "METEOR": 0.11877729257641921,
    "SPICE": 0.06451612903225806,
    "BLEU_4": 8.430118944817767e-13
  },
  "5": {
    "BLEU_1": 0.3715190997867868,
    "BLEU_2": 7.326455450859374e-09,
    "ROUGE_L": 0.1897356143079316,
    "CIDEr": 0.0,
    "METEOR": 0.11641806539299858,
    "SPICE": 0.14285714285714285,
    "BLEU_4": 1.1917040716272326e-12
  },
  "6": {
    "BLEU_1": 0.24767939985785795,
    "BLEU_2": 5.982025825945981e-09,
    "ROUGE_L": 0.11401869158878504,
    "CIDEr": 0.0,
    "METEOR": 0.10158730158730159,
    "SPICE": 0.14285714285714285,
    "BLEU_4": 1.0768261868323776e-12
  },
  "7": {
    "BLEU_1": 0.3715190997867868,
    "BLEU_2": 7.326455450859374e-09,
    "ROUGE_L": 0.1897356143079316,
    "CIDEr": 0.0,
    "METEOR": 0.11641806539299858,
    "SPICE": 0.14285714285714285,
    "BLEU_4": 1.1917040716272326e-12
  },
  "8": {
    "BLEU_1": 0.4444444443950618,
    "BLEU_2": 7.453559924119366e-09,
    "ROUGE_L": 0.17604617604617603,
    "CIDEr": 0.0,
    "METEOR": 0.09090909090909091,
    "SPICE": 0.06896551724137931,
    "BLEU_4": 1.0724314734549807e-12
  },
  "9": {
    "BLEU_1": 0.4444444443950618,
    "BLEU_2": 7.453559924119366e-09,
    "ROUGE_L": 0.17604617604617603,
    "CIDEr": 0.0,
    "METEOR": 0.09090909090909091,
    "SPICE": 0.06896551724137931,
    "BLEU_4": 1.0724314734549807e-12
  }
}