{
  "0": {
    "BLEU_1": 0.23884377011164867,
    "BLEU_2": 5.85045365006396e-09,
    "ROUGE_L": 0.2573839662447257,
    "CIDEr": 0.0,
    "METEOR": 0.13270142180094788,
    "SPICE": 0.05714285714285715,
    "BLEU_4": 1.1000617045598687e-12
  },
  "1": {
    "BLEU_1": 0.33333333330555565,
    "BLEU_2": 0.17407765594053212,
    "ROUGE_L": 0.2932692307692307,
    "CIDEr": 0.0,
    "METEOR": 0.1828566150101621,
    "SPICE": 0.05,
    "BLEU_4": 4.283619507134575e-09
  },
  "2": {
    "BLEU_1": 0.28571428569387763,
    "BLEU_2": 0.14824986332122378,
    "ROUGE_L": 0.271513353115727,
    "CIDEr": 0.0,
    "METEOR": 0.18652828939914962,
    "SPICE": 0.15789473684210528,
    "BLEU_4": 3.592143420053192e-09
  },
  "3": {
    "BLEU_1": 0.3076923076449706,
    "BLEU_2": 0.16012815377993891,
    "ROUGE_L": 0.2819722650231125,
    "CIDEr": 0.0,
    "METEOR": 0.17935510536103136,
    "SPICE": 0.10810810810810811,
    "BLEU_4": 3.907380248808901e-09
  },
  "4": {
    "BLEU_1": 0.2999999999700001,
    "BLEU_2": 5.773502691286834e-09,
    "ROUGE_L": 0.22676579925650556,
    "CIDEr": 0.0,
    "METEOR": 0.14982360293534078,
    "SPICE": 0.15789473684210528,
    "BLEU_4": 8.783602618662196e-13
  },
  "5": {
    "BLEU_1": 0.16666666665277785,
    "BLEU_2": 3.892494720468497e-09,
    "ROUGE_L": 0.10374149659863945,
    "CIDEr": 0.0,
    "METEOR": 0.1014799154334038,
    "SPICE": 0.10256410256410256,
    "BLEU_4": 6.40550520920913e-13
  },
  "6": {
    "BLEU_1": 2.4893534159038484e-17,
    "BLEU_2": 3.520477361430895e-17,
    "ROUGE_L": 0.0,
    "CIDEr": 0.0,
    "METEOR": 0.045454545454545456,
    "SPICE": 0.0,
    "BLEU_4": 1.3239118059502316e-12
  },
  "7": {
    "BLEU_1": 0.24999999993750016,
    "BLEU_2": 5.976143045124577e-09,
    "ROUGE_L": 0.232824427480916,
    "CIDEr": 0.0,
    "METEOR": 0.1364261542790192,
    "SPICE": 0.15789473684210528,
    "BLEU_4": 1.0445522727757714e-12
  },
  "8": {
    "BLEU_1": 0.33333333331111115,
    "BLEU_2": 4.879500364405748e-09,
    "ROUGE_L": 0.3490701001430615,
    "CIDEr": 0.0,
    "METEOR": 0.21091040128724833,
    "SPICE": 0.13636363636363638,
    "BLEU_4": 6.250381527478681e-13
  },
  "9": {
    "BLEU_1": 0.27272727267768604,
    "BLEU_2": 5.222329677697684e-09,
    "ROUGE_L": 0.18181818181818182,
    "CIDEr": 0.0,
    "METEOR": 0.17091573015474848,
    "SPICE": 0.2,
    "BLEU_4": 7.845109652856079e-13
  }
}