{
  "0": {
    "BLEU_1": 0.3999999999600001,
    "BLEU_2": 0.21081851065563903,
    "ROUGE_L": 0.2683284457478006,
    "CIDEr": 0.0,
    "METEOR": 0.14814814814814817,
    "SPICE": 0.17777777777777776,
    "BLEU_4": 5.3077121704368895e-09
  },
  "1": {
    "BLEU_1": 0.33333333331111115,
    "BLEU_2": 0.1543033499514377,
    "ROUGE_L": 0.26180257510729615,
    "CIDEr": 0.0,
    "METEOR": 0.16516094979926052,
    "SPICE": 0.16326530612244897,
    "BLEU_4": 3.514847831107641e-09
  },
  "2": {
    "BLEU_1": 0.4184144274115681,
    "BLEU_2": 0.2875278132495096,
    "ROUGE_L": 0.35589264877479576,
    "CIDEr": 0.0,
    "METEOR": 0.2333791213169877,
    "SPICE": 0.23529411764705876,
    "BLEU_4": 2.2268534583275973e-05
  },
  "3": {
    "BLEU_1": 0.3999999999733334,
    "BLEU_2": 0.23904572185037326,
    "ROUGE_L": 0.26180257510729615,
    "CIDEr": 0.0,
    "METEOR": 0.24004709621175882,
    "SPICE": 0.16666666666666666,
    "BLEU_4": 4.374811430898337e-09
  },
  "4": {
    "BLEU_1": 0.27894295160771204,
    "BLEU_2": 0.1660042603791088,
    "ROUGE_L": 0.2443257676902537,
    "CIDEr": 0.0,
    "METEOR": 0.23018214705237144,
    "SPICE": 0.20408163265306123,
    "BLEU_4": 3.008924737624829e-09
  },
  "5": {
    "BLEU_1": 0.3749999999765626,
    "BLEU_2": 0.22360679773553777,
    "ROUGE_L": 0.2527624309392265,
    "CIDEr": 0.0,
    "METEOR": 0.23501114314437924,
    "SPICE": 0.16666666666666666,
    "BLEU_4": 4.071220775270606e-09
  },
  "6": {
    "BLEU_1": 0.3124999999804688,
    "BLEU_2": 0.14433756728808472,
    "ROUGE_L": 0.21995192307692307,
    "CIDEr": 0.0,
    "METEOR": 0.16169603476850677,
    "SPICE": 0.16666666666666666,
    "BLEU_4": 3.2709344706502825e-09
  },
  "7": {
    "BLEU_1": 0.3124999999804688,
    "BLEU_2": 0.14433756728808472,
    "ROUGE_L": 0.21995192307692307,
    "CIDEr": 0.0,
    "METEOR": 0.1471264367816092,
    "SPICE": 0.08333333333333333,
    "BLEU_4": 3.2709344706502825e-09
  },
  "8": {
    "BLEU_1": 0.4999999999500001,
    "BLEU_2": 0.23570226037063632,
    "ROUGE_L": 0.2683284457478006,
    "CIDEr": 0.0,
    "METEOR": 0.165374677002584,
    "SPICE": 0.08888888888888888,
    "BLEU_4": 5.612222323633712e-09
  },
  "9": {
    "BLEU_1": 0.4999999999166667,
    "BLEU_2": 0.21320071631926954,
    "ROUGE_L": 0.3333333333333333,
    "CIDEr": 0.0,
    "METEOR": 0.16040100250626566,
    "SPICE": 0.0851063829787234,
    "BLEU_4": 4.7406042590263856e-09
  }
}