{
  "0": {
    "BLEU_1": 0.4412484511819858,
    "BLEU_2": 7.458460118109875e-09,
    "ROUGE_L": 0.232824427480916,
    "CIDEr": 0.0,
    "METEOR": 0.14311884539024,
    "SPICE": 0.07142857142857142,
    "BLEU_4": 1.0962279403155601e-12
  },
  "1": {
    "BLEU_1": 0.33333333330555565,
    "BLEU_2": 5.504818825152218e-09,
    "ROUGE_L": 0.2932692307692307,
    "CIDEr": 0.0,
    "METEOR": 0.13392491527951797,
    "SPICE": 0.06451612903225806,
    "BLEU_4": 7.61747236997849e-13
  },
  "2": {
    "BLEU_1": 0.4444444443456792,
    "BLEU_2": 7.453559923291195e-09,
    "ROUGE_L": 0.3333333333333333,
    "CIDEr": 0.0,
    "METEOR": 0.14023079694066118,
    "SPICE": 0.06896551724137931,
    "BLEU_4": 1.0724314733358218e-12
  },
  "3": {
    "BLEU_1": 0.4444444443456792,
    "BLEU_2": 7.453559923291195e-09,
    "ROUGE_L": 0.3333333333333333,
    "CIDEr": 0.0,
    "METEOR": 0.14023079694066118,
    "SPICE": 0.06896551724137931,
    "BLEU_4": 1.0724314733358218e-12
  },
  "4": {
    "BLEU_1": 0.2142857142704082,
    "BLEU_2": 4.059989714404599e-09,
    "ROUGE_L": 0.271513353115727,
    "CIDEr": 0.0,
    "METEOR": 0.08547008547008546,
    "SPICE": 0.058823529411764705,
    "BLEU_4": 5.944549994012258e-13
  },
  "5": {
    "BLEU_1": 0.23529411763321803,
    "BLEU_2": 3.834824944004226e-09,
    "ROUGE_L": 0.1628838451268358,
    "CIDEr": 0.0,
    "METEOR": 0.08281573498964803,
    "SPICE": 0.05555555555555555,
    "BLEU_4": 5.144201220579896e-13
  },
  "6": {
    "BLEU_1": 0.23529411763321803,
    "BLEU_2": 3.834824944004226e-09,
    "ROUGE_L": 0.1628838451268358,
    "CIDEr": 0.0,
    "METEOR": 0.08281573498964803,
    "SPICE": 0.05555555555555555,
    "BLEU_4": 5.144201220579896e-13
  },
  "7": {
    "BLEU_1": 0.23529411763321803,
    "BLEU_2": 3.834824944004226e-09,
    "ROUGE_L": 0.1628838451268358,
    "CIDEr": 0.0,
    "METEOR": 0.08281573498964803,
    "SPICE": 0.05555555555555555,
    "BLEU_4": 5.144201220579896e-13
  },
  "8": {
    "BLEU_1": 0.27272727267768604,
    "BLEU_2": 5.222329677697684e-09,
    "ROUGE_L": 0.2036727879799666,
    "CIDEr": 0.0,
    "METEOR": 0.08948545861297538,
    "SPICE": 0.060606060606060615,
    "BLEU_4": 7.845109652856079e-13
  },
  "9": {
    "BLEU_1": 0.24999999997916675,
    "BLEU_2": 4.767312945812628e-09,
    "ROUGE_L": 0.19551282051282048,
    "CIDEr": 0.0,
    "METEOR": 0.08888888888888889,
    "SPICE": 0.060606060606060615,
    "BLEU_4": 7.08885680157797e-13
  }
}