{
  "0": {
    "BLEU_1": 0.2499999999687501,
    "BLEU_2": 5.976143045871594e-09,
    "ROUGE_L": 0.21785714285714283,
    "CIDEr": 0.0,
    "METEOR": 0.19672131147540986,
    "SPICE": 0.2857142857142857,
    "BLEU_4": 1.0445522729063402e-12
  },
  "1": {
    "BLEU_1": 0.29999999994000015,
    "BLEU_2": 5.773502690709485e-09,
    "ROUGE_L": 0.2,
    "CIDEr": 0.0,
    "METEOR": 0.19138755980861247,
    "SPICE": 0.27272727272727276,
    "BLEU_4": 8.783602617783837e-13
  },
  "2": {
    "BLEU_1": 0.23076923075147937,
    "BLEU_2": 4.385290096183762e-09,
    "ROUGE_L": 0.1781021897810219,
    "CIDEr": 0.0,
    "METEOR": 0.19524682926829273,
    "SPICE": 0.23076923076923078,
    "BLEU_4": 6.466227686450042e-13
  },
  "3": {
    "BLEU_1": 0.24999999997916675,
    "BLEU_2": 4.767312945812628e-09,
    "ROUGE_L": 0.18484848484848485,
    "CIDEr": 0.0,
    "METEOR": 0.1989502147288055,
    "SPICE": 0.24000000000000002,
    "BLEU_4": 7.08885680157797e-13
  },
  "4": {
    "BLEU_1": 0.23076923075147937,
    "BLEU_2": 4.385290096183762e-09,
    "ROUGE_L": 0.1781021897810219,
    "CIDEr": 0.0,
    "METEOR": 0.19524682926829273,
    "SPICE": 0.23076923076923078,
    "BLEU_4": 6.466227686450042e-13
  },
  "5": {
    "BLEU_1": 0.24999999997916675,
    "BLEU_2": 4.767312945812628e-09,
    "ROUGE_L": 0.18484848484848485,
    "CIDEr": 0.0,
    "METEOR": 0.1989502147288055,
    "SPICE": 0.24000000000000002,
    "BLEU_4": 7.08885680157797e-13
  },
  "6": {
    "BLEU_1": 0.19999999996000015,
    "BLEU_2": 4.714045206941321e-09,
    "ROUGE_L": 0.1,
    "CIDEr": 0.0,
    "METEOR": 0.1473776994270604,
    "SPICE": 0.17391304347826086,
    "BLEU_4": 7.936880924342154e-13
  },
  "7": {
    "BLEU_1": 0.19999999996000015,
    "BLEU_2": 4.714045206941321e-09,
    "ROUGE_L": 0.1,
    "CIDEr": 0.0,
    "METEOR": 0.1473776994270604,
    "SPICE": 0.17391304347826086,
    "BLEU_4": 7.936880924342154e-13
  },
  "8": {
    "BLEU_1": 0.24999999997916675,
    "BLEU_2": 4.767312945812628e-09,
    "ROUGE_L": 0.18484848484848485,
    "CIDEr": 0.0,
    "METEOR": 0.23295089188104653,
    "SPICE": 0.24000000000000002,
    "BLEU_4": 7.08885680157797e-13
  },
  "9": {
    "BLEU_1": 0.24999999997916675,
    "BLEU_2": 4.767312945812628e-09,
    "ROUGE_L": 0.18484848484848485,
    "CIDEr": 0.0,
    "METEOR": 0.1989502147288055,
    "SPICE": 0.24000000000000002,
    "BLEU_4": 7.08885680157797e-13
  }
}