{
  "0": {
    "BLEU_1": 0.4412484511819858,
    "BLEU_2": 0.3335524766312959,
    "ROUGE_L": 0.34923664122137404,
    "CIDEr": 0.0,
    "METEOR": 0.2847441410166478,
    "SPICE": 0.08,
    "BLEU_4": 4.122478183078424e-05
  },
  "1": {
    "BLEU_1": 0.4412484511819858,
    "BLEU_2": 7.458460118109875e-09,
    "ROUGE_L": 0.232824427480916,
    "CIDEr": 0.0,
    "METEOR": 0.22639555781882967,
    "SPICE": 0.07692307692307691,
    "BLEU_4": 1.0962279403155601e-12
  },
  "2": {
    "BLEU_1": 0.4444444443456792,
    "BLEU_2": 7.453559923291195e-09,
    "ROUGE_L": 0.2222222222222222,
    "CIDEr": 0.0,
    "METEOR": 0.20408163265306123,
    "SPICE": 0.07142857142857142,
    "BLEU_4": 1.0724314733358218e-12
  },
  "3": {
    "BLEU_1": 0.4412484511819858,
    "BLEU_2": 7.458460118109875e-09,
    "ROUGE_L": 0.232824427480916,
    "CIDEr": 0.0,
    "METEOR": 0.20725388601036268,
    "SPICE": 0.12903225806451613,
    "BLEU_4": 1.0962279403155601e-12
  },
  "4": {
    "BLEU_1": 0.36363636357024803,
    "BLEU_2": 6.030226890431458e-09,
    "ROUGE_L": 0.2036727879799666,
    "CIDEr": 0.0,
    "METEOR": 0.19656019656019655,
    "SPICE": 0.18181818181818182,
    "BLEU_4": 8.430118944817767e-13
  },
  "5": {
    "BLEU_1": 0.33333333327777787,
    "BLEU_2": 5.5048188246934825e-09,
    "ROUGE_L": 0.19551282051282048,
    "CIDEr": 0.0,
    "METEOR": 0.19512195121951223,
    "SPICE": 0.1764705882352941,
    "BLEU_4": 7.617472369343701e-13
  },
  "6": {
    "BLEU_1": 0.3999999999200002,
    "BLEU_2": 6.666666665296299e-09,
    "ROUGE_L": 0.21254355400696867,
    "CIDEr": 0.0,
    "METEOR": 0.20100502512562812,
    "SPICE": 0.18750000000000003,
    "BLEU_4": 9.438595266157062e-13
  },
  "7": {
    "BLEU_1": 0.38461538458579886,
    "BLEU_2": 5.661385170269343e-09,
    "ROUGE_L": 0.18798151001540828,
    "CIDEr": 0.0,
    "METEOR": 0.19370460048426152,
    "SPICE": 0.1764705882352941,
    "BLEU_4": 7.347053125332871e-13
  },
  "8": {
    "BLEU_1": 0.3999999999200002,
    "BLEU_2": 6.666666665296299e-09,
    "ROUGE_L": 0.21254355400696867,
    "CIDEr": 0.0,
    "METEOR": 0.20100502512562812,
    "SPICE": 0.18750000000000003,
    "BLEU_4": 9.438595266157062e-13
  },
  "9": {
    "BLEU_1": 0.33333333327777787,
    "BLEU_2": 5.5048188246934825e-09,
    "ROUGE_L": 0.19551282051282048,
    "CIDEr": 0.0,
    "METEOR": 0.19512195121951223,
    "SPICE": 0.1764705882352941,
    "BLEU_4": 7.617472369343701e-13
  }
}