{
  "0": {
    "BLEU_1": 0.2982797722051723,
    "BLEU_2": 5.776162951265759e-09,
    "ROUGE_L": 0.20854700854700853,
    "CIDEr": 0.0,
    "METEOR": 0.170048309178744,
    "SPICE": 0.16666666666666666,
    "BLEU_4": 8.930585330091313e-13
  },
  "1": {
    "BLEU_1": 0.18749999998828132,
    "BLEU_2": 3.535533905704402e-09,
    "ROUGE_L": 0.24078947368421053,
    "CIDEr": 0.0,
    "METEOR": 0.22188526235875766,
    "SPICE": 0.14285714285714285,
    "BLEU_4": 5.119289102444937e-13
  },
  "2": {
    "BLEU_1": 0.14285714284693884,
    "BLEU_2": 3.31496772041309e-09,
    "ROUGE_L": 0.17183098591549298,
    "CIDEr": 0.0,
    "METEOR": 0.1434063444482037,
    "SPICE": 0.1,
    "BLEU_4": 5.371507285148366e-13
  },
  "3": {
    "BLEU_1": 0.14285714284693884,
    "BLEU_2": 3.31496772041309e-09,
    "ROUGE_L": 0.17183098591549298,
    "CIDEr": 0.0,
    "METEOR": 0.16409539528442657,
    "SPICE": 0.05714285714285714,
    "BLEU_4": 5.371507285148366e-13
  },
  "4": {
    "BLEU_1": 0.18181818178512404,
    "BLEU_2": 4.2640143263175525e-09,
    "ROUGE_L": 0.1921259842519685,
    "CIDEr": 0.0,
    "METEOR": 0.17421086485675424,
    "SPICE": 0.10526315789473684,
    "BLEU_4": 7.088856800859686e-13
  },
  "5": {
    "BLEU_1": 0.2499999999583334,
    "BLEU_2": 4.7673129454153526e-09,
    "ROUGE_L": 0.18484848484848485,
    "CIDEr": 0.0,
    "METEOR": 0.17302575693255862,
    "SPICE": 0.06060606060606061,
    "BLEU_4": 7.088856800987232e-13
  },
  "6": {
    "BLEU_1": 0.16666666663888896,
    "BLEU_2": 3.8924947201441226e-09,
    "ROUGE_L": 0.18484848484848485,
    "CIDEr": 0.0,
    "METEOR": 0.11750859265503798,
    "SPICE": 0.10256410256410256,
    "BLEU_4": 6.405505208675338e-13
  },
  "7": {
    "BLEU_1": 0.18749999998828132,
    "BLEU_2": 3.535533905704402e-09,
    "ROUGE_L": 0.24078947368421053,
    "CIDEr": 0.0,
    "METEOR": 0.1931639976554446,
    "SPICE": 0.1,
    "BLEU_4": 5.119289102444937e-13
  },
  "8": {
    "BLEU_1": 0.26666666664888894,
    "BLEU_2": 4.3643578044184995e-09,
    "ROUGE_L": 0.2489795918367347,
    "CIDEr": 0.0,
    "METEOR": 0.19697644497759154,
    "SPICE": 0.10256410256410256,
    "BLEU_4": 5.911245882681416e-13
  },
  "9": {
    "BLEU_1": 0.26666666664888894,
    "BLEU_2": 4.3643578044184995e-09,
    "ROUGE_L": 0.2489795918367347,
    "CIDEr": 0.0,
    "METEOR": 0.19697644497759154,
    "SPICE": 0.10256410256410256,
    "BLEU_4": 5.911245882681416e-13
  }
}