{
  "0": {
    "BLEU_1": 0.4294155959203306,
    "BLEU_2": 7.333667449130742e-09,
    "ROUGE_L": 0.12224448897795591,
    "CIDEr": 0.0,
    "METEOR": 0.1809954751131222,
    "SPICE": 0.13333333333333333,
    "BLEU_4": 1.1100972798838728e-12
  },
  "1": {
    "BLEU_1": 0.4444444443456792,
    "BLEU_2": 7.453559923291195e-09,
    "ROUGE_L": 0.1111111111111111,
    "CIDEr": 0.0,
    "METEOR": 0.1762114537444934,
    "SPICE": 0.07142857142857142,
    "BLEU_4": 1.0724314733358218e-12
  },
  "2": {
    "BLEU_1": 0.4444444443456792,
    "BLEU_2": 7.453559923291195e-09,
    "ROUGE_L": 0.1111111111111111,
    "CIDEr": 0.0,
    "METEOR": 0.1762114537444934,
    "SPICE": 0.07142857142857142,
    "BLEU_4": 1.0724314733358218e-12
  },
  "3": {
    "BLEU_1": 0.4444444443456792,
    "BLEU_2": 7.453559923291195e-09,
    "ROUGE_L": 0.1111111111111111,
    "CIDEr": 0.0,
    "METEOR": 0.1762114537444934,
    "SPICE": 0.07142857142857142,
    "BLEU_4": 1.0724314733358218e-12
  },
  "4": {
    "BLEU_1": 0.4444444443456792,
    "BLEU_2": 7.453559923291195e-09,
    "ROUGE_L": 0.1111111111111111,
    "CIDEr": 0.0,
    "METEOR": 0.1762114537444934,
    "SPICE": 0.07142857142857142,
    "BLEU_4": 1.0724314733358218e-12
  },
  "5": {
    "BLEU_1": 0.33093633838648934,
    "BLEU_2": 6.459215935396237e-09,
    "ROUGE_L": 0.116412213740458,
    "CIDEr": 0.0,
    "METEOR": 0.17868020304568533,
    "SPICE": 0.06451612903225806,
    "BLEU_4": 1.0201550479411466e-12
  },
  "6": {
    "BLEU_1": 0.3333333332592594,
    "BLEU_2": 6.454972242199766e-09,
    "ROUGE_L": 0.1111111111111111,
    "CIDEr": 0.0,
    "METEOR": 0.17468982630272956,
    "SPICE": 0.06451612903225806,
    "BLEU_4": 9.980099401403394e-13
  },
  "7": {
    "BLEU_1": 0.4444444443456792,
    "BLEU_2": 7.453559923291195e-09,
    "ROUGE_L": 0.1111111111111111,
    "CIDEr": 0.0,
    "METEOR": 0.1762114537444934,
    "SPICE": 0.125,
    "BLEU_4": 1.0724314733358218e-12
  },
  "8": {
    "BLEU_1": 0.33333333330555565,
    "BLEU_2": 5.504818825152218e-09,
    "ROUGE_L": 0.18484848484848485,
    "CIDEr": 0.0,
    "METEOR": 0.17330246887925307,
    "SPICE": 0.1714285714285714,
    "BLEU_4": 7.61747236997849e-13
  },
  "9": {
    "BLEU_1": 0.36363636360330587,
    "BLEU_2": 6.03022689097966e-09,
    "ROUGE_L": 0.1018363939899833,
    "CIDEr": 0.0,
    "METEOR": 0.16963855421686752,
    "SPICE": 0.06060606060606061,
    "BLEU_4": 8.430118945584141e-13
  }
}