{
  "0": {
    "BLEU_1": 0.5367694949004131,
    "BLEU_2": 0.36668337245653715,
    "ROUGE_L": 0.24448897795591182,
    "CIDEr": 0.0,
    "METEOR": 0.2512834239847376,
    "SPICE": 0.26666666666666666,
    "BLEU_4": 7.849573143826273e-09
  },
  "1": {
    "BLEU_1": 0.5454545454049587,
    "BLEU_2": 0.3302891295063807,
    "ROUGE_L": 0.28818897637795277,
    "CIDEr": 0.0,
    "METEOR": 0.23729089789429472,
    "SPICE": 0.24242424242424243,
    "BLEU_4": 6.238986071451458e-09
  },
  "2": {
    "BLEU_1": 0.5454545454049587,
    "BLEU_2": 0.3302891295063807,
    "ROUGE_L": 0.28818897637795277,
    "CIDEr": 0.0,
    "METEOR": 0.23729089789429472,
    "SPICE": 0.24242424242424243,
    "BLEU_4": 6.238986071451458e-09
  },
  "3": {
    "BLEU_1": 0.3999999999200002,
    "BLEU_2": 0.21081851063455723,
    "ROUGE_L": 0.3,
    "CIDEr": 0.0,
    "METEOR": 0.09324009324009325,
    "SPICE": 0.06451612903225806,
    "BLEU_4": 5.307712169906119e-09
  },
  "4": {
    "BLEU_1": 0.555555555432099,
    "BLEU_2": 0.26352313828697443,
    "ROUGE_L": 0.31282051282051276,
    "CIDEr": 0.0,
    "METEOR": 0.2017704010258253,
    "SPICE": 0.13793103448275862,
    "BLEU_4": 6.376715692219053e-09
  },
  "5": {
    "BLEU_1": 0.36363636360330587,
    "BLEU_2": 6.03022689097966e-09,
    "ROUGE_L": 0.1921259842519685,
    "CIDEr": 0.0,
    "METEOR": 0.20141737053376,
    "SPICE": 0.18750000000000003,
    "BLEU_4": 8.430118945584141e-13
  },
  "6": {
    "BLEU_1": 0.4545454545041323,
    "BLEU_2": 0.21320071633525958,
    "ROUGE_L": 0.28818897637795277,
    "CIDEr": 0.0,
    "METEOR": 0.20141737053376,
    "SPICE": 0.25,
    "BLEU_4": 5.01257871520395e-09
  },
  "7": {
    "BLEU_1": 0.38461538458579886,
    "BLEU_2": 0.17902871849551308,
    "ROUGE_L": 0.2671532846715329,
    "CIDEr": 0.0,
    "METEOR": 0.21979947509417347,
    "SPICE": 0.25,
    "BLEU_4": 4.131551590743584e-09
  },
  "8": {
    "BLEU_1": 0.4444444443456792,
    "BLEU_2": 0.23570226034150096,
    "ROUGE_L": 0.31282051282051276,
    "CIDEr": 0.0,
    "METEOR": 0.18278543987897516,
    "SPICE": 0.2,
    "BLEU_4": 6.030725358915047e-09
  },
  "9": {
    "BLEU_1": 0.5515605639774822,
    "BLEU_2": 0.26369638633624565,
    "ROUGE_L": 0.3267857142857143,
    "CIDEr": 0.0,
    "METEOR": 0.22388588090943873,
    "SPICE": 0.26666666666666666,
    "BLEU_4": 6.518210331440214e-09
  }
}