{
  "0": {
    "BLEU_1": 0.27272727267768604,
    "BLEU_2": 5.222329677697684e-09,
    "ROUGE_L": 0.18181818181818182,
    "CIDEr": 0.0,
    "METEOR": 0.11959930847532659,
    "SPICE": 0.13793103448275862,
    "BLEU_4": 7.845109652856079e-13
  },
  "1": {
    "BLEU_1": 0.36363636357024803,
    "BLEU_2": 6.030226890431458e-09,
    "ROUGE_L": 0.18181818181818182,
    "CIDEr": 0.0,
    "METEOR": 0.11464968152866242,
    "SPICE": 0.13333333333333333,
    "BLEU_4": 8.430118944817767e-13
  },
  "2": {
    "BLEU_1": 0.36363636357024803,
    "BLEU_2": 6.030226890431458e-09,
    "ROUGE_L": 0.18181818181818182,
    "CIDEr": 0.0,
    "METEOR": 0.10191082802547771,
    "SPICE": 0.13333333333333333,
    "BLEU_4": 8.430118944817767e-13
  },
  "3": {
    "BLEU_1": 0.39999999994666674,
    "BLEU_2": 5.3452248375230655e-09,
    "ROUGE_L": 0.1582360570687419,
    "CIDEr": 0.0,
    "METEOR": 0.11042944785276075,
    "SPICE": 0.11764705882352941,
    "BLEU_4": 6.541868940830367e-13
  },
  "4": {
    "BLEU_1": 0.3325224212753622,
    "BLEU_2": 4.880094969288873e-09,
    "ROUGE_L": 0.16353887399463804,
    "CIDEr": 0.0,
    "METEOR": 0.1119751166407465,
    "SPICE": 0.125,
    "BLEU_4": 6.288689276300982e-13
  },
  "5": {
    "BLEU_1": 0.30769230766863914,
    "BLEU_2": 5.063696835012589e-09,
    "ROUGE_L": 0.2538141470180305,
    "CIDEr": 0.0,
    "METEOR": 0.1,
    "SPICE": 0.0625,
    "BLEU_4": 6.948413844184121e-13
  },
  "6": {
    "BLEU_1": 0.27272727267768604,
    "BLEU_2": 5.222329677697684e-09,
    "ROUGE_L": 0.18181818181818182,
    "CIDEr": 0.0,
    "METEOR": 0.10191082802547771,
    "SPICE": 0.0,
    "BLEU_4": 7.845109652856079e-13
  },
  "7": {
    "BLEU_1": 0.32206169694024794,
    "BLEU_2": 6.3511423138542446e-09,
    "ROUGE_L": 0.2136602451838879,
    "CIDEr": 0.0,
    "METEOR": 0.10596026490066227,
    "SPICE": 0.0,
    "BLEU_4": 1.0330619227359553e-12
  },
  "8": {
    "BLEU_1": 0.32206169694024794,
    "BLEU_2": 6.3511423138542446e-09,
    "ROUGE_L": 0.2136602451838879,
    "CIDEr": 0.0,
    "METEOR": 0.10702341137123746,
    "SPICE": 0.0,
    "BLEU_4": 1.0330619227359553e-12
  },
  "9": {
    "BLEU_1": 0.32206169694024794,
    "BLEU_2": 6.3511423138542446e-09,
    "ROUGE_L": 0.2136602451838879,
    "CIDEr": 0.0,
    "METEOR": 0.10596026490066227,
    "SPICE": 0.0,
    "BLEU_4": 1.0330619227359553e-12
  }
}