{
  "0": {
    "BLEU_1": 1.1031211279549644e-16,
    "BLEU_2": 1.1792860905377833e-16,
    "ROUGE_L": 0.0,
    "CIDEr": 0.0,
    "METEOR": 0.17557163648545993,
    "SPICE": 0.23529411764705882,
    "BLEU_4": 1.3784336587052549e-16
  },
  "1": {
    "BLEU_1": 0.35294117644982703,
    "BLEU_2": 4.6966821828537125e-09,
    "ROUGE_L": 0.14859926918392205,
    "CIDEr": 0.0,
    "METEOR": 0.16070152760036155,
    "SPICE": 0.25,
    "BLEU_4": 5.692994482116097e-13
  },
  "2": {
    "BLEU_1": 0.24999999998750005,
    "BLEU_2": 3.627381250363917e-09,
    "ROUGE_L": 0.1361607142857143,
    "CIDEr": 0.0,
    "METEOR": 0.16992383860662413,
    "SPICE": 0.22727272727272727,
    "BLEU_4": 4.553719183899022e-13
  },
  "3": {
    "BLEU_1": 0.24999999998958336,
    "BLEU_2": 0.14744195614862018,
    "ROUGE_L": 0.18373493975903615,
    "CIDEr": 0.0,
    "METEOR": 0.21887075302838246,
    "SPICE": 0.2608695652173913,
    "BLEU_4": 2.6190877432817172e-09
  },
  "4": {
    "BLEU_1": 0.35294117644982703,
    "BLEU_2": 0.14852213143749163,
    "ROUGE_L": 0.20492721164613661,
    "CIDEr": 0.0,
    "METEOR": 0.19833844264749909,
    "SPICE": 0.15384615384615383,
    "BLEU_4": 3.2014060613745118e-09
  },
  "5": {
    "BLEU_1": 0.2608695652060492,
    "BLEU_2": 0.10889310129125214,
    "ROUGE_L": 0.18846549948506694,
    "CIDEr": 0.0,
    "METEOR": 0.16599625823262107,
    "SPICE": 0.14285714285714285,
    "BLEU_4": 2.3050898625491595e-09
  },
  "6": {
    "BLEU_1": 0.12499999999218755,
    "BLEU_2": 0.09128709291163213,
    "ROUGE_L": 0.15326633165829145,
    "CIDEr": 0.0,
    "METEOR": 0.18667909705039984,
    "SPICE": 0.20512820512820512,
    "BLEU_4": 2.6012784402233177e-09
  },
  "7": {
    "BLEU_1": 0.16666666665740745,
    "BLEU_2": 3.1311214552466808e-09,
    "ROUGE_L": 0.14420803782505912,
    "CIDEr": 0.0,
    "METEOR": 0.17334009754925847,
    "SPICE": 0.09523809523809523,
    "BLEU_4": 4.49569817535607e-13
  },
  "8": {
    "BLEU_1": 0.2105263157783934,
    "BLEU_2": 3.4199278400988515e-09,
    "ROUGE_L": 0.21010332950631458,
    "CIDEr": 0.0,
    "METEOR": 0.17460701514382326,
    "SPICE": 0.17777777777777776,
    "BLEU_4": 4.553719183884792e-13
  },
  "9": {
    "BLEU_1": 0.18749999998828132,
    "BLEU_2": 3.535533905704402e-09,
    "ROUGE_L": 0.15326633165829145,
    "CIDEr": 0.0,
    "METEOR": 0.17536507743822485,
    "SPICE": 0.1818181818181818,
    "BLEU_4": 5.119289102444937e-13
  }
}