{
  "0": {
    "BLEU_1": 0.32928698152470126,
    "BLEU_2": 0.21255383258936583,
    "ROUGE_L": 0.37731958762886597,
    "CIDEr": 0.0,
    "METEOR": 0.212297627565478,
    "SPICE": 0.08695652173913045,
    "BLEU_4": 6.900940974641912e-09
  },
  "1": {
    "BLEU_1": 0.35826565516747294,
    "BLEU_2": 0.2265870955445612,
    "ROUGE_L": 0.3588235294117647,
    "CIDEr": 0.0,
    "METEOR": 0.2075799025084674,
    "SPICE": 0.08333333333333334,
    "BLEU_4": 6.846046757997816e-09
  },
  "2": {
    "BLEU_1": 0.24999999993750016,
    "BLEU_2": 0.18898223645568088,
    "ROUGE_L": 0.21785714285714283,
    "CIDEr": 0.0,
    "METEOR": 0.1652468289530918,
    "SPICE": 0.07407407407407408,
    "BLEU_4": 5.873949093033183e-09
  },
  "3": {
    "BLEU_1": 0.22222222219753096,
    "BLEU_2": 5.270462766325093e-09,
    "ROUGE_L": 0.20854700854700853,
    "CIDEr": 0.0,
    "METEOR": 0.15083214407750659,
    "SPICE": 0.07407407407407408,
    "BLEU_4": 9.018037816335524e-13
  },
  "4": {
    "BLEU_1": 0.5555555554938273,
    "BLEU_2": 0.26352313831625473,
    "ROUGE_L": 0.5213675213675214,
    "CIDEr": 0.0,
    "METEOR": 0.3071540143500533,
    "SPICE": 0.15384615384615383,
    "BLEU_4": 6.376715692927575e-09
  },
  "5": {
    "BLEU_1": 0.5999999998800002,
    "BLEU_2": 0.3651483715950527,
    "ROUGE_L": 0.6,
    "CIDEr": 0.0,
    "METEOR": 0.2870503133279703,
    "SPICE": 0.15384615384615383,
    "BLEU_4": 6.985342055045127e-09
  },
  "6": {
    "BLEU_1": 0.4999999999166667,
    "BLEU_2": 0.3015113445263697,
    "ROUGE_L": 0.5545454545454546,
    "CIDEr": 0.0,
    "METEOR": 0.2754131384633229,
    "SPICE": 0.14285714285714288,
    "BLEU_4": 5.63756031424638e-09
  },
  "7": {
    "BLEU_1": 0.4999999999166667,
    "BLEU_2": 0.3015113445263697,
    "ROUGE_L": 0.5545454545454546,
    "CIDEr": 0.0,
    "METEOR": 0.2754131384633229,
    "SPICE": 0.14285714285714288,
    "BLEU_4": 5.63756031424638e-09
  },
  "8": {
    "BLEU_1": 0.545454545355372,
    "BLEU_2": 0.3302891294763544,
    "ROUGE_L": 0.5763779527559055,
    "CIDEr": 0.0,
    "METEOR": 0.2811113413280813,
    "SPICE": 0.14285714285714288,
    "BLEU_4": 6.2389860708842774e-09
  },
  "9": {
    "BLEU_1": 0.7999999998400004,
    "BLEU_2": 0.4216370212691143,
    "ROUGE_L": 0.7000000000000001,
    "CIDEr": 0.0,
    "METEOR": 0.34607658204069225,
    "SPICE": 0.37037037037037035,
    "BLEU_4": 7.506238535853963e-09
  }
}