{
  "0": {
    "BLEU_1": 0.3032653297552284,
    "BLEU_2": 6.0653065950034785e-09,
    "ROUGE_L": 0.2234432234432234,
    "CIDEr": 0.0,
    "METEOR": 0.16490250696378833,
    "SPICE": 0.17142857142857143,
    "BLEU_4": 1.0305224262915758e-12
  },
  "1": {
    "BLEU_1": 0.33093633838648934,
    "BLEU_2": 0.2042583425470713,
    "ROUGE_L": 0.20469798657718125,
    "CIDEr": 0.0,
    "METEOR": 0.18399893611588702,
    "SPICE": 0.1111111111111111,
    "BLEU_4": 5.736753415588487e-09
  },
  "2": {
    "BLEU_1": 0.3999999999200002,
    "BLEU_2": 0.21081851063455723,
    "ROUGE_L": 0.18885448916408668,
    "CIDEr": 0.0,
    "METEOR": 0.18111644625506373,
    "SPICE": 0.10810810810810811,
    "BLEU_4": 5.307712169906119e-09
  },
  "3": {
    "BLEU_1": 0.46153846150295863,
    "BLEU_2": 0.2773500980903911,
    "ROUGE_L": 0.33841886269070737,
    "CIDEr": 0.0,
    "METEOR": 0.1997310199604772,
    "SPICE": 0.1951219512195122,
    "BLEU_4": 2.891784932978699e-05
  },
  "4": {
    "BLEU_1": 0.27272727270247943,
    "BLEU_2": 5.222329678172441e-09,
    "ROUGE_L": 0.1921259842519685,
    "CIDEr": 0.0,
    "METEOR": 0.11970074812967582,
    "SPICE": 0.052631578947368425,
    "BLEU_4": 7.84510965356927e-13
  },
  "5": {
    "BLEU_1": 0.3999999999200002,
    "BLEU_2": 6.666666665296299e-09,
    "ROUGE_L": 0.3,
    "CIDEr": 0.0,
    "METEOR": 0.19569880107825513,
    "SPICE": 0.10810810810810811,
    "BLEU_4": 9.438595266157062e-13
  },
  "6": {
    "BLEU_1": 0.4444444443456792,
    "BLEU_2": 7.453559923291195e-09,
    "ROUGE_L": 0.31282051282051276,
    "CIDEr": 0.0,
    "METEOR": 0.19720804633078665,
    "SPICE": 0.10810810810810811,
    "BLEU_4": 1.0724314733358218e-12
  },
  "7": {
    "BLEU_1": 0.3333333332592594,
    "BLEU_2": 6.454972242199766e-09,
    "ROUGE_L": 0.20854700854700853,
    "CIDEr": 0.0,
    "METEOR": 0.12339331619537273,
    "SPICE": 0.05405405405405406,
    "BLEU_4": 9.980099401403394e-13
  },
  "8": {
    "BLEU_1": 0.36363636360330587,
    "BLEU_2": 6.03022689097966e-09,
    "ROUGE_L": 0.1921259842519685,
    "CIDEr": 0.0,
    "METEOR": 0.11970074812967582,
    "SPICE": 0.05128205128205128,
    "BLEU_4": 8.430118945584141e-13
  },
  "9": {
    "BLEU_1": 0.3333333332592594,
    "BLEU_2": 6.454972242199766e-09,
    "ROUGE_L": 0.20854700854700853,
    "CIDEr": 0.0,
    "METEOR": 0.12339331619537273,
    "SPICE": 0.05405405405405406,
    "BLEU_4": 9.980099401403394e-13
  }
}