{
  "0": {
    "BLEU_1": 0.6249999998437503,
    "BLEU_2": 0.29880715225622895,
    "ROUGE_L": 0.375,
    "CIDEr": 0.0,
    "METEOR": 0.2047244094488189,
    "SPICE": 0.25806451612903225,
    "BLEU_4": 7.386099953835683e-09
  },
  "1": {
    "BLEU_1": 0.371519099839861,
    "BLEU_2": 4.977346349971566e-09,
    "ROUGE_L": 0.19122257053291536,
    "CIDEr": 0.0,
    "METEOR": 0.16176470588235292,
    "SPICE": 0.2222222222222222,
    "BLEU_4": 6.128220931761728e-13
  },
  "2": {
    "BLEU_1": 0.371519099839861,
    "BLEU_2": 4.977346349971566e-09,
    "ROUGE_L": 0.19122257053291536,
    "CIDEr": 0.0,
    "METEOR": 0.16356877323420072,
    "SPICE": 0.2222222222222222,
    "BLEU_4": 6.128220931761728e-13
  },
  "3": {
    "BLEU_1": 0.30769230766863914,
    "BLEU_2": 5.063696835012589e-09,
    "ROUGE_L": 0.19902120717781402,
    "CIDEr": 0.0,
    "METEOR": 0.16266173752310534,
    "SPICE": 0.1714285714285714,
    "BLEU_4": 6.948413844184121e-13
  },
  "4": {
    "BLEU_1": 0.30769230766863914,
    "BLEU_2": 0.16012815379225645,
    "ROUGE_L": 0.2417437252311757,
    "CIDEr": 0.0,
    "METEOR": 0.17331140485714439,
    "SPICE": 0.1714285714285714,
    "BLEU_4": 3.9073802491094676e-09
  },
  "5": {
    "BLEU_1": 0.36363636357024803,
    "BLEU_2": 6.030226890431458e-09,
    "ROUGE_L": 0.216696269982238,
    "CIDEr": 0.0,
    "METEOR": 0.1682600382409178,
    "SPICE": 0.12121212121212122,
    "BLEU_4": 8.430118944817767e-13
  },
  "6": {
    "BLEU_1": 0.46153846150295863,
    "BLEU_2": 6.20173672896349e-09,
    "ROUGE_L": 0.19902120717781402,
    "CIDEr": 0.0,
    "METEOR": 0.1644859813084112,
    "SPICE": 0.2222222222222222,
    "BLEU_4": 7.689683971953974e-13
  },
  "7": {
    "BLEU_1": 0.45454545446281003,
    "BLEU_2": 6.741998623375958e-09,
    "ROUGE_L": 0.216696269982238,
    "CIDEr": 0.0,
    "METEOR": 0.15787923416789398,
    "SPICE": 0.1764705882352941,
    "BLEU_4": 8.913765519636197e-13
  },
  "8": {
    "BLEU_1": 0.43343894981317116,
    "BLEU_2": 5.376148510055423e-09,
    "ROUGE_L": 0.19122257053291536,
    "CIDEr": 0.0,
    "METEOR": 0.20588235294117652,
    "SPICE": 0.2162162162162162,
    "BLEU_4": 6.368997982232133e-13
  },
  "9": {
    "BLEU_1": 0.45454545446281003,
    "BLEU_2": 6.741998623375958e-09,
    "ROUGE_L": 0.216696269982238,
    "CIDEr": 0.0,
    "METEOR": 0.15857988165680476,
    "SPICE": 0.06060606060606061,
    "BLEU_4": 8.913765519636197e-13
  }
}