{
  "0": {
    "BLEU_1": 0.3032653297552284,
    "BLEU_2": 6.0653065950034785e-09,
    "ROUGE_L": 0.1680440771349862,
    "CIDEr": 0.0,
    "METEOR": 0.16660340350929773,
    "SPICE": 0.13333333333333333,
    "BLEU_4": 1.0305224262915758e-12
  },
  "1": {
    "BLEU_1": 0.555555555432099,
    "BLEU_2": 0.26352313828697443,
    "ROUGE_L": 0.2510288065843621,
    "CIDEr": 0.0,
    "METEOR": 0.21982354217024125,
    "SPICE": 0.18181818181818182,
    "BLEU_4": 6.376715692219053e-09
  },
  "2": {
    "BLEU_1": 0.5333333332977779,
    "BLEU_2": 0.2760262237178828,
    "ROUGE_L": 0.25657202944269186,
    "CIDEr": 0.0,
    "METEOR": 0.22538814910508445,
    "SPICE": 0.16216216216216217,
    "BLEU_4": 4.701040821041278e-09
  },
  "3": {
    "BLEU_1": 0.571428571346939,
    "BLEU_2": 0.29649972662126894,
    "ROUGE_L": 0.2634989200863931,
    "CIDEr": 0.0,
    "METEOR": 0.22702535115669523,
    "SPICE": 0.16666666666666666,
    "BLEU_4": 5.080057942265637e-09
  },
  "4": {
    "BLEU_1": 0.4999999999285716,
    "BLEU_2": 0.2773500980722313,
    "ROUGE_L": 0.2634989200863931,
    "CIDEr": 0.0,
    "METEOR": 0.22702535115669523,
    "SPICE": 0.16666666666666666,
    "BLEU_4": 4.913270547397227e-09
  },
  "5": {
    "BLEU_1": 0.4999999999285716,
    "BLEU_2": 0.2773500980722313,
    "ROUGE_L": 0.2634989200863931,
    "CIDEr": 0.0,
    "METEOR": 0.22702535115669523,
    "SPICE": 0.21621621621621623,
    "BLEU_4": 4.913270547397227e-09
  },
  "6": {
    "BLEU_1": 0.4999999999285716,
    "BLEU_2": 0.19611613510962883,
    "ROUGE_L": 0.27790432801822323,
    "CIDEr": 0.0,
    "METEOR": 0.18475631672459653,
    "SPICE": 0.10810810810810811,
    "BLEU_4": 4.131551590477985e-09
  },
  "7": {
    "BLEU_1": 0.3333333332592594,
    "BLEU_2": 6.454972242199766e-09,
    "ROUGE_L": 0.1673525377229081,
    "CIDEr": 0.0,
    "METEOR": 0.19317559191710978,
    "SPICE": 0.11764705882352941,
    "BLEU_4": 9.980099401403394e-13
  },
  "8": {
    "BLEU_1": 0.3999999999200002,
    "BLEU_2": 6.666666665296299e-09,
    "ROUGE_L": 0.21254355400696867,
    "CIDEr": 0.0,
    "METEOR": 0.21147581272073837,
    "SPICE": 0.11428571428571428,
    "BLEU_4": 9.438595266157062e-13
  },
  "9": {
    "BLEU_1": 0.4545454545041323,
    "BLEU_2": 6.741998623988867e-09,
    "ROUGE_L": 0.240473061760841,
    "CIDEr": 0.0,
    "METEOR": 0.20988177393138607,
    "SPICE": 0.1111111111111111,
    "BLEU_4": 8.913765520446539e-13
  }
}