{
  "0": {
    "BLEU_1": 0.24999999993750016,
    "BLEU_2": 5.976143045124577e-09,
    "ROUGE_L": 0.116412213740458,
    "CIDEr": 0.0,
    "METEOR": 0.1421430350807611,
    "SPICE": 0.0,
    "BLEU_4": 1.0445522727757714e-12
  },
  "1": {
    "BLEU_1": 0.16666666665277785,
    "BLEU_2": 3.892494720468497e-09,
    "ROUGE_L": 0.09775641025641024,
    "CIDEr": 0.0,
    "METEOR": 0.16174897095396953,
    "SPICE": 0.05405405405405406,
    "BLEU_4": 6.40550520920913e-13
  },
  "2": {
    "BLEU_1": 0.16666666665277785,
    "BLEU_2": 3.892494720468497e-09,
    "ROUGE_L": 0.09775641025641024,
    "CIDEr": 0.0,
    "METEOR": 0.16174897095396953,
    "SPICE": 0.05405405405405406,
    "BLEU_4": 6.40550520920913e-13
  },
  "3": {
    "BLEU_1": 0.14285714284693884,
    "BLEU_2": 3.31496772041309e-09,
    "ROUGE_L": 0.09050445103857567,
    "CIDEr": 0.0,
    "METEOR": 0.15570855295153913,
    "SPICE": 0.05128205128205128,
    "BLEU_4": 5.371507285148366e-13
  },
  "4": {
    "BLEU_1": 0.1999999999800001,
    "BLEU_2": 4.714045207412725e-09,
    "ROUGE_L": 0.10627177700348434,
    "CIDEr": 0.0,
    "METEOR": 0.1791361070899672,
    "SPICE": 0.05714285714285714,
    "BLEU_4": 7.93688092513584e-13
  },
  "5": {
    "BLEU_1": 0.1999999999800001,
    "BLEU_2": 4.714045207412725e-09,
    "ROUGE_L": 0.10627177700348434,
    "CIDEr": 0.0,
    "METEOR": 0.1791361070899672,
    "SPICE": 0.11428571428571428,
    "BLEU_4": 7.93688092513584e-13
  },
  "6": {
    "BLEU_1": 0.1538461538343196,
    "BLEU_2": 3.5805743699102604e-09,
    "ROUGE_L": 0.09399075500770414,
    "CIDEr": 0.0,
    "METEOR": 0.17123304354188043,
    "SPICE": 0.052631578947368425,
    "BLEU_4": 5.84289629327371e-13
  },
  "7": {
    "BLEU_1": 0.16666666665277785,
    "BLEU_2": 3.892494720468497e-09,
    "ROUGE_L": 0.09775641025641024,
    "CIDEr": 0.0,
    "METEOR": 0.17453303795703443,
    "SPICE": 0.05405405405405406,
    "BLEU_4": 6.40550520920913e-13
  },
  "8": {
    "BLEU_1": 0.16666666665277785,
    "BLEU_2": 3.892494720468497e-09,
    "ROUGE_L": 0.09775641025641024,
    "CIDEr": 0.0,
    "METEOR": 0.17453303795703443,
    "SPICE": 0.10810810810810811,
    "BLEU_4": 6.40550520920913e-13
  },
  "9": {
    "BLEU_1": 0.16666666665277785,
    "BLEU_2": 3.892494720468497e-09,
    "ROUGE_L": 0.09775641025641024,
    "CIDEr": 0.0,
    "METEOR": 0.13392491527951797,
    "SPICE": 0.11428571428571428,
    "BLEU_4": 6.40550520920913e-13
  }
}