{
  "0": {
    "BLEU_1": 0.3333333332592594,
    "BLEU_2": 0.20412414518515326,
    "ROUGE_L": 0.17604617604617603,
    "CIDEr": 0.0,
    "METEOR": 0.15553645176010328,
    "SPICE": 0.25806451612903225,
    "BLEU_4": 5.612222322916596e-09
  },
  "1": {
    "BLEU_1": 0.15384615382248532,
    "BLEU_2": 3.580574369634832e-09,
    "ROUGE_L": 0.09399075500770414,
    "CIDEr": 0.0,
    "METEOR": 0.12933025404157042,
    "SPICE": 0.1111111111111111,
    "BLEU_4": 5.842896292824257e-13
  },
  "2": {
    "BLEU_1": 0.14285714284693884,
    "BLEU_2": 3.31496772041309e-09,
    "ROUGE_L": 0.09050445103857567,
    "CIDEr": 0.0,
    "METEOR": 0.12669683257918551,
    "SPICE": 0.1081081081081081,
    "BLEU_4": 5.371507285148366e-13
  },
  "3": {
    "BLEU_1": 0.09090909089256209,
    "BLEU_2": 3.0151134452157307e-09,
    "ROUGE_L": 0.1018363939899833,
    "CIDEr": 0.0,
    "METEOR": 0.11241217798594848,
    "SPICE": 0.125,
    "BLEU_4": 5.960994272089826e-13
  },
  "4": {
    "BLEU_1": 0.2142857142704082,
    "BLEU_2": 0.12838814774375065,
    "ROUGE_L": 0.18100890207715134,
    "CIDEr": 0.0,
    "METEOR": 0.13960476659717608,
    "SPICE": 0.2105263157894737,
    "BLEU_4": 3.342866121293135e-09
  },
  "5": {
    "BLEU_1": 0.2142857142704082,
    "BLEU_2": 0.12838814774375065,
    "ROUGE_L": 0.18100890207715134,
    "CIDEr": 0.0,
    "METEOR": 0.13960476659717608,
    "SPICE": 0.2105263157894737,
    "BLEU_4": 3.342866121293135e-09
  },
  "6": {
    "BLEU_1": 0.2142857142704082,
    "BLEU_2": 0.12838814774375065,
    "ROUGE_L": 0.18100890207715134,
    "CIDEr": 0.0,
    "METEOR": 0.13775976968179487,
    "SPICE": 0.2222222222222222,
    "BLEU_4": 3.342866121293135e-09
  },
  "7": {
    "BLEU_1": 0.3124999999804688,
    "BLEU_2": 0.14433756728808472,
    "ROUGE_L": 0.21082949308755758,
    "CIDEr": 0.0,
    "METEOR": 0.16199404178160054,
    "SPICE": 0.2162162162162162,
    "BLEU_4": 3.2709344706502825e-09
  },
  "8": {
    "BLEU_1": 0.24999999998437505,
    "BLEU_2": 4.0824829043749705e-09,
    "ROUGE_L": 0.14055299539170507,
    "CIDEr": 0.0,
    "METEOR": 0.15023911155520084,
    "SPICE": 0.22857142857142854,
    "BLEU_4": 5.501034141799257e-13
  },
  "9": {
    "BLEU_1": 0.24999999998437505,
    "BLEU_2": 4.0824829043749705e-09,
    "ROUGE_L": 0.14055299539170507,
    "CIDEr": 0.0,
    "METEOR": 0.15023911155520084,
    "SPICE": 0.22857142857142854,
    "BLEU_4": 5.501034141799257e-13
  }
}