{
  "0": {
    "BLEU_1": 0.5515605639774822,
    "BLEU_2": 0.26369638633624565,
    "ROUGE_L": 0.25994318181818177,
    "CIDEr": 0.0,
    "METEOR": 0.16329748155492133,
    "SPICE": 0.14814814814814814,
    "BLEU_4": 6.518210331440214e-09
  },
  "1": {
    "BLEU_1": 0.6640732480845413,
    "BLEU_2": 0.42650876604383736,
    "ROUGE_L": 0.39152759948652116,
    "CIDEr": 0.0,
    "METEOR": 0.2616206634436696,
    "SPICE": 0.25000000000000006,
    "BLEU_4": 3.8096949164909975e-05
  },
  "2": {
    "BLEU_1": 0.46153846150295863,
    "BLEU_2": 0.2773500980903911,
    "ROUGE_L": 0.2207478890229192,
    "CIDEr": 0.0,
    "METEOR": 0.2277622775457544,
    "SPICE": 0.12121212121212123,
    "BLEU_4": 5.142401604576806e-09
  },
  "3": {
    "BLEU_1": 0.35714285709183685,
    "BLEU_2": 0.16574838600881542,
    "ROUGE_L": 0.18100890207715134,
    "CIDEr": 0.0,
    "METEOR": 0.13116787057821294,
    "SPICE": 0.10810810810810811,
    "BLEU_4": 3.798229226250051e-09
  },
  "4": {
    "BLEU_1": 0.6666666665185187,
    "BLEU_2": 0.40824829037030635,
    "ROUGE_L": 0.2573839662447257,
    "CIDEr": 0.0,
    "METEOR": 0.2696294592633738,
    "SPICE": 0.21428571428571427,
    "BLEU_4": 7.936880924121685e-09
  },
  "5": {
    "BLEU_1": 0.09999999999000012,
    "BLEU_2": 3.333333332981484e-09,
    "ROUGE_L": 0.10627177700348434,
    "CIDEr": 0.0,
    "METEOR": 0.0625,
    "SPICE": 0.0,
    "BLEU_4": 6.674094718242315e-13
  },
  "6": {
    "BLEU_1": 0.4294155959203306,
    "BLEU_2": 0.3279715788126764,
    "ROUGE_L": 0.24448897795591182,
    "CIDEr": 0.0,
    "METEOR": 0.15326299316224345,
    "SPICE": 0.22222222222222218,
    "BLEU_4": 7.423667935030377e-09
  },
  "7": {
    "BLEU_1": 0.6999999999300001,
    "BLEU_2": 0.5577733509638411,
    "ROUGE_L": 0.4,
    "CIDEr": 0.0,
    "METEOR": 0.28772503499904256,
    "SPICE": 0.3333333333333333,
    "BLEU_4": 4.854917716491898e-05
  },
  "8": {
    "BLEU_1": 0.38461538458579886,
    "BLEU_2": 0.31008683644817453,
    "ROUGE_L": 0.2671532846715329,
    "CIDEr": 0.0,
    "METEOR": 0.17196613462592564,
    "SPICE": 0.1764705882352941,
    "BLEU_4": 3.057690288182074e-05
  },
  "9": {
    "BLEU_1": 0.555555555432099,
    "BLEU_2": 0.37267799616455977,
    "ROUGE_L": 0.2222222222222222,
    "CIDEr": 0.0,
    "METEOR": 0.24836389059009398,
    "SPICE": 0.3225806451612903,
    "BLEU_4": 7.583235671536399e-09
  }
}