{
  "0": {
    "BLEU_1": 0.12047768471668985,
    "BLEU_2": 3.011942117841947e-09,
    "ROUGE_L": 0.2341650671785029,
    "CIDEr": 0.0,
    "METEOR": 0.1414141414141414,
    "SPICE": 0.06666666666666667,
    "BLEU_4": 6.085675747704988e-13
  },
  "1": {
    "BLEU_1": 0.2420220522198906,
    "BLEU_2": 4.772739233951095e-09,
    "ROUGE_L": 0.2136602451838879,
    "CIDEr": 0.0,
    "METEOR": 0.1372549019607843,
    "SPICE": 0.12903225806451613,
    "BLEU_4": 7.763225772767659e-13
  },
  "2": {
    "BLEU_1": 0.355883290106163,
    "BLEU_2": 5.968344215460995e-09,
    "ROUGE_L": 0.22846441947565538,
    "CIDEr": 0.0,
    "METEOR": 0.1333333333333333,
    "SPICE": 0.12121212121212122,
    "BLEU_4": 8.587359927651722e-13
  },
  "3": {
    "BLEU_1": 0.34364463930957506,
    "BLEU_2": 5.808654580490813e-09,
    "ROUGE_L": 0.15721649484536082,
    "CIDEr": 0.0,
    "METEOR": 0.08108108108108109,
    "SPICE": 0.125,
    "BLEU_4": 8.537431783425115e-13
  },
  "4": {
    "BLEU_1": 0.2420220522198906,
    "BLEU_2": 4.772739233951095e-09,
    "ROUGE_L": 0.2136602451838879,
    "CIDEr": 0.0,
    "METEOR": 0.13930348258706468,
    "SPICE": 0.125,
    "BLEU_4": 7.763225772767659e-13
  },
  "5": {
    "BLEU_1": 0.2420220522198906,
    "BLEU_2": 4.772739233951095e-09,
    "ROUGE_L": 0.2136602451838879,
    "CIDEr": 0.0,
    "METEOR": 0.13930348258706468,
    "SPICE": 0.125,
    "BLEU_4": 7.763225772767659e-13
  },
  "6": {
    "BLEU_1": 0.2420220522198906,
    "BLEU_2": 4.772739233951095e-09,
    "ROUGE_L": 0.2136602451838879,
    "CIDEr": 0.0,
    "METEOR": 0.13930348258706468,
    "SPICE": 0.125,
    "BLEU_4": 7.763225772767659e-13
  },
  "7": {
    "BLEU_1": 0.2420220522198906,
    "BLEU_2": 4.772739233951095e-09,
    "ROUGE_L": 0.2136602451838879,
    "CIDEr": 0.0,
    "METEOR": 0.13930348258706468,
    "SPICE": 0.125,
    "BLEU_4": 7.763225772767659e-13
  },
  "8": {
    "BLEU_1": 0.2420220522198906,
    "BLEU_2": 4.772739233951095e-09,
    "ROUGE_L": 0.2136602451838879,
    "CIDEr": 0.0,
    "METEOR": 0.13930348258706468,
    "SPICE": 0.125,
    "BLEU_4": 7.763225772767659e-13
  },
  "9": {
    "BLEU_1": 0.2420220522198906,
    "BLEU_2": 4.772739233951095e-09,
    "ROUGE_L": 0.2136602451838879,
    "CIDEr": 0.0,
    "METEOR": 0.13930348258706468,
    "SPICE": 0.125,
    "BLEU_4": 7.763225772767659e-13
  }
}