{
  "0": {
    "BLEU_1": 0.35826565516747294,
    "BLEU_2": 7.1653131032300366e-09,
    "ROUGE_L": 0.2785388127853881,
    "CIDEr": 0.0,
    "METEOR": 0.1985490013826504,
    "SPICE": 0.24,
    "BLEU_4": 1.2174183989911234e-12
  },
  "1": {
    "BLEU_1": 0.3333333332592594,
    "BLEU_2": 0.20412414518515326,
    "ROUGE_L": 0.2378167641325536,
    "CIDEr": 0.0,
    "METEOR": 0.19145796561898432,
    "SPICE": 0.29629629629629634,
    "BLEU_4": 5.612222322916596e-09
  },
  "2": {
    "BLEU_1": 0.3333333332592594,
    "BLEU_2": 0.20412414518515326,
    "ROUGE_L": 0.2378167641325536,
    "CIDEr": 0.0,
    "METEOR": 0.1887613745539282,
    "SPICE": 0.29629629629629634,
    "BLEU_4": 5.612222322916596e-09
  },
  "3": {
    "BLEU_1": 0.27272727267768604,
    "BLEU_2": 0.1651445647381773,
    "ROUGE_L": 0.216696269982238,
    "CIDEr": 0.0,
    "METEOR": 0.1835898300456014,
    "SPICE": 0.2758620689655173,
    "BLEU_4": 4.4116293584506874e-09
  },
  "4": {
    "BLEU_1": 0.4999999999583334,
    "BLEU_2": 0.21320071633703627,
    "ROUGE_L": 0.3112244897959184,
    "CIDEr": 0.0,
    "METEOR": 0.1471264367816092,
    "SPICE": 0.28571428571428575,
    "BLEU_4": 4.740604259421436e-09
  },
  "5": {
    "BLEU_1": 0.5833333332847223,
    "BLEU_2": 0.32566947361109216,
    "ROUGE_L": 0.39102564102564097,
    "CIDEr": 0.0,
    "METEOR": 0.1937859759073212,
    "SPICE": 0.20689655172413793,
    "BLEU_4": 5.859059369587253e-09
  },
  "6": {
    "BLEU_1": 0.42857142854081637,
    "BLEU_2": 5.7416925172062516e-09,
    "ROUGE_L": 0.19122257053291536,
    "CIDEr": 0.0,
    "METEOR": 0.21535692473825152,
    "SPICE": 0.25,
    "BLEU_4": 7.069301148368759e-13
  },
  "7": {
    "BLEU_1": 0.29411764704152255,
    "BLEU_2": 0.13558153612843557,
    "ROUGE_L": 0.2443257676902537,
    "CIDEr": 0.0,
    "METEOR": 0.15442700107539475,
    "SPICE": 0.23529411764705882,
    "BLEU_4": 3.058760346259648e-09
  },
  "8": {
    "BLEU_1": 0.357142857117347,
    "BLEU_2": 0.16574838602065456,
    "ROUGE_L": 0.271513353115727,
    "CIDEr": 0.0,
    "METEOR": 0.16140112370460616,
    "SPICE": 0.25,
    "BLEU_4": 3.7982292265213524e-09
  },
  "9": {
    "BLEU_1": 0.357142857117347,
    "BLEU_2": 0.16574838602065456,
    "ROUGE_L": 0.271513353115727,
    "CIDEr": 0.0,
    "METEOR": 0.16140112370460616,
    "SPICE": 0.24242424242424246,
    "BLEU_4": 3.7982292265213524e-09
  }
}