{
  "0": {
    "BLEU_1": 0.04931939276859362,
    "BLEU_2": 1.7437038534901727e-09,
    "ROUGE_L": 0.06167846309403437,
    "CIDEr": 0.0,
    "METEOR": 0.02102189781021898,
    "SPICE": 0.0,
    "BLEU_4": 4.1897915216354195e-13
  },
  "1": {
    "BLEU_1": 0.24561922587427085,
    "BLEU_2": 4.726944205862331e-09,
    "ROUGE_L": 0.1358574610244989,
    "CIDEr": 0.0,
    "METEOR": 0.07988587731811697,
    "SPICE": 0.03278688524590165,
    "BLEU_4": 7.191405585995894e-13
  },
  "2": {
    "BLEU_1": 0.32749230116569444,
    "BLEU_2": 5.458205019397917e-09,
    "ROUGE_L": 0.20378619153674832,
    "CIDEr": 0.0,
    "METEOR": 0.09208633093525181,
    "SPICE": 0.06666666666666668,
    "BLEU_4": 7.727668210259047e-13
  },
  "3": {
    "BLEU_1": 0.22744899733537546,
    "BLEU_2": 4.439349861793635e-09,
    "ROUGE_L": 0.09651898734177215,
    "CIDEr": 0.0,
    "METEOR": 0.08127721335268506,
    "SPICE": 0.06779661016949154,
    "BLEU_4": 7.011416271544406e-13
  },
  "4": {
    "BLEU_1": 0.20980356832160754,
    "BLEU_2": 4.137382163182817e-09,
    "ROUGE_L": 0.10049423393739704,
    "CIDEr": 0.0,
    "METEOR": 0.08235294117647059,
    "SPICE": 0.034482758620689655,
    "BLEU_4": 6.729768853183309e-13
  },
  "5": {
    "BLEU_1": 0.12262648034960534,
    "BLEU_2": 3.00372305804955e-09,
    "ROUGE_L": 0.07644110275689221,
    "CIDEr": 0.0,
    "METEOR": 0.07090103397341212,
    "SPICE": 0.034482758620689655,
    "BLEU_4": 5.6479051111321e-13
  },
  "6": {
    "BLEU_1": 0.09863878553718718,
    "BLEU_2": 2.4659696383680297e-09,
    "ROUGE_L": 0.07891332470892627,
    "CIDEr": 0.0,
    "METEOR": 0.0718562874251497,
    "SPICE": 0.03508771929824562,
    "BLEU_4": 4.982529887906917e-13
  },
  "7": {
    "BLEU_1": 0.033833820792236326,
    "BLEU_2": 1.235436456914866e-09,
    "ROUGE_L": 0.06327800829875518,
    "CIDEr": 0.0,
    "METEOR": 0.052747252747252754,
    "SPICE": 0.03571428571428572,
    "BLEU_4": 3.438414467014718e-13
  },
  "8": {
    "BLEU_1": 0.12262648034960534,
    "BLEU_2": 3.00372305804955e-09,
    "ROUGE_L": 0.10481099656357389,
    "CIDEr": 0.0,
    "METEOR": 0.06852248394004283,
    "SPICE": 0.03508771929824562,
    "BLEU_4": 5.6479051111321e-13
  },
  "9": {
    "BLEU_1": 0.3032653297805006,
    "BLEU_2": 5.126119675466966e-09,
    "ROUGE_L": 0.15721649484536082,
    "CIDEr": 0.0,
    "METEOR": 0.10156310236557747,
    "SPICE": 0.0,
    "BLEU_4": 7.534257104899945e-13
  }
}