{
  "0": {
    "BLEU_1": 0.07357588820485822,
    "BLEU_2": 2.6013004740088944e-09,
    "ROUGE_L": 0.12577319587628866,
    "CIDEr": 0.0,
    "METEOR": 0.09908256880733946,
    "SPICE": 0.1176470588235294,
    "BLEU_4": 6.250434469943716e-13
  },
  "1": {
    "BLEU_1": 0.08556951981024227,
    "BLEU_2": 2.964215117762818e-09,
    "ROUGE_L": 0.11960784313725491,
    "CIDEr": 0.0,
    "METEOR": 0.19881272120066404,
    "SPICE": 0.0,
    "BLEU_4": 6.628186502891177e-13
  },
  "2": {
    "BLEU_1": 0.09306272247784726,
    "BLEU_2": 3.1786971178843654e-09,
    "ROUGE_L": 0.11401869158878504,
    "CIDEr": 0.0,
    "METEOR": 0.10261282660332544,
    "SPICE": 0.0,
    "BLEU_4": 6.804621480855548e-13
  },
  "3": {
    "BLEU_1": 0.17113903962048443,
    "BLEU_2": 4.192033221331537e-09,
    "ROUGE_L": 0.23921568627450981,
    "CIDEr": 0.0,
    "METEOR": 0.2221321987749605,
    "SPICE": 0.0588235294117647,
    "BLEU_4": 7.882286548803192e-13
  },
  "4": {
    "BLEU_1": 0.18181818178512404,
    "BLEU_2": 4.2640143263175525e-09,
    "ROUGE_L": 0.09606299212598425,
    "CIDEr": 0.0,
    "METEOR": 0.06694560669456066,
    "SPICE": 0.05,
    "BLEU_4": 7.088856800859686e-13
  },
  "5": {
    "BLEU_1": 0.43343894981317116,
    "BLEU_2": 0.29446378114551447,
    "ROUGE_L": 0.42957746478873243,
    "CIDEr": 0.0,
    "METEOR": 0.256849837517597,
    "SPICE": 0.16666666666666663,
    "BLEU_4": 2.650644134935406e-05
  },
  "6": {
    "BLEU_1": 0.2631578947229917,
    "BLEU_2": 0.1709963920049426,
    "ROUGE_L": 0.3652694610778443,
    "CIDEr": 0.0,
    "METEOR": 0.2181081055905446,
    "SPICE": 0.1276595744680851,
    "BLEU_4": 1.8107197869842796e-05
  },
  "7": {
    "BLEU_1": 0.12383969994662036,
    "BLEU_2": 2.873672255006085e-09,
    "ROUGE_L": 0.17183098591549298,
    "CIDEr": 0.0,
    "METEOR": 0.12125798647688127,
    "SPICE": 0.04761904761904762,
    "BLEU_4": 4.656440953509614e-13
  },
  "8": {
    "BLEU_1": 0.5833333332847223,
    "BLEU_2": 0.39886201757398354,
    "ROUGE_L": 0.3696969696969697,
    "CIDEr": 0.0,
    "METEOR": 0.272137236143131,
    "SPICE": 0.10526315789473684,
    "BLEU_4": 3.6462858615851904e-05
  },
  "9": {
    "BLEU_1": 0.43343894981317116,
    "BLEU_2": 0.29446378114551447,
    "ROUGE_L": 0.34366197183098596,
    "CIDEr": 0.0,
    "METEOR": 0.26555327075257135,
    "SPICE": 0.14634146341463414,
    "BLEU_4": 2.650644134935406e-05
  }
}