{
  "0": {
    "BLEU_1": 6.295853423721496e-17,
    "BLEU_2": 7.710814191093513e-17,
    "ROUGE_L": 0.0,
    "CIDEr": 0.0,
    "METEOR": 0.06857142857142856,
    "SPICE": 0.13333333333333333,
    "BLEU_4": 2.1460411762736674e-14
  },
  "1": {
    "BLEU_1": 0.24999999993750016,
    "BLEU_2": 0.18898223645568088,
    "ROUGE_L": 0.25,
    "CIDEr": 0.0,
    "METEOR": 0.11849741461829269,
    "SPICE": 0.125,
    "BLEU_4": 5.873949093033183e-09
  },
  "2": {
    "BLEU_1": 0.1194218850558244,
    "BLEU_2": 4.136895448977816e-09,
    "ROUGE_L": 0.11960784313725491,
    "CIDEr": 0.0,
    "METEOR": 0.0688532846158307,
    "SPICE": 0.0625,
    "BLEU_4": 9.250379439222845e-13
  },
  "3": {
    "BLEU_1": 0.7777777776913581,
    "BLEU_2": 0.5400617248035645,
    "ROUGE_L": 0.5213675213675214,
    "CIDEr": 0.0,
    "METEOR": 0.1840730874845185,
    "SPICE": 0.1818181818181818,
    "BLEU_4": 5.1334504797014593e-05
  },
  "4": {
    "BLEU_1": 0.6363636363057852,
    "BLEU_2": 0.43693144871094447,
    "ROUGE_L": 0.4803149606299213,
    "CIDEr": 0.0,
    "METEOR": 0.1779030398593391,
    "SPICE": 0.17142857142857143,
    "BLEU_4": 4.035278637033206e-05
  },
  "5": {
    "BLEU_1": 0.5454545454049587,
    "BLEU_2": 0.4045199174393321,
    "ROUGE_L": 0.370257966616085,
    "CIDEr": 0.0,
    "METEOR": 0.1663818447340646,
    "SPICE": 0.17142857142857143,
    "BLEU_4": 3.882726777107734e-05
  },
  "6": {
    "BLEU_1": 0.4999999999000002,
    "BLEU_2": 0.33333333326481496,
    "ROUGE_L": 0.3577712609970674,
    "CIDEr": 0.0,
    "METEOR": 0.1201461462142613,
    "SPICE": 0.11428571428571428,
    "BLEU_4": 3.753119267926982e-05
  },
  "7": {
    "BLEU_1": 0.4999999999000002,
    "BLEU_2": 0.33333333326481496,
    "ROUGE_L": 0.3577712609970674,
    "CIDEr": 0.0,
    "METEOR": 0.1201461462142613,
    "SPICE": 0.11428571428571428,
    "BLEU_4": 3.753119267926982e-05
  },
  "8": {
    "BLEU_1": 0.4999999999000002,
    "BLEU_2": 0.33333333326481496,
    "ROUGE_L": 0.3577712609970674,
    "CIDEr": 0.0,
    "METEOR": 0.1201461462142613,
    "SPICE": 0.11428571428571428,
    "BLEU_4": 3.753119267926982e-05
  },
  "9": {
    "BLEU_1": 0.5555555554938273,
    "BLEU_2": 0.37267799620596836,
    "ROUGE_L": 0.3713850837138508,
    "CIDEr": 0.0,
    "METEOR": 0.1710512313527566,
    "SPICE": 0.11764705882352941,
    "BLEU_4": 4.264366797236323e-05
  }
}