{
  "0": {
    "BLEU_1": 1.2499999996875005e-16,
    "BLEU_2": 1.3363062092161143e-16,
    "ROUGE_L": 0.0,
    "CIDEr": 0.0,
    "METEOR": 0.10212765957446811,
    "SPICE": 0.07142857142857144,
    "BLEU_4": 1.561969968017105e-16
  },
  "1": {
    "BLEU_1": 0.22222222217283966,
    "BLEU_2": 5.270462765739487e-09,
    "ROUGE_L": 0.1189083820662768,
    "CIDEr": 0.0,
    "METEOR": 0.10740740740740742,
    "SPICE": 0.13793103448275865,
    "BLEU_4": 9.018037815333522e-13
  },
  "2": {
    "BLEU_1": 0.24767939985785795,
    "BLEU_2": 5.982025825945981e-09,
    "ROUGE_L": 0.13174946004319654,
    "CIDEr": 0.0,
    "METEOR": 0.10881612090680103,
    "SPICE": 0.14814814814814817,
    "BLEU_4": 1.0768261868323776e-12
  },
  "3": {
    "BLEU_1": 0.24999999997916675,
    "BLEU_2": 4.767312945812628e-09,
    "ROUGE_L": 0.2074829931972789,
    "CIDEr": 0.0,
    "METEOR": 0.13015995381531126,
    "SPICE": 0.12903225806451613,
    "BLEU_4": 7.08885680157797e-13
  },
  "4": {
    "BLEU_1": 0.16666666665277785,
    "BLEU_2": 3.892494720468497e-09,
    "ROUGE_L": 0.10374149659863945,
    "CIDEr": 0.0,
    "METEOR": 0.11290041255091886,
    "SPICE": 0.12903225806451613,
    "BLEU_4": 6.40550520920913e-13
  },
  "5": {
    "BLEU_1": 0.22222222217283966,
    "BLEU_2": 5.270462765739487e-09,
    "ROUGE_L": 0.1189083820662768,
    "CIDEr": 0.0,
    "METEOR": 0.10719602977667496,
    "SPICE": 0.13793103448275865,
    "BLEU_4": 9.018037815333522e-13
  },
  "6": {
    "BLEU_1": 0.1194218850558244,
    "BLEU_2": 4.136895448977816e-09,
    "ROUGE_L": 0.13926940639269406,
    "CIDEr": 0.0,
    "METEOR": 0.10964467005076145,
    "SPICE": 0.15384615384615383,
    "BLEU_4": 9.250379439222845e-13
  },
  "7": {
    "BLEU_1": 0.1999999999800001,
    "BLEU_2": 4.714045207412725e-09,
    "ROUGE_L": 0.11338289962825278,
    "CIDEr": 0.0,
    "METEOR": 0.1018867924528302,
    "SPICE": 0.13333333333333333,
    "BLEU_4": 7.93688092513584e-13
  },
  "8": {
    "BLEU_1": 0.2999999999700001,
    "BLEU_2": 5.773502691286834e-09,
    "ROUGE_L": 0.11338289962825278,
    "CIDEr": 0.0,
    "METEOR": 0.12248803827751197,
    "SPICE": 0.13793103448275865,
    "BLEU_4": 8.783602618662196e-13
  },
  "9": {
    "BLEU_1": 0.1999999999800001,
    "BLEU_2": 4.714045207412725e-09,
    "ROUGE_L": 0.11338289962825278,
    "CIDEr": 0.0,
    "METEOR": 0.10334928229665073,
    "SPICE": 0.13333333333333333,
    "BLEU_4": 7.93688092513584e-13
  }
}