{
  "0": {
    "BLEU_1": 0.2499999999687501,
    "BLEU_2": 0.18898223647930362,
    "ROUGE_L": 0.21785714285714283,
    "CIDEr": 0.0,
    "METEOR": 0.11151820903244954,
    "SPICE": 0.24,
    "BLEU_4": 5.873949093767425e-09
  },
  "1": {
    "BLEU_1": 0.22222222217283966,
    "BLEU_2": 0.16666666662847238,
    "ROUGE_L": 0.20854700854700853,
    "CIDEr": 0.0,
    "METEOR": 0.11087110143651656,
    "SPICE": 0.23076923076923078,
    "BLEU_4": 5.071215335691334e-09
  },
  "2": {
    "BLEU_1": 0.23076923075147937,
    "BLEU_2": 0.1386750490451956,
    "ROUGE_L": 0.1781021897810219,
    "CIDEr": 0.0,
    "METEOR": 0.1261229071194353,
    "SPICE": 0.20000000000000004,
    "BLEU_4": 3.636227046180843e-09
  },
  "3": {
    "BLEU_1": 0.23529411763321803,
    "BLEU_2": 0.12126781251081024,
    "ROUGE_L": 0.1628838451268358,
    "CIDEr": 0.0,
    "METEOR": 0.13709011643416882,
    "SPICE": 0.1818181818181818,
    "BLEU_4": 2.8927969314267103e-09
  },
  "4": {
    "BLEU_1": 0.09999999998000014,
    "BLEU_2": 3.333333332648151e-09,
    "ROUGE_L": 0.11338289962825278,
    "CIDEr": 0.0,
    "METEOR": 0.12832080200501253,
    "SPICE": 0.0,
    "BLEU_4": 6.674094717574907e-13
  },
  "5": {
    "BLEU_1": 0.33333333331111115,
    "BLEU_2": 0.1543033499514377,
    "ROUGE_L": 0.2760180995475113,
    "CIDEr": 0.0,
    "METEOR": 0.1686357374599193,
    "SPICE": 0.20000000000000004,
    "BLEU_4": 3.514847831107641e-09
  },
  "6": {
    "BLEU_1": 0.42857142854081637,
    "BLEU_2": 0.18156825978717286,
    "ROUGE_L": 0.3620178041543027,
    "CIDEr": 0.0,
    "METEOR": 0.184929212840259,
    "SPICE": 0.21428571428571427,
    "BLEU_4": 3.975360175943345e-09
  },
  "7": {
    "BLEU_1": 0.4666666666355556,
    "BLEU_2": 0.18257418582244916,
    "ROUGE_L": 0.3490701001430615,
    "CIDEr": 0.0,
    "METEOR": 0.2125131920664321,
    "SPICE": 0.27586206896551724,
    "BLEU_4": 3.8233014075451295e-09
  },
  "8": {
    "BLEU_1": 0.388888888867284,
    "BLEU_2": 0.15124753548685535,
    "ROUGE_L": 0.3152454780361757,
    "CIDEr": 0.0,
    "METEOR": 0.20353376141573779,
    "SPICE": 0.25,
    "BLEU_4": 3.124577800966808e-09
  },
  "9": {
    "BLEU_1": 0.388888888867284,
    "BLEU_2": 0.15124753548685535,
    "ROUGE_L": 0.3152454780361757,
    "CIDEr": 0.0,
    "METEOR": 0.20353376141573779,
    "SPICE": 0.25,
    "BLEU_4": 3.124577800966808e-09
  }
}