{
  "0": {
    "BLEU_1": 0.6249999998437503,
    "BLEU_2": 0.5175491693727575,
    "ROUGE_L": 0.3860759493670886,
    "CIDEr": 0.0,
    "METEOR": 0.30203365872319493,
    "SPICE": 0.25,
    "BLEU_4": 9.720654206312743e-09
  },
  "1": {
    "BLEU_1": 0.5384615384201185,
    "BLEU_2": 0.42365927283421473,
    "ROUGE_L": 0.4029062087186261,
    "CIDEr": 0.0,
    "METEOR": 0.3223281905931375,
    "SPICE": 0.38461538461538464,
    "BLEU_4": 0.31455601880469186
  },
  "2": {
    "BLEU_1": 0.3999999999733334,
    "BLEU_2": 0.33806170186806433,
    "ROUGE_L": 0.3164721141374838,
    "CIDEr": 0.0,
    "METEOR": 0.3447396732707422,
    "SPICE": 0.4444444444444444,
    "BLEU_4": 0.2574866101436915
  },
  "3": {
    "BLEU_1": 0.4166666666319445,
    "BLEU_2": 0.2752409412576109,
    "ROUGE_L": 0.2629310344827586,
    "CIDEr": 0.0,
    "METEOR": 0.27746532577269906,
    "SPICE": 0.4827586206896552,
    "BLEU_4": 3.0289764015178343e-05
  },
  "4": {
    "BLEU_1": 0.4166666666319445,
    "BLEU_2": 0.2752409412576109,
    "ROUGE_L": 0.2629310344827586,
    "CIDEr": 0.0,
    "METEOR": 0.27746532577269906,
    "SPICE": 0.4827586206896552,
    "BLEU_4": 3.0289764015178343e-05
  },
  "5": {
    "BLEU_1": 0.4166666666319445,
    "BLEU_2": 0.2752409412576109,
    "ROUGE_L": 0.2629310344827586,
    "CIDEr": 0.0,
    "METEOR": 0.27746532577269906,
    "SPICE": 0.4827586206896552,
    "BLEU_4": 3.0289764015178343e-05
  },
  "6": {
    "BLEU_1": 0.4166666666319445,
    "BLEU_2": 0.2752409412576109,
    "ROUGE_L": 0.2629310344827586,
    "CIDEr": 0.0,
    "METEOR": 0.27746532577269906,
    "SPICE": 0.4827586206896552,
    "BLEU_4": 3.0289764015178343e-05
  },
  "7": {
    "BLEU_1": 0.4166666666319445,
    "BLEU_2": 0.2752409412576109,
    "ROUGE_L": 0.2629310344827586,
    "CIDEr": 0.0,
    "METEOR": 0.27746532577269906,
    "SPICE": 0.4827586206896552,
    "BLEU_4": 3.0289764015178343e-05
  },
  "8": {
    "BLEU_1": 0.4166666666319445,
    "BLEU_2": 0.2752409412576109,
    "ROUGE_L": 0.2629310344827586,
    "CIDEr": 0.0,
    "METEOR": 0.27746532577269906,
    "SPICE": 0.4827586206896552,
    "BLEU_4": 3.0289764015178343e-05
  },
  "9": {
    "BLEU_1": 0.4166666666319445,
    "BLEU_2": 0.2752409412576109,
    "ROUGE_L": 0.2629310344827586,
    "CIDEr": 0.0,
    "METEOR": 0.27746532577269906,
    "SPICE": 0.4827586206896552,
    "BLEU_4": 3.0289764015178343e-05
  }
}