{
  "0": {
    "BLEU_1": 0.4999999999000002,
    "BLEU_2": 7.453559923467182e-09,
    "ROUGE_L": 0.28328173374613,
    "CIDEr": 0.0,
    "METEOR": 0.14814814814814817,
    "SPICE": 0.21428571428571427,
    "BLEU_4": 9.98009940168062e-13
  },
  "1": {
    "BLEU_1": 0.36363636357024803,
    "BLEU_2": 6.030226890431458e-09,
    "ROUGE_L": 0.2036727879799666,
    "CIDEr": 0.0,
    "METEOR": 0.19309125632094723,
    "SPICE": 0.21428571428571427,
    "BLEU_4": 8.430118944817767e-13
  },
  "2": {
    "BLEU_1": 0.33333333330555565,
    "BLEU_2": 5.504818825152218e-09,
    "ROUGE_L": 0.19551282051282048,
    "CIDEr": 0.0,
    "METEOR": 0.18967530299683363,
    "SPICE": 0.13333333333333333,
    "BLEU_4": 7.61747236997849e-13
  },
  "3": {
    "BLEU_1": 0.30769230766863914,
    "BLEU_2": 5.063696835012589e-09,
    "ROUGE_L": 0.18798151001540828,
    "CIDEr": 0.0,
    "METEOR": 0.18424293827428334,
    "SPICE": 0.1290322580645161,
    "BLEU_4": 6.948413844184121e-13
  },
  "4": {
    "BLEU_1": 0.27272727267768604,
    "BLEU_2": 5.222329677697684e-09,
    "ROUGE_L": 0.1018363939899833,
    "CIDEr": 0.0,
    "METEOR": 0.19309125632094723,
    "SPICE": 0.13793103448275862,
    "BLEU_4": 7.845109652856079e-13
  },
  "5": {
    "BLEU_1": 0.16666666665277785,
    "BLEU_2": 3.892494720468497e-09,
    "ROUGE_L": 0.08764367816091953,
    "CIDEr": 0.0,
    "METEOR": 0.17576328500519814,
    "SPICE": 0.06896551724137931,
    "BLEU_4": 6.40550520920913e-13
  },
  "6": {
    "BLEU_1": 0.16666666665277785,
    "BLEU_2": 3.892494720468497e-09,
    "ROUGE_L": 0.08764367816091953,
    "CIDEr": 0.0,
    "METEOR": 0.17576328500519814,
    "SPICE": 0.06896551724137931,
    "BLEU_4": 6.40550520920913e-13
  },
  "7": {
    "BLEU_1": 0.16666666665277785,
    "BLEU_2": 3.892494720468497e-09,
    "ROUGE_L": 0.08764367816091953,
    "CIDEr": 0.0,
    "METEOR": 0.17576328500519814,
    "SPICE": 0.06896551724137931,
    "BLEU_4": 6.40550520920913e-13
  },
  "8": {
    "BLEU_1": 0.24999999997916675,
    "BLEU_2": 4.767312945812628e-09,
    "ROUGE_L": 0.17528735632183906,
    "CIDEr": 0.0,
    "METEOR": 0.17576328500519814,
    "SPICE": 0.12500000000000003,
    "BLEU_4": 7.08885680157797e-13
  },
  "9": {
    "BLEU_1": 0.24999999997916675,
    "BLEU_2": 4.767312945812628e-09,
    "ROUGE_L": 0.17528735632183906,
    "CIDEr": 0.0,
    "METEOR": 0.17576328500519814,
    "SPICE": 0.12500000000000003,
    "BLEU_4": 7.08885680157797e-13
  }
}