{
  "0": {
    "BLEU_1": 0.545454545355372,
    "BLEU_2": 0.23354968320493186,
    "ROUGE_L": 0.34512022630834516,
    "CIDEr": 0.0,
    "METEOR": 0.20306147868680155,
    "SPICE": 0.25,
    "BLEU_4": 5.246341021824447e-09
  },
  "1": {
    "BLEU_1": 0.5624999999648439,
    "BLEU_2": 0.19364916729786447,
    "ROUGE_L": 0.2932692307692307,
    "CIDEr": 0.0,
    "METEOR": 0.20348039094623652,
    "SPICE": 0.2222222222222222,
    "BLEU_4": 3.788697835944244e-09
  },
  "2": {
    "BLEU_1": 0.34999999998250003,
    "BLEU_2": 0.19194297397762897,
    "ROUGE_L": 0.26180257510729615,
    "CIDEr": 0.0,
    "METEOR": 0.1656127691938796,
    "SPICE": 0.15789473684210528,
    "BLEU_4": 3.3124989792866956e-09
  },
  "3": {
    "BLEU_1": 0.2857142857006803,
    "BLEU_2": 0.16903085093745304,
    "ROUGE_L": 0.26492942453854507,
    "CIDEr": 0.0,
    "METEOR": 0.1932624481392416,
    "SPICE": 0.09999999999999999,
    "BLEU_4": 3.0232667129300413e-09
  },
  "4": {
    "BLEU_1": 0.23809523808390026,
    "BLEU_2": 0.1543033499545605,
    "ROUGE_L": 0.2549634273772205,
    "CIDEr": 0.0,
    "METEOR": 0.16953899548803164,
    "SPICE": 0.09999999999999999,
    "BLEU_4": 2.8885583897803966e-09
  },
  "5": {
    "BLEU_1": 0.33333333331746035,
    "BLEU_2": 0.18257418582614404,
    "ROUGE_L": 0.29640427599611274,
    "CIDEr": 0.0,
    "METEOR": 0.17450595824647006,
    "SPICE": 0.15,
    "BLEU_4": 3.1420504921100437e-09
  },
  "6": {
    "BLEU_1": 0.44444444441975317,
    "BLEU_2": 0.16169041668164175,
    "ROUGE_L": 0.27664399092970515,
    "CIDEr": 0.0,
    "METEOR": 0.20418465870171107,
    "SPICE": 0.2105263157894737,
    "BLEU_4": 3.2306456811007425e-09
  },
  "7": {
    "BLEU_1": 0.33333333331111115,
    "BLEU_2": 4.879500364405748e-09,
    "ROUGE_L": 0.17453505007153075,
    "CIDEr": 0.0,
    "METEOR": 0.1293238958321642,
    "SPICE": 0.0588235294117647,
    "BLEU_4": 6.250381527478681e-13
  },
  "8": {
    "BLEU_1": 0.4166666666319445,
    "BLEU_2": 0.19462473602342495,
    "ROUGE_L": 0.3333333333333333,
    "CIDEr": 0.0,
    "METEOR": 0.19636714422459928,
    "SPICE": 0.18181818181818182,
    "BLEU_4": 4.5293761703575315e-09
  },
  "9": {
    "BLEU_1": 0.3999999999733334,
    "BLEU_2": 0.16903085093403225,
    "ROUGE_L": 0.30235439900867406,
    "CIDEr": 0.0,
    "METEOR": 0.18889439877842001,
    "SPICE": 0.16666666666666669,
    "BLEU_4": 3.6787632496533857e-09
  }
}