{
  "0": {
    "BLEU_1": 0.2420220522198906,
    "BLEU_2": 0.150927266573327,
    "ROUGE_L": 0.32049036777583184,
    "CIDEr": 0.0,
    "METEOR": 0.12409312586415651,
    "SPICE": 0.10256410256410256,
    "BLEU_4": 4.365582668810038e-09
  },
  "1": {
    "BLEU_1": 0.24999999997916675,
    "BLEU_2": 4.767312945812628e-09,
    "ROUGE_L": 0.20469798657718125,
    "CIDEr": 0.0,
    "METEOR": 0.07072980251977397,
    "SPICE": 0.047619047619047616,
    "BLEU_4": 7.08885680157797e-13
  },
  "2": {
    "BLEU_1": 0.3619349671419969,
    "BLEU_2": 0.19075647683675923,
    "ROUGE_L": 0.28328173374613,
    "CIDEr": 0.0,
    "METEOR": 0.13063577950223995,
    "SPICE": 0.04878048780487805,
    "BLEU_4": 4.802616575495893e-09
  },
  "3": {
    "BLEU_1": 0.1809674835709985,
    "BLEU_2": 0.13488519832652704,
    "ROUGE_L": 0.16991643454039,
    "CIDEr": 0.0,
    "METEOR": 0.14685933103772086,
    "SPICE": 0.09523809523809523,
    "BLEU_4": 4.038503062172567e-09
  },
  "4": {
    "BLEU_1": 0.08897082252654083,
    "BLEU_2": 2.9841721077304986e-09,
    "ROUGE_L": 0.09822866344605477,
    "CIDEr": 0.0,
    "METEOR": 0.09534450651769089,
    "SPICE": 0.04878048780487805,
    "BLEU_4": 6.072180437332154e-13
  },
  "5": {
    "BLEU_1": 0.2669124675796223,
    "BLEU_2": 5.168737709119127e-09,
    "ROUGE_L": 0.19645732689210954,
    "CIDEr": 0.0,
    "METEOR": 0.12403100775193798,
    "SPICE": 0.0975609756097561,
    "BLEU_4": 7.991438875531345e-13
  },
  "6": {
    "BLEU_1": 0.4524187089274962,
    "BLEU_2": 6.744259916326348e-09,
    "ROUGE_L": 0.21682464454976302,
    "CIDEr": 0.0,
    "METEOR": 0.19976516091879362,
    "SPICE": 0.14634146341463417,
    "BLEU_4": 9.030367374358917e-13
  },
  "7": {
    "BLEU_1": 0.4524187089274962,
    "BLEU_2": 6.744259916326348e-09,
    "ROUGE_L": 0.21682464454976302,
    "CIDEr": 0.0,
    "METEOR": 0.18472998137802607,
    "SPICE": 0.15,
    "BLEU_4": 9.030367374358917e-13
  },
  "8": {
    "BLEU_1": 0.33333333330555565,
    "BLEU_2": 5.504818825152218e-09,
    "ROUGE_L": 0.17528735632183906,
    "CIDEr": 0.0,
    "METEOR": 0.16029143897996356,
    "SPICE": 0.13636363636363635,
    "BLEU_4": 7.61747236997849e-13
  },
  "9": {
    "BLEU_1": 0.38461538455621314,
    "BLEU_2": 5.661385169833853e-09,
    "ROUGE_L": 0.23076923076923084,
    "CIDEr": 0.0,
    "METEOR": 0.15942028985507248,
    "SPICE": 0.13636363636363635,
    "BLEU_4": 7.347053124767714e-13
  }
}