{
  "0": {
    "BLEU_1": 0.35826565516747294,
    "BLEU_2": 7.1653131032300366e-09,
    "ROUGE_L": 0.33516483516483514,
    "CIDEr": 0.0,
    "METEOR": 0.17385363136764262,
    "SPICE": 0.0625,
    "BLEU_4": 1.2174183989911234e-12
  },
  "1": {
    "BLEU_1": 0.4999999998750002,
    "BLEU_2": 8.451542545096823e-09,
    "ROUGE_L": 0.24729729729729732,
    "CIDEr": 0.0,
    "METEOR": 0.2247491638795987,
    "SPICE": 0.1212121212121212,
    "BLEU_4": 1.2421889947772103e-12
  },
  "2": {
    "BLEU_1": 0.36363636357024803,
    "BLEU_2": 6.030226890431458e-09,
    "ROUGE_L": 0.22453987730061348,
    "CIDEr": 0.0,
    "METEOR": 0.21712439418416804,
    "SPICE": 0.16666666666666663,
    "BLEU_4": 8.430118944817767e-13
  },
  "3": {
    "BLEU_1": 0.2660179370202898,
    "BLEU_2": 4.3648896351938675e-09,
    "ROUGE_L": 0.16353887399463804,
    "CIDEr": 0.0,
    "METEOR": 0.17169517884914465,
    "SPICE": 0.05714285714285715,
    "BLEU_4": 5.947475114689908e-13
  },
  "4": {
    "BLEU_1": 0.2660179370202898,
    "BLEU_2": 4.3648896351938675e-09,
    "ROUGE_L": 0.20561797752808988,
    "CIDEr": 0.0,
    "METEOR": 0.18413685847589426,
    "SPICE": 0.05714285714285715,
    "BLEU_4": 5.947475114689908e-13
  },
  "5": {
    "BLEU_1": 0.23529411763321803,
    "BLEU_2": 3.834824944004226e-09,
    "ROUGE_L": 0.18963730569948187,
    "CIDEr": 0.0,
    "METEOR": 0.18950524737631183,
    "SPICE": 0.05405405405405405,
    "BLEU_4": 5.144201220579896e-13
  },
  "6": {
    "BLEU_1": 0.23529411763321803,
    "BLEU_2": 3.834824944004226e-09,
    "ROUGE_L": 0.18963730569948187,
    "CIDEr": 0.0,
    "METEOR": 0.18950524737631183,
    "SPICE": 0.05405405405405405,
    "BLEU_4": 5.144201220579896e-13
  },
  "7": {
    "BLEU_1": 0.23529411763321803,
    "BLEU_2": 3.834824944004226e-09,
    "ROUGE_L": 0.18963730569948187,
    "CIDEr": 0.0,
    "METEOR": 0.18950524737631183,
    "SPICE": 0.05405405405405405,
    "BLEU_4": 5.144201220579896e-13
  },
  "8": {
    "BLEU_1": 0.36842105261218844,
    "BLEU_2": 0.1430658458720865,
    "ROUGE_L": 0.3297297297297298,
    "CIDEr": 0.0,
    "METEOR": 0.24925267303820065,
    "SPICE": 0.10526315789473684,
    "BLEU_4": 2.945274365311036e-09
  },
  "9": {
    "BLEU_1": 0.29999999998500004,
    "BLEU_2": 0.1777046633186087,
    "ROUGE_L": 0.32105263157894737,
    "CIDEr": 0.0,
    "METEOR": 0.2560075119343409,
    "SPICE": 0.10526315789473684,
    "BLEU_4": 1.792334463951305e-05
  }
}