{
  "0": {
    "BLEU_1": 0.4412484511819858,
    "BLEU_2": 0.3335524766312959,
    "ROUGE_L": 0.34923664122137404,
    "CIDEr": 0.0,
    "METEOR": 0.37648840356439445,
    "SPICE": 0.06896551724137931,
    "BLEU_4": 7.3309180713030275e-09
  },
  "1": {
    "BLEU_1": 0.47058823526643606,
    "BLEU_2": 0.2425356250216204,
    "ROUGE_L": 0.3257676902536716,
    "CIDEr": 0.0,
    "METEOR": 0.284293438179055,
    "SPICE": 0.1111111111111111,
    "BLEU_4": 4.091032653614925e-09
  },
  "2": {
    "BLEU_1": 0.4545454545041323,
    "BLEU_2": 6.741998623988867e-09,
    "ROUGE_L": 0.3055091819699499,
    "CIDEr": 0.0,
    "METEOR": 0.23881252162231517,
    "SPICE": 0.0625,
    "BLEU_4": 8.913765520446539e-13
  },
  "3": {
    "BLEU_1": 0.28571428569387763,
    "BLEU_2": 0.14824986332122378,
    "ROUGE_L": 0.271513353115727,
    "CIDEr": 0.0,
    "METEOR": 0.20533560164753292,
    "SPICE": 0.06060606060606061,
    "BLEU_4": 3.592143420053192e-09
  },
  "4": {
    "BLEU_1": 0.33333333327777787,
    "BLEU_2": 0.17407765592602564,
    "ROUGE_L": 0.2932692307692307,
    "CIDEr": 0.0,
    "METEOR": 0.21357965837748324,
    "SPICE": 0.06451612903225806,
    "BLEU_4": 4.283619506777607e-09
  },
  "5": {
    "BLEU_1": 0.36363636360330587,
    "BLEU_2": 0.19069251783091612,
    "ROUGE_L": 0.3055091819699499,
    "CIDEr": 0.0,
    "METEOR": 0.21911452386345207,
    "SPICE": 0.0625,
    "BLEU_4": 4.740604259372055e-09
  },
  "6": {
    "BLEU_1": 0.30769230766863914,
    "BLEU_2": 0.16012815379225645,
    "ROUGE_L": 0.2819722650231125,
    "CIDEr": 0.0,
    "METEOR": 0.20928899559757844,
    "SPICE": 0.06451612903225806,
    "BLEU_4": 3.9073802491094676e-09
  },
  "7": {
    "BLEU_1": 0.27272727270247943,
    "BLEU_2": 0.16514456475319042,
    "ROUGE_L": 0.3055091819699499,
    "CIDEr": 0.0,
    "METEOR": 0.21451017108284826,
    "SPICE": 0.06896551724137931,
    "BLEU_4": 4.411629358851744e-09
  },
  "8": {
    "BLEU_1": 0.27272727270247943,
    "BLEU_2": 0.16514456475319042,
    "ROUGE_L": 0.3055091819699499,
    "CIDEr": 0.0,
    "METEOR": 0.21451017108284826,
    "SPICE": 0.06451612903225806,
    "BLEU_4": 4.411629358851744e-09
  },
  "9": {
    "BLEU_1": 0.2499999999583334,
    "BLEU_2": 0.15075567226318493,
    "ROUGE_L": 0.2932692307692307,
    "CIDEr": 0.0,
    "METEOR": 0.20787583589471892,
    "SPICE": 0.0625,
    "BLEU_4": 3.98635712755178e-09
  }
}