{
  "0": {
    "BLEU_1": 0.19999999996000015,
    "BLEU_2": 4.714045206941321e-09,
    "ROUGE_L": 0.18885448916408668,
    "CIDEr": 0.0,
    "METEOR": 0.12923014803209915,
    "SPICE": 0.14285714285714288,
    "BLEU_4": 7.936880924342154e-13
  },
  "1": {
    "BLEU_1": 0.19999999996000015,
    "BLEU_2": 4.714045206941321e-09,
    "ROUGE_L": 0.18885448916408668,
    "CIDEr": 0.0,
    "METEOR": 0.13119313762246015,
    "SPICE": 0.13793103448275865,
    "BLEU_4": 7.936880924342154e-13
  },
  "2": {
    "BLEU_1": 0.19999999996000015,
    "BLEU_2": 4.714045206941321e-09,
    "ROUGE_L": 0.18885448916408668,
    "CIDEr": 0.0,
    "METEOR": 0.18000452883185228,
    "SPICE": 0.08333333333333334,
    "BLEU_4": 7.936880924342154e-13
  },
  "3": {
    "BLEU_1": 0.26666666664888894,
    "BLEU_2": 4.3643578044184995e-09,
    "ROUGE_L": 0.1582360570687419,
    "CIDEr": 0.0,
    "METEOR": 0.1212121212121212,
    "SPICE": 0.06451612903225806,
    "BLEU_4": 5.911245882681416e-13
  },
  "4": {
    "BLEU_1": 0.24999999998437505,
    "BLEU_2": 4.0824829043749705e-09,
    "ROUGE_L": 0.16850828729281767,
    "CIDEr": 0.0,
    "METEOR": 0.1638290066557181,
    "SPICE": 0.06896551724137932,
    "BLEU_4": 5.501034141799257e-13
  },
  "5": {
    "BLEU_1": 0.16666666665277785,
    "BLEU_2": 3.892494720468497e-09,
    "ROUGE_L": 0.17528735632183906,
    "CIDEr": 0.0,
    "METEOR": 0.17091776175139817,
    "SPICE": 0.06896551724137932,
    "BLEU_4": 6.40550520920913e-13
  },
  "6": {
    "BLEU_1": 0.16666666665277785,
    "BLEU_2": 3.892494720468497e-09,
    "ROUGE_L": 0.17528735632183906,
    "CIDEr": 0.0,
    "METEOR": 0.17091776175139817,
    "SPICE": 0.07407407407407408,
    "BLEU_4": 6.40550520920913e-13
  },
  "7": {
    "BLEU_1": 0.16666666665277785,
    "BLEU_2": 3.892494720468497e-09,
    "ROUGE_L": 0.17528735632183906,
    "CIDEr": 0.0,
    "METEOR": 0.17091776175139817,
    "SPICE": 0.07407407407407408,
    "BLEU_4": 6.40550520920913e-13
  },
  "8": {
    "BLEU_1": 0.16666666665277785,
    "BLEU_2": 3.892494720468497e-09,
    "ROUGE_L": 0.17528735632183906,
    "CIDEr": 0.0,
    "METEOR": 0.17091776175139817,
    "SPICE": 0.07407407407407408,
    "BLEU_4": 6.40550520920913e-13
  },
  "9": {
    "BLEU_1": 0.16666666665277785,
    "BLEU_2": 3.892494720468497e-09,
    "ROUGE_L": 0.17528735632183906,
    "CIDEr": 0.0,
    "METEOR": 0.17091776175139817,
    "SPICE": 0.07692307692307691,
    "BLEU_4": 6.40550520920913e-13
  }
}