{
  "0": {
    "BLEU_1": 0.3715190997867868,
    "BLEU_2": 0.23168286400471463,
    "ROUGE_L": 0.3952483801295896,
    "CIDEr": 0.0,
    "METEOR": 0.16722710009501301,
    "SPICE": 0.07407407407407407,
    "BLEU_4": 6.701444468735928e-09
  },
  "1": {
    "BLEU_1": 0.24767939985785795,
    "BLEU_2": 5.982025825945981e-09,
    "ROUGE_L": 0.2634989200863931,
    "CIDEr": 0.0,
    "METEOR": 0.15058823529411766,
    "SPICE": 0.07142857142857142,
    "BLEU_4": 1.0768261868323776e-12
  },
  "2": {
    "BLEU_1": 0.7499999998125003,
    "BLEU_2": 0.32732683526923456,
    "ROUGE_L": 0.465648854961832,
    "CIDEr": 0.0,
    "METEOR": 0.3273547171966361,
    "SPICE": 0.25,
    "BLEU_4": 7.730551754746834e-09
  },
  "3": {
    "BLEU_1": 0.5454545454049587,
    "BLEU_2": 0.23354968322616365,
    "ROUGE_L": 0.4073455759599332,
    "CIDEr": 0.0,
    "METEOR": 0.3086685071241009,
    "SPICE": 0.22857142857142854,
    "BLEU_4": 5.246341022301387e-09
  },
  "4": {
    "BLEU_1": 0.36363636360330587,
    "BLEU_2": 6.03022689097966e-09,
    "ROUGE_L": 0.3055091819699499,
    "CIDEr": 0.0,
    "METEOR": 0.2582836129839499,
    "SPICE": 0.17647058823529413,
    "BLEU_4": 8.430118945584141e-13
  },
  "5": {
    "BLEU_1": 0.33333333330555565,
    "BLEU_2": 5.504818825152218e-09,
    "ROUGE_L": 0.2932692307692307,
    "CIDEr": 0.0,
    "METEOR": 0.2534306849738131,
    "SPICE": 0.17142857142857143,
    "BLEU_4": 7.61747236997849e-13
  },
  "6": {
    "BLEU_1": 0.36363636360330587,
    "BLEU_2": 6.03022689097966e-09,
    "ROUGE_L": 0.3055091819699499,
    "CIDEr": 0.0,
    "METEOR": 0.24771760352479097,
    "SPICE": 0.17142857142857143,
    "BLEU_4": 8.430118945584141e-13
  },
  "7": {
    "BLEU_1": 0.3999999999200002,
    "BLEU_2": 6.666666665296299e-09,
    "ROUGE_L": 0.31881533101045295,
    "CIDEr": 0.0,
    "METEOR": 0.2633260262526171,
    "SPICE": 0.18181818181818182,
    "BLEU_4": 9.438595266157062e-13
  },
  "8": {
    "BLEU_1": 0.4444444443456792,
    "BLEU_2": 7.453559923291195e-09,
    "ROUGE_L": 0.3333333333333333,
    "CIDEr": 0.0,
    "METEOR": 0.2575824638421499,
    "SPICE": 0.18181818181818182,
    "BLEU_4": 1.0724314733358218e-12
  },
  "9": {
    "BLEU_1": 0.3999999999200002,
    "BLEU_2": 6.666666665296299e-09,
    "ROUGE_L": 0.31881533101045295,
    "CIDEr": 0.0,
    "METEOR": 0.2633260262526171,
    "SPICE": 0.18181818181818182,
    "BLEU_4": 9.438595266157062e-13
  }
}