{
  "0": {
    "BLEU_1": 1.111111110864198e-16,
    "BLEU_2": 1.178511301707504e-16,
    "ROUGE_L": 0.0,
    "CIDEr": 0.0,
    "METEOR": 0.1549776364094465,
    "SPICE": 0.07407407407407407,
    "BLEU_4": 1.3485111856165858e-16
  },
  "1": {
    "BLEU_1": 0.09090909090082655,
    "BLEU_2": 3.015113445489832e-09,
    "ROUGE_L": 0.1018363939899833,
    "CIDEr": 0.0,
    "METEOR": 0.16464238187438424,
    "SPICE": 0.07692307692307691,
    "BLEU_4": 5.960994272631735e-13
  },
  "2": {
    "BLEU_1": 0.19999999996000015,
    "BLEU_2": 4.714045206941321e-09,
    "ROUGE_L": 0.21254355400696867,
    "CIDEr": 0.0,
    "METEOR": 0.21998400317814928,
    "SPICE": 0.21428571428571427,
    "BLEU_4": 7.936880924342154e-13
  },
  "3": {
    "BLEU_1": 0.19999999996000015,
    "BLEU_2": 4.714045206941321e-09,
    "ROUGE_L": 0.21254355400696867,
    "CIDEr": 0.0,
    "METEOR": 0.21751552113682554,
    "SPICE": 0.21428571428571427,
    "BLEU_4": 7.936880924342154e-13
  },
  "4": {
    "BLEU_1": 0.18181818180165296,
    "BLEU_2": 4.26401432670519e-09,
    "ROUGE_L": 0.2036727879799666,
    "CIDEr": 0.0,
    "METEOR": 0.21391495104493494,
    "SPICE": 0.20689655172413793,
    "BLEU_4": 7.088856801504128e-13
  },
  "5": {
    "BLEU_1": 0.18181818180165296,
    "BLEU_2": 4.26401432670519e-09,
    "ROUGE_L": 0.2036727879799666,
    "CIDEr": 0.0,
    "METEOR": 0.21041302806479426,
    "SPICE": 0.13793103448275862,
    "BLEU_4": 7.088856801504128e-13
  },
  "6": {
    "BLEU_1": 0.15334073574599716,
    "BLEU_2": 3.581268026242731e-09,
    "ROUGE_L": 0.19551282051282048,
    "CIDEr": 0.0,
    "METEOR": 0.17488372093023258,
    "SPICE": 0.13333333333333333,
    "BLEU_4": 5.893349290120783e-13
  },
  "7": {
    "BLEU_1": 0.29999999994000015,
    "BLEU_2": 5.773502690709485e-09,
    "ROUGE_L": 0.21254355400696867,
    "CIDEr": 0.0,
    "METEOR": 0.19138755980861247,
    "SPICE": 0.16,
    "BLEU_4": 8.783602617783837e-13
  },
  "8": {
    "BLEU_1": 0.33093633838648934,
    "BLEU_2": 6.459215935396237e-09,
    "ROUGE_L": 0.2739520958083832,
    "CIDEr": 0.0,
    "METEOR": 0.19704433497536944,
    "SPICE": 0.15384615384615383,
    "BLEU_4": 1.0201550479411466e-12
  },
  "9": {
    "BLEU_1": 0.22062422559099293,
    "BLEU_2": 5.273927726724911e-09,
    "ROUGE_L": 0.116412213740458,
    "CIDEr": 0.0,
    "METEOR": 0.09056603773584905,
    "SPICE": 0.08,
    "BLEU_4": 9.218141453123176e-13
  }
}