{
  "0": {
    "BLEU_1": 0.3715190997867868,
    "BLEU_2": 0.23168286400471463,
    "ROUGE_L": 0.24448897795591182,
    "CIDEr": 0.0,
    "METEOR": 0.1377065692316614,
    "SPICE": 0.14285714285714288,
    "BLEU_4": 6.701444468735928e-09
  },
  "1": {
    "BLEU_1": 0.4999999999500001,
    "BLEU_2": 0.33333333329814824,
    "ROUGE_L": 0.40450928381962864,
    "CIDEr": 0.0,
    "METEOR": 0.16548701329750035,
    "SPICE": 0.09523809523809523,
    "BLEU_4": 6.674094718242314e-09
  },
  "2": {
    "BLEU_1": 0.4166666665972223,
    "BLEU_2": 0.27524094123467413,
    "ROUGE_L": 0.3793532338308458,
    "CIDEr": 0.0,
    "METEOR": 0.16047225531878825,
    "SPICE": 0.044444444444444446,
    "BLEU_4": 5.386366367864088e-09
  },
  "3": {
    "BLEU_1": 0.4999999999500001,
    "BLEU_2": 0.33333333329814824,
    "ROUGE_L": 0.40450928381962864,
    "CIDEr": 0.0,
    "METEOR": 0.16548701329750035,
    "SPICE": 0.09523809523809523,
    "BLEU_4": 6.674094718242314e-09
  },
  "4": {
    "BLEU_1": 0.4444444443456792,
    "BLEU_2": 0.3333333332569446,
    "ROUGE_L": 0.3333333333333333,
    "CIDEr": 0.0,
    "METEOR": 0.16635343745089043,
    "SPICE": 0.04878048780487805,
    "BLEU_4": 7.171781505449111e-09
  },
  "5": {
    "BLEU_1": 0.4953587997157158,
    "BLEU_2": 0.3783365326387855,
    "ROUGE_L": 0.3667334669338677,
    "CIDEr": 0.0,
    "METEOR": 0.1717486840709193,
    "SPICE": 0.0975609756097561,
    "BLEU_4": 8.563683463576291e-09
  },
  "6": {
    "BLEU_1": 0.4150457800528383,
    "BLEU_2": 0.27531022464987626,
    "ROUGE_L": 0.39152759948652116,
    "CIDEr": 0.0,
    "METEOR": 0.15918367346938778,
    "SPICE": 0.09302325581395349,
    "BLEU_4": 5.4429881395996835e-09
  },
  "7": {
    "BLEU_1": 0.35826565516747294,
    "BLEU_2": 0.2265870955445612,
    "ROUGE_L": 0.31443298969072164,
    "CIDEr": 0.0,
    "METEOR": 0.13845497449922478,
    "SPICE": 0.0975609756097561,
    "BLEU_4": 6.846046757997816e-09
  },
  "8": {
    "BLEU_1": 0.4150457800528383,
    "BLEU_2": 0.27531022464987626,
    "ROUGE_L": 0.39152759948652116,
    "CIDEr": 0.0,
    "METEOR": 0.15918367346938778,
    "SPICE": 0.09302325581395349,
    "BLEU_4": 5.4429881395996835e-09
  },
  "9": {
    "BLEU_1": 0.35826565516747294,
    "BLEU_2": 0.2265870955445612,
    "ROUGE_L": 0.31443298969072164,
    "CIDEr": 0.0,
    "METEOR": 0.13845497449922478,
    "SPICE": 0.0975609756097561,
    "BLEU_4": 6.846046757997816e-09
  }
}