{
  "0": {
    "BLEU_1": 0.24999999993750016,
    "BLEU_2": 5.976143045124577e-09,
    "ROUGE_L": 0.21785714285714283,
    "CIDEr": 0.0,
    "METEOR": 0.08488063660477453,
    "SPICE": 0.0625,
    "BLEU_4": 1.0445522727757714e-12
  },
  "1": {
    "BLEU_1": 0.24999999993750016,
    "BLEU_2": 5.976143045124577e-09,
    "ROUGE_L": 0.21785714285714283,
    "CIDEr": 0.0,
    "METEOR": 0.08488063660477453,
    "SPICE": 0.0625,
    "BLEU_4": 1.0445522727757714e-12
  },
  "2": {
    "BLEU_1": 0.24999999993750016,
    "BLEU_2": 5.976143045124577e-09,
    "ROUGE_L": 0.21785714285714283,
    "CIDEr": 0.0,
    "METEOR": 0.08488063660477453,
    "SPICE": 0.0625,
    "BLEU_4": 1.0445522727757714e-12
  },
  "3": {
    "BLEU_1": 0.3333333332592594,
    "BLEU_2": 6.454972242199766e-09,
    "ROUGE_L": 0.20854700854700853,
    "CIDEr": 0.0,
    "METEOR": 0.13008130081300814,
    "SPICE": 0.12121212121212123,
    "BLEU_4": 9.980099401403394e-13
  },
  "4": {
    "BLEU_1": 0.24999999993750016,
    "BLEU_2": 5.976143045124577e-09,
    "ROUGE_L": 0.21785714285714283,
    "CIDEr": 0.0,
    "METEOR": 0.08488063660477453,
    "SPICE": 0.0625,
    "BLEU_4": 1.0445522727757714e-12
  },
  "5": {
    "BLEU_1": 0.24999999993750016,
    "BLEU_2": 5.976143045124577e-09,
    "ROUGE_L": 0.116412213740458,
    "CIDEr": 0.0,
    "METEOR": 0.08888888888888889,
    "SPICE": 0.0625,
    "BLEU_4": 1.0445522727757714e-12
  },
  "6": {
    "BLEU_1": 0.23076923075147937,
    "BLEU_2": 4.385290096183762e-09,
    "ROUGE_L": 0.09951060358890701,
    "CIDEr": 0.0,
    "METEOR": 0.11629072681704261,
    "SPICE": 0.0,
    "BLEU_4": 6.466227686450042e-13
  },
  "7": {
    "BLEU_1": 0.27272727270247943,
    "BLEU_2": 5.222329678172441e-09,
    "ROUGE_L": 0.108348134991119,
    "CIDEr": 0.0,
    "METEOR": 0.08398950131233596,
    "SPICE": 0.0,
    "BLEU_4": 7.84510965356927e-13
  },
  "8": {
    "BLEU_1": 0.27272727270247943,
    "BLEU_2": 5.222329678172441e-09,
    "ROUGE_L": 0.108348134991119,
    "CIDEr": 0.0,
    "METEOR": 0.08398950131233596,
    "SPICE": 0.0,
    "BLEU_4": 7.84510965356927e-13
  },
  "9": {
    "BLEU_1": 0.24999999997916675,
    "BLEU_2": 4.767312945812628e-09,
    "ROUGE_L": 0.10374149659863945,
    "CIDEr": 0.0,
    "METEOR": 0.10178117048346057,
    "SPICE": 0.05714285714285715,
    "BLEU_4": 7.08885680157797e-13
  }
}