{
  "0": {
    "BLEU_1": 0.7999999999200001,
    "BLEU_2": 0.2981423969685016,
    "ROUGE_L": 0.3577712609970674,
    "CIDEr": 0.0,
    "METEOR": 0.2593750754451838,
    "SPICE": 0.16216216216216217,
    "BLEU_4": 6.311969077470084e-09
  },
  "1": {
    "BLEU_1": 0.46153846150295863,
    "BLEU_2": 6.20173672896349e-09,
    "ROUGE_L": 0.16920943134535368,
    "CIDEr": 0.0,
    "METEOR": 0.17102465215899756,
    "SPICE": 0.09523809523809525,
    "BLEU_4": 7.689683971953974e-13
  },
  "2": {
    "BLEU_1": 0.33333333331111115,
    "BLEU_2": 4.879500364405748e-09,
    "ROUGE_L": 0.17453505007153075,
    "CIDEr": 0.0,
    "METEOR": 0.1328345531374192,
    "SPICE": 0.09090909090909091,
    "BLEU_4": 6.250381527478681e-13
  },
  "3": {
    "BLEU_1": 0.4999999999285716,
    "BLEU_2": 6.201736728557425e-09,
    "ROUGE_L": 0.2340153452685422,
    "CIDEr": 0.0,
    "METEOR": 0.15458937198067632,
    "SPICE": 0.1395348837209302,
    "BLEU_4": 7.347053124860562e-13
  },
  "4": {
    "BLEU_1": 0.4285714285102042,
    "BLEU_2": 0.18156825977420374,
    "ROUGE_L": 0.18100890207715134,
    "CIDEr": 0.0,
    "METEOR": 0.16116654524583843,
    "SPICE": 0.18181818181818182,
    "BLEU_4": 3.9753601756593914e-09
  },
  "5": {
    "BLEU_1": 0.33333333331111115,
    "BLEU_2": 4.879500364405748e-09,
    "ROUGE_L": 0.17453505007153075,
    "CIDEr": 0.0,
    "METEOR": 0.11981405255849592,
    "SPICE": 0.045454545454545456,
    "BLEU_4": 6.250381527478681e-13
  },
  "6": {
    "BLEU_1": 0.3749999999765626,
    "BLEU_2": 4.999999999677084e-09,
    "ROUGE_L": 0.2527624309392265,
    "CIDEr": 0.0,
    "METEOR": 0.16783216783216784,
    "SPICE": 0.08888888888888889,
    "BLEU_4": 6.087895024383412e-13
  },
  "7": {
    "BLEU_1": 0.45454545452479345,
    "BLEU_2": 4.652421051775846e-09,
    "ROUGE_L": 0.18635437881873726,
    "CIDEr": 0.0,
    "METEOR": 0.15357766143106458,
    "SPICE": 0.12000000000000001,
    "BLEU_4": 4.885326643972908e-13
  },
  "8": {
    "BLEU_1": 0.47368421050138515,
    "BLEU_2": 5.1298917601482774e-09,
    "ROUGE_L": 0.20176405733186328,
    "CIDEr": 0.0,
    "METEOR": 0.16000000000000003,
    "SPICE": 0.125,
    "BLEU_4": 5.577144216220391e-13
  },
  "9": {
    "BLEU_1": 0.3749999999765626,
    "BLEU_2": 4.999999999677084e-09,
    "ROUGE_L": 0.15326633165829145,
    "CIDEr": 0.0,
    "METEOR": 0.17657527312187407,
    "SPICE": 0.09302325581395349,
    "BLEU_4": 6.087895024383412e-13
  }
}