{
  "0": {
    "BLEU_1": 0.3715190997867868,
    "BLEU_2": 7.326455450859374e-09,
    "ROUGE_L": 0.13174946004319654,
    "CIDEr": 0.0,
    "METEOR": 0.18136020151133503,
    "SPICE": 0.15384615384615383,
    "BLEU_4": 1.1917040716272326e-12
  },
  "1": {
    "BLEU_1": 0.3749999999062502,
    "BLEU_2": 7.319250545218839e-09,
    "ROUGE_L": 0.125,
    "CIDEr": 0.0,
    "METEOR": 0.15053763440860216,
    "SPICE": 0.14814814814814814,
    "BLEU_4": 1.1559871144628244e-12
  },
  "2": {
    "BLEU_1": 0.3749999999062502,
    "BLEU_2": 7.319250545218839e-09,
    "ROUGE_L": 0.125,
    "CIDEr": 0.0,
    "METEOR": 0.1820899471536847,
    "SPICE": 0.2222222222222222,
    "BLEU_4": 1.1559871144628244e-12
  },
  "3": {
    "BLEU_1": 0.3749999999062502,
    "BLEU_2": 7.319250545218839e-09,
    "ROUGE_L": 0.125,
    "CIDEr": 0.0,
    "METEOR": 0.15053763440860216,
    "SPICE": 0.14814814814814814,
    "BLEU_4": 1.1559871144628244e-12
  },
  "4": {
    "BLEU_1": 0.3749999999062502,
    "BLEU_2": 7.319250545218839e-09,
    "ROUGE_L": 0.125,
    "CIDEr": 0.0,
    "METEOR": 0.1820899471536847,
    "SPICE": 0.2222222222222222,
    "BLEU_4": 1.1559871144628244e-12
  },
  "5": {
    "BLEU_1": 0.3715190997867868,
    "BLEU_2": 7.326455450859374e-09,
    "ROUGE_L": 0.13174946004319654,
    "CIDEr": 0.0,
    "METEOR": 0.15426997245179067,
    "SPICE": 0.23076923076923078,
    "BLEU_4": 1.1917040716272326e-12
  },
  "6": {
    "BLEU_1": 0.3999999999600001,
    "BLEU_2": 6.666666665962964e-09,
    "ROUGE_L": 0.22676579925650556,
    "CIDEr": 0.0,
    "METEOR": 0.20512820512820518,
    "SPICE": 0.13793103448275862,
    "BLEU_4": 9.43859526710092e-13
  },
  "7": {
    "BLEU_1": 0.3749999999062502,
    "BLEU_2": 7.319250545218839e-09,
    "ROUGE_L": 0.125,
    "CIDEr": 0.0,
    "METEOR": 0.1820899471536847,
    "SPICE": 0.2222222222222222,
    "BLEU_4": 1.1559871144628244e-12
  },
  "8": {
    "BLEU_1": 0.3749999999062502,
    "BLEU_2": 7.319250545218839e-09,
    "ROUGE_L": 0.125,
    "CIDEr": 0.0,
    "METEOR": 0.15053763440860216,
    "SPICE": 0.14814814814814814,
    "BLEU_4": 1.1559871144628244e-12
  },
  "9": {
    "BLEU_1": 0.3749999999062502,
    "BLEU_2": 7.319250545218839e-09,
    "ROUGE_L": 0.125,
    "CIDEr": 0.0,
    "METEOR": 0.1820899471536847,
    "SPICE": 0.2222222222222222,
    "BLEU_4": 1.1559871144628244e-12
  }
}