{
  "0": {
    "BLEU_1": 0.3749999999062502,
    "BLEU_2": 7.319250545218839e-09,
    "ROUGE_L": 0.125,
    "CIDEr": 0.0,
    "METEOR": 0.08727272727272727,
    "SPICE": 0.0,
    "BLEU_4": 1.1559871144628244e-12
  },
  "1": {
    "BLEU_1": 0.4444444443456792,
    "BLEU_2": 7.453559923291195e-09,
    "ROUGE_L": 0.2222222222222222,
    "CIDEr": 0.0,
    "METEOR": 0.14085778781038374,
    "SPICE": 0.05,
    "BLEU_4": 1.0724314733358218e-12
  },
  "2": {
    "BLEU_1": 0.33333333331111115,
    "BLEU_2": 4.879500364405748e-09,
    "ROUGE_L": 0.22676579925650556,
    "CIDEr": 0.0,
    "METEOR": 0.12164045007395548,
    "SPICE": 0.13043478260869562,
    "BLEU_4": 6.250381527478681e-13
  },
  "3": {
    "BLEU_1": 0.33333333327777787,
    "BLEU_2": 5.5048188246934825e-09,
    "ROUGE_L": 0.10374149659863945,
    "CIDEr": 0.0,
    "METEOR": 0.12579830822308422,
    "SPICE": 0.09302325581395349,
    "BLEU_4": 7.617472369343701e-13
  },
  "4": {
    "BLEU_1": 0.28571428569387763,
    "BLEU_2": 4.688072309037213e-09,
    "ROUGE_L": 0.09561128526645768,
    "CIDEr": 0.0,
    "METEOR": 0.20604646873088261,
    "SPICE": 0.13043478260869562,
    "BLEU_4": 6.387834681787387e-13
  },
  "5": {
    "BLEU_1": 0.4166666665972223,
    "BLEU_2": 6.1545745479175624e-09,
    "ROUGE_L": 0.10374149659863945,
    "CIDEr": 0.0,
    "METEOR": 0.2142825477755252,
    "SPICE": 0.18181818181818182,
    "BLEU_4": 8.054496383396537e-13
  },
  "6": {
    "BLEU_1": 0.2999999999700001,
    "BLEU_2": 5.773502691286834e-09,
    "ROUGE_L": 0.11338289962825278,
    "CIDEr": 0.0,
    "METEOR": 0.22014907285871685,
    "SPICE": 0.15,
    "BLEU_4": 8.783602618662196e-13
  },
  "7": {
    "BLEU_1": 0.3999999999733334,
    "BLEU_2": 5.345224837879414e-09,
    "ROUGE_L": 0.15117719950433703,
    "CIDEr": 0.0,
    "METEOR": 0.1436921638872377,
    "SPICE": 0.14634146341463417,
    "BLEU_4": 6.541868941266492e-13
  },
  "8": {
    "BLEU_1": 0.30769230766863914,
    "BLEU_2": 5.063696835012589e-09,
    "ROUGE_L": 0.18798151001540828,
    "CIDEr": 0.0,
    "METEOR": 0.22232527049626144,
    "SPICE": 0.13333333333333333,
    "BLEU_4": 6.948413844184121e-13
  },
  "9": {
    "BLEU_1": 0.26666666664888894,
    "BLEU_2": 4.3643578044184995e-09,
    "ROUGE_L": 0.18401206636500753,
    "CIDEr": 0.0,
    "METEOR": 0.10570728580634116,
    "SPICE": 0.0851063829787234,
    "BLEU_4": 5.911245882681416e-13
  }
}