{
  "0": {
    "BLEU_1": 0.555555555432099,
    "BLEU_2": 0.37267799616455977,
    "ROUGE_L": 0.29151732377538825,
    "CIDEr": 0.0,
    "METEOR": 0.1788466753281718,
    "SPICE": 0.16666666666666666,
    "BLEU_4": 4.264366796762506e-05
  },
  "1": {
    "BLEU_1": 0.31183566163562787,
    "BLEU_2": 0.14435186168372466,
    "ROUGE_L": 0.24721377912867276,
    "CIDEr": 0.0,
    "METEOR": 0.15836995678970636,
    "SPICE": 0.16216216216216214,
    "BLEU_4": 3.288164697105219e-09
  },
  "2": {
    "BLEU_1": 0.29411764704152255,
    "BLEU_2": 0.13558153612843557,
    "ROUGE_L": 0.2352941176470588,
    "CIDEr": 0.0,
    "METEOR": 0.16284236707680266,
    "SPICE": 0.14285714285714285,
    "BLEU_4": 3.058760346259648e-09
  },
  "3": {
    "BLEU_1": 0.29999999998500004,
    "BLEU_2": 0.1777046633186087,
    "ROUGE_L": 0.27428057553956836,
    "CIDEr": 0.0,
    "METEOR": 0.2182547633447838,
    "SPICE": 0.2222222222222222,
    "BLEU_4": 3.1872714731477548e-09
  },
  "4": {
    "BLEU_1": 0.29411764704152255,
    "BLEU_2": 0.13558153612843557,
    "ROUGE_L": 0.2352941176470588,
    "CIDEr": 0.0,
    "METEOR": 0.16334750875908557,
    "SPICE": 0.1702127659574468,
    "BLEU_4": 3.058760346259648e-09
  },
  "5": {
    "BLEU_1": 0.3124999999609375,
    "BLEU_2": 0.14433756727906363,
    "ROUGE_L": 0.24110671936758896,
    "CIDEr": 0.0,
    "METEOR": 0.16334750875908557,
    "SPICE": 0.08695652173913043,
    "BLEU_4": 3.270934470445849e-09
  },
  "6": {
    "BLEU_1": 0.38461538458579886,
    "BLEU_2": 0.17902871849551308,
    "ROUGE_L": 0.1991294885745376,
    "CIDEr": 0.0,
    "METEOR": 0.12669683257918551,
    "SPICE": 0.13953488372093023,
    "BLEU_4": 4.131551590743584e-09
  },
  "7": {
    "BLEU_1": 0.3124999999609375,
    "BLEU_2": 0.14433756727906363,
    "ROUGE_L": 0.24110671936758896,
    "CIDEr": 0.0,
    "METEOR": 0.11940298507462686,
    "SPICE": 0.13043478260869568,
    "BLEU_4": 3.270934470445849e-09
  },
  "8": {
    "BLEU_1": 0.3124999999609375,
    "BLEU_2": 4.564354645296331e-09,
    "ROUGE_L": 0.2629310344827586,
    "CIDEr": 0.0,
    "METEOR": 0.13822894168466524,
    "SPICE": 0.12765957446808507,
    "BLEU_4": 5.81663542038042e-13
  },
  "9": {
    "BLEU_1": 0.4374999999453126,
    "BLEU_2": 5.400617247986889e-09,
    "ROUGE_L": 0.2932692307692307,
    "CIDEr": 0.0,
    "METEOR": 0.1507991280775857,
    "SPICE": 0.125,
    "BLEU_4": 6.327087674492347e-13
  }
}