{
  "0": {
    "BLEU_1": 0.10976232717490052,
    "BLEU_2": 3.8806842931124116e-09,
    "ROUGE_L": 0.1476997578692494,
    "CIDEr": 0.0,
    "METEOR": 0.18029108521599557,
    "SPICE": 0.25,
    "BLEU_4": 9.324552513250358e-13
  },
  "1": {
    "BLEU_1": 0.10976232717490052,
    "BLEU_2": 3.8806842931124116e-09,
    "ROUGE_L": 0.1476997578692494,
    "CIDEr": 0.0,
    "METEOR": 0.1918565566215455,
    "SPICE": 0.25,
    "BLEU_4": 9.324552513250358e-13
  },
  "2": {
    "BLEU_1": 0.10976232717490052,
    "BLEU_2": 3.8806842931124116e-09,
    "ROUGE_L": 0.1476997578692494,
    "CIDEr": 0.0,
    "METEOR": 0.18029108521599557,
    "SPICE": 0.25,
    "BLEU_4": 9.324552513250358e-13
  },
  "3": {
    "BLEU_1": 0.10976232717490052,
    "BLEU_2": 3.8806842931124116e-09,
    "ROUGE_L": 0.1476997578692494,
    "CIDEr": 0.0,
    "METEOR": 0.1918565566215455,
    "SPICE": 0.25,
    "BLEU_4": 9.324552513250358e-13
  },
  "4": {
    "BLEU_1": 0.10976232717490052,
    "BLEU_2": 3.8806842931124116e-09,
    "ROUGE_L": 0.1476997578692494,
    "CIDEr": 0.0,
    "METEOR": 0.18029108521599557,
    "SPICE": 0.25,
    "BLEU_4": 9.324552513250358e-13
  },
  "5": {
    "BLEU_1": 0.10976232717490052,
    "BLEU_2": 3.8806842931124116e-09,
    "ROUGE_L": 0.1476997578692494,
    "CIDEr": 0.0,
    "METEOR": 0.1918565566215455,
    "SPICE": 0.25,
    "BLEU_4": 9.324552513250358e-13
  },
  "6": {
    "BLEU_1": 0.10976232717490052,
    "BLEU_2": 3.8806842931124116e-09,
    "ROUGE_L": 0.1476997578692494,
    "CIDEr": 0.0,
    "METEOR": 0.18029108521599557,
    "SPICE": 0.25,
    "BLEU_4": 9.324552513250358e-13
  },
  "7": {
    "BLEU_1": 0.10976232717490052,
    "BLEU_2": 3.8806842931124116e-09,
    "ROUGE_L": 0.1476997578692494,
    "CIDEr": 0.0,
    "METEOR": 0.18029108521599557,
    "SPICE": 0.25,
    "BLEU_4": 9.324552513250358e-13
  },
  "8": {
    "BLEU_1": 0.10976232717490052,
    "BLEU_2": 3.8806842931124116e-09,
    "ROUGE_L": 0.1476997578692494,
    "CIDEr": 0.0,
    "METEOR": 0.1918565566215455,
    "SPICE": 0.25,
    "BLEU_4": 9.324552513250358e-13
  },
  "9": {
    "BLEU_1": 9.196986024687569e-17,
    "BLEU_2": 1.0619764713730698e-16,
    "ROUGE_L": 0.0,
    "CIDEr": 0.0,
    "METEOR": 0.13729427411420134,
    "SPICE": 0.17391304347826086,
    "BLEU_4": 1.6620829993657386e-16
  }
}