{
  "0": {
    "BLEU_1": 0.4444444443456792,
    "BLEU_2": 7.453559923291195e-09,
    "ROUGE_L": 0.1523096129837703,
    "CIDEr": 0.0,
    "METEOR": 0.13474933514474438,
    "SPICE": 0.12121212121212123,
    "BLEU_4": 1.0724314733358218e-12
  },
  "1": {
    "BLEU_1": 0.30959924986655085,
    "BLEU_2": 4.543674787325716e-09,
    "ROUGE_L": 0.16353887399463804,
    "CIDEr": 0.0,
    "METEOR": 0.12529970053076867,
    "SPICE": 0.16666666666666669,
    "BLEU_4": 5.855164518287672e-13
  },
  "2": {
    "BLEU_1": 0.27272727267768604,
    "BLEU_2": 5.222329677697684e-09,
    "ROUGE_L": 0.18181818181818182,
    "CIDEr": 0.0,
    "METEOR": 0.10041832363070682,
    "SPICE": 0.125,
    "BLEU_4": 7.845109652856079e-13
  },
  "3": {
    "BLEU_1": 0.24946852930850233,
    "BLEU_2": 4.082887210938569e-09,
    "ROUGE_L": 0.19242902208201892,
    "CIDEr": 0.0,
    "METEOR": 0.10335005881805709,
    "SPICE": 0.058823529411764705,
    "BLEU_4": 5.530011813119188e-13
  },
  "4": {
    "BLEU_1": 0.23076923075147937,
    "BLEU_2": 4.385290096183762e-09,
    "ROUGE_L": 0.16920943134535368,
    "CIDEr": 0.0,
    "METEOR": 0.11073913913806326,
    "SPICE": 0.1142857142857143,
    "BLEU_4": 6.466227686450042e-13
  },
  "5": {
    "BLEU_1": 0.24946852930850233,
    "BLEU_2": 4.082887210938569e-09,
    "ROUGE_L": 0.19242902208201892,
    "CIDEr": 0.0,
    "METEOR": 0.10335005881805709,
    "SPICE": 0.058823529411764705,
    "BLEU_4": 5.530011813119188e-13
  },
  "6": {
    "BLEU_1": 0.3124999999609375,
    "BLEU_2": 4.564354645296331e-09,
    "ROUGE_L": 0.1875,
    "CIDEr": 0.0,
    "METEOR": 0.12979351032448377,
    "SPICE": 0.1764705882352941,
    "BLEU_4": 5.81663542038042e-13
  },
  "7": {
    "BLEU_1": 0.18575954991993052,
    "BLEU_2": 3.5195153563790056e-09,
    "ROUGE_L": 0.16353887399463804,
    "CIDEr": 0.0,
    "METEOR": 0.10508757537352877,
    "SPICE": 0.058823529411764705,
    "BLEU_4": 5.153199013401217e-13
  },
  "8": {
    "BLEU_1": 0.27272727267768604,
    "BLEU_2": 5.222329677697684e-09,
    "ROUGE_L": 0.18181818181818182,
    "CIDEr": 0.0,
    "METEOR": 0.1081170057974934,
    "SPICE": 0.0625,
    "BLEU_4": 7.845109652856079e-13
  },
  "9": {
    "BLEU_1": 0.30769230766863914,
    "BLEU_2": 5.063696835012589e-09,
    "ROUGE_L": 0.16920943134535368,
    "CIDEr": 0.0,
    "METEOR": 0.1056798034125781,
    "SPICE": 0.05714285714285715,
    "BLEU_4": 6.948413844184121e-13
  }
}