{
  "0": {
    "BLEU_1": 0.10108844325174288,
    "BLEU_2": 3.5018063953428727e-09,
    "ROUGE_L": 0.1117216117216117,
    "CIDEr": 0.0,
    "METEOR": 0.1227621483375959,
    "SPICE": 0.06896551724137931,
    "BLEU_4": 7.830277143606023e-13
  },
  "1": {
    "BLEU_1": 1.1031211279549644e-16,
    "BLEU_2": 1.1792860905377833e-16,
    "ROUGE_L": 0.0,
    "CIDEr": 0.0,
    "METEOR": 0.0670391061452514,
    "SPICE": 0.0,
    "BLEU_4": 1.3784336587052549e-16
  },
  "2": {
    "BLEU_1": 0.10108844325174288,
    "BLEU_2": 3.5018063953428727e-09,
    "ROUGE_L": 0.12869198312236285,
    "CIDEr": 0.0,
    "METEOR": 0.04838709677419355,
    "SPICE": 0.06896551724137931,
    "BLEU_4": 7.830277143606023e-13
  },
  "3": {
    "BLEU_1": 0.3333333332592594,
    "BLEU_2": 6.454972242199766e-09,
    "ROUGE_L": 0.1111111111111111,
    "CIDEr": 0.0,
    "METEOR": 0.0794044665012407,
    "SPICE": 0.06896551724137931,
    "BLEU_4": 9.980099401403394e-13
  },
  "4": {
    "BLEU_1": 0.20217688650348561,
    "BLEU_2": 4.952302097098729e-09,
    "ROUGE_L": 0.12869198312236285,
    "CIDEr": 0.0,
    "METEOR": 0.061855670103092786,
    "SPICE": 0.07407407407407408,
    "BLEU_4": 9.311821291619466e-13
  },
  "5": {
    "BLEU_1": 0.21470779796016531,
    "BLEU_2": 5.1856859842473975e-09,
    "ROUGE_L": 0.12224448897795591,
    "CIDEr": 0.0,
    "METEOR": 0.05955334987593052,
    "SPICE": 0.07692307692307691,
    "BLEU_4": 9.334768232372482e-13
  },
  "6": {
    "BLEU_1": 0.4412484511819858,
    "BLEU_2": 7.458460118109875e-09,
    "ROUGE_L": 0.20469798657718125,
    "CIDEr": 0.0,
    "METEOR": 0.1,
    "SPICE": 0.13333333333333333,
    "BLEU_4": 1.0962279403155601e-12
  },
  "7": {
    "BLEU_1": 0.4412484511819858,
    "BLEU_2": 7.458460118109875e-09,
    "ROUGE_L": 0.20469798657718125,
    "CIDEr": 0.0,
    "METEOR": 0.11461318051575933,
    "SPICE": 0.13793103448275862,
    "BLEU_4": 1.0962279403155601e-12
  },
  "8": {
    "BLEU_1": 0.32206169694024794,
    "BLEU_2": 6.3511423138542446e-09,
    "ROUGE_L": 0.2136602451838879,
    "CIDEr": 0.0,
    "METEOR": 0.1032258064516129,
    "SPICE": 0.06896551724137931,
    "BLEU_4": 1.0330619227359553e-12
  },
  "9": {
    "BLEU_1": 0.07162619917923453,
    "BLEU_2": 2.615418999812674e-09,
    "ROUGE_L": 0.14386792452830188,
    "CIDEr": 0.0,
    "METEOR": 0.05405405405405405,
    "SPICE": 0.0,
    "BLEU_4": 7.279123483791415e-13
  }
}