{
  "0": {
    "BLEU_1": 0.22222222217283966,
    "BLEU_2": 5.270462765739487e-09,
    "ROUGE_L": 0.1111111111111111,
    "CIDEr": 0.0,
    "METEOR": 0.12337349397590364,
    "SPICE": 0.07142857142857142,
    "BLEU_4": 9.018037815333522e-13
  },
  "1": {
    "BLEU_1": 0.16666666663888896,
    "BLEU_2": 3.8924947201441226e-09,
    "ROUGE_L": 0.09775641025641024,
    "CIDEr": 0.0,
    "METEOR": 0.11505617977528092,
    "SPICE": 0.06451612903225808,
    "BLEU_4": 6.405505208675338e-13
  },
  "2": {
    "BLEU_1": 0.11031211279549655,
    "BLEU_2": 3.729230059054939e-09,
    "ROUGE_L": 0.116412213740458,
    "CIDEr": 0.0,
    "METEOR": 0.10485436893203884,
    "SPICE": 0.07407407407407407,
    "BLEU_4": 7.751502103232947e-13
  },
  "3": {
    "BLEU_1": 0.19999999996000015,
    "BLEU_2": 4.714045206941321e-09,
    "ROUGE_L": 0.21254355400696867,
    "CIDEr": 0.0,
    "METEOR": 0.12075471698113208,
    "SPICE": 0.06896551724137931,
    "BLEU_4": 7.936880924342154e-13
  },
  "4": {
    "BLEU_1": 0.11031211279549655,
    "BLEU_2": 3.729230059054939e-09,
    "ROUGE_L": 0.116412213740458,
    "CIDEr": 0.0,
    "METEOR": 0.10485436893203884,
    "SPICE": 0.07407407407407407,
    "BLEU_4": 7.751502103232947e-13
  },
  "5": {
    "BLEU_1": 0.16666666663888896,
    "BLEU_2": 3.8924947201441226e-09,
    "ROUGE_L": 0.19551282051282048,
    "CIDEr": 0.0,
    "METEOR": 0.11743119266055047,
    "SPICE": 0.06451612903225808,
    "BLEU_4": 6.405505208675338e-13
  },
  "6": {
    "BLEU_1": 0.11031211279549655,
    "BLEU_2": 3.729230059054939e-09,
    "ROUGE_L": 0.116412213740458,
    "CIDEr": 0.0,
    "METEOR": 0.10485436893203884,
    "SPICE": 0.07407407407407407,
    "BLEU_4": 7.751502103232947e-13
  },
  "7": {
    "BLEU_1": 0.16666666663888896,
    "BLEU_2": 3.8924947201441226e-09,
    "ROUGE_L": 0.19551282051282048,
    "CIDEr": 0.0,
    "METEOR": 0.11743119266055047,
    "SPICE": 0.06451612903225808,
    "BLEU_4": 6.405505208675338e-13
  },
  "8": {
    "BLEU_1": 0.11031211279549655,
    "BLEU_2": 3.729230059054939e-09,
    "ROUGE_L": 0.116412213740458,
    "CIDEr": 0.0,
    "METEOR": 0.10485436893203884,
    "SPICE": 0.07407407407407407,
    "BLEU_4": 7.751502103232947e-13
  },
  "9": {
    "BLEU_1": 0.16666666663888896,
    "BLEU_2": 3.8924947201441226e-09,
    "ROUGE_L": 0.19551282051282048,
    "CIDEr": 0.0,
    "METEOR": 0.10084033613445378,
    "SPICE": 0.06666666666666667,
    "BLEU_4": 6.405505208675338e-13
  }
}