{
  "0": {
    "BLEU_1": 8.986579278749804e-17,
    "BLEU_2": 1.0047301075986612e-16,
    "ROUGE_L": 0.0,
    "CIDEr": 0.0,
    "METEOR": 0.06332453825857519,
    "SPICE": 0.06451612903225806,
    "BLEU_4": 1.357591476796497e-16
  },
  "1": {
    "BLEU_1": 8.986579278749804e-17,
    "BLEU_2": 1.0047301075986612e-16,
    "ROUGE_L": 0.0,
    "CIDEr": 0.0,
    "METEOR": 0.0606060606060606,
    "SPICE": 0.06451612903225806,
    "BLEU_4": 1.357591476796497e-16
  },
  "2": {
    "BLEU_1": 8.986579278749804e-17,
    "BLEU_2": 1.0047301075986612e-16,
    "ROUGE_L": 0.0,
    "CIDEr": 0.0,
    "METEOR": 0.06332453825857519,
    "SPICE": 0.06451612903225806,
    "BLEU_4": 1.357591476796497e-16
  },
  "3": {
    "BLEU_1": 0.20217688650348561,
    "BLEU_2": 4.952302097098729e-09,
    "ROUGE_L": 0.12869198312236285,
    "CIDEr": 0.0,
    "METEOR": 0.14035087719298242,
    "SPICE": 0.125,
    "BLEU_4": 9.311821291619466e-13
  },
  "4": {
    "BLEU_1": 0.10108844325174288,
    "BLEU_2": 3.5018063953428727e-09,
    "ROUGE_L": 0.12869198312236285,
    "CIDEr": 0.0,
    "METEOR": 0.09577336581901262,
    "SPICE": 0.06666666666666667,
    "BLEU_4": 7.830277143606023e-13
  },
  "5": {
    "BLEU_1": 8.986579278749804e-17,
    "BLEU_2": 1.0047301075986612e-16,
    "ROUGE_L": 0.0,
    "CIDEr": 0.0,
    "METEOR": 0.06332453825857519,
    "SPICE": 0.06451612903225806,
    "BLEU_4": 1.357591476796497e-16
  },
  "6": {
    "BLEU_1": 0.21470779796016531,
    "BLEU_2": 5.1856859842473975e-09,
    "ROUGE_L": 0.12224448897795591,
    "CIDEr": 0.0,
    "METEOR": 0.1372549019607843,
    "SPICE": 0.125,
    "BLEU_4": 9.334768232372482e-13
  },
  "7": {
    "BLEU_1": 0.10735389898008273,
    "BLEU_2": 3.666833724565372e-09,
    "ROUGE_L": 0.12224448897795591,
    "CIDEr": 0.0,
    "METEOR": 0.10869470878612247,
    "SPICE": 0.0625,
    "BLEU_4": 7.849573143826273e-13
  },
  "8": {
    "BLEU_1": 8.986579278749804e-17,
    "BLEU_2": 1.0047301075986612e-16,
    "ROUGE_L": 0.0,
    "CIDEr": 0.0,
    "METEOR": 0.0837696335078534,
    "SPICE": 0.06666666666666667,
    "BLEU_4": 1.357591476796497e-16
  },
  "9": {
    "BLEU_1": 0.21470779796016531,
    "BLEU_2": 0.1639857894063383,
    "ROUGE_L": 0.24448897795591182,
    "CIDEr": 0.0,
    "METEOR": 0.18595412633472524,
    "SPICE": 0.125,
    "BLEU_4": 5.249325938137114e-09
  }
}