{
  "0": {
    "BLEU_1": 0.24999999993750016,
    "BLEU_2": 5.976143045124577e-09,
    "ROUGE_L": 0.125,
    "CIDEr": 0.0,
    "METEOR": 0.0671518457662911,
    "SPICE": 0.05128205128205128,
    "BLEU_4": 1.0445522727757714e-12
  },
  "1": {
    "BLEU_1": 0.1809674835709985,
    "BLEU_2": 4.265444493553575e-09,
    "ROUGE_L": 0.11338289962825278,
    "CIDEr": 0.0,
    "METEOR": 0.05555555555555556,
    "SPICE": 0.04651162790697675,
    "BLEU_4": 7.181586842840614e-13
  },
  "2": {
    "BLEU_1": 0.24999999993750016,
    "BLEU_2": 5.976143045124577e-09,
    "ROUGE_L": 0.125,
    "CIDEr": 0.0,
    "METEOR": 0.05714285714285714,
    "SPICE": 0.05,
    "BLEU_4": 1.0445522727757714e-12
  },
  "3": {
    "BLEU_1": 0.24999999993750016,
    "BLEU_2": 5.976143045124577e-09,
    "ROUGE_L": 0.125,
    "CIDEr": 0.0,
    "METEOR": 0.05714285714285714,
    "SPICE": 0.05,
    "BLEU_4": 1.0445522727757714e-12
  },
  "4": {
    "BLEU_1": 0.18181818178512404,
    "BLEU_2": 4.2640143263175525e-09,
    "ROUGE_L": 0.108348134991119,
    "CIDEr": 0.0,
    "METEOR": 0.05517241379310345,
    "SPICE": 0.04651162790697675,
    "BLEU_4": 7.088856800859686e-13
  },
  "5": {
    "BLEU_1": 0.18181818178512404,
    "BLEU_2": 4.2640143263175525e-09,
    "ROUGE_L": 0.108348134991119,
    "CIDEr": 0.0,
    "METEOR": 0.05517241379310345,
    "SPICE": 0.04444444444444444,
    "BLEU_4": 7.088856800859686e-13
  },
  "6": {
    "BLEU_1": 0.18181818178512404,
    "BLEU_2": 4.2640143263175525e-09,
    "ROUGE_L": 0.108348134991119,
    "CIDEr": 0.0,
    "METEOR": 0.05517241379310345,
    "SPICE": 0.04651162790697675,
    "BLEU_4": 7.088856800859686e-13
  },
  "7": {
    "BLEU_1": 0.18181818178512404,
    "BLEU_2": 4.2640143263175525e-09,
    "ROUGE_L": 0.108348134991119,
    "CIDEr": 0.0,
    "METEOR": 0.1103448275862069,
    "SPICE": 0.08888888888888888,
    "BLEU_4": 7.088856800859686e-13
  },
  "8": {
    "BLEU_1": 0.24999999993750016,
    "BLEU_2": 5.976143045124577e-09,
    "ROUGE_L": 0.125,
    "CIDEr": 0.0,
    "METEOR": 0.06668827286652382,
    "SPICE": 0.05,
    "BLEU_4": 1.0445522727757714e-12
  },
  "9": {
    "BLEU_1": 0.3333333332962964,
    "BLEU_2": 0.20412414520783367,
    "ROUGE_L": 0.2378167641325536,
    "CIDEr": 0.0,
    "METEOR": 0.11484196738071038,
    "SPICE": 0.0,
    "BLEU_4": 5.612222323540175e-09
  }
}