{
  "0": {
    "BLEU_1": 0.32928698152470126,
    "BLEU_2": 0.21255383258936583,
    "ROUGE_L": 0.2341650671785029,
    "CIDEr": 0.0,
    "METEOR": 0.1437125748502994,
    "SPICE": 0.19354838709677416,
    "BLEU_4": 6.900940974641912e-09
  },
  "1": {
    "BLEU_1": 0.3333333332592594,
    "BLEU_2": 6.454972242199766e-09,
    "ROUGE_L": 0.20854700854700853,
    "CIDEr": 0.0,
    "METEOR": 0.1564245810055866,
    "SPICE": 0.17647058823529413,
    "BLEU_4": 9.980099401403394e-13
  },
  "2": {
    "BLEU_1": 0.29999999994000015,
    "BLEU_2": 0.1825741857975264,
    "ROUGE_L": 0.18885448916408668,
    "CIDEr": 0.0,
    "METEOR": 0.15512465373961218,
    "SPICE": 0.17142857142857143,
    "BLEU_4": 4.939382736029984e-09
  },
  "3": {
    "BLEU_1": 0.29999999994000015,
    "BLEU_2": 0.1825741857975264,
    "ROUGE_L": 0.18885448916408668,
    "CIDEr": 0.0,
    "METEOR": 0.15512465373961218,
    "SPICE": 0.17142857142857143,
    "BLEU_4": 4.939382736029984e-09
  },
  "4": {
    "BLEU_1": 0.29999999994000015,
    "BLEU_2": 0.1825741857975264,
    "ROUGE_L": 0.18885448916408668,
    "CIDEr": 0.0,
    "METEOR": 0.15512465373961218,
    "SPICE": 0.17142857142857143,
    "BLEU_4": 4.939382736029984e-09
  },
  "5": {
    "BLEU_1": 0.29999999994000015,
    "BLEU_2": 0.1825741857975264,
    "ROUGE_L": 0.18885448916408668,
    "CIDEr": 0.0,
    "METEOR": 0.15512465373961218,
    "SPICE": 0.17142857142857143,
    "BLEU_4": 4.939382736029984e-09
  },
  "6": {
    "BLEU_1": 0.29999999994000015,
    "BLEU_2": 0.1825741857975264,
    "ROUGE_L": 0.18885448916408668,
    "CIDEr": 0.0,
    "METEOR": 0.15512465373961218,
    "SPICE": 0.17142857142857143,
    "BLEU_4": 4.939382736029984e-09
  },
  "7": {
    "BLEU_1": 0.29999999994000015,
    "BLEU_2": 0.1825741857975264,
    "ROUGE_L": 0.18885448916408668,
    "CIDEr": 0.0,
    "METEOR": 0.15512465373961218,
    "SPICE": 0.17142857142857143,
    "BLEU_4": 4.939382736029984e-09
  },
  "8": {
    "BLEU_1": 0.29999999994000015,
    "BLEU_2": 0.1825741857975264,
    "ROUGE_L": 0.18885448916408668,
    "CIDEr": 0.0,
    "METEOR": 0.15512465373961218,
    "SPICE": 0.17142857142857143,
    "BLEU_4": 4.939382736029984e-09
  },
  "9": {
    "BLEU_1": 0.29999999994000015,
    "BLEU_2": 0.1825741857975264,
    "ROUGE_L": 0.18885448916408668,
    "CIDEr": 0.0,
    "METEOR": 0.15512465373961218,
    "SPICE": 0.17142857142857143,
    "BLEU_4": 4.939382736029984e-09
  }
}