{
  "0": {
    "BLEU_1": 1.194218850558243e-16,
    "BLEU_2": 1.3082012060754779e-16,
    "ROUGE_L": 0.0,
    "CIDEr": 0.0,
    "METEOR": 0.03440860215053764,
    "SPICE": 0.0,
    "BLEU_4": 1.6449759291817379e-16
  },
  "1": {
    "BLEU_1": 1.111111110864198e-16,
    "BLEU_2": 1.178511301707504e-16,
    "ROUGE_L": 0.0,
    "CIDEr": 0.0,
    "METEOR": 0.0,
    "SPICE": 0.0,
    "BLEU_4": 1.3485111856165858e-16
  },
  "2": {
    "BLEU_1": 1.111111110864198e-16,
    "BLEU_2": 1.178511301707504e-16,
    "ROUGE_L": 0.0,
    "CIDEr": 0.0,
    "METEOR": 0.0,
    "SPICE": 0.0,
    "BLEU_4": 1.3485111856165858e-16
  },
  "3": {
    "BLEU_1": 0.24999999993750016,
    "BLEU_2": 5.976143045124577e-09,
    "ROUGE_L": 0.232824427480916,
    "CIDEr": 0.0,
    "METEOR": 0.09014084507042254,
    "SPICE": 0.06896551724137931,
    "BLEU_4": 1.0445522727757714e-12
  },
  "4": {
    "BLEU_1": 0.22222222217283966,
    "BLEU_2": 5.270462765739487e-09,
    "ROUGE_L": 0.2222222222222222,
    "CIDEr": 0.0,
    "METEOR": 0.08791208791208792,
    "SPICE": 0.06666666666666667,
    "BLEU_4": 9.018037815333522e-13
  },
  "5": {
    "BLEU_1": 0.24999999993750016,
    "BLEU_2": 5.976143045124577e-09,
    "ROUGE_L": 0.232824427480916,
    "CIDEr": 0.0,
    "METEOR": 0.09014084507042254,
    "SPICE": 0.06896551724137931,
    "BLEU_4": 1.0445522727757714e-12
  },
  "6": {
    "BLEU_1": 0.24999999993750016,
    "BLEU_2": 5.976143045124577e-09,
    "ROUGE_L": 0.232824427480916,
    "CIDEr": 0.0,
    "METEOR": 0.09014084507042254,
    "SPICE": 0.06896551724137931,
    "BLEU_4": 1.0445522727757714e-12
  },
  "7": {
    "BLEU_1": 0.24999999993750016,
    "BLEU_2": 5.976143045124577e-09,
    "ROUGE_L": 0.232824427480916,
    "CIDEr": 0.0,
    "METEOR": 0.09014084507042254,
    "SPICE": 0.06896551724137931,
    "BLEU_4": 1.0445522727757714e-12
  },
  "8": {
    "BLEU_1": 0.24999999993750016,
    "BLEU_2": 5.976143045124577e-09,
    "ROUGE_L": 0.232824427480916,
    "CIDEr": 0.0,
    "METEOR": 0.09014084507042254,
    "SPICE": 0.06896551724137931,
    "BLEU_4": 1.0445522727757714e-12
  },
  "9": {
    "BLEU_1": 0.24999999993750016,
    "BLEU_2": 5.976143045124577e-09,
    "ROUGE_L": 0.232824427480916,
    "CIDEr": 0.0,
    "METEOR": 0.09014084507042254,
    "SPICE": 0.06896551724137931,
    "BLEU_4": 1.0445522727757714e-12
  }
}