{
  "0": {
    "BLEU_1": 0.10735389898008273,
    "BLEU_2": 3.666833724565372e-09,
    "ROUGE_L": 0.12224448897795591,
    "CIDEr": 0.0,
    "METEOR": 0.11605888123359001,
    "SPICE": 0.1818181818181818,
    "BLEU_4": 7.849573143826273e-13
  },
  "1": {
    "BLEU_1": 0.36363636360330587,
    "BLEU_2": 0.19069251783091612,
    "ROUGE_L": 0.3055091819699499,
    "CIDEr": 0.0,
    "METEOR": 0.21461273640548054,
    "SPICE": 0.21052631578947367,
    "BLEU_4": 4.740604259372055e-09
  },
  "2": {
    "BLEU_1": 0.357142857117347,
    "BLEU_2": 0.16574838602065456,
    "ROUGE_L": 0.271513353115727,
    "CIDEr": 0.0,
    "METEOR": 0.2299156879443558,
    "SPICE": 0.15,
    "BLEU_4": 3.7982292265213524e-09
  },
  "3": {
    "BLEU_1": 0.3749999999765626,
    "BLEU_2": 0.15811388299820756,
    "ROUGE_L": 0.2527624309392265,
    "CIDEr": 0.0,
    "METEOR": 0.2781830856517857,
    "SPICE": 0.1818181818181818,
    "BLEU_4": 3.4234749556315017e-09
  },
  "4": {
    "BLEU_1": 0.42857142854081637,
    "BLEU_2": 0.2567762954875012,
    "ROUGE_L": 0.271513353115727,
    "CIDEr": 0.0,
    "METEOR": 0.2658905664030242,
    "SPICE": 0.33333333333333337,
    "BLEU_4": 4.727526605930294e-09
  },
  "5": {
    "BLEU_1": 0.3999999999733334,
    "BLEU_2": 0.23904572185037326,
    "ROUGE_L": 0.26180257510729615,
    "CIDEr": 0.0,
    "METEOR": 0.2641564974917001,
    "SPICE": 0.33333333333333337,
    "BLEU_4": 4.374811430898337e-09
  },
  "6": {
    "BLEU_1": 0.46153846146745575,
    "BLEU_2": 0.27735009806905647,
    "ROUGE_L": 0.2819722650231125,
    "CIDEr": 0.0,
    "METEOR": 0.27491400191443904,
    "SPICE": 0.35000000000000003,
    "BLEU_4": 5.142401604181237e-09
  },
  "7": {
    "BLEU_1": 0.30668147149199426,
    "BLEU_2": 0.16015917504650504,
    "ROUGE_L": 0.2932692307692307,
    "CIDEr": 0.0,
    "METEOR": 0.17622253766110477,
    "SPICE": 0.15384615384615383,
    "BLEU_4": 3.941120201607954e-09
  },
  "8": {
    "BLEU_1": 0.1111111110864199,
    "BLEU_2": 3.726779961645599e-09,
    "ROUGE_L": 0.1111111111111111,
    "CIDEr": 0.0,
    "METEOR": 0.1492822966507177,
    "SPICE": 0.17142857142857143,
    "BLEU_4": 7.583235671536399e-13
  },
  "9": {
    "BLEU_1": 0.28571428569387763,
    "BLEU_2": 4.688072309037213e-09,
    "ROUGE_L": 0.18100890207715134,
    "CIDEr": 0.0,
    "METEOR": 0.23980516202892088,
    "SPICE": 0.25,
    "BLEU_4": 6.387834681787387e-13
  }
}