{
  "0": {
    "BLEU_1": 0.20217688650348561,
    "BLEU_2": 4.952302097098729e-09,
    "ROUGE_L": 0.11960784313725491,
    "CIDEr": 0.0,
    "METEOR": 0.10389610389610389,
    "SPICE": 0.08333333333333333,
    "BLEU_4": 9.311821291619466e-13
  },
  "1": {
    "BLEU_1": 0.20217688650348561,
    "BLEU_2": 4.952302097098729e-09,
    "ROUGE_L": 0.11960784313725491,
    "CIDEr": 0.0,
    "METEOR": 0.10389610389610389,
    "SPICE": 0.08333333333333333,
    "BLEU_4": 9.311821291619466e-13
  },
  "2": {
    "BLEU_1": 0.08986579278749814,
    "BLEU_2": 3.1772355737578207e-09,
    "ROUGE_L": 0.12577319587628866,
    "CIDEr": 0.0,
    "METEOR": 0.05298013245033113,
    "SPICE": 0.0425531914893617,
    "BLEU_4": 7.634297901288654e-13
  },
  "3": {
    "BLEU_1": 0.08986579278749814,
    "BLEU_2": 3.1772355737578207e-09,
    "ROUGE_L": 0.12577319587628866,
    "CIDEr": 0.0,
    "METEOR": 0.05298013245033113,
    "SPICE": 0.0425531914893617,
    "BLEU_4": 7.634297901288654e-13
  },
  "4": {
    "BLEU_1": 0.23076923073372793,
    "BLEU_2": 0.1386750490345283,
    "ROUGE_L": 0.16920943134535368,
    "CIDEr": 0.0,
    "METEOR": 0.08093029947662382,
    "SPICE": 0.07692307692307693,
    "BLEU_4": 3.636227045901134e-09
  },
  "5": {
    "BLEU_1": 0.23076923073372793,
    "BLEU_2": 0.1386750490345283,
    "ROUGE_L": 0.16920943134535368,
    "CIDEr": 0.0,
    "METEOR": 0.08093029947662382,
    "SPICE": 0.038461538461538464,
    "BLEU_4": 3.636227045901134e-09
  },
  "6": {
    "BLEU_1": 0.33333333330555565,
    "BLEU_2": 0.2461829819372178,
    "ROUGE_L": 0.2629310344827586,
    "CIDEr": 0.0,
    "METEOR": 0.133804602412198,
    "SPICE": 0.07407407407407407,
    "BLEU_4": 5.094110795848885e-09
  },
  "7": {
    "BLEU_1": 0.1111111110864199,
    "BLEU_2": 3.726779961645599e-09,
    "ROUGE_L": 0.10427350427350426,
    "CIDEr": 0.0,
    "METEOR": 0.1,
    "SPICE": 0.04,
    "BLEU_4": 7.583235671536399e-13
  },
  "8": {
    "BLEU_1": 0.33333333330555565,
    "BLEU_2": 0.2461829819372178,
    "ROUGE_L": 0.2772727272727273,
    "CIDEr": 0.0,
    "METEOR": 0.1157987059448062,
    "SPICE": 0.08,
    "BLEU_4": 2.8646290156041263e-05
  },
  "9": {
    "BLEU_1": 0.10735389898008273,
    "BLEU_2": 3.666833724565372e-09,
    "ROUGE_L": 0.11401869158878504,
    "CIDEr": 0.0,
    "METEOR": 0.07547169811320756,
    "SPICE": 0.041666666666666664,
    "BLEU_4": 7.849573143826273e-13
  }
}