{
  "0": {
    "BLEU_1": 0.1988531814701149,
    "BLEU_2": 4.716217300589896e-09,
    "ROUGE_L": 0.10427350427350426,
    "CIDEr": 0.0,
    "METEOR": 0.07963442172598918,
    "SPICE": 0.0,
    "BLEU_4": 8.0696947976792e-13
  },
  "1": {
    "BLEU_1": 0.08333333331944454,
    "BLEU_2": 2.752409412346742e-09,
    "ROUGE_L": 0.07261904761904761,
    "CIDEr": 0.0,
    "METEOR": 0.08970587411866733,
    "SPICE": 0.05,
    "BLEU_4": 5.38636636786409e-13
  },
  "2": {
    "BLEU_1": 0.22222222220987659,
    "BLEU_2": 0.11433239008846735,
    "ROUGE_L": 0.21631205673758863,
    "CIDEr": 0.0,
    "METEOR": 0.16573435902535494,
    "SPICE": 0.04761904761904761,
    "BLEU_4": 2.7166383721925094e-09
  },
  "3": {
    "BLEU_1": 0.08333333331944454,
    "BLEU_2": 2.752409412346742e-09,
    "ROUGE_L": 0.08764367816091953,
    "CIDEr": 0.0,
    "METEOR": 0.09370932754880695,
    "SPICE": 0.05,
    "BLEU_4": 5.38636636786409e-13
  },
  "4": {
    "BLEU_1": 0.08333333331944454,
    "BLEU_2": 2.752409412346742e-09,
    "ROUGE_L": 0.08764367816091953,
    "CIDEr": 0.0,
    "METEOR": 0.09250535331905783,
    "SPICE": 0.0975609756097561,
    "BLEU_4": 5.38636636786409e-13
  },
  "5": {
    "BLEU_1": 6.650448425507244e-17,
    "BLEU_2": 6.901496491237036e-17,
    "ROUGE_L": 0.0,
    "CIDEr": 0.0,
    "METEOR": 0.09896907216494845,
    "SPICE": 0.05,
    "BLEU_4": 7.478554031418441e-17
  },
  "6": {
    "BLEU_1": 0.07692307691715985,
    "BLEU_2": 2.531848417506296e-09,
    "ROUGE_L": 0.08905109489051095,
    "CIDEr": 0.0,
    "METEOR": 0.12914180649197496,
    "SPICE": 0.04878048780487805,
    "BLEU_4": 4.91327054771308e-13
  },
  "7": {
    "BLEU_1": 8.333333331944446e-17,
    "BLEU_2": 8.703882796301277e-17,
    "ROUGE_L": 0.0,
    "CIDEr": 0.0,
    "METEOR": 0.10412147505422993,
    "SPICE": 0.04878048780487805,
    "BLEU_4": 9.578464406898846e-17
  },
  "8": {
    "BLEU_1": 8.333333331944446e-17,
    "BLEU_2": 8.703882796301277e-17,
    "ROUGE_L": 0.0,
    "CIDEr": 0.0,
    "METEOR": 0.10278372591006424,
    "SPICE": 0.04878048780487805,
    "BLEU_4": 9.578464406898846e-17
  },
  "9": {
    "BLEU_1": 0.08333333331944454,
    "BLEU_2": 2.752409412346742e-09,
    "ROUGE_L": 0.09242424242424242,
    "CIDEr": 0.0,
    "METEOR": 0.07709998382270711,
    "SPICE": 0.0,
    "BLEU_4": 5.38636636786409e-13
  }
}