{
  "0": {
    "BLEU_1": 0.20217688650348561,
    "BLEU_2": 4.952302097098729e-09,
    "ROUGE_L": 0.11960784313725491,
    "CIDEr": 0.0,
    "METEOR": 0.14119040098321808,
    "SPICE": 0.08,
    "BLEU_4": 9.311821291619466e-13
  },
  "1": {
    "BLEU_1": 0.22062422559099293,
    "BLEU_2": 5.273927726724911e-09,
    "ROUGE_L": 0.116412213740458,
    "CIDEr": 0.0,
    "METEOR": 0.07673860911270984,
    "SPICE": 0.0,
    "BLEU_4": 9.218141453123176e-13
  },
  "2": {
    "BLEU_1": 0.29999999994000015,
    "BLEU_2": 5.773502690709485e-09,
    "ROUGE_L": 0.10627177700348434,
    "CIDEr": 0.0,
    "METEOR": 0.09324009324009325,
    "SPICE": 0.0,
    "BLEU_4": 8.783602617783837e-13
  },
  "3": {
    "BLEU_1": 0.3333333332592594,
    "BLEU_2": 6.454972242199766e-09,
    "ROUGE_L": 0.1111111111111111,
    "CIDEr": 0.0,
    "METEOR": 0.10636553645499128,
    "SPICE": 0.08,
    "BLEU_4": 9.980099401403394e-13
  },
  "4": {
    "BLEU_1": 0.36363636357024803,
    "BLEU_2": 6.030226890431458e-09,
    "ROUGE_L": 0.1921259842519685,
    "CIDEr": 0.0,
    "METEOR": 0.1316872427983539,
    "SPICE": 0.13793103448275862,
    "BLEU_4": 8.430118944817767e-13
  },
  "5": {
    "BLEU_1": 0.27272727267768604,
    "BLEU_2": 5.222329677697684e-09,
    "ROUGE_L": 0.1921259842519685,
    "CIDEr": 0.0,
    "METEOR": 0.12851405622489961,
    "SPICE": 0.12903225806451615,
    "BLEU_4": 7.845109652856079e-13
  },
  "6": {
    "BLEU_1": 0.29999999994000015,
    "BLEU_2": 5.773502690709485e-09,
    "ROUGE_L": 0.2,
    "CIDEr": 0.0,
    "METEOR": 0.12212605442903064,
    "SPICE": 0.14814814814814814,
    "BLEU_4": 8.783602617783837e-13
  },
  "7": {
    "BLEU_1": 0.29999999994000015,
    "BLEU_2": 5.773502690709485e-09,
    "ROUGE_L": 0.2,
    "CIDEr": 0.0,
    "METEOR": 0.17757854171915743,
    "SPICE": 0.14814814814814814,
    "BLEU_4": 8.783602617783837e-13
  },
  "8": {
    "BLEU_1": 0.3333333332592594,
    "BLEU_2": 6.454972242199766e-09,
    "ROUGE_L": 0.20854700854700853,
    "CIDEr": 0.0,
    "METEOR": 0.16398959554536502,
    "SPICE": 0.14814814814814814,
    "BLEU_4": 9.980099401403394e-13
  },
  "9": {
    "BLEU_1": 0.33333333330555565,
    "BLEU_2": 5.504818825152218e-09,
    "ROUGE_L": 0.18484848484848485,
    "CIDEr": 0.0,
    "METEOR": 0.1751459589558813,
    "SPICE": 0.13793103448275862,
    "BLEU_4": 7.61747236997849e-13
  }
}