{
  "0": {
    "BLEU_1": 0.4412484511819858,
    "BLEU_2": 0.2358572181075568,
    "ROUGE_L": 0.232824427480916,
    "CIDEr": 0.0,
    "METEOR": 0.14927113702623906,
    "SPICE": 0.1081081081081081,
    "BLEU_4": 6.164542726677392e-09
  },
  "1": {
    "BLEU_1": 0.4412484511819858,
    "BLEU_2": 0.2358572181075568,
    "ROUGE_L": 0.20469798657718125,
    "CIDEr": 0.0,
    "METEOR": 0.1219160534805748,
    "SPICE": 0.20512820512820512,
    "BLEU_4": 6.164542726677392e-09
  },
  "2": {
    "BLEU_1": 0.33093633838648934,
    "BLEU_2": 0.2042583425470713,
    "ROUGE_L": 0.1930379746835443,
    "CIDEr": 0.0,
    "METEOR": 0.12169014084507045,
    "SPICE": 0.10256410256410256,
    "BLEU_4": 5.736753415588487e-09
  },
  "3": {
    "BLEU_1": 0.22062422559099293,
    "BLEU_2": 0.16677623831564797,
    "ROUGE_L": 0.1930379746835443,
    "CIDEr": 0.0,
    "METEOR": 0.09984834173578372,
    "SPICE": 0.10256410256410256,
    "BLEU_4": 5.1837418805413775e-09
  },
  "4": {
    "BLEU_1": 0.22222222217283966,
    "BLEU_2": 5.270462765739487e-09,
    "ROUGE_L": 0.1111111111111111,
    "CIDEr": 0.0,
    "METEOR": 0.07472527472527472,
    "SPICE": 0.0,
    "BLEU_4": 9.018037815333522e-13
  },
  "5": {
    "BLEU_1": 0.19999999996000015,
    "BLEU_2": 4.714045206941321e-09,
    "ROUGE_L": 0.10627177700348434,
    "CIDEr": 0.0,
    "METEOR": 0.07411444141689373,
    "SPICE": 0.0,
    "BLEU_4": 7.936880924342154e-13
  },
  "6": {
    "BLEU_1": 0.33333333327777787,
    "BLEU_2": 5.5048188246934825e-09,
    "ROUGE_L": 0.16666666666666666,
    "CIDEr": 0.0,
    "METEOR": 0.13509234828496042,
    "SPICE": 0.047619047619047616,
    "BLEU_4": 7.617472369343701e-13
  },
  "7": {
    "BLEU_1": 0.26666666664888894,
    "BLEU_2": 4.3643578044184995e-09,
    "ROUGE_L": 0.15117719950433703,
    "CIDEr": 0.0,
    "METEOR": 0.1251833740831296,
    "SPICE": 0.0,
    "BLEU_4": 5.911245882681416e-13
  },
  "8": {
    "BLEU_1": 0.30769230766863914,
    "BLEU_2": 5.063696835012589e-09,
    "ROUGE_L": 0.18798151001540828,
    "CIDEr": 0.0,
    "METEOR": 0.13094629156010232,
    "SPICE": 0.0,
    "BLEU_4": 6.948413844184121e-13
  },
  "9": {
    "BLEU_1": 0.23076923075147937,
    "BLEU_2": 4.385290096183762e-09,
    "ROUGE_L": 0.18798151001540828,
    "CIDEr": 0.0,
    "METEOR": 0.13094629156010232,
    "SPICE": 0.0,
    "BLEU_4": 6.466227686450042e-13
  }
}