{
  "0": {
    "BLEU_1": 0.2791881674335416,
    "BLEU_2": 0.2462208200040732,
    "ROUGE_L": 0.2846034214618974,
    "CIDEr": 0.0,
    "METEOR": 0.1942327187438971,
    "SPICE": 0.25,
    "BLEU_4": 3.3677650407065834e-05
  },
  "1": {
    "BLEU_1": 0.29999999994000015,
    "BLEU_2": 0.1825741857975264,
    "ROUGE_L": 0.25487465181058494,
    "CIDEr": 0.0,
    "METEOR": 0.18485596680453656,
    "SPICE": 0.14814814814814814,
    "BLEU_4": 4.939382736029984e-09
  },
  "2": {
    "BLEU_1": 0.36363636360330587,
    "BLEU_2": 0.19069251783091612,
    "ROUGE_L": 0.24629878869448185,
    "CIDEr": 0.0,
    "METEOR": 0.1835898300456014,
    "SPICE": 0.23076923076923078,
    "BLEU_4": 4.740604259372055e-09
  },
  "3": {
    "BLEU_1": 0.27272727270247943,
    "BLEU_2": 0.16514456475319042,
    "ROUGE_L": 0.24629878869448185,
    "CIDEr": 0.0,
    "METEOR": 0.1835898300456014,
    "SPICE": 0.21428571428571427,
    "BLEU_4": 4.411629358851744e-09
  },
  "4": {
    "BLEU_1": 0.27272727270247943,
    "BLEU_2": 0.16514456475319042,
    "ROUGE_L": 0.24629878869448185,
    "CIDEr": 0.0,
    "METEOR": 0.1811088863963365,
    "SPICE": 0.13793103448275862,
    "BLEU_4": 4.411629358851744e-09
  },
  "5": {
    "BLEU_1": 0.3999999999200002,
    "BLEU_2": 0.21081851063455723,
    "ROUGE_L": 0.25487465181058494,
    "CIDEr": 0.0,
    "METEOR": 0.13361389147477634,
    "SPICE": 0.14285714285714285,
    "BLEU_4": 5.307712169906119e-09
  },
  "6": {
    "BLEU_1": 0.3076923076449706,
    "BLEU_2": 0.16012815377993891,
    "ROUGE_L": 0.23076923076923084,
    "CIDEr": 0.0,
    "METEOR": 0.17869410124438537,
    "SPICE": 0.12903225806451615,
    "BLEU_4": 3.907380248808901e-09
  },
  "7": {
    "BLEU_1": 0.36363636360330587,
    "BLEU_2": 0.19069251783091612,
    "ROUGE_L": 0.24629878869448185,
    "CIDEr": 0.0,
    "METEOR": 0.1835898300456014,
    "SPICE": 0.21428571428571427,
    "BLEU_4": 4.740604259372055e-09
  },
  "8": {
    "BLEU_1": 0.27272727270247943,
    "BLEU_2": 0.16514456475319042,
    "ROUGE_L": 0.24629878869448185,
    "CIDEr": 0.0,
    "METEOR": 0.1835898300456014,
    "SPICE": 0.21428571428571427,
    "BLEU_4": 4.411629358851744e-09
  },
  "9": {
    "BLEU_1": 0.2982797722051723,
    "BLEU_2": 0.2583178601629209,
    "ROUGE_L": 0.26406926406926406,
    "CIDEr": 0.0,
    "METEOR": 0.1887613745539282,
    "SPICE": 0.14814814814814814,
    "BLEU_4": 3.3584386815413375e-05
  }
}