{
  "0": {
    "BLEU_1": 0.22222222217283966,
    "BLEU_2": 5.270462765739487e-09,
    "ROUGE_L": 0.1111111111111111,
    "CIDEr": 0.0,
    "METEOR": 0.11735941320293397,
    "SPICE": 0.14285714285714288,
    "BLEU_4": 9.018037815333522e-13
  },
  "1": {
    "BLEU_1": 0.16666666663888896,
    "BLEU_2": 3.8924947201441226e-09,
    "ROUGE_L": 0.09775641025641024,
    "CIDEr": 0.0,
    "METEOR": 0.13023255813953488,
    "SPICE": 0.125,
    "BLEU_4": 6.405505208675338e-13
  },
  "2": {
    "BLEU_1": 0.23076923075147937,
    "BLEU_2": 4.385290096183762e-09,
    "ROUGE_L": 0.2819722650231125,
    "CIDEr": 0.0,
    "METEOR": 0.15964523281596454,
    "SPICE": 0.18181818181818185,
    "BLEU_4": 6.466227686450042e-13
  },
  "3": {
    "BLEU_1": 0.33333333331111115,
    "BLEU_2": 0.1543033499514377,
    "ROUGE_L": 0.2373540856031128,
    "CIDEr": 0.0,
    "METEOR": 0.1462522851919561,
    "SPICE": 0.18181818181818185,
    "BLEU_4": 3.514847831107641e-09
  },
  "4": {
    "BLEU_1": 0.2142857142704082,
    "BLEU_2": 4.059989714404599e-09,
    "ROUGE_L": 0.18100890207715134,
    "CIDEr": 0.0,
    "METEOR": 0.14388489208633093,
    "SPICE": 0.17142857142857143,
    "BLEU_4": 5.944549994012258e-13
  },
  "5": {
    "BLEU_1": 0.357142857117347,
    "BLEU_2": 0.16574838602065456,
    "ROUGE_L": 0.24530831099195713,
    "CIDEr": 0.0,
    "METEOR": 0.13139272150322454,
    "SPICE": 0.12121212121212123,
    "BLEU_4": 3.7982292265213524e-09
  },
  "6": {
    "BLEU_1": 0.27272727267768604,
    "BLEU_2": 5.222329677697684e-09,
    "ROUGE_L": 0.2036727879799666,
    "CIDEr": 0.0,
    "METEOR": 0.15122873345935728,
    "SPICE": 0.19354838709677416,
    "BLEU_4": 7.845109652856079e-13
  },
  "7": {
    "BLEU_1": 0.2499999999583334,
    "BLEU_2": 4.7673129454153526e-09,
    "ROUGE_L": 0.19551282051282048,
    "CIDEr": 0.0,
    "METEOR": 0.14869888475836432,
    "SPICE": 0.12121212121212123,
    "BLEU_4": 7.088856800987232e-13
  },
  "8": {
    "BLEU_1": 0.2142857142704082,
    "BLEU_2": 4.059989714404599e-09,
    "ROUGE_L": 0.18100890207715134,
    "CIDEr": 0.0,
    "METEOR": 0.17499130468748758,
    "SPICE": 0.18749999999999997,
    "BLEU_4": 5.944549994012258e-13
  },
  "9": {
    "BLEU_1": 0.33333333331111115,
    "BLEU_2": 0.1543033499514377,
    "ROUGE_L": 0.2373540856031128,
    "CIDEr": 0.0,
    "METEOR": 0.1741264382722282,
    "SPICE": 0.18749999999999997,
    "BLEU_4": 3.514847831107641e-09
  }
}