{
  "0": {
    "BLEU_1": 7.162619917923445e-17,
    "BLEU_2": 8.27068107508754e-17,
    "ROUGE_L": 0.0,
    "CIDEr": 0.0,
    "METEOR": 0.0,
    "SPICE": 0.0,
    "BLEU_4": 1.2944315414357063e-16
  },
  "1": {
    "BLEU_1": 0.07162619917923453,
    "BLEU_2": 2.615418999812674e-09,
    "ROUGE_L": 0.14386792452830188,
    "CIDEr": 0.0,
    "METEOR": 0.09523809523809523,
    "SPICE": 0.06896551724137931,
    "BLEU_4": 7.279123483791415e-13
  },
  "2": {
    "BLEU_1": 0.4294155959203306,
    "BLEU_2": 7.333667449130742e-09,
    "ROUGE_L": 0.20098846787479407,
    "CIDEr": 0.0,
    "METEOR": 0.16806722689075632,
    "SPICE": 0.1875,
    "BLEU_4": 1.1100972798838728e-12
  },
  "3": {
    "BLEU_1": 0.4412484511819858,
    "BLEU_2": 7.458460118109875e-09,
    "ROUGE_L": 0.28955696202531644,
    "CIDEr": 0.0,
    "METEOR": 0.16701461377870563,
    "SPICE": 0.12121212121212123,
    "BLEU_4": 1.0962279403155601e-12
  },
  "4": {
    "BLEU_1": 0.4444444443456792,
    "BLEU_2": 0.3333333332569446,
    "ROUGE_L": 0.2785388127853881,
    "CIDEr": 0.0,
    "METEOR": 0.1921341598928589,
    "SPICE": 0.24242424242424246,
    "BLEU_4": 7.171781505449111e-09
  },
  "5": {
    "BLEU_1": 0.5833333332361111,
    "BLEU_2": 0.32566947358395304,
    "ROUGE_L": 0.4166666666666667,
    "CIDEr": 0.0,
    "METEOR": 0.2650189583365702,
    "SPICE": 0.29411764705882354,
    "BLEU_4": 5.859059369098998e-09
  },
  "6": {
    "BLEU_1": 0.4444444443456792,
    "BLEU_2": 0.23570226034150096,
    "ROUGE_L": 0.2785388127853881,
    "CIDEr": 0.0,
    "METEOR": 0.19452587142679487,
    "SPICE": 0.24242424242424246,
    "BLEU_4": 6.030725358915047e-09
  },
  "7": {
    "BLEU_1": 0.6666666665185187,
    "BLEU_2": 0.40824829037030635,
    "ROUGE_L": 0.3333333333333333,
    "CIDEr": 0.0,
    "METEOR": 0.27671097120436,
    "SPICE": 0.25,
    "BLEU_4": 7.936880924121685e-09
  },
  "8": {
    "BLEU_1": 0.4294155959203306,
    "BLEU_2": 7.333667449130742e-09,
    "ROUGE_L": 0.20098846787479407,
    "CIDEr": 0.0,
    "METEOR": 0.22127659574468087,
    "SPICE": 0.25,
    "BLEU_4": 1.1100972798838728e-12
  },
  "9": {
    "BLEU_1": 0.32206169694024794,
    "BLEU_2": 6.3511423138542446e-09,
    "ROUGE_L": 0.20098846787479407,
    "CIDEr": 0.0,
    "METEOR": 0.17021276595744683,
    "SPICE": 0.1875,
    "BLEU_4": 1.0330619227359553e-12
  }
}