{
  "0": {
    "BLEU_1": 1.180916381262079e-16,
    "BLEU_2": 1.3636047811673833e-16,
    "ROUGE_L": 0.0,
    "CIDEr": 0.0,
    "METEOR": 0.0,
    "SPICE": 0.0,
    "BLEU_4": 2.1341568158302036e-16
  },
  "1": {
    "BLEU_1": 0.23618327625241592,
    "BLEU_2": 6.09822597026799e-09,
    "ROUGE_L": 0.31443298969072164,
    "CIDEr": 0.0,
    "METEOR": 0.11228070175438597,
    "SPICE": 0.0,
    "BLEU_4": 1.4271966798858e-12
  },
  "2": {
    "BLEU_1": 0.28216057486948465,
    "BLEU_2": 6.911494339490884e-09,
    "ROUGE_L": 0.13926940639269406,
    "CIDEr": 0.0,
    "METEOR": 0.18917610377121805,
    "SPICE": 0.06451612903225806,
    "BLEU_4": 1.2995693494765325e-12
  },
  "3": {
    "BLEU_1": 0.28216057486948465,
    "BLEU_2": 6.911494339490884e-09,
    "ROUGE_L": 0.13926940639269406,
    "CIDEr": 0.0,
    "METEOR": 0.15841584158415845,
    "SPICE": 0.06060606060606061,
    "BLEU_4": 1.2995693494765325e-12
  },
  "4": {
    "BLEU_1": 0.23618327625241592,
    "BLEU_2": 6.09822597026799e-09,
    "ROUGE_L": 0.31443298969072164,
    "CIDEr": 0.0,
    "METEOR": 0.16842105263157894,
    "SPICE": 0.06896551724137931,
    "BLEU_4": 1.4271966798858e-12
  },
  "5": {
    "BLEU_1": 0.2857142856326532,
    "BLEU_2": 6.900655591369778e-09,
    "ROUGE_L": 0.13174946004319654,
    "CIDEr": 0.0,
    "METEOR": 0.15384615384615385,
    "SPICE": 0.0625,
    "BLEU_4": 1.2421889947162098e-12
  },
  "6": {
    "BLEU_1": 0.1428571428163267,
    "BLEU_2": 4.879500363290437e-09,
    "ROUGE_L": 0.13174946004319654,
    "CIDEr": 0.0,
    "METEOR": 0.12307692307692308,
    "SPICE": 0.0625,
    "BLEU_4": 1.0445522727244761e-12
  },
  "7": {
    "BLEU_1": 0.2857142856326532,
    "BLEU_2": 6.900655591369778e-09,
    "ROUGE_L": 0.2634989200863931,
    "CIDEr": 0.0,
    "METEOR": 0.15384615384615385,
    "SPICE": 0.06060606060606061,
    "BLEU_4": 1.2421889947162098e-12
  },
  "8": {
    "BLEU_1": 0.3749999999531251,
    "BLEU_2": 7.3192505461337434e-09,
    "ROUGE_L": 0.25,
    "CIDEr": 0.0,
    "METEOR": 0.1523809523809524,
    "SPICE": 0.06060606060606061,
    "BLEU_4": 1.1559871146073225e-12
  },
  "9": {
    "BLEU_1": 0.2857142856326532,
    "BLEU_2": 6.900655591369778e-09,
    "ROUGE_L": 0.2634989200863931,
    "CIDEr": 0.0,
    "METEOR": 0.15384615384615385,
    "SPICE": 0.06060606060606061,
    "BLEU_4": 1.2421889947162098e-12
  }
}