{
  "0": {
    "BLEU_1": 0.33093633838648934,
    "BLEU_2": 6.459215935396237e-09,
    "ROUGE_L": 0.21785714285714283,
    "CIDEr": 0.0,
    "METEOR": 0.09544501402510233,
    "SPICE": 0.1142857142857143,
    "BLEU_4": 1.0201550479411466e-12
  },
  "1": {
    "BLEU_1": 0.4444444443456792,
    "BLEU_2": 7.453559923291195e-09,
    "ROUGE_L": 0.20854700854700853,
    "CIDEr": 0.0,
    "METEOR": 0.14698162729658795,
    "SPICE": 0.10526315789473684,
    "BLEU_4": 1.0724314733358218e-12
  },
  "2": {
    "BLEU_1": 0.3999999999200002,
    "BLEU_2": 6.666666665296299e-09,
    "ROUGE_L": 0.3,
    "CIDEr": 0.0,
    "METEOR": 0.10416666666666669,
    "SPICE": 0.10256410256410257,
    "BLEU_4": 9.438595266157062e-13
  },
  "3": {
    "BLEU_1": 0.36363636357024803,
    "BLEU_2": 6.030226890431458e-09,
    "ROUGE_L": 0.1921259842519685,
    "CIDEr": 0.0,
    "METEOR": 0.1318607871777907,
    "SPICE": 0.15,
    "BLEU_4": 8.430118944817767e-13
  },
  "4": {
    "BLEU_1": 0.35714285709183685,
    "BLEU_2": 5.241424182846418e-09,
    "ROUGE_L": 0.2577464788732394,
    "CIDEr": 0.0,
    "METEOR": 0.22647698074327327,
    "SPICE": 0.14634146341463414,
    "BLEU_4": 6.754312827648534e-13
  },
  "5": {
    "BLEU_1": 0.3561388763461003,
    "BLEU_2": 0.16577362527330505,
    "ROUGE_L": 0.2671532846715329,
    "CIDEr": 0.0,
    "METEOR": 0.2315098025375682,
    "SPICE": 0.2,
    "BLEU_4": 3.825655967137025e-09
  },
  "6": {
    "BLEU_1": 0.2849111010768803,
    "BLEU_2": 4.688786182905264e-09,
    "ROUGE_L": 0.2671532846715329,
    "CIDEr": 0.0,
    "METEOR": 0.17127802201404793,
    "SPICE": 0.14634146341463414,
    "BLEU_4": 6.433960777519012e-13
  },
  "7": {
    "BLEU_1": 0.36363636357024803,
    "BLEU_2": 6.030226890431458e-09,
    "ROUGE_L": 0.28818897637795277,
    "CIDEr": 0.0,
    "METEOR": 0.17650788528165245,
    "SPICE": 0.15789473684210528,
    "BLEU_4": 8.430118944817767e-13
  },
  "8": {
    "BLEU_1": 0.4444444443456792,
    "BLEU_2": 7.453559923291195e-09,
    "ROUGE_L": 0.31282051282051276,
    "CIDEr": 0.0,
    "METEOR": 0.10666666666666667,
    "SPICE": 0.1111111111111111,
    "BLEU_4": 1.0724314733358218e-12
  },
  "9": {
    "BLEU_1": 0.4444444443456792,
    "BLEU_2": 7.453559923291195e-09,
    "ROUGE_L": 0.31282051282051276,
    "CIDEr": 0.0,
    "METEOR": 0.10666666666666667,
    "SPICE": 0.1111111111111111,
    "BLEU_4": 1.0724314733358218e-12
  }
}