{
  "0": {
    "BLEU_1": 9.999999999e-17,
    "BLEU_2": 1.0540925532781945e-16,
    "ROUGE_L": 0.0,
    "CIDEr": 0.0,
    "METEOR": 0.05052631578947369,
    "SPICE": 0.0,
    "BLEU_4": 1.186840521809983e-16
  },
  "1": {
    "BLEU_1": 0.09090909090082655,
    "BLEU_2": 3.015113445489832e-09,
    "ROUGE_L": 0.108348134991119,
    "CIDEr": 0.0,
    "METEOR": 0.09609609609609611,
    "SPICE": 0.06060606060606061,
    "BLEU_4": 5.960994272631735e-13
  },
  "2": {
    "BLEU_1": 0.06666666666222229,
    "BLEU_2": 2.1821789022092506e-09,
    "ROUGE_L": 0.09200603318250376,
    "CIDEr": 0.0,
    "METEOR": 0.18205215035557065,
    "SPICE": 0.05714285714285715,
    "BLEU_4": 4.179882048905089e-13
  },
  "3": {
    "BLEU_1": 0.07692307691715985,
    "BLEU_2": 2.531848417506296e-09,
    "ROUGE_L": 0.09951060358890701,
    "CIDEr": 0.0,
    "METEOR": 0.18467880453452426,
    "SPICE": 0.05714285714285715,
    "BLEU_4": 4.91327054771308e-13
  },
  "4": {
    "BLEU_1": 0.055555555552469195,
    "BLEU_2": 1.8077538150520845e-09,
    "ROUGE_L": 0.07881136950904392,
    "CIDEr": 0.0,
    "METEOR": 0.16038186157517903,
    "SPICE": 0.05555555555555555,
    "BLEU_4": 3.4159919055542935e-13
  },
  "5": {
    "BLEU_1": 9.090909090082646e-17,
    "BLEU_2": 9.534625891545801e-17,
    "ROUGE_L": 0.0,
    "CIDEr": 0.0,
    "METEOR": 0.06873977086743047,
    "SPICE": 0.0,
    "BLEU_4": 1.0600313378380957e-16
  },
  "6": {
    "BLEU_1": 7.692307691715977e-17,
    "BLEU_2": 8.006407689612819e-17,
    "ROUGE_L": 0.0,
    "CIDEr": 0.0,
    "METEOR": 0.06929133858267715,
    "SPICE": 0.05128205128205127,
    "BLEU_4": 8.737167850948829e-17
  },
  "7": {
    "BLEU_1": 7.692307691715977e-17,
    "BLEU_2": 8.006407689612819e-17,
    "ROUGE_L": 0.0,
    "CIDEr": 0.0,
    "METEOR": 0.06929133858267715,
    "SPICE": 0.05128205128205127,
    "BLEU_4": 8.737167850948829e-17
  },
  "8": {
    "BLEU_1": 1.111111110864198e-16,
    "BLEU_2": 1.178511301707504e-16,
    "ROUGE_L": 0.0,
    "CIDEr": 0.0,
    "METEOR": 0.07410526315789473,
    "SPICE": 0.06451612903225806,
    "BLEU_4": 1.3485111856165858e-16
  },
  "9": {
    "BLEU_1": 1.111111110864198e-16,
    "BLEU_2": 1.178511301707504e-16,
    "ROUGE_L": 0.0,
    "CIDEr": 0.0,
    "METEOR": 0.07410526315789473,
    "SPICE": 0.0625,
    "BLEU_4": 1.3485111856165858e-16
  }
}