{
  "0": {
    "BLEU_1": 7.162619917923445e-17,
    "BLEU_2": 8.27068107508754e-17,
    "ROUGE_L": 0.0,
    "CIDEr": 0.0,
    "METEOR": 0.0,
    "SPICE": 0.0,
    "BLEU_4": 1.2944315414357063e-16
  },
  "1": {
    "BLEU_1": 0.2695973783624942,
    "BLEU_2": 0.17402435942550276,
    "ROUGE_L": 0.2190305206463196,
    "CIDEr": 0.0,
    "METEOR": 0.13330316149460247,
    "SPICE": 0.13333333333333336,
    "BLEU_4": 5.650012601115274e-09
  },
  "2": {
    "BLEU_1": 0.17973158557499613,
    "BLEU_2": 0.14209029446906069,
    "ROUGE_L": 0.2515463917525773,
    "CIDEr": 0.0,
    "METEOR": 0.13330316149460247,
    "SPICE": 0.13333333333333336,
    "BLEU_4": 5.105362706788634e-09
  },
  "3": {
    "BLEU_1": 0.17973158557499613,
    "BLEU_2": 0.14209029446906069,
    "ROUGE_L": 0.2515463917525773,
    "CIDEr": 0.0,
    "METEOR": 0.13146871431807125,
    "SPICE": 0.12903225806451613,
    "BLEU_4": 5.105362706788634e-09
  },
  "4": {
    "BLEU_1": 0.21470779796016531,
    "BLEU_2": 0.1639857894063383,
    "ROUGE_L": 0.22803738317757008,
    "CIDEr": 0.0,
    "METEOR": 0.13146871431807125,
    "SPICE": 0.12903225806451613,
    "BLEU_4": 5.249325938137114e-09
  },
  "5": {
    "BLEU_1": 0.4444444443456792,
    "BLEU_2": 0.23570226034150096,
    "ROUGE_L": 0.1856925418569254,
    "CIDEr": 0.0,
    "METEOR": 0.21408314353590163,
    "SPICE": 0.23529411764705882,
    "BLEU_4": 6.030725358915047e-09
  },
  "6": {
    "BLEU_1": 0.4444444443456792,
    "BLEU_2": 0.23570226034150096,
    "ROUGE_L": 0.2222222222222222,
    "CIDEr": 0.0,
    "METEOR": 0.21679591832199546,
    "SPICE": 0.24242424242424246,
    "BLEU_4": 6.030725358915047e-09
  },
  "7": {
    "BLEU_1": 7.162619917923445e-17,
    "BLEU_2": 8.27068107508754e-17,
    "ROUGE_L": 0.0,
    "CIDEr": 0.0,
    "METEOR": 0.07951176983435049,
    "SPICE": 0.07142857142857144,
    "BLEU_4": 1.2944315414357063e-16
  },
  "8": {
    "BLEU_1": 7.162619917923445e-17,
    "BLEU_2": 8.27068107508754e-17,
    "ROUGE_L": 0.0,
    "CIDEr": 0.0,
    "METEOR": 0.06201550387596899,
    "SPICE": 0.06896551724137931,
    "BLEU_4": 1.2944315414357063e-16
  },
  "9": {
    "BLEU_1": 0.22222222217283966,
    "BLEU_2": 5.270462765739487e-09,
    "ROUGE_L": 0.10427350427350426,
    "CIDEr": 0.0,
    "METEOR": 0.11446597232736429,
    "SPICE": 0.1875,
    "BLEU_4": 9.018037815333522e-13
  }
}