{
  "0": {
    "BLEU_1": 0.4999999998750002,
    "BLEU_2": 0.26726124184322303,
    "ROUGE_L": 0.375,
    "CIDEr": 0.0,
    "METEOR": 0.16634915807119766,
    "SPICE": 0.06666666666666667,
    "BLEU_4": 6.985342054598842e-09
  },
  "1": {
    "BLEU_1": 0.4166666666319445,
    "BLEU_2": 0.2752409412576109,
    "ROUGE_L": 0.4149659863945578,
    "CIDEr": 0.0,
    "METEOR": 0.22217193582433745,
    "SPICE": 0.2580645161290322,
    "BLEU_4": 3.0289764015178343e-05
  },
  "2": {
    "BLEU_1": 0.357142857117347,
    "BLEU_2": 0.2344036154518607,
    "ROUGE_L": 0.3824451410658307,
    "CIDEr": 0.0,
    "METEOR": 0.20884161967487722,
    "SPICE": 0.23529411764705885,
    "BLEU_4": 2.540028971314249e-05
  },
  "3": {
    "BLEU_1": 0.5429024507129954,
    "BLEU_2": 0.23362801669054928,
    "ROUGE_L": 0.4535315985130111,
    "CIDEr": 0.0,
    "METEOR": 0.2597270637886846,
    "SPICE": 0.18749999999999997,
    "BLEU_4": 5.314968931354379e-09
  },
  "4": {
    "BLEU_1": 0.36363636357024803,
    "BLEU_2": 0.19069251781358043,
    "ROUGE_L": 0.32504440497335696,
    "CIDEr": 0.0,
    "METEOR": 0.24544887441810245,
    "SPICE": 0.3888888888888889,
    "BLEU_4": 4.740604258941092e-09
  },
  "5": {
    "BLEU_1": 0.45454545446281003,
    "BLEU_2": 0.2132007163158777,
    "ROUGE_L": 0.32504440497335696,
    "CIDEr": 0.0,
    "METEOR": 0.2535708674077557,
    "SPICE": 0.4117647058823529,
    "BLEU_4": 5.012578714748261e-09
  },
  "6": {
    "BLEU_1": 0.5833333332847223,
    "BLEU_2": 0.23028309321585674,
    "ROUGE_L": 0.4149659863945578,
    "CIDEr": 0.0,
    "METEOR": 0.25137123331827116,
    "SPICE": 0.13333333333333333,
    "BLEU_4": 4.926862020644611e-09
  },
  "7": {
    "BLEU_1": 0.5833333332847223,
    "BLEU_2": 0.23028309321585674,
    "ROUGE_L": 0.4149659863945578,
    "CIDEr": 0.0,
    "METEOR": 0.25137123331827116,
    "SPICE": 0.13333333333333333,
    "BLEU_4": 4.926862020644611e-09
  },
  "8": {
    "BLEU_1": 0.46153846150295863,
    "BLEU_2": 0.1961161351224697,
    "ROUGE_L": 0.39804241435562804,
    "CIDEr": 0.0,
    "METEOR": 0.24544887441810245,
    "SPICE": 0.1714285714285714,
    "BLEU_4": 4.324227075083586e-09
  },
  "9": {
    "BLEU_1": 0.24999999997916675,
    "BLEU_2": 0.1507556722757479,
    "ROUGE_L": 0.2074829931972789,
    "CIDEr": 0.0,
    "METEOR": 0.12085509664264897,
    "SPICE": 0.0,
    "BLEU_4": 3.986357127883976e-09
  }
}