{
  "0": {
    "BLEU_1": 0.21470779796016531,
    "BLEU_2": 5.1856859842473975e-09,
    "ROUGE_L": 0.24448897795591182,
    "CIDEr": 0.0,
    "METEOR": 0.15058823529411766,
    "SPICE": 0.11764705882352941,
    "BLEU_4": 9.334768232372482e-13
  },
  "1": {
    "BLEU_1": 0.26666666664888894,
    "BLEU_2": 4.3643578044184995e-09,
    "ROUGE_L": 0.17453505007153075,
    "CIDEr": 0.0,
    "METEOR": 0.16541177430632012,
    "SPICE": 0.047619047619047616,
    "BLEU_4": 5.911245882681416e-13
  },
  "2": {
    "BLEU_1": 0.36363636360330587,
    "BLEU_2": 0.19069251783091612,
    "ROUGE_L": 0.2036727879799666,
    "CIDEr": 0.0,
    "METEOR": 0.15346813919400312,
    "SPICE": 0.10526315789473682,
    "BLEU_4": 4.740604259372055e-09
  },
  "3": {
    "BLEU_1": 0.33333333327777787,
    "BLEU_2": 5.5048188246934825e-09,
    "ROUGE_L": 0.19551282051282048,
    "CIDEr": 0.0,
    "METEOR": 0.13704496788008566,
    "SPICE": 0.0,
    "BLEU_4": 7.617472369343701e-13
  },
  "4": {
    "BLEU_1": 0.4444444443456792,
    "BLEU_2": 7.453559923291195e-09,
    "ROUGE_L": 0.2222222222222222,
    "CIDEr": 0.0,
    "METEOR": 0.15983317722509083,
    "SPICE": 0.10810810810810811,
    "BLEU_4": 1.0724314733358218e-12
  },
  "5": {
    "BLEU_1": 0.6666666665555557,
    "BLEU_2": 0.5504818824693483,
    "ROUGE_L": 0.46212121212121204,
    "CIDEr": 0.0,
    "METEOR": 0.28460571773577137,
    "SPICE": 0.15789473684210525,
    "BLEU_4": 4.283619506777607e-05
  },
  "6": {
    "BLEU_1": 0.6153846153372783,
    "BLEU_2": 0.5063696835012589,
    "ROUGE_L": 0.44525547445255476,
    "CIDEr": 0.0,
    "METEOR": 0.3019248160280588,
    "SPICE": 0.15384615384615383,
    "BLEU_4": 3.907380249109468e-05
  },
  "7": {
    "BLEU_1": 0.6153846153372783,
    "BLEU_2": 0.5063696835012589,
    "ROUGE_L": 0.44525547445255476,
    "CIDEr": 0.0,
    "METEOR": 0.2792804548259545,
    "SPICE": 0.15384615384615383,
    "BLEU_4": 3.907380249109468e-05
  },
  "8": {
    "BLEU_1": 0.5454545454049587,
    "BLEU_2": 0.4045199174393321,
    "ROUGE_L": 0.3055091819699499,
    "CIDEr": 0.0,
    "METEOR": 0.16568883374228083,
    "SPICE": 0.16216216216216214,
    "BLEU_4": 6.904573082537467e-09
  },
  "9": {
    "BLEU_1": 0.6666666665555557,
    "BLEU_2": 0.4264014326385389,
    "ROUGE_L": 0.3696969696969697,
    "CIDEr": 0.0,
    "METEOR": 0.21431415132123235,
    "SPICE": 0.15789473684210525,
    "BLEU_4": 6.704226836958771e-09
  }
}