{
  "0": {
    "BLEU_1": 0.33093633838648934,
    "BLEU_2": 0.2042583425470713,
    "ROUGE_L": 0.34923664122137404,
    "CIDEr": 0.0,
    "METEOR": 0.15347721822541968,
    "SPICE": 0.09302325581395347,
    "BLEU_4": 5.736753415588487e-09
  },
  "1": {
    "BLEU_1": 0.27272727270247943,
    "BLEU_2": 5.222329678172441e-09,
    "ROUGE_L": 0.240473061760841,
    "CIDEr": 0.0,
    "METEOR": 0.041025641025641026,
    "SPICE": 0.0,
    "BLEU_4": 7.84510965356927e-13
  },
  "2": {
    "BLEU_1": 0.4999999999500001,
    "BLEU_2": 7.453559924212536e-09,
    "ROUGE_L": 0.31881533101045295,
    "CIDEr": 0.0,
    "METEOR": 0.21554360925911525,
    "SPICE": 0.13636363636363635,
    "BLEU_4": 9.98009940267863e-13
  },
  "3": {
    "BLEU_1": 0.3124999999609375,
    "BLEU_2": 4.564354645296331e-09,
    "ROUGE_L": 0.2527624309392265,
    "CIDEr": 0.0,
    "METEOR": 0.19174124750043994,
    "SPICE": 0.07843137254901959,
    "BLEU_4": 5.81663542038042e-13
  },
  "4": {
    "BLEU_1": 0.3124999999609375,
    "BLEU_2": 4.564354645296331e-09,
    "ROUGE_L": 0.20654627539503387,
    "CIDEr": 0.0,
    "METEOR": 0.1562217405065372,
    "SPICE": 0.08333333333333333,
    "BLEU_4": 5.81663542038042e-13
  },
  "5": {
    "BLEU_1": 0.26666666663111116,
    "BLEU_2": 4.364357804127542e-09,
    "ROUGE_L": 0.21254355400696867,
    "CIDEr": 0.0,
    "METEOR": 0.14665842808356108,
    "SPICE": 0.08695652173913043,
    "BLEU_4": 5.911245882287333e-13
  },
  "6": {
    "BLEU_1": 0.26666666663111116,
    "BLEU_2": 4.364357804127542e-09,
    "ROUGE_L": 0.21254355400696867,
    "CIDEr": 0.0,
    "METEOR": 0.11538461538461538,
    "SPICE": 0.08695652173913043,
    "BLEU_4": 5.911245882287333e-13
  },
  "7": {
    "BLEU_1": 0.26666666663111116,
    "BLEU_2": 4.364357804127542e-09,
    "ROUGE_L": 0.21254355400696867,
    "CIDEr": 0.0,
    "METEOR": 0.11538461538461538,
    "SPICE": 0.08695652173913043,
    "BLEU_4": 5.911245882287333e-13
  },
  "8": {
    "BLEU_1": 0.2660179370202898,
    "BLEU_2": 4.3648896351938675e-09,
    "ROUGE_L": 0.271513353115727,
    "CIDEr": 0.0,
    "METEOR": 0.12200435729847495,
    "SPICE": 0.0816326530612245,
    "BLEU_4": 5.947475114689908e-13
  },
  "9": {
    "BLEU_1": 0.2660179370202898,
    "BLEU_2": 4.3648896351938675e-09,
    "ROUGE_L": 0.271513353115727,
    "CIDEr": 0.0,
    "METEOR": 0.12200435729847495,
    "SPICE": 0.08695652173913043,
    "BLEU_4": 5.947475114689908e-13
  }
}