{
  "0": {
    "BLEU_1": 0.24999999993750016,
    "BLEU_2": 5.976143045124577e-09,
    "ROUGE_L": 0.20469798657718125,
    "CIDEr": 0.0,
    "METEOR": 0.0734889160961758,
    "SPICE": 0.18181818181818182,
    "BLEU_4": 1.0445522727757714e-12
  },
  "1": {
    "BLEU_1": 0.11764705881660904,
    "BLEU_2": 2.7116307225687105e-09,
    "ROUGE_L": 0.07429963459196103,
    "CIDEr": 0.0,
    "METEOR": 0.07191011235955057,
    "SPICE": 0.14285714285714282,
    "BLEU_4": 4.3257403657294177e-13
  },
  "2": {
    "BLEU_1": 0.09090909089256209,
    "BLEU_2": 3.0151134452157307e-09,
    "ROUGE_L": 0.09090909090909091,
    "CIDEr": 0.0,
    "METEOR": 0.11937715071677456,
    "SPICE": 0.17142857142857143,
    "BLEU_4": 5.960994272089826e-13
  },
  "3": {
    "BLEU_1": 9.999999999e-17,
    "BLEU_2": 1.0540925532781945e-16,
    "ROUGE_L": 0.0,
    "CIDEr": 0.0,
    "METEOR": 0.0716713393605248,
    "SPICE": 0.12121212121212122,
    "BLEU_4": 1.186840521809983e-16
  },
  "4": {
    "BLEU_1": 0.2999999999700001,
    "BLEU_2": 0.18257418581578377,
    "ROUGE_L": 0.28328173374613,
    "CIDEr": 0.0,
    "METEOR": 0.14801322928472083,
    "SPICE": 0.12121212121212122,
    "BLEU_4": 4.939382736523921e-09
  },
  "5": {
    "BLEU_1": 0.4166666666319445,
    "BLEU_2": 0.19462473602342495,
    "ROUGE_L": 0.43821839080459773,
    "CIDEr": 0.0,
    "METEOR": 0.1759783692534559,
    "SPICE": 0.1764705882352941,
    "BLEU_4": 4.5293761703575315e-09
  },
  "6": {
    "BLEU_1": 0.26666666664888894,
    "BLEU_2": 0.13801311185894144,
    "ROUGE_L": 0.3164721141374838,
    "CIDEr": 0.0,
    "METEOR": 0.13617217094194314,
    "SPICE": 0.10810810810810811,
    "BLEU_4": 3.324137843193063e-09
  },
  "7": {
    "BLEU_1": 0.28571428569387763,
    "BLEU_2": 0.14824986332122378,
    "ROUGE_L": 0.3270777479892761,
    "CIDEr": 0.0,
    "METEOR": 0.15062338035925205,
    "SPICE": 0.15384615384615383,
    "BLEU_4": 3.592143420053192e-09
  },
  "8": {
    "BLEU_1": 0.23529411763321803,
    "BLEU_2": 0.12126781251081024,
    "ROUGE_L": 0.2971985383678441,
    "CIDEr": 0.0,
    "METEOR": 0.13737272514318993,
    "SPICE": 0.15384615384615383,
    "BLEU_4": 2.8927969314267103e-09
  },
  "9": {
    "BLEU_1": 0.4117647058581315,
    "BLEU_2": 0.16042223697020558,
    "ROUGE_L": 0.4457978075517661,
    "CIDEr": 0.0,
    "METEOR": 0.21198750821274848,
    "SPICE": 0.2,
    "BLEU_4": 3.3271889137551674e-09
  }
}