{
  "0": {
    "BLEU_1": 0.32928698152470126,
    "BLEU_2": 0.21255383258936583,
    "ROUGE_L": 0.37731958762886597,
    "CIDEr": 0.0,
    "METEOR": 0.11454750079768292,
    "SPICE": 0.0909090909090909,
    "BLEU_4": 6.900940974641912e-09
  },
  "1": {
    "BLEU_1": 0.4545454545041323,
    "BLEU_2": 0.36927447290274934,
    "ROUGE_L": 0.5091819699499166,
    "CIDEr": 0.0,
    "METEOR": 0.26568952975012,
    "SPICE": 0.14814814814814814,
    "BLEU_4": 0.24808414999053405
  },
  "2": {
    "BLEU_1": 0.4390493086996017,
    "BLEU_2": 0.4251076651787314,
    "ROUGE_L": 0.5434298440979956,
    "CIDEr": 0.0,
    "METEOR": 0.25736166609882266,
    "SPICE": 0.0909090909090909,
    "BLEU_4": 0.3670124607049764
  },
  "3": {
    "BLEU_1": 1.194218850558243e-16,
    "BLEU_2": 1.3082012060754779e-16,
    "ROUGE_L": 0.0,
    "CIDEr": 0.0,
    "METEOR": 0.11678832116788321,
    "SPICE": 0.09523809523809525,
    "BLEU_4": 1.6449759291817379e-16
  },
  "4": {
    "BLEU_1": 1.2499999996875005e-16,
    "BLEU_2": 1.3363062092161143e-16,
    "ROUGE_L": 0.0,
    "CIDEr": 0.0,
    "METEOR": 0.06760563380281691,
    "SPICE": 0.0,
    "BLEU_4": 1.561969968017105e-16
  },
  "5": {
    "BLEU_1": 0.12383969992892904,
    "BLEU_2": 4.229931026759462e-09,
    "ROUGE_L": 0.12224448897795591,
    "CIDEr": 0.0,
    "METEOR": 0.0881542699724518,
    "SPICE": 0.0,
    "BLEU_4": 9.054992803586729e-13
  },
  "6": {
    "BLEU_1": 0.09999999998000014,
    "BLEU_2": 3.333333332648151e-09,
    "ROUGE_L": 0.11338289962825278,
    "CIDEr": 0.0,
    "METEOR": 0.12698412698412698,
    "SPICE": 0.08333333333333333,
    "BLEU_4": 6.674094717574907e-13
  },
  "7": {
    "BLEU_1": 0.4444444443456792,
    "BLEU_2": 0.23570226034150096,
    "ROUGE_L": 0.3333333333333333,
    "CIDEr": 0.0,
    "METEOR": 0.1849802637751718,
    "SPICE": 0.15384615384615383,
    "BLEU_4": 6.030725358915047e-09
  },
  "8": {
    "BLEU_1": 0.3715190997867868,
    "BLEU_2": 0.23168286400471463,
    "ROUGE_L": 0.2634989200863931,
    "CIDEr": 0.0,
    "METEOR": 0.1943069997638359,
    "SPICE": 0.09523809523809525,
    "BLEU_4": 6.701444468735928e-09
  },
  "9": {
    "BLEU_1": 0.27272727270247943,
    "BLEU_2": 5.222329678172441e-09,
    "ROUGE_L": 0.1921259842519685,
    "CIDEr": 0.0,
    "METEOR": 0.1716195302520716,
    "SPICE": 0.14285714285714285,
    "BLEU_4": 7.84510965356927e-13
  }
}