{
  "0": {
    "BLEU_1": 0.08986579278749814,
    "BLEU_2": 3.1772355737578207e-09,
    "ROUGE_L": 0.10286677908937607,
    "CIDEr": 0.0,
    "METEOR": 0.10344827586206898,
    "SPICE": 0.05128205128205128,
    "BLEU_4": 7.634297901288654e-13
  },
  "1": {
    "BLEU_1": 0.20217688650348561,
    "BLEU_2": 4.952302097098729e-09,
    "ROUGE_L": 0.09870550161812298,
    "CIDEr": 0.0,
    "METEOR": 0.10147991543340383,
    "SPICE": 0.0,
    "BLEU_4": 9.311821291619466e-13
  },
  "2": {
    "BLEU_1": 0.3032653297552284,
    "BLEU_2": 0.1918018354745145,
    "ROUGE_L": 0.18654434250764526,
    "CIDEr": 0.0,
    "METEOR": 0.11991434689507496,
    "SPICE": 0.0,
    "BLEU_4": 5.795053468391787e-09
  },
  "3": {
    "BLEU_1": 0.32206169694024794,
    "BLEU_2": 6.3511423138542446e-09,
    "ROUGE_L": 0.17967599410898377,
    "CIDEr": 0.0,
    "METEOR": 0.18216281227859615,
    "SPICE": 0.05128205128205128,
    "BLEU_4": 1.0330619227359553e-12
  },
  "4": {
    "BLEU_1": 0.17973158557499613,
    "BLEU_2": 4.493289639262571e-09,
    "ROUGE_L": 0.10286677908937607,
    "CIDEr": 0.0,
    "METEOR": 0.10344827586206898,
    "SPICE": 0.0,
    "BLEU_4": 9.078761382262807e-13
  },
  "5": {
    "BLEU_1": 0.5515605639774822,
    "BLEU_2": 0.26369638633624565,
    "ROUGE_L": 0.25994318181818177,
    "CIDEr": 0.0,
    "METEOR": 0.13361169102296452,
    "SPICE": 0.05263157894736842,
    "BLEU_4": 6.518210331440214e-09
  },
  "6": {
    "BLEU_1": 0.3032653297552284,
    "BLEU_2": 0.1918018354745145,
    "ROUGE_L": 0.18654434250764526,
    "CIDEr": 0.0,
    "METEOR": 0.11991434689507496,
    "SPICE": 0.0,
    "BLEU_4": 5.795053468391787e-09
  },
  "7": {
    "BLEU_1": 0.32206169694024794,
    "BLEU_2": 0.20084075455651398,
    "ROUGE_L": 0.17967599410898377,
    "CIDEr": 0.0,
    "METEOR": 0.17021276595744683,
    "SPICE": 0.05555555555555555,
    "BLEU_4": 5.809334106350273e-09
  },
  "8": {
    "BLEU_1": 0.17973158557499613,
    "BLEU_2": 4.493289639262571e-09,
    "ROUGE_L": 0.10286677908937607,
    "CIDEr": 0.0,
    "METEOR": 0.10344827586206898,
    "SPICE": 0.0,
    "BLEU_4": 9.078761382262807e-13
  },
  "9": {
    "BLEU_1": 0.5515605639774822,
    "BLEU_2": 0.26369638633624565,
    "ROUGE_L": 0.25994318181818177,
    "CIDEr": 0.0,
    "METEOR": 0.13361169102296452,
    "SPICE": 0.05263157894736842,
    "BLEU_4": 6.518210331440214e-09
  }
}