{
  "0": {
    "BLEU_1": 0.4999999999000002,
    "BLEU_2": 7.453559923467182e-09,
    "ROUGE_L": 0.3,
    "CIDEr": 0.0,
    "METEOR": 0.191264367816092,
    "SPICE": 0.06060606060606061,
    "BLEU_4": 9.98009940168062e-13
  },
  "1": {
    "BLEU_1": 0.36363636360330587,
    "BLEU_2": 6.03022689097966e-09,
    "ROUGE_L": 0.28818897637795277,
    "CIDEr": 0.0,
    "METEOR": 0.18995433789954339,
    "SPICE": 0.1176470588235294,
    "BLEU_4": 8.430118945584141e-13
  },
  "2": {
    "BLEU_1": 0.27272727270247943,
    "BLEU_2": 5.222329678172441e-09,
    "ROUGE_L": 0.28818897637795277,
    "CIDEr": 0.0,
    "METEOR": 0.14577006507592194,
    "SPICE": 0.1176470588235294,
    "BLEU_4": 7.84510965356927e-13
  },
  "3": {
    "BLEU_1": 0.5833333332847223,
    "BLEU_2": 0.32566947361109216,
    "ROUGE_L": 0.2932692307692307,
    "CIDEr": 0.0,
    "METEOR": 0.1886621315192744,
    "SPICE": 0.24242424242424243,
    "BLEU_4": 5.859059369587253e-09
  },
  "4": {
    "BLEU_1": 0.4545454545041323,
    "BLEU_2": 0.21320071633525958,
    "ROUGE_L": 0.3055091819699499,
    "CIDEr": 0.0,
    "METEOR": 0.20318553773542952,
    "SPICE": 0.12121212121212122,
    "BLEU_4": 5.01257871520395e-09
  },
  "5": {
    "BLEU_1": 0.5833333332847223,
    "BLEU_2": 0.32566947361109216,
    "ROUGE_L": 0.2932692307692307,
    "CIDEr": 0.0,
    "METEOR": 0.1886621315192744,
    "SPICE": 0.2352941176470588,
    "BLEU_4": 5.859059369587253e-09
  },
  "6": {
    "BLEU_1": 0.4545454545041323,
    "BLEU_2": 0.21320071633525958,
    "ROUGE_L": 0.3055091819699499,
    "CIDEr": 0.0,
    "METEOR": 0.20318553773542952,
    "SPICE": 0.12121212121212122,
    "BLEU_4": 5.01257871520395e-09
  },
  "7": {
    "BLEU_1": 0.4999999999642858,
    "BLEU_2": 0.277350098092042,
    "ROUGE_L": 0.271513353115727,
    "CIDEr": 0.0,
    "METEOR": 0.1907737514936725,
    "SPICE": 0.22857142857142854,
    "BLEU_4": 4.913270547748174e-09
  },
  "8": {
    "BLEU_1": 0.5384615384201185,
    "BLEU_2": 0.2995723447336349,
    "ROUGE_L": 0.2819722650231125,
    "CIDEr": 0.0,
    "METEOR": 0.1848888888888889,
    "SPICE": 0.2352941176470588,
    "BLEU_4": 5.3444459343213495e-09
  },
  "9": {
    "BLEU_1": 0.4666666666355556,
    "BLEU_2": 0.2581988897293332,
    "ROUGE_L": 0.26180257510729615,
    "CIDEr": 0.0,
    "METEOR": 0.18696673649712472,
    "SPICE": 0.2162162162162162,
    "BLEU_4": 4.546697236652585e-09
  }
}