{
  "0": {
    "BLEU_1": 0.07357588820485822,
    "BLEU_2": 2.6013004740088944e-09,
    "ROUGE_L": 0.11708253358925146,
    "CIDEr": 0.0,
    "METEOR": 0.05581395348837209,
    "SPICE": 0.05714285714285715,
    "BLEU_4": 6.250434469943716e-13
  },
  "1": {
    "BLEU_1": 9.306272247784718e-17,
    "BLEU_2": 1.0051922884327337e-16,
    "ROUGE_L": 0.0,
    "CIDEr": 0.0,
    "METEOR": 0.05429864253393665,
    "SPICE": 0.05405405405405405,
    "BLEU_4": 1.2100518272513984e-16
  },
  "2": {
    "BLEU_1": 0.2920502935787644,
    "BLEU_2": 5.700238056112239e-09,
    "ROUGE_L": 0.3070469798657718,
    "CIDEr": 0.0,
    "METEOR": 0.15095019245901606,
    "SPICE": 0.05405405405405405,
    "BLEU_4": 9.002836699641014e-13
  },
  "3": {
    "BLEU_1": 0.38940039143835253,
    "BLEU_2": 0.29435902747653925,
    "ROUGE_L": 0.4093959731543625,
    "CIDEr": 0.0,
    "METEOR": 0.21406859599809702,
    "SPICE": 0.1081081081081081,
    "BLEU_4": 3.63807422753928e-05
  },
  "4": {
    "BLEU_1": 0.5841005871575288,
    "BLEU_2": 0.3605147092497073,
    "ROUGE_L": 0.45658682634730546,
    "CIDEr": 0.0,
    "METEOR": 0.2672434103431656,
    "SPICE": 0.2162162162162162,
    "BLEU_4": 7.159692503094259e-09
  },
  "5": {
    "BLEU_1": 0.4867504892979407,
    "BLEU_2": 0.23271124416448763,
    "ROUGE_L": 0.45658682634730546,
    "CIDEr": 0.0,
    "METEOR": 0.2452801865314558,
    "SPICE": 0.16216216216216214,
    "BLEU_4": 5.752300427890898e-09
  },
  "6": {
    "BLEU_1": 0.5841005871575288,
    "BLEU_2": 0.3605147092497073,
    "ROUGE_L": 0.45658682634730546,
    "CIDEr": 0.0,
    "METEOR": 0.2672434103431656,
    "SPICE": 0.2162162162162162,
    "BLEU_4": 7.159692503094259e-09
  },
  "7": {
    "BLEU_1": 0.4867504892979407,
    "BLEU_2": 0.23271124416448763,
    "ROUGE_L": 0.45658682634730546,
    "CIDEr": 0.0,
    "METEOR": 0.2452801865314558,
    "SPICE": 0.16216216216216214,
    "BLEU_4": 5.752300427890898e-09
  },
  "8": {
    "BLEU_1": 0.5841005871575288,
    "BLEU_2": 0.3605147092497073,
    "ROUGE_L": 0.45658682634730546,
    "CIDEr": 0.0,
    "METEOR": 0.2672434103431656,
    "SPICE": 0.2162162162162162,
    "BLEU_4": 7.159692503094259e-09
  },
  "9": {
    "BLEU_1": 0.4867504892979407,
    "BLEU_2": 0.23271124416448763,
    "ROUGE_L": 0.45658682634730546,
    "CIDEr": 0.0,
    "METEOR": 0.2452801865314558,
    "SPICE": 0.16216216216216214,
    "BLEU_4": 5.752300427890898e-09
  }
}