{
  "0": {
    "BLEU_1": 0.4444444443456792,
    "BLEU_2": 0.23570226034150096,
    "ROUGE_L": 0.41709401709401706,
    "CIDEr": 0.0,
    "METEOR": 0.2602341280258039,
    "SPICE": 0.0975609756097561,
    "BLEU_4": 6.030725358915047e-09
  },
  "1": {
    "BLEU_1": 0.27272727267768604,
    "BLEU_2": 0.1651445647381773,
    "ROUGE_L": 0.3055091819699499,
    "CIDEr": 0.0,
    "METEOR": 0.24934060638751446,
    "SPICE": 0.15384615384615383,
    "BLEU_4": 4.4116293584506874e-09
  },
  "2": {
    "BLEU_1": 0.3999999999200002,
    "BLEU_2": 0.2981423969386873,
    "ROUGE_L": 0.4,
    "CIDEr": 0.0,
    "METEOR": 0.18485284342813502,
    "SPICE": 0.10526315789473684,
    "BLEU_4": 6.311969076838887e-09
  },
  "3": {
    "BLEU_1": 0.30769230766863914,
    "BLEU_2": 0.22645540681077378,
    "ROUGE_L": 0.3562043795620438,
    "CIDEr": 0.0,
    "METEOR": 0.21741734265258056,
    "SPICE": 0.15,
    "BLEU_4": 4.6466843932620825e-09
  },
  "4": {
    "BLEU_1": 0.3333333332592594,
    "BLEU_2": 6.454972242199766e-09,
    "ROUGE_L": 0.2222222222222222,
    "CIDEr": 0.0,
    "METEOR": 0.17733990147783252,
    "SPICE": 0.05263157894736842,
    "BLEU_4": 9.980099401403394e-13
  },
  "5": {
    "BLEU_1": 0.29999999994000015,
    "BLEU_2": 5.773502690709485e-09,
    "ROUGE_L": 0.21254355400696867,
    "CIDEr": 0.0,
    "METEOR": 0.17349397590361448,
    "SPICE": 0.10810810810810811,
    "BLEU_4": 8.783602617783837e-13
  },
  "6": {
    "BLEU_1": 0.19999999996000015,
    "BLEU_2": 4.714045206941321e-09,
    "ROUGE_L": 0.21254355400696867,
    "CIDEr": 0.0,
    "METEOR": 0.07136150234741784,
    "SPICE": 0.05405405405405406,
    "BLEU_4": 7.936880924342154e-13
  },
  "7": {
    "BLEU_1": 0.22062422559099293,
    "BLEU_2": 5.273927726724911e-09,
    "ROUGE_L": 0.232824427480916,
    "CIDEr": 0.0,
    "METEOR": 0.07342995169082125,
    "SPICE": 0.0,
    "BLEU_4": 9.218141453123176e-13
  },
  "8": {
    "BLEU_1": 0.19999999996000015,
    "BLEU_2": 4.714045206941321e-09,
    "ROUGE_L": 0.21254355400696867,
    "CIDEr": 0.0,
    "METEOR": 0.11566265060240964,
    "SPICE": 0.10526315789473684,
    "BLEU_4": 7.936880924342154e-13
  },
  "9": {
    "BLEU_1": 0.18181818178512404,
    "BLEU_2": 0.13483997246751928,
    "ROUGE_L": 0.1921259842519685,
    "CIDEr": 0.0,
    "METEOR": 0.09569377990430623,
    "SPICE": 0.09523809523809523,
    "BLEU_4": 3.986357127480056e-09
  }
}