{
  "0": {
    "BLEU_1": 1.2499999996875005e-16,
    "BLEU_2": 1.3363062092161143e-16,
    "ROUGE_L": 0.0,
    "CIDEr": 0.0,
    "METEOR": 0.05203252032520327,
    "SPICE": 0.0,
    "BLEU_4": 1.561969968017105e-16
  },
  "1": {
    "BLEU_1": 1.2499999996875005e-16,
    "BLEU_2": 1.3363062092161143e-16,
    "ROUGE_L": 0.0,
    "CIDEr": 0.0,
    "METEOR": 0.05203252032520327,
    "SPICE": 0.07142857142857144,
    "BLEU_4": 1.561969968017105e-16
  },
  "2": {
    "BLEU_1": 7.692307691715977e-17,
    "BLEU_2": 8.006407689612819e-17,
    "ROUGE_L": 0.0,
    "CIDEr": 0.0,
    "METEOR": 0.04637681159420291,
    "SPICE": 0.0,
    "BLEU_4": 8.737167850948829e-17
  },
  "3": {
    "BLEU_1": 7.14285714234694e-17,
    "BLEU_2": 7.412493166061185e-17,
    "ROUGE_L": 0.0,
    "CIDEr": 0.0,
    "METEOR": 0.045390070921985826,
    "SPICE": 0.0625,
    "BLEU_4": 8.032276872167517e-17
  },
  "4": {
    "BLEU_1": 1.111111110864198e-16,
    "BLEU_2": 1.178511301707504e-16,
    "ROUGE_L": 0.0,
    "CIDEr": 0.0,
    "METEOR": 0.05079365079365081,
    "SPICE": 0.06896551724137932,
    "BLEU_4": 1.3485111856165858e-16
  },
  "5": {
    "BLEU_1": 1.2499999996875005e-16,
    "BLEU_2": 1.3363062092161143e-16,
    "ROUGE_L": 0.0,
    "CIDEr": 0.0,
    "METEOR": 0.05079365079365081,
    "SPICE": 0.08000000000000002,
    "BLEU_4": 1.561969968017105e-16
  },
  "6": {
    "BLEU_1": 9.0909090892562e-17,
    "BLEU_2": 9.534625890679017e-17,
    "ROUGE_L": 0.0,
    "CIDEr": 0.0,
    "METEOR": 0.049230769230769245,
    "SPICE": 0.06451612903225806,
    "BLEU_4": 1.0600313377417292e-16
  },
  "7": {
    "BLEU_1": 9.0909090892562e-17,
    "BLEU_2": 9.534625890679017e-17,
    "ROUGE_L": 0.0,
    "CIDEr": 0.0,
    "METEOR": 0.049230769230769245,
    "SPICE": 0.06451612903225806,
    "BLEU_4": 1.0600313377417292e-16
  },
  "8": {
    "BLEU_1": 9.0909090892562e-17,
    "BLEU_2": 9.534625890679017e-17,
    "ROUGE_L": 0.0,
    "CIDEr": 0.0,
    "METEOR": 0.049230769230769245,
    "SPICE": 0.06451612903225806,
    "BLEU_4": 1.0600313377417292e-16
  },
  "9": {
    "BLEU_1": 8.33333333263889e-17,
    "BLEU_2": 8.7038827970266e-17,
    "ROUGE_L": 0.0,
    "CIDEr": 0.0,
    "METEOR": 0.04812030075187971,
    "SPICE": 0.06896551724137932,
    "BLEU_4": 9.578464407697051e-17
  }
}