{
  "0": {
    "BLEU_1": 9.196986024687569e-17,
    "BLEU_2": 1.0619764713730698e-16,
    "ROUGE_L": 0.0,
    "CIDEr": 0.0,
    "METEOR": 0.0,
    "SPICE": 0.0,
    "BLEU_4": 1.6620829993657386e-16
  },
  "1": {
    "BLEU_1": 0.3715190997867868,
    "BLEU_2": 7.326455450859374e-09,
    "ROUGE_L": 0.2223572296476306,
    "CIDEr": 0.0,
    "METEOR": 0.1276675896991058,
    "SPICE": 0.13333333333333333,
    "BLEU_4": 1.1917040716272326e-12
  },
  "2": {
    "BLEU_1": 0.12383969992892904,
    "BLEU_2": 4.229931026759462e-09,
    "ROUGE_L": 0.13174946004319654,
    "CIDEr": 0.0,
    "METEOR": 0.15619144269157437,
    "SPICE": 0.12903225806451613,
    "BLEU_4": 9.054992803586729e-13
  },
  "3": {
    "BLEU_1": 0.29999999994000015,
    "BLEU_2": 0.1825741857975264,
    "ROUGE_L": 0.22676579925650556,
    "CIDEr": 0.0,
    "METEOR": 0.13544973544973546,
    "SPICE": 0.11764705882352941,
    "BLEU_4": 4.939382736029984e-09
  },
  "4": {
    "BLEU_1": 0.10976232717490052,
    "BLEU_2": 3.8806842931124116e-09,
    "ROUGE_L": 0.12577319587628866,
    "CIDEr": 0.0,
    "METEOR": 0.07079646017699115,
    "SPICE": 0.06666666666666667,
    "BLEU_4": 9.324552513250358e-13
  },
  "5": {
    "BLEU_1": 0.23884377011164867,
    "BLEU_2": 5.85045365006396e-09,
    "ROUGE_L": 0.1680440771349862,
    "CIDEr": 0.0,
    "METEOR": 0.06779661016949153,
    "SPICE": 0.06451612903225806,
    "BLEU_4": 1.1000617045598687e-12
  },
  "6": {
    "BLEU_1": 0.12383969992892904,
    "BLEU_2": 4.229931026759462e-09,
    "ROUGE_L": 0.11401869158878504,
    "CIDEr": 0.0,
    "METEOR": 0.05289256198347109,
    "SPICE": 0.0625,
    "BLEU_4": 9.054992803586729e-13
  },
  "7": {
    "BLEU_1": 0.10976232717490052,
    "BLEU_2": 3.8806842931124116e-09,
    "ROUGE_L": 0.12577319587628866,
    "CIDEr": 0.0,
    "METEOR": 0.12521739130434784,
    "SPICE": 0.13793103448275865,
    "BLEU_4": 9.324552513250358e-13
  },
  "8": {
    "BLEU_1": 0.12383969992892904,
    "BLEU_2": 4.229931026759462e-09,
    "ROUGE_L": 0.13174946004319654,
    "CIDEr": 0.0,
    "METEOR": 0.09500794040463555,
    "SPICE": 0.06451612903225806,
    "BLEU_4": 9.054992803586729e-13
  },
  "9": {
    "BLEU_1": 0.12499999996875016,
    "BLEU_2": 4.225771272548414e-09,
    "ROUGE_L": 0.125,
    "CIDEr": 0.0,
    "METEOR": 0.0931507043845623,
    "SPICE": 0.0625,
    "BLEU_4": 8.783602617222665e-13
  }
}