{
  "0": {
    "BLEU_1": 0.17973158557499613,
    "BLEU_2": 0.14209029446906069,
    "ROUGE_L": 0.2341650671785029,
    "CIDEr": 0.0,
    "METEOR": 0.17571358065893614,
    "SPICE": 0.14814814814814814,
    "BLEU_4": 5.105362706788634e-09
  },
  "1": {
    "BLEU_1": 0.45454545446281003,
    "BLEU_2": 0.30151134452157297,
    "ROUGE_L": 0.3055091819699499,
    "CIDEr": 0.0,
    "METEOR": 0.2550631994800099,
    "SPICE": 0.1935483870967742,
    "BLEU_4": 5.960994272089826e-09
  },
  "2": {
    "BLEU_1": 0.5515605639774822,
    "BLEU_2": 0.26369638633624565,
    "ROUGE_L": 0.232824427480916,
    "CIDEr": 0.0,
    "METEOR": 0.21906885520494193,
    "SPICE": 0.20689655172413793,
    "BLEU_4": 6.518210331440214e-09
  },
  "3": {
    "BLEU_1": 0.4444444443456792,
    "BLEU_2": 7.453559923291195e-09,
    "ROUGE_L": 0.2222222222222222,
    "CIDEr": 0.0,
    "METEOR": 0.1805869074492099,
    "SPICE": 0.19999999999999998,
    "BLEU_4": 1.0724314733358218e-12
  },
  "4": {
    "BLEU_1": 0.36363636357024803,
    "BLEU_2": 6.030226890431458e-09,
    "ROUGE_L": 0.2036727879799666,
    "CIDEr": 0.0,
    "METEOR": 0.2026151357018778,
    "SPICE": 0.18749999999999997,
    "BLEU_4": 8.430118944817767e-13
  },
  "5": {
    "BLEU_1": 0.22062422559099293,
    "BLEU_2": 5.273927726724911e-09,
    "ROUGE_L": 0.232824427480916,
    "CIDEr": 0.0,
    "METEOR": 0.09014084507042254,
    "SPICE": 0.06666666666666667,
    "BLEU_4": 9.218141453123176e-13
  },
  "6": {
    "BLEU_1": 0.32206169694024794,
    "BLEU_2": 0.20084075455651398,
    "ROUGE_L": 0.3667334669338677,
    "CIDEr": 0.0,
    "METEOR": 0.16184971098265896,
    "SPICE": 0.13793103448275862,
    "BLEU_4": 5.809334106350273e-09
  },
  "7": {
    "BLEU_1": 0.5515605639774822,
    "BLEU_2": 0.26369638633624565,
    "ROUGE_L": 0.34923664122137404,
    "CIDEr": 0.0,
    "METEOR": 0.18433179723502305,
    "SPICE": 0.19999999999999998,
    "BLEU_4": 6.518210331440214e-09
  },
  "8": {
    "BLEU_1": 0.5515605639774822,
    "BLEU_2": 0.26369638633624565,
    "ROUGE_L": 0.34923664122137404,
    "CIDEr": 0.0,
    "METEOR": 0.18433179723502305,
    "SPICE": 0.19999999999999998,
    "BLEU_4": 6.518210331440214e-09
  },
  "9": {
    "BLEU_1": 0.5515605639774822,
    "BLEU_2": 0.26369638633624565,
    "ROUGE_L": 0.34923664122137404,
    "CIDEr": 0.0,
    "METEOR": 0.18433179723502305,
    "SPICE": 0.19999999999999998,
    "BLEU_4": 6.518210331440214e-09
  }
}