{
  "0": {
    "BLEU_1": 0.18181818180165296,
    "BLEU_2": 0.13483997247977744,
    "ROUGE_L": 0.216696269982238,
    "CIDEr": 0.0,
    "METEOR": 0.21585072593477472,
    "SPICE": 0.3333333333333333,
    "BLEU_4": 3.986357127842452e-09
  },
  "1": {
    "BLEU_1": 0.30769230766863914,
    "BLEU_2": 0.16012815379225645,
    "ROUGE_L": 0.19902120717781402,
    "CIDEr": 0.0,
    "METEOR": 0.21056458570780062,
    "SPICE": 0.3125,
    "BLEU_4": 3.9073802491094676e-09
  },
  "2": {
    "BLEU_1": 0.26666666664888894,
    "BLEU_2": 0.13801311185894144,
    "ROUGE_L": 0.18401206636500753,
    "CIDEr": 0.0,
    "METEOR": 0.23283160431683053,
    "SPICE": 0.29411764705882354,
    "BLEU_4": 3.324137843193063e-09
  },
  "3": {
    "BLEU_1": 0.26666666664888894,
    "BLEU_2": 0.13801311185894144,
    "ROUGE_L": 0.18401206636500753,
    "CIDEr": 0.0,
    "METEOR": 0.23004875645647002,
    "SPICE": 0.29411764705882354,
    "BLEU_4": 3.324137843193063e-09
  },
  "4": {
    "BLEU_1": 0.26666666664888894,
    "BLEU_2": 0.13801311185894144,
    "ROUGE_L": 0.18401206636500753,
    "CIDEr": 0.0,
    "METEOR": 0.23004875645647002,
    "SPICE": 0.29411764705882354,
    "BLEU_4": 3.324137843193063e-09
  },
  "5": {
    "BLEU_1": 0.26666666664888894,
    "BLEU_2": 0.13801311185894144,
    "ROUGE_L": 0.18401206636500753,
    "CIDEr": 0.0,
    "METEOR": 0.23004875645647002,
    "SPICE": 0.29411764705882354,
    "BLEU_4": 3.324137843193063e-09
  },
  "6": {
    "BLEU_1": 0.26666666664888894,
    "BLEU_2": 0.13801311185894144,
    "ROUGE_L": 0.18401206636500753,
    "CIDEr": 0.0,
    "METEOR": 0.23004875645647002,
    "SPICE": 0.29411764705882354,
    "BLEU_4": 3.324137843193063e-09
  },
  "7": {
    "BLEU_1": 0.26666666664888894,
    "BLEU_2": 0.13801311185894144,
    "ROUGE_L": 0.18401206636500753,
    "CIDEr": 0.0,
    "METEOR": 0.23004875645647002,
    "SPICE": 0.29411764705882354,
    "BLEU_4": 3.324137843193063e-09
  },
  "8": {
    "BLEU_1": 0.26666666664888894,
    "BLEU_2": 0.13801311185894144,
    "ROUGE_L": 0.18401206636500753,
    "CIDEr": 0.0,
    "METEOR": 0.23004875645647002,
    "SPICE": 0.29411764705882354,
    "BLEU_4": 3.324137843193063e-09
  },
  "9": {
    "BLEU_1": 0.26666666664888894,
    "BLEU_2": 0.13801311185894144,
    "ROUGE_L": 0.18401206636500753,
    "CIDEr": 0.0,
    "METEOR": 0.23004875645647002,
    "SPICE": 0.29411764705882354,
    "BLEU_4": 3.324137843193063e-09
  }
}