{
  "0": {
    "BLEU_1": 0.32206169694024794,
    "BLEU_2": 6.3511423138542446e-09,
    "ROUGE_L": 0.34205607476635513,
    "CIDEr": 0.0,
    "METEOR": 0.1760262838702765,
    "SPICE": 0.06666666666666667,
    "BLEU_4": 1.0330619227359553e-12
  },
  "1": {
    "BLEU_1": 0.21428571425510212,
    "BLEU_2": 4.0599897141146e-09,
    "ROUGE_L": 0.16353887399463804,
    "CIDEr": 0.0,
    "METEOR": 0.08653021956724982,
    "SPICE": 0.10810810810810811,
    "BLEU_4": 5.944549993587648e-13
  },
  "2": {
    "BLEU_1": 0.33333333331746035,
    "BLEU_2": 4.0824829044393665e-09,
    "ROUGE_L": 0.20677966101694914,
    "CIDEr": 0.0,
    "METEOR": 0.14725153148906053,
    "SPICE": 0.13636363636363635,
    "BLEU_4": 4.698461373912289e-13
  },
  "3": {
    "BLEU_1": 0.33333333330555565,
    "BLEU_2": 5.504818825152218e-09,
    "ROUGE_L": 0.18484848484848485,
    "CIDEr": 0.0,
    "METEOR": 0.12415510601977896,
    "SPICE": 0.1111111111111111,
    "BLEU_4": 7.61747236997849e-13
  },
  "4": {
    "BLEU_1": 0.35714285709183685,
    "BLEU_2": 5.241424182846418e-09,
    "ROUGE_L": 0.21428571428571427,
    "CIDEr": 0.0,
    "METEOR": 0.1349883028677331,
    "SPICE": 0.15789473684210525,
    "BLEU_4": 6.754312827648534e-13
  },
  "5": {
    "BLEU_1": 0.29411764704152255,
    "BLEU_2": 4.287464628302636e-09,
    "ROUGE_L": 0.19698600645855757,
    "CIDEr": 0.0,
    "METEOR": 0.09773804484053598,
    "SPICE": 0.10256410256410256,
    "BLEU_4": 5.439330543997057e-13
  },
  "6": {
    "BLEU_1": 0.35714285709183685,
    "BLEU_2": 5.241424182846418e-09,
    "ROUGE_L": 0.17183098591549298,
    "CIDEr": 0.0,
    "METEOR": 0.10367763038454825,
    "SPICE": 0.10526315789473685,
    "BLEU_4": 6.754312827648534e-13
  },
  "7": {
    "BLEU_1": 0.3749999999765626,
    "BLEU_2": 0.15811388299820756,
    "ROUGE_L": 0.24078947368421053,
    "CIDEr": 0.0,
    "METEOR": 0.16383467704709107,
    "SPICE": 0.15,
    "BLEU_4": 3.4234749556315017e-09
  },
  "8": {
    "BLEU_1": 0.33333333331111115,
    "BLEU_2": 4.879500364405748e-09,
    "ROUGE_L": 0.1659863945578231,
    "CIDEr": 0.0,
    "METEOR": 0.10089073229458727,
    "SPICE": 0.1,
    "BLEU_4": 6.250381527478681e-13
  },
  "9": {
    "BLEU_1": 0.33093633838648934,
    "BLEU_2": 6.459215935396237e-09,
    "ROUGE_L": 0.21785714285714283,
    "CIDEr": 0.0,
    "METEOR": 0.1313604839760085,
    "SPICE": 0.12121212121212122,
    "BLEU_4": 1.0201550479411466e-12
  }
}