{
  "0": {
    "BLEU_1": 0.4953587997157158,
    "BLEU_2": 0.3783365326387855,
    "ROUGE_L": 0.3952483801295896,
    "CIDEr": 0.0,
    "METEOR": 0.23221347215366117,
    "SPICE": 0.06896551724137931,
    "BLEU_4": 4.8157131074181714e-05
  },
  "1": {
    "BLEU_1": 0.636363636247934,
    "BLEU_2": 0.25226248950774416,
    "ROUGE_L": 0.216696269982238,
    "CIDEr": 0.0,
    "METEOR": 0.192,
    "SPICE": 0.12121212121212122,
    "BLEU_4": 5.452469118553107e-09
  },
  "2": {
    "BLEU_1": 0.45454545446281003,
    "BLEU_2": 0.2132007163158777,
    "ROUGE_L": 0.216696269982238,
    "CIDEr": 0.0,
    "METEOR": 0.17688442211055277,
    "SPICE": 0.12121212121212122,
    "BLEU_4": 5.012578714748261e-09
  },
  "3": {
    "BLEU_1": 0.3999999999200002,
    "BLEU_2": 6.666666665296299e-09,
    "ROUGE_L": 0.11338289962825278,
    "CIDEr": 0.0,
    "METEOR": 0.14177215189873418,
    "SPICE": 0.11764705882352941,
    "BLEU_4": 9.438595266157062e-13
  },
  "4": {
    "BLEU_1": 0.42857142854081637,
    "BLEU_2": 5.7416925172062516e-09,
    "ROUGE_L": 0.19122257053291536,
    "CIDEr": 0.0,
    "METEOR": 0.148491879350348,
    "SPICE": 0.1142857142857143,
    "BLEU_4": 7.069301148368759e-13
  },
  "5": {
    "BLEU_1": 0.4210526315567868,
    "BLEU_2": 0.15294382257210132,
    "ROUGE_L": 0.2801377726750861,
    "CIDEr": 0.0,
    "METEOR": 0.17624336471375027,
    "SPICE": 0.10256410256410255,
    "BLEU_4": 3.0452555558081e-09
  },
  "6": {
    "BLEU_1": 0.42857142854081637,
    "BLEU_2": 0.18156825978717286,
    "ROUGE_L": 0.24530831099195713,
    "CIDEr": 0.0,
    "METEOR": 0.14926714901082308,
    "SPICE": 0.15789473684210525,
    "BLEU_4": 3.975360175943345e-09
  },
  "7": {
    "BLEU_1": 0.5384615384201185,
    "BLEU_2": 0.2995723447336349,
    "ROUGE_L": 0.39804241435562804,
    "CIDEr": 0.0,
    "METEOR": 0.20326368596694702,
    "SPICE": 0.1142857142857143,
    "BLEU_4": 3.0054028091144415e-05
  },
  "8": {
    "BLEU_1": 0.4444444443456792,
    "BLEU_2": 7.453559923291195e-09,
    "ROUGE_L": 0.2946859903381642,
    "CIDEr": 0.0,
    "METEOR": 0.14285714285714285,
    "SPICE": 0.06451612903225806,
    "BLEU_4": 1.0724314733358218e-12
  },
  "9": {
    "BLEU_1": 0.38461538458579886,
    "BLEU_2": 5.661385170269343e-09,
    "ROUGE_L": 0.2985318107667211,
    "CIDEr": 0.0,
    "METEOR": 0.16716417910447762,
    "SPICE": 0.0,
    "BLEU_4": 7.347053125332871e-13
  }
}