{
  "0": {
    "BLEU_1": 0.36787944098750286,
    "BLEU_2": 0.2123952942746141,
    "ROUGE_L": 0.28773584905660377,
    "CIDEr": 0.0,
    "METEOR": 0.1682266643514088,
    "SPICE": 0.19354838709677416,
    "BLEU_4": 7.433061141657064e-09
  },
  "1": {
    "BLEU_1": 0.4999999999500001,
    "BLEU_2": 0.23570226037063632,
    "ROUGE_L": 0.18885448916408668,
    "CIDEr": 0.0,
    "METEOR": 0.20750006035614704,
    "SPICE": 0.2222222222222222,
    "BLEU_4": 5.612222323633712e-09
  },
  "2": {
    "BLEU_1": 0.5833333332847223,
    "BLEU_2": 0.23028309321585674,
    "ROUGE_L": 0.232824427480916,
    "CIDEr": 0.0,
    "METEOR": 0.22309198360597096,
    "SPICE": 0.20512820512820512,
    "BLEU_4": 4.926862020644611e-09
  },
  "3": {
    "BLEU_1": 0.5384615384201185,
    "BLEU_2": 0.21182963641710745,
    "ROUGE_L": 0.22564734895191124,
    "CIDEr": 0.0,
    "METEOR": 0.21935996157538779,
    "SPICE": 0.2564102564102564,
    "BLEU_4": 4.494125427688112e-09
  },
  "4": {
    "BLEU_1": 0.5999999999600001,
    "BLEU_2": 0.2070196677884122,
    "ROUGE_L": 0.22676579925650556,
    "CIDEr": 0.0,
    "METEOR": 0.2281177310959923,
    "SPICE": 0.20512820512820512,
    "BLEU_4": 4.0712207752494026e-09
  },
  "5": {
    "BLEU_1": 0.4706522286872752,
    "BLEU_2": 0.16171240431720232,
    "ROUGE_L": 0.21353558926487748,
    "CIDEr": 0.0,
    "METEOR": 0.21972811226409067,
    "SPICE": 0.25,
    "BLEU_4": 3.1497066629381185e-09
  },
  "6": {
    "BLEU_1": 0.5255330382231439,
    "BLEU_2": 0.17100618387058455,
    "ROUGE_L": 0.2364341085271318,
    "CIDEr": 0.0,
    "METEOR": 0.21857970749615985,
    "SPICE": 0.24390243902439024,
    "BLEU_4": 3.2313898885884275e-09
  },
  "7": {
    "BLEU_1": 0.44999999997750006,
    "BLEU_2": 0.15389675280487589,
    "ROUGE_L": 0.22208737864077668,
    "CIDEr": 0.0,
    "METEOR": 0.2141036725303682,
    "SPICE": 0.25,
    "BLEU_4": 2.966090320188808e-09
  },
  "8": {
    "BLEU_1": 0.4663288789181842,
    "BLEU_2": 0.1605407983912836,
    "ROUGE_L": 0.2527624309392265,
    "CIDEr": 0.0,
    "METEOR": 0.22688020271753304,
    "SPICE": 0.25,
    "BLEU_4": 3.140940825788539e-09
  },
  "9": {
    "BLEU_1": 0.522946920763639,
    "BLEU_2": 0.17045984118146848,
    "ROUGE_L": 0.3257676902536716,
    "CIDEr": 0.0,
    "METEOR": 0.2256560289618629,
    "SPICE": 0.2,
    "BLEU_4": 3.2337726363968268e-09
  }
}