{
  "0": {
    "BLEU_1": 0.23884377011164867,
    "BLEU_2": 5.85045365006396e-09,
    "ROUGE_L": 0.13926940639269406,
    "CIDEr": 0.0,
    "METEOR": 0.15342465753424656,
    "SPICE": 0.14285714285714285,
    "BLEU_4": 1.1000617045598687e-12
  },
  "1": {
    "BLEU_1": 0.3715190997867868,
    "BLEU_2": 7.326455450859374e-09,
    "ROUGE_L": 0.24448897795591182,
    "CIDEr": 0.0,
    "METEOR": 0.15686274509803924,
    "SPICE": 0.06896551724137931,
    "BLEU_4": 1.1917040716272326e-12
  },
  "2": {
    "BLEU_1": 0.22222222217283966,
    "BLEU_2": 5.270462765739487e-09,
    "ROUGE_L": 0.2222222222222222,
    "CIDEr": 0.0,
    "METEOR": 0.13253523846302373,
    "SPICE": 0.06451612903225806,
    "BLEU_4": 9.018037815333522e-13
  },
  "3": {
    "BLEU_1": 0.7430381995735735,
    "BLEU_2": 0.3276490484449088,
    "ROUGE_L": 0.48897795591182364,
    "CIDEr": 0.0,
    "METEOR": 0.2318435792636678,
    "SPICE": 0.13333333333333333,
    "BLEU_4": 7.969405443016395e-09
  },
  "4": {
    "BLEU_1": 0.7430381995735735,
    "BLEU_2": 1.0361172662727615e-08,
    "ROUGE_L": 0.48897795591182364,
    "CIDEr": 0.0,
    "METEOR": 0.2240896358543418,
    "SPICE": 0.13793103448275862,
    "BLEU_4": 1.4171829609568173e-12
  },
  "5": {
    "BLEU_1": 0.6666666665185187,
    "BLEU_2": 9.128709289660775e-09,
    "ROUGE_L": 0.3333333333333333,
    "CIDEr": 0.0,
    "METEOR": 0.21333333333333335,
    "SPICE": 0.125,
    "BLEU_4": 1.1868405216583314e-12
  },
  "6": {
    "BLEU_1": 0.555555555432099,
    "BLEU_2": 8.333333331423613e-09,
    "ROUGE_L": 0.3333333333333333,
    "CIDEr": 0.0,
    "METEOR": 0.22476560102777468,
    "SPICE": 0.125,
    "BLEU_4": 1.1339582219145234e-12
  },
  "7": {
    "BLEU_1": 0.545454545355372,
    "BLEU_2": 7.385489457383579e-09,
    "ROUGE_L": 0.3055091819699499,
    "CIDEr": 0.0,
    "METEOR": 0.21889564979984938,
    "SPICE": 0.0588235294117647,
    "BLEU_4": 9.329460217152974e-13
  },
  "8": {
    "BLEU_1": 0.555555555432099,
    "BLEU_2": 8.333333331423613e-09,
    "ROUGE_L": 0.3333333333333333,
    "CIDEr": 0.0,
    "METEOR": 0.22476560102777468,
    "SPICE": 0.125,
    "BLEU_4": 1.1339582219145234e-12
  },
  "9": {
    "BLEU_1": 0.545454545355372,
    "BLEU_2": 7.385489457383579e-09,
    "ROUGE_L": 0.4073455759599332,
    "CIDEr": 0.0,
    "METEOR": 0.21607416641302465,
    "SPICE": 0.12121212121212122,
    "BLEU_4": 9.329460217152974e-13
  }
}