{
  "0": {
    "BLEU_1": 9.196986024687569e-17,
    "BLEU_2": 1.0619764713730698e-16,
    "ROUGE_L": 0.0,
    "CIDEr": 0.0,
    "METEOR": 0.010191082802547772,
    "SPICE": 0.0,
    "BLEU_4": 1.6620829993657386e-16
  },
  "1": {
    "BLEU_1": 0.10976232717490052,
    "BLEU_2": 3.8806842931124116e-09,
    "ROUGE_L": 0.1476997578692494,
    "CIDEr": 0.0,
    "METEOR": 0.07317073170731707,
    "SPICE": 0.08695652173913043,
    "BLEU_4": 9.324552513250358e-13
  },
  "2": {
    "BLEU_1": 0.18393972049375146,
    "BLEU_2": 4.749303160991089e-09,
    "ROUGE_L": 0.15721649484536082,
    "CIDEr": 0.0,
    "METEOR": 0.10031347962382448,
    "SPICE": 0.09090909090909091,
    "BLEU_4": 1.1115018918919703e-12
  },
  "3": {
    "BLEU_1": 0.24767939985785795,
    "BLEU_2": 5.982025825945981e-09,
    "ROUGE_L": 0.13174946004319654,
    "CIDEr": 0.0,
    "METEOR": 0.14117647058823532,
    "SPICE": 0.09090909090909091,
    "BLEU_4": 1.0768261868323776e-12
  },
  "4": {
    "BLEU_1": 0.23884377011164867,
    "BLEU_2": 5.85045365006396e-09,
    "ROUGE_L": 0.13926940639269406,
    "CIDEr": 0.0,
    "METEOR": 0.14501510574018125,
    "SPICE": 0.1,
    "BLEU_4": 1.1000617045598687e-12
  },
  "5": {
    "BLEU_1": 0.0919698602468758,
    "BLEU_2": 3.3582644710475053e-09,
    "ROUGE_L": 0.15721649484536082,
    "CIDEr": 0.0,
    "METEOR": 0.10031347962382448,
    "SPICE": 0.0,
    "BLEU_4": 9.346579564396796e-13
  },
  "6": {
    "BLEU_1": 0.0919698602468758,
    "BLEU_2": 3.3582644710475053e-09,
    "ROUGE_L": 0.15721649484536082,
    "CIDEr": 0.0,
    "METEOR": 0.10031347962382448,
    "SPICE": 0.0,
    "BLEU_4": 9.346579564396796e-13
  },
  "7": {
    "BLEU_1": 0.35826565516747294,
    "BLEU_2": 0.32044254357784663,
    "ROUGE_L": 0.4178082191780822,
    "CIDEr": 0.0,
    "METEOR": 0.2308977218234806,
    "SPICE": 0.09090909090909091,
    "BLEU_4": 4.578227396826306e-05
  },
  "8": {
    "BLEU_1": 0.35826565516747294,
    "BLEU_2": 7.1653131032300366e-09,
    "ROUGE_L": 0.2785388127853881,
    "CIDEr": 0.0,
    "METEOR": 0.13745700095721952,
    "SPICE": 0.08333333333333333,
    "BLEU_4": 1.2174183989911234e-12
  },
  "9": {
    "BLEU_1": 0.27590958074062716,
    "BLEU_2": 0.18393972048608734,
    "ROUGE_L": 0.26521739130434785,
    "CIDEr": 0.0,
    "METEOR": 0.12779552715654952,
    "SPICE": 0.09090909090909091,
    "BLEU_4": 6.917242816429064e-09
  }
}