{
  "0": {
    "BLEU_1": 4.5111761048796427e-17,
    "BLEU_2": 5.525039797935208e-17,
    "ROUGE_L": 0.0,
    "CIDEr": 0.0,
    "METEOR": 0.0,
    "SPICE": 0.0,
    "BLEU_4": 1.5377056965806874e-14
  },
  "1": {
    "BLEU_1": 0.08986579278749814,
    "BLEU_2": 3.1772355737578207e-09,
    "ROUGE_L": 0.1095152603231598,
    "CIDEr": 0.0,
    "METEOR": 0.018604651162790697,
    "SPICE": 0.06666666666666667,
    "BLEU_4": 7.634297901288654e-13
  },
  "2": {
    "BLEU_1": 0.10735389898008273,
    "BLEU_2": 3.666833724565372e-09,
    "ROUGE_L": 0.10049423393739704,
    "CIDEr": 0.0,
    "METEOR": 0.017857142857142856,
    "SPICE": 0.06451612903225806,
    "BLEU_4": 7.849573143826273e-13
  },
  "3": {
    "BLEU_1": 0.23076923075147937,
    "BLEU_2": 4.385290096183762e-09,
    "ROUGE_L": 0.08460471567267684,
    "CIDEr": 0.0,
    "METEOR": 0.08160893990081108,
    "SPICE": 0.0,
    "BLEU_4": 6.466227686450042e-13
  },
  "4": {
    "BLEU_1": 0.22062422559099293,
    "BLEU_2": 5.273927726724911e-09,
    "ROUGE_L": 0.10234899328859062,
    "CIDEr": 0.0,
    "METEOR": 0.06751054852320675,
    "SPICE": 0.0625,
    "BLEU_4": 9.218141453123176e-13
  },
  "5": {
    "BLEU_1": 0.17973158557499613,
    "BLEU_2": 4.493289639262571e-09,
    "ROUGE_L": 0.11708253358925146,
    "CIDEr": 0.0,
    "METEOR": 0.05369127516778524,
    "SPICE": 0.07142857142857142,
    "BLEU_4": 9.078761382262807e-13
  },
  "6": {
    "BLEU_1": 0.22062422559099293,
    "BLEU_2": 5.273927726724911e-09,
    "ROUGE_L": 0.1930379746835443,
    "CIDEr": 0.0,
    "METEOR": 0.03547671840354767,
    "SPICE": 0.0,
    "BLEU_4": 9.218141453123176e-13
  },
  "7": {
    "BLEU_1": 0.1999999999800001,
    "BLEU_2": 4.714045207412725e-09,
    "ROUGE_L": 0.09442724458204334,
    "CIDEr": 0.0,
    "METEOR": 0.10006047783011307,
    "SPICE": 0.0,
    "BLEU_4": 7.93688092513584e-13
  },
  "8": {
    "BLEU_1": 0.11031211279549655,
    "BLEU_2": 3.729230059054939e-09,
    "ROUGE_L": 0.09651898734177215,
    "CIDEr": 0.0,
    "METEOR": 0.1031471763750009,
    "SPICE": 0.0,
    "BLEU_4": 7.751502103232947e-13
  },
  "9": {
    "BLEU_1": 0.10735389898008273,
    "BLEU_2": 3.666833724565372e-09,
    "ROUGE_L": 0.10049423393739704,
    "CIDEr": 0.0,
    "METEOR": 0.10559013581546142,
    "SPICE": 0.0,
    "BLEU_4": 7.849573143826273e-13
  }
}