{
  "0": {
    "BLEU_1": 9.196986024687569e-17,
    "BLEU_2": 1.0619764713730698e-16,
    "ROUGE_L": 0.0,
    "CIDEr": 0.0,
    "METEOR": 0.0,
    "SPICE": 0.0,
    "BLEU_4": 1.6620829993657386e-16
  },
  "1": {
    "BLEU_1": 0.18393972049375146,
    "BLEU_2": 4.749303160991089e-09,
    "ROUGE_L": 0.28773584905660377,
    "CIDEr": 0.0,
    "METEOR": 0.16666666666666669,
    "SPICE": 0.17391304347826086,
    "BLEU_4": 1.1115018918919703e-12
  },
  "2": {
    "BLEU_1": 0.2195246543498009,
    "BLEU_2": 5.488116358607818e-09,
    "ROUGE_L": 0.2717149220489978,
    "CIDEr": 0.0,
    "METEOR": 0.16231884057971016,
    "SPICE": 0.16666666666666666,
    "BLEU_4": 1.108882419297383e-12
  },
  "3": {
    "BLEU_1": 0.2195246543498009,
    "BLEU_2": 5.488116358607818e-09,
    "ROUGE_L": 0.2717149220489978,
    "CIDEr": 0.0,
    "METEOR": 0.16231884057971016,
    "SPICE": 0.16666666666666666,
    "BLEU_4": 1.108882419297383e-12
  },
  "4": {
    "BLEU_1": 0.2195246543498009,
    "BLEU_2": 5.488116358607818e-09,
    "ROUGE_L": 0.2717149220489978,
    "CIDEr": 0.0,
    "METEOR": 0.16231884057971016,
    "SPICE": 0.16666666666666666,
    "BLEU_4": 1.108882419297383e-12
  },
  "5": {
    "BLEU_1": 0.2195246543498009,
    "BLEU_2": 5.488116358607818e-09,
    "ROUGE_L": 0.2717149220489978,
    "CIDEr": 0.0,
    "METEOR": 0.16231884057971016,
    "SPICE": 0.16666666666666666,
    "BLEU_4": 1.108882419297383e-12
  },
  "6": {
    "BLEU_1": 0.2195246543498009,
    "BLEU_2": 5.488116358607818e-09,
    "ROUGE_L": 0.2717149220489978,
    "CIDEr": 0.0,
    "METEOR": 0.16231884057971016,
    "SPICE": 0.16666666666666666,
    "BLEU_4": 1.108882419297383e-12
  },
  "7": {
    "BLEU_1": 0.2195246543498009,
    "BLEU_2": 5.488116358607818e-09,
    "ROUGE_L": 0.2717149220489978,
    "CIDEr": 0.0,
    "METEOR": 0.16231884057971016,
    "SPICE": 0.16666666666666666,
    "BLEU_4": 1.108882419297383e-12
  },
  "8": {
    "BLEU_1": 0.2195246543498009,
    "BLEU_2": 5.488116358607818e-09,
    "ROUGE_L": 0.2717149220489978,
    "CIDEr": 0.0,
    "METEOR": 0.16231884057971016,
    "SPICE": 0.16666666666666666,
    "BLEU_4": 1.108882419297383e-12
  },
  "9": {
    "BLEU_1": 0.2195246543498009,
    "BLEU_2": 5.488116358607818e-09,
    "ROUGE_L": 0.2717149220489978,
    "CIDEr": 0.0,
    "METEOR": 0.16231884057971016,
    "SPICE": 0.16666666666666666,
    "BLEU_4": 1.108882419297383e-12
  }
}