{
  "0": {
    "BLEU_1": 0.1194218850558244,
    "BLEU_2": 4.136895448977816e-09,
    "ROUGE_L": 0.1117216117216117,
    "CIDEr": 0.0,
    "METEOR": 0.05925925925925926,
    "SPICE": 0.06666666666666667,
    "BLEU_4": 9.250379439222845e-13
  },
  "1": {
    "BLEU_1": 0.18181818178512404,
    "BLEU_2": 4.2640143263175525e-09,
    "ROUGE_L": 0.18181818181818182,
    "CIDEr": 0.0,
    "METEOR": 0.10342205323193919,
    "SPICE": 0.05405405405405406,
    "BLEU_4": 7.088856800859686e-13
  },
  "2": {
    "BLEU_1": 0.23076923075147937,
    "BLEU_2": 4.385290096183762e-09,
    "ROUGE_L": 0.16920943134535368,
    "CIDEr": 0.0,
    "METEOR": 0.08830022075055188,
    "SPICE": 0.05128205128205128,
    "BLEU_4": 6.466227686450042e-13
  },
  "3": {
    "BLEU_1": 0.2499999999583334,
    "BLEU_2": 4.7673129454153526e-09,
    "ROUGE_L": 0.17528735632183906,
    "CIDEr": 0.0,
    "METEOR": 0.10283553875236295,
    "SPICE": 0.05263157894736842,
    "BLEU_4": 7.088856800987232e-13
  },
  "4": {
    "BLEU_1": 0.07142857142346946,
    "BLEU_2": 2.344036154518608e-09,
    "ROUGE_L": 0.08176943699731902,
    "CIDEr": 0.0,
    "METEOR": 0.06837606837606837,
    "SPICE": 0.05,
    "BLEU_4": 4.516881220590475e-13
  },
  "5": {
    "BLEU_1": 0.07142857142346946,
    "BLEU_2": 2.344036154518608e-09,
    "ROUGE_L": 0.08176943699731902,
    "CIDEr": 0.0,
    "METEOR": 0.08390596745027125,
    "SPICE": 0.05,
    "BLEU_4": 4.516881220590475e-13
  },
  "6": {
    "BLEU_1": 0.07142857142346946,
    "BLEU_2": 2.344036154518608e-09,
    "ROUGE_L": 0.08176943699731902,
    "CIDEr": 0.0,
    "METEOR": 0.06837606837606837,
    "SPICE": 0.05,
    "BLEU_4": 4.516881220590475e-13
  },
  "7": {
    "BLEU_1": 0.07692307691715985,
    "BLEU_2": 2.531848417506296e-09,
    "ROUGE_L": 0.08460471567267684,
    "CIDEr": 0.0,
    "METEOR": 0.06971677559912853,
    "SPICE": 0.05128205128205128,
    "BLEU_4": 4.91327054771308e-13
  },
  "8": {
    "BLEU_1": 0.07692307691715985,
    "BLEU_2": 2.531848417506296e-09,
    "ROUGE_L": 0.08460471567267684,
    "CIDEr": 0.0,
    "METEOR": 0.06971677559912853,
    "SPICE": 0.05128205128205128,
    "BLEU_4": 4.91327054771308e-13
  },
  "9": {
    "BLEU_1": 0.07142857142346946,
    "BLEU_2": 2.344036154518608e-09,
    "ROUGE_L": 0.08176943699731902,
    "CIDEr": 0.0,
    "METEOR": 0.06837606837606837,
    "SPICE": 0.05,
    "BLEU_4": 4.516881220590475e-13
  }
}