{
  "0": {
    "BLEU_1": 0.20217688650348561,
    "BLEU_2": 4.952302097098729e-09,
    "ROUGE_L": 0.2573839662447257,
    "CIDEr": 0.0,
    "METEOR": 0.15342465753424656,
    "SPICE": 0.19047619047619044,
    "BLEU_4": 9.311821291619466e-13
  },
  "1": {
    "BLEU_1": 0.2999999999700001,
    "BLEU_2": 5.773502691286834e-09,
    "ROUGE_L": 0.21254355400696867,
    "CIDEr": 0.0,
    "METEOR": 0.14621409921671016,
    "SPICE": 0.08,
    "BLEU_4": 8.783602618662196e-13
  },
  "2": {
    "BLEU_1": 0.4166666665972223,
    "BLEU_2": 6.1545745479175624e-09,
    "ROUGE_L": 0.25,
    "CIDEr": 0.0,
    "METEOR": 0.16326530612244897,
    "SPICE": 0.16666666666666669,
    "BLEU_4": 8.054496383396537e-13
  },
  "3": {
    "BLEU_1": 0.33333333331111115,
    "BLEU_2": 4.879500364405748e-09,
    "ROUGE_L": 0.26180257510729615,
    "CIDEr": 0.0,
    "METEOR": 0.17728961875924157,
    "SPICE": 0.15384615384615383,
    "BLEU_4": 6.250381527478681e-13
  },
  "4": {
    "BLEU_1": 0.3999999999733334,
    "BLEU_2": 5.345224837879414e-09,
    "ROUGE_L": 0.26180257510729615,
    "CIDEr": 0.0,
    "METEOR": 0.18730158730158733,
    "SPICE": 0.15384615384615383,
    "BLEU_4": 6.541868941266492e-13
  },
  "5": {
    "BLEU_1": 0.4999999999687501,
    "BLEU_2": 0.2581988897304859,
    "ROUGE_L": 0.3065326633165829,
    "CIDEr": 0.0,
    "METEOR": 0.2673125199063176,
    "SPICE": 0.28571428571428575,
    "BLEU_4": 2.460137257522072e-05
  },
  "6": {
    "BLEU_1": 0.4666666666355556,
    "BLEU_2": 0.2581988897293332,
    "ROUGE_L": 0.3164721141374838,
    "CIDEr": 0.0,
    "METEOR": 0.2720297996693702,
    "SPICE": 0.28571428571428575,
    "BLEU_4": 2.5567957492985138e-05
  },
  "7": {
    "BLEU_1": 0.5999999999400001,
    "BLEU_2": 0.36514837163156744,
    "ROUGE_L": 0.37770897832817335,
    "CIDEr": 0.0,
    "METEOR": 0.2761308643464893,
    "SPICE": 0.33333333333333337,
    "BLEU_4": 3.9281465085347674e-05
  },
  "8": {
    "BLEU_1": 0.5333333332977779,
    "BLEU_2": 0.2760262237178828,
    "ROUGE_L": 0.39559014267185466,
    "CIDEr": 0.0,
    "METEOR": 0.2752682496654342,
    "SPICE": 0.2962962962962963,
    "BLEU_4": 2.6435895250782795e-05
  },
  "9": {
    "BLEU_1": 0.44444444441975317,
    "BLEU_2": 0.22866478017693462,
    "ROUGE_L": 0.28841607565011823,
    "CIDEr": 0.0,
    "METEOR": 0.27495330295612,
    "SPICE": 0.26666666666666666,
    "BLEU_4": 2.1604629780500714e-05
  }
}