{
  "0": {
    "BLEU_1": 9.196986024687569e-17,
    "BLEU_2": 1.0619764713730698e-16,
    "ROUGE_L": 0.0,
    "CIDEr": 0.0,
    "METEOR": 0.011428571428571429,
    "SPICE": 0.0,
    "BLEU_4": 1.6620829993657386e-16
  },
  "1": {
    "BLEU_1": 1.0976232717490041e-16,
    "BLEU_2": 1.227180124627569e-16,
    "ROUGE_L": 0.0,
    "CIDEr": 0.0,
    "METEOR": 0.07868852459016396,
    "SPICE": 0.0,
    "BLEU_4": 1.6581659742139797e-16
  },
  "2": {
    "BLEU_1": 0.2195246543498009,
    "BLEU_2": 5.488116358607818e-09,
    "ROUGE_L": 0.2953995157384988,
    "CIDEr": 0.0,
    "METEOR": 0.18360655737704917,
    "SPICE": 0.07692307692307693,
    "BLEU_4": 1.108882419297383e-12
  },
  "3": {
    "BLEU_1": 0.4999999998750002,
    "BLEU_2": 8.451542545096823e-09,
    "ROUGE_L": 0.375,
    "CIDEr": 0.0,
    "METEOR": 0.245398773006135,
    "SPICE": 0.14285714285714285,
    "BLEU_4": 1.2421889947772103e-12
  },
  "4": {
    "BLEU_1": 0.3749999999062502,
    "BLEU_2": 7.319250545218839e-09,
    "ROUGE_L": 0.25,
    "CIDEr": 0.0,
    "METEOR": 0.24096385542168677,
    "SPICE": 0.14285714285714285,
    "BLEU_4": 1.1559871144628244e-12
  },
  "5": {
    "BLEU_1": 9.118819637307602e-19,
    "BLEU_2": 2.883623964058067e-14,
    "ROUGE_L": 0.0,
    "CIDEr": 0.0,
    "METEOR": 0.0646900269541779,
    "SPICE": 0.0,
    "BLEU_4": 5.127889122861252e-12
  },
  "6": {
    "BLEU_1": 9.118819637307602e-19,
    "BLEU_2": 2.883623964058067e-14,
    "ROUGE_L": 0.0,
    "CIDEr": 0.0,
    "METEOR": 0.0646900269541779,
    "SPICE": 0.0,
    "BLEU_4": 5.127889122861252e-12
  },
  "7": {
    "BLEU_1": 9.118819637307602e-19,
    "BLEU_2": 2.883623964058067e-14,
    "ROUGE_L": 0.0,
    "CIDEr": 0.0,
    "METEOR": 0.061696658097686374,
    "SPICE": 0.0,
    "BLEU_4": 5.127889122861252e-12
  },
  "8": {
    "BLEU_1": 9.118819637307602e-19,
    "BLEU_2": 2.883623964058067e-14,
    "ROUGE_L": 0.0,
    "CIDEr": 0.0,
    "METEOR": 0.061696658097686374,
    "SPICE": 0.0,
    "BLEU_4": 5.127889122861252e-12
  },
  "9": {
    "BLEU_1": 9.118819637307602e-19,
    "BLEU_2": 2.883623964058067e-14,
    "ROUGE_L": 0.0,
    "CIDEr": 0.0,
    "METEOR": 0.05896805896805897,
    "SPICE": 0.0,
    "BLEU_4": 5.127889122861252e-12
  }
}