{
  "0": {
    "BLEU_1": 0.2195246543498009,
    "BLEU_2": 5.488116358607818e-09,
    "ROUGE_L": 0.20573355817875214,
    "CIDEr": 0.0,
    "METEOR": 0.17277053987716814,
    "SPICE": 0.09090909090909091,
    "BLEU_4": 1.108882419297383e-12
  },
  "1": {
    "BLEU_1": 0.4444444443456792,
    "BLEU_2": 0.23570226034150096,
    "ROUGE_L": 0.26406926406926406,
    "CIDEr": 0.0,
    "METEOR": 0.16202833014387272,
    "SPICE": 0.08000000000000002,
    "BLEU_4": 6.030725358915047e-09
  },
  "2": {
    "BLEU_1": 0.27272727267768604,
    "BLEU_2": 0.1651445647381773,
    "ROUGE_L": 0.24629878869448185,
    "CIDEr": 0.0,
    "METEOR": 0.1525437449647192,
    "SPICE": 0.06666666666666667,
    "BLEU_4": 4.4116293584506874e-09
  },
  "3": {
    "BLEU_1": 0.33333333331111115,
    "BLEU_2": 4.879500364405748e-09,
    "ROUGE_L": 0.28944246737841045,
    "CIDEr": 0.0,
    "METEOR": 0.17191138721366833,
    "SPICE": 0.23529411764705882,
    "BLEU_4": 6.250381527478681e-13
  },
  "4": {
    "BLEU_1": 0.3076923076449706,
    "BLEU_2": 0.16012815377993891,
    "ROUGE_L": 0.23076923076923084,
    "CIDEr": 0.0,
    "METEOR": 0.15034359479695883,
    "SPICE": 0.06896551724137932,
    "BLEU_4": 3.907380248808901e-09
  },
  "5": {
    "BLEU_1": 0.18749999998828132,
    "BLEU_2": 0.11180339886776892,
    "ROUGE_L": 0.21082949308755758,
    "CIDEr": 0.0,
    "METEOR": 0.1374570009572195,
    "SPICE": 0.16666666666666663,
    "BLEU_4": 2.8787878179013993e-09
  },
  "6": {
    "BLEU_1": 0.36363636357024803,
    "BLEU_2": 0.19069251781358043,
    "ROUGE_L": 0.24629878869448185,
    "CIDEr": 0.0,
    "METEOR": 0.15480924612756156,
    "SPICE": 0.07407407407407408,
    "BLEU_4": 4.740604258941092e-09
  },
  "7": {
    "BLEU_1": 0.3157894736675901,
    "BLEU_2": 0.18731716230620618,
    "ROUGE_L": 0.21010332950631458,
    "CIDEr": 0.0,
    "METEOR": 0.18551827307420962,
    "SPICE": 0.10526315789473685,
    "BLEU_4": 3.3701292644797776e-09
  },
  "8": {
    "BLEU_1": 0.19047619046712022,
    "BLEU_2": 3.0860669990912095e-09,
    "ROUGE_L": 0.18429003021148035,
    "CIDEr": 0.0,
    "METEOR": 0.133291159259845,
    "SPICE": 0.04761904761904762,
    "BLEU_4": 4.085038450534026e-13
  },
  "9": {
    "BLEU_1": 0.38095238093424044,
    "BLEU_2": 0.13801311186173457,
    "ROUGE_L": 0.3071500503524673,
    "CIDEr": 0.0,
    "METEOR": 0.1827079934747145,
    "SPICE": 0.14285714285714282,
    "BLEU_4": 2.7318298592505358e-09
  }
}