{
  "0": {
    "BLEU_1": 9.196986024687569e-17,
    "BLEU_2": 1.0619764713730698e-16,
    "ROUGE_L": 0.0,
    "CIDEr": 0.0,
    "METEOR": 0.0,
    "SPICE": 0.0,
    "BLEU_4": 1.6620829993657386e-16
  },
  "1": {
    "BLEU_1": 9.196986024687569e-17,
    "BLEU_2": 1.0619764713730698e-16,
    "ROUGE_L": 0.0,
    "CIDEr": 0.0,
    "METEOR": 0.06517717978518615,
    "SPICE": 0.06896551724137931,
    "BLEU_4": 1.6620829993657386e-16
  },
  "2": {
    "BLEU_1": 0.4999999998750002,
    "BLEU_2": 0.4629100497664153,
    "ROUGE_L": 0.25,
    "CIDEr": 0.0,
    "METEOR": 0.1700900873670002,
    "SPICE": 0.1935483870967742,
    "BLEU_4": 9.193227149641706e-09
  },
  "3": {
    "BLEU_1": 0.4999999998750002,
    "BLEU_2": 0.4629100497664153,
    "ROUGE_L": 0.25,
    "CIDEr": 0.0,
    "METEOR": 0.1700900873670002,
    "SPICE": 0.1935483870967742,
    "BLEU_4": 9.193227149641706e-09
  },
  "4": {
    "BLEU_1": 0.4444444443456792,
    "BLEU_2": 0.3333333332569446,
    "ROUGE_L": 0.2378167641325536,
    "CIDEr": 0.0,
    "METEOR": 0.15753888019026416,
    "SPICE": 0.125,
    "BLEU_4": 7.171781505449111e-09
  },
  "5": {
    "BLEU_1": 0.4444444443456792,
    "BLEU_2": 0.3333333332569446,
    "ROUGE_L": 0.2378167641325536,
    "CIDEr": 0.0,
    "METEOR": 0.21176287283609396,
    "SPICE": 0.125,
    "BLEU_4": 7.171781505449111e-09
  },
  "6": {
    "BLEU_1": 0.3999999999200002,
    "BLEU_2": 0.2981423969386873,
    "ROUGE_L": 0.22676579925650556,
    "CIDEr": 0.0,
    "METEOR": 0.16666589390401368,
    "SPICE": 0.12121212121212123,
    "BLEU_4": 6.311969076838887e-09
  },
  "7": {
    "BLEU_1": 0.4545454545041323,
    "BLEU_2": 0.3015113445489831,
    "ROUGE_L": 0.28818897637795277,
    "CIDEr": 0.0,
    "METEOR": 0.18254631293602483,
    "SPICE": 0.1764705882352941,
    "BLEU_4": 5.9609942726317346e-09
  },
  "8": {
    "BLEU_1": 0.33333333331111115,
    "BLEU_2": 0.21821789022092503,
    "ROUGE_L": 0.2489795918367347,
    "CIDEr": 0.0,
    "METEOR": 0.12433729084964248,
    "SPICE": 0.1111111111111111,
    "BLEU_4": 4.179882048905088e-09
  },
  "9": {
    "BLEU_1": 0.6249999998437503,
    "BLEU_2": 0.5976143045124577,
    "ROUGE_L": 0.3267857142857143,
    "CIDEr": 0.0,
    "METEOR": 0.2150124309870315,
    "SPICE": 0.1935483870967742,
    "BLEU_4": 5.873949093033183e-05
  }
}