{
  "0": {
    "BLEU_1": 0.33093633838648934,
    "BLEU_2": 6.459215935396237e-09,
    "ROUGE_L": 0.232824427480916,
    "CIDEr": 0.0,
    "METEOR": 0.12903225806451613,
    "SPICE": 0.12903225806451613,
    "BLEU_4": 1.0201550479411466e-12
  },
  "1": {
    "BLEU_1": 0.36363636360330587,
    "BLEU_2": 6.03022689097966e-09,
    "ROUGE_L": 0.2036727879799666,
    "CIDEr": 0.0,
    "METEOR": 0.14400605067439812,
    "SPICE": 0.11764705882352941,
    "BLEU_4": 8.430118945584141e-13
  },
  "2": {
    "BLEU_1": 0.3124999999804688,
    "BLEU_2": 4.564354645581603e-09,
    "ROUGE_L": 0.16850828729281767,
    "CIDEr": 0.0,
    "METEOR": 0.11740041928721173,
    "SPICE": 0.15384615384615385,
    "BLEU_4": 5.816635420743959e-13
  },
  "3": {
    "BLEU_1": 0.357142857117347,
    "BLEU_2": 5.241424183220805e-09,
    "ROUGE_L": 0.271513353115727,
    "CIDEr": 0.0,
    "METEOR": 0.13195876288659794,
    "SPICE": 0.16216216216216217,
    "BLEU_4": 6.754312828130983e-13
  },
  "4": {
    "BLEU_1": 0.29411764704152255,
    "BLEU_2": 4.287464628302636e-09,
    "ROUGE_L": 0.1628838451268358,
    "CIDEr": 0.0,
    "METEOR": 0.1410678210678211,
    "SPICE": 0.1,
    "BLEU_4": 5.439330543997057e-13
  },
  "5": {
    "BLEU_1": 0.33333333330555565,
    "BLEU_2": 5.504818825152218e-09,
    "ROUGE_L": 0.2932692307692307,
    "CIDEr": 0.0,
    "METEOR": 0.12444444444444445,
    "SPICE": 0.17142857142857143,
    "BLEU_4": 7.61747236997849e-13
  },
  "6": {
    "BLEU_1": 0.24999999997916675,
    "BLEU_2": 4.767312945812628e-09,
    "ROUGE_L": 0.19551282051282048,
    "CIDEr": 0.0,
    "METEOR": 0.11839323467230445,
    "SPICE": 0.1142857142857143,
    "BLEU_4": 7.08885680157797e-13
  },
  "7": {
    "BLEU_1": 0.33333333330555565,
    "BLEU_2": 5.504818825152218e-09,
    "ROUGE_L": 0.19551282051282048,
    "CIDEr": 0.0,
    "METEOR": 0.13530655391120508,
    "SPICE": 0.17142857142857143,
    "BLEU_4": 7.61747236997849e-13
  },
  "8": {
    "BLEU_1": 0.42857142854081637,
    "BLEU_2": 0.18156825978717286,
    "ROUGE_L": 0.18100890207715134,
    "CIDEr": 0.0,
    "METEOR": 0.13985403007195446,
    "SPICE": 0.1111111111111111,
    "BLEU_4": 3.975360175943345e-09
  },
  "9": {
    "BLEU_1": 0.19999999998666673,
    "BLEU_2": 3.7796447298312975e-09,
    "ROUGE_L": 0.17453505007153075,
    "CIDEr": 0.0,
    "METEOR": 0.11336032388663969,
    "SPICE": 0.10526315789473685,
    "BLEU_4": 5.501034141770605e-13
  }
}