{
  "0": {
    "BLEU_1": 0.3032653297552284,
    "BLEU_2": 6.0653065950034785e-09,
    "ROUGE_L": 0.2234432234432234,
    "CIDEr": 0.0,
    "METEOR": 0.12763864374598954,
    "SPICE": 0.05555555555555555,
    "BLEU_4": 1.0305224262915758e-12
  },
  "1": {
    "BLEU_1": 0.21470779796016531,
    "BLEU_2": 5.1856859842473975e-09,
    "ROUGE_L": 0.12224448897795591,
    "CIDEr": 0.0,
    "METEOR": 0.1694380243908553,
    "SPICE": 0.1111111111111111,
    "BLEU_4": 9.334768232372482e-13
  },
  "2": {
    "BLEU_1": 0.555555555432099,
    "BLEU_2": 0.26352313828697443,
    "ROUGE_L": 0.31282051282051276,
    "CIDEr": 0.0,
    "METEOR": 0.1964021696278026,
    "SPICE": 0.1714285714285714,
    "BLEU_4": 6.376715692219053e-09
  },
  "3": {
    "BLEU_1": 0.32206169694024794,
    "BLEU_2": 6.3511423138542446e-09,
    "ROUGE_L": 0.17062937062937064,
    "CIDEr": 0.0,
    "METEOR": 0.15477557567395206,
    "SPICE": 0.16666666666666666,
    "BLEU_4": 1.0330619227359553e-12
  },
  "4": {
    "BLEU_1": 0.4999999999000002,
    "BLEU_2": 7.453559923467182e-09,
    "ROUGE_L": 0.18885448916408668,
    "CIDEr": 0.0,
    "METEOR": 0.16157242944814634,
    "SPICE": 0.05128205128205128,
    "BLEU_4": 9.98009940168062e-13
  },
  "5": {
    "BLEU_1": 0.3333333332592594,
    "BLEU_2": 6.454972242199766e-09,
    "ROUGE_L": 0.1111111111111111,
    "CIDEr": 0.0,
    "METEOR": 0.1359823229973937,
    "SPICE": 0.10526315789473685,
    "BLEU_4": 9.980099401403394e-13
  },
  "6": {
    "BLEU_1": 0.4444444443456792,
    "BLEU_2": 7.453559923291195e-09,
    "ROUGE_L": 0.15947712418300655,
    "CIDEr": 0.0,
    "METEOR": 0.16443493311947183,
    "SPICE": 0.16216216216216214,
    "BLEU_4": 1.0724314733358218e-12
  },
  "7": {
    "BLEU_1": 0.4444444443456792,
    "BLEU_2": 7.453559923291195e-09,
    "ROUGE_L": 0.19645732689210954,
    "CIDEr": 0.0,
    "METEOR": 0.16251545919200713,
    "SPICE": 0.10526315789473685,
    "BLEU_4": 1.0724314733358218e-12
  },
  "8": {
    "BLEU_1": 0.22062422559099293,
    "BLEU_2": 5.273927726724911e-09,
    "ROUGE_L": 0.116412213740458,
    "CIDEr": 0.0,
    "METEOR": 0.11941447517350577,
    "SPICE": 0.05405405405405405,
    "BLEU_4": 9.218141453123176e-13
  },
  "9": {
    "BLEU_1": 0.22222222217283966,
    "BLEU_2": 5.270462765739487e-09,
    "ROUGE_L": 0.1111111111111111,
    "CIDEr": 0.0,
    "METEOR": 0.1092403132530542,
    "SPICE": 0.1142857142857143,
    "BLEU_4": 9.018037815333522e-13
  }
}