{
  "0": {
    "BLEU_1": 0.32206169694024794,
    "BLEU_2": 0.20084075455651398,
    "ROUGE_L": 0.3667334669338677,
    "CIDEr": 0.0,
    "METEOR": 0.15180265654648958,
    "SPICE": 0.1875,
    "BLEU_4": 5.809334106350273e-09
  },
  "1": {
    "BLEU_1": 0.3333333332592594,
    "BLEU_2": 6.454972242199766e-09,
    "ROUGE_L": 0.3333333333333333,
    "CIDEr": 0.0,
    "METEOR": 0.14075950462876333,
    "SPICE": 0.05714285714285715,
    "BLEU_4": 9.980099401403394e-13
  },
  "2": {
    "BLEU_1": 0.4444444443456792,
    "BLEU_2": 0.23570226034150096,
    "ROUGE_L": 0.2222222222222222,
    "CIDEr": 0.0,
    "METEOR": 0.19452822724903313,
    "SPICE": 0.2285714285714286,
    "BLEU_4": 6.030725358915047e-09
  },
  "3": {
    "BLEU_1": 0.29999999994000015,
    "BLEU_2": 0.1825741857975264,
    "ROUGE_L": 0.21254355400696867,
    "CIDEr": 0.0,
    "METEOR": 0.18950598386050388,
    "SPICE": 0.16666666666666666,
    "BLEU_4": 4.939382736029984e-09
  },
  "4": {
    "BLEU_1": 0.35294117644982703,
    "BLEU_2": 0.14852213143749163,
    "ROUGE_L": 0.22289890377588306,
    "CIDEr": 0.0,
    "METEOR": 0.1869782971619366,
    "SPICE": 0.09302325581395349,
    "BLEU_4": 3.2014060613745118e-09
  },
  "5": {
    "BLEU_1": 0.47368421050138515,
    "BLEU_2": 0.22941573385815192,
    "ROUGE_L": 0.269018743109151,
    "CIDEr": 0.0,
    "METEOR": 0.200307478879014,
    "SPICE": 0.13043478260869565,
    "BLEU_4": 2.09734257901073e-05
  },
  "6": {
    "BLEU_1": 0.49999999997222233,
    "BLEU_2": 0.24253562502246254,
    "ROUGE_L": 0.27664399092970515,
    "CIDEr": 0.0,
    "METEOR": 0.20527378000824578,
    "SPICE": 0.13953488372093023,
    "BLEU_4": 2.2250253289076306e-05
  },
  "7": {
    "BLEU_1": 0.49999999997222233,
    "BLEU_2": 0.24253562502246254,
    "ROUGE_L": 0.27664399092970515,
    "CIDEr": 0.0,
    "METEOR": 0.20527378000824578,
    "SPICE": 0.13953488372093023,
    "BLEU_4": 2.2250253289076306e-05
  },
  "8": {
    "BLEU_1": 0.49999999997222233,
    "BLEU_2": 0.24253562502246254,
    "ROUGE_L": 0.27664399092970515,
    "CIDEr": 0.0,
    "METEOR": 0.20527378000824578,
    "SPICE": 0.13953488372093023,
    "BLEU_4": 2.2250253289076306e-05
  },
  "9": {
    "BLEU_1": 0.49999999997222233,
    "BLEU_2": 0.24253562502246254,
    "ROUGE_L": 0.27664399092970515,
    "CIDEr": 0.0,
    "METEOR": 0.20527378000824578,
    "SPICE": 0.13953488372093023,
    "BLEU_4": 2.2250253289076306e-05
  }
}