{
  "0": {
    "BLEU_1": 7.162619917923445e-17,
    "BLEU_2": 8.27068107508754e-17,
    "ROUGE_L": 0.0,
    "CIDEr": 0.0,
    "METEOR": 0.0159468438538206,
    "SPICE": 0.0,
    "BLEU_4": 1.2944315414357063e-16
  },
  "1": {
    "BLEU_1": 0.21470779796016531,
    "BLEU_2": 0.1639857894063383,
    "ROUGE_L": 0.2136602451838879,
    "CIDEr": 0.0,
    "METEOR": 0.12860337054447224,
    "SPICE": 0.08333333333333333,
    "BLEU_4": 5.249325938137114e-09
  },
  "2": {
    "BLEU_1": 0.20217688650348561,
    "BLEU_2": 0.15660554288060333,
    "ROUGE_L": 0.2234432234432234,
    "CIDEr": 0.0,
    "METEOR": 0.10738828199782773,
    "SPICE": 0.08695652173913045,
    "BLEU_4": 5.236421925064999e-09
  },
  "3": {
    "BLEU_1": 0.08986579278749814,
    "BLEU_2": 3.1772355737578207e-09,
    "ROUGE_L": 0.11708253358925146,
    "CIDEr": 0.0,
    "METEOR": 0.07748184019370462,
    "SPICE": 0.08695652173913045,
    "BLEU_4": 7.634297901288654e-13
  },
  "4": {
    "BLEU_1": 3.3546262723158953e-19,
    "BLEU_2": 1.0608259724462612e-14,
    "ROUGE_L": 0.0,
    "CIDEr": 0.0,
    "METEOR": 0.11910669975186104,
    "SPICE": 0.0,
    "BLEU_4": 1.886444984907315e-12
  },
  "5": {
    "BLEU_1": 3.3546262723158953e-19,
    "BLEU_2": 1.0608259724462612e-14,
    "ROUGE_L": 0.0,
    "CIDEr": 0.0,
    "METEOR": 0.11162790697674418,
    "SPICE": 0.0,
    "BLEU_4": 1.886444984907315e-12
  },
  "6": {
    "BLEU_1": 3.3546262723158953e-19,
    "BLEU_2": 1.0608259724462612e-14,
    "ROUGE_L": 0.0,
    "CIDEr": 0.0,
    "METEOR": 0.11650485436893204,
    "SPICE": 0.0,
    "BLEU_4": 1.886444984907315e-12
  },
  "7": {
    "BLEU_1": 4.5111761048796427e-17,
    "BLEU_2": 5.525039797935208e-17,
    "ROUGE_L": 0.0,
    "CIDEr": 0.0,
    "METEOR": 0.0,
    "SPICE": 0.0,
    "BLEU_4": 1.5377056965806874e-14
  },
  "8": {
    "BLEU_1": 0.17973158557499613,
    "BLEU_2": 0.14209029446906069,
    "ROUGE_L": 0.2341650671785029,
    "CIDEr": 0.0,
    "METEOR": 0.10976296145232516,
    "SPICE": 0.09999999999999999,
    "BLEU_4": 5.105362706788634e-09
  },
  "9": {
    "BLEU_1": 0.5367694949004131,
    "BLEU_2": 0.44909357984071563,
    "ROUGE_L": 0.4273204903677758,
    "CIDEr": 0.0,
    "METEOR": 0.24814008416744182,
    "SPICE": 0.08695652173913045,
    "BLEU_4": 8.686980675637748e-09
  }
}