{
  "0": {
    "BLEU_1": 0.45454545446281003,
    "BLEU_2": 0.2132007163158777,
    "ROUGE_L": 0.2727272727272727,
    "CIDEr": 0.0,
    "METEOR": 0.16301385745187014,
    "SPICE": 0.20512820512820512,
    "BLEU_4": 5.012578714748261e-09
  },
  "1": {
    "BLEU_1": 0.714285714234694,
    "BLEU_2": 0.5241424183220805,
    "ROUGE_L": 0.42957746478873243,
    "CIDEr": 0.0,
    "METEOR": 0.31396233432965703,
    "SPICE": 0.18604651162790697,
    "BLEU_4": 0.33428661212931343
  },
  "2": {
    "BLEU_1": 0.818181818033058,
    "BLEU_2": 0.6396021489476329,
    "ROUGE_L": 0.4803149606299213,
    "CIDEr": 0.0,
    "METEOR": 0.3432507799359799,
    "SPICE": 0.1951219512195122,
    "BLEU_4": 0.4296943522970798
  },
  "3": {
    "BLEU_1": 0.6999999999300001,
    "BLEU_2": 0.5577733509638411,
    "ROUGE_L": 0.5,
    "CIDEr": 0.0,
    "METEOR": 0.33546660380429105,
    "SPICE": 0.05405405405405405,
    "BLEU_4": 0.42728700634506994
  },
  "4": {
    "BLEU_1": 0.4953587997157158,
    "BLEU_2": 0.2675243277994909,
    "ROUGE_L": 0.32049036777583184,
    "CIDEr": 0.0,
    "METEOR": 0.15986445464384183,
    "SPICE": 0.05555555555555555,
    "BLEU_4": 7.201170725888819e-09
  },
  "5": {
    "BLEU_1": 0.5999999999400001,
    "BLEU_2": 0.25819888971990695,
    "ROUGE_L": 0.28328173374613,
    "CIDEr": 0.0,
    "METEOR": 0.14451583107435292,
    "SPICE": 0.15000000000000002,
    "BLEU_4": 5.873949093995857e-09
  },
  "6": {
    "BLEU_1": 0.7999999999200001,
    "BLEU_2": 0.2981423969685016,
    "ROUGE_L": 0.28328173374613,
    "CIDEr": 0.0,
    "METEOR": 0.17643215059572226,
    "SPICE": 0.14634146341463414,
    "BLEU_4": 6.311969077470084e-09
  },
  "7": {
    "BLEU_1": 0.6191984996446447,
    "BLEU_2": 9.458413315969635e-09,
    "ROUGE_L": 0.32049036777583184,
    "CIDEr": 0.0,
    "METEOR": 0.13445378151260504,
    "SPICE": 0.10526315789473685,
    "BLEU_4": 1.3540372452810337e-12
  },
  "8": {
    "BLEU_1": 0.4444444443456792,
    "BLEU_2": 0.23570226034150096,
    "ROUGE_L": 0.19645732689210954,
    "CIDEr": 0.0,
    "METEOR": 0.14610209535704463,
    "SPICE": 0.15384615384615383,
    "BLEU_4": 6.030725358915047e-09
  },
  "9": {
    "BLEU_1": 0.6999999999300001,
    "BLEU_2": 0.27888667548192064,
    "ROUGE_L": 0.28328173374613,
    "CIDEr": 0.0,
    "METEOR": 0.17379226804316783,
    "SPICE": 0.14634146341463414,
    "BLEU_4": 6.104735835076852e-09
  }
}