{
  "0": {
    "BLEU_1": 4.5111761048796427e-17,
    "BLEU_2": 5.525039797935208e-17,
    "ROUGE_L": 0.0,
    "CIDEr": 0.0,
    "METEOR": 0.0,
    "SPICE": 0.0,
    "BLEU_4": 1.5377056965806874e-14
  },
  "1": {
    "BLEU_1": 0.2695973783624942,
    "BLEU_2": 0.17402435942550276,
    "ROUGE_L": 0.19395866454689983,
    "CIDEr": 0.0,
    "METEOR": 0.21261104314674634,
    "SPICE": 0.12903225806451613,
    "BLEU_4": 5.650012601115274e-09
  },
  "2": {
    "BLEU_1": 0.4412484511819858,
    "BLEU_2": 0.4085166850941424,
    "ROUGE_L": 0.21785714285714283,
    "CIDEr": 0.0,
    "METEOR": 0.14214671908952747,
    "SPICE": 0.1142857142857143,
    "BLEU_4": 8.112994484315413e-09
  },
  "3": {
    "BLEU_1": 0.30668147149199426,
    "BLEU_2": 0.2774038284788641,
    "ROUGE_L": 0.18484848484848485,
    "CIDEr": 0.0,
    "METEOR": 0.14809639000516606,
    "SPICE": 0.10526315789473684,
    "BLEU_4": 5.186805879258314e-09
  },
  "4": {
    "BLEU_1": 0.30668147149199426,
    "BLEU_2": 0.2774038284788641,
    "ROUGE_L": 0.18484848484848485,
    "CIDEr": 0.0,
    "METEOR": 0.14809639000516606,
    "SPICE": 0.10526315789473684,
    "BLEU_4": 5.186805879258314e-09
  },
  "5": {
    "BLEU_1": 0.30668147149199426,
    "BLEU_2": 0.2264992774892539,
    "ROUGE_L": 0.19551282051282048,
    "CIDEr": 0.0,
    "METEOR": 0.14809639000516606,
    "SPICE": 0.05263157894736842,
    "BLEU_4": 4.6868081848331365e-09
  },
  "6": {
    "BLEU_1": 0.30668147149199426,
    "BLEU_2": 0.2264992774892539,
    "ROUGE_L": 0.19551282051282048,
    "CIDEr": 0.0,
    "METEOR": 0.14809639000516606,
    "SPICE": 0.05263157894736842,
    "BLEU_4": 4.6868081848331365e-09
  },
  "7": {
    "BLEU_1": 0.3076923076449706,
    "BLEU_2": 0.22645540679335416,
    "ROUGE_L": 0.18798151001540828,
    "CIDEr": 0.0,
    "METEOR": 0.14556722964454652,
    "SPICE": 0.05128205128205129,
    "BLEU_4": 4.646684392904646e-09
  },
  "8": {
    "BLEU_1": 0.30668147149199426,
    "BLEU_2": 0.2264992774892539,
    "ROUGE_L": 0.2772727272727273,
    "CIDEr": 0.0,
    "METEOR": 0.14809639000516606,
    "SPICE": 0.05128205128205129,
    "BLEU_4": 4.6868081848331365e-09
  },
  "9": {
    "BLEU_1": 0.33333333331111115,
    "BLEU_2": 0.26726124189397066,
    "ROUGE_L": 0.3319727891156462,
    "CIDEr": 0.0,
    "METEOR": 0.19565047581502049,
    "SPICE": 0.04878048780487805,
    "BLEU_4": 2.6012784402097693e-05
  }
}