{
  "0": {
    "BLEU_1": 0.33093633838648934,
    "BLEU_2": 6.459215935396237e-09,
    "ROUGE_L": 0.232824427480916,
    "CIDEr": 0.0,
    "METEOR": 0.21863713125288928,
    "SPICE": 0.14285714285714288,
    "BLEU_4": 1.0201550479411466e-12
  },
  "1": {
    "BLEU_1": 0.2499999999583334,
    "BLEU_2": 0.15075567226318493,
    "ROUGE_L": 0.13926940639269406,
    "CIDEr": 0.0,
    "METEOR": 0.15378308772759064,
    "SPICE": 0.12121212121212123,
    "BLEU_4": 3.98635712755178e-09
  },
  "2": {
    "BLEU_1": 0.23076923073372793,
    "BLEU_2": 0.1386750490345283,
    "ROUGE_L": 0.13540510543840176,
    "CIDEr": 0.0,
    "METEOR": 0.11464071888535815,
    "SPICE": 0.1764705882352941,
    "BLEU_4": 3.636227045901134e-09
  },
  "3": {
    "BLEU_1": 0.4412484511819858,
    "BLEU_2": 0.2358572181075568,
    "ROUGE_L": 0.15721649484536082,
    "CIDEr": 0.0,
    "METEOR": 0.16057314563816993,
    "SPICE": 0.14285714285714288,
    "BLEU_4": 6.164542726677392e-09
  },
  "4": {
    "BLEU_1": 0.49805493606340595,
    "BLEU_2": 0.21325438302191876,
    "ROUGE_L": 0.2036727879799666,
    "CIDEr": 0.0,
    "METEOR": 0.1590999975130491,
    "SPICE": 0.2580645161290322,
    "BLEU_4": 4.790437744888919e-09
  },
  "5": {
    "BLEU_1": 0.33093633838648934,
    "BLEU_2": 6.459215935396237e-09,
    "ROUGE_L": 0.232824427480916,
    "CIDEr": 0.0,
    "METEOR": 0.13521126760563382,
    "SPICE": 0.13333333333333333,
    "BLEU_4": 1.0201550479411466e-12
  },
  "6": {
    "BLEU_1": 0.4999999999166667,
    "BLEU_2": 0.3015113445263697,
    "ROUGE_L": 0.2785388127853881,
    "CIDEr": 0.0,
    "METEOR": 0.1813556310109593,
    "SPICE": 0.29411764705882354,
    "BLEU_4": 3.170233137953831e-05
  },
  "7": {
    "BLEU_1": 0.4150457800528383,
    "BLEU_2": 0.19467372677991937,
    "ROUGE_L": 0.2036727879799666,
    "CIDEr": 0.0,
    "METEOR": 0.1256544502617801,
    "SPICE": 0.19999999999999998,
    "BLEU_4": 4.57698921485786e-09
  },
  "8": {
    "BLEU_1": 0.4150457800528383,
    "BLEU_2": 0.19467372677991937,
    "ROUGE_L": 0.2036727879799666,
    "CIDEr": 0.0,
    "METEOR": 0.1256544502617801,
    "SPICE": 0.19999999999999998,
    "BLEU_4": 4.57698921485786e-09
  },
  "9": {
    "BLEU_1": 0.4150457800528383,
    "BLEU_2": 0.19467372677991937,
    "ROUGE_L": 0.2036727879799666,
    "CIDEr": 0.0,
    "METEOR": 0.1256544502617801,
    "SPICE": 0.19999999999999998,
    "BLEU_4": 4.57698921485786e-09
  }
}