{
  "0": {
    "BLEU_1": 0.12383969992892904,
    "BLEU_2": 4.229931026759462e-09,
    "ROUGE_L": 0.10683012259194395,
    "CIDEr": 0.0,
    "METEOR": 0.10691244239631335,
    "SPICE": 0.05405405405405405,
    "BLEU_4": 9.054992803586729e-13
  },
  "1": {
    "BLEU_1": 0.4166666666319445,
    "BLEU_2": 0.19462473602342495,
    "ROUGE_L": 0.17528735632183906,
    "CIDEr": 0.0,
    "METEOR": 0.1580015902906064,
    "SPICE": 0.14634146341463414,
    "BLEU_4": 4.5293761703575315e-09
  },
  "2": {
    "BLEU_1": 0.3999999999200002,
    "BLEU_2": 0.21081851063455723,
    "ROUGE_L": 0.18885448916408668,
    "CIDEr": 0.0,
    "METEOR": 0.1409910547066858,
    "SPICE": 0.10256410256410256,
    "BLEU_4": 5.307712169906119e-09
  },
  "3": {
    "BLEU_1": 0.29999999994000015,
    "BLEU_2": 5.773502690709485e-09,
    "ROUGE_L": 0.11338289962825278,
    "CIDEr": 0.0,
    "METEOR": 0.0879120879120879,
    "SPICE": 0.05128205128205128,
    "BLEU_4": 8.783602617783837e-13
  },
  "4": {
    "BLEU_1": 0.36363636357024803,
    "BLEU_2": 6.030226890431458e-09,
    "ROUGE_L": 0.108348134991119,
    "CIDEr": 0.0,
    "METEOR": 0.08733624454148473,
    "SPICE": 0.049999999999999996,
    "BLEU_4": 8.430118944817767e-13
  },
  "5": {
    "BLEU_1": 0.30769230766863914,
    "BLEU_2": 0.16012815379225645,
    "ROUGE_L": 0.19902120717781402,
    "CIDEr": 0.0,
    "METEOR": 0.16871334640965138,
    "SPICE": 0.0975609756097561,
    "BLEU_4": 3.9073802491094676e-09
  },
  "6": {
    "BLEU_1": 0.28571428569387763,
    "BLEU_2": 0.14824986332122378,
    "ROUGE_L": 0.19122257053291536,
    "CIDEr": 0.0,
    "METEOR": 0.14451583107435295,
    "SPICE": 0.09523809523809523,
    "BLEU_4": 3.592143420053192e-09
  },
  "7": {
    "BLEU_1": 0.357142857117347,
    "BLEU_2": 0.16574838602065456,
    "ROUGE_L": 0.19122257053291536,
    "CIDEr": 0.0,
    "METEOR": 0.18089673518350238,
    "SPICE": 0.09523809523809523,
    "BLEU_4": 3.7982292265213524e-09
  },
  "8": {
    "BLEU_1": 0.33333333331111115,
    "BLEU_2": 0.1543033499514377,
    "ROUGE_L": 0.17453505007153075,
    "CIDEr": 0.0,
    "METEOR": 0.15483870967741936,
    "SPICE": 0.09302325581395349,
    "BLEU_4": 3.514847831107641e-09
  },
  "9": {
    "BLEU_1": 0.33333333331111115,
    "BLEU_2": 0.1543033499514377,
    "ROUGE_L": 0.17453505007153075,
    "CIDEr": 0.0,
    "METEOR": 0.15483870967741936,
    "SPICE": 0.09302325581395349,
    "BLEU_4": 3.514847831107641e-09
  }
}