{
  "0": {
    "BLEU_1": 0.5999999998800002,
    "BLEU_2": 0.3651483715950527,
    "ROUGE_L": 0.42508710801393734,
    "CIDEr": 0.0,
    "METEOR": 0.23635791187300034,
    "SPICE": 0.27586206896551724,
    "BLEU_4": 3.9281465081419535e-05
  },
  "1": {
    "BLEU_1": 0.4117647058581315,
    "BLEU_2": 0.22687130322949517,
    "ROUGE_L": 0.3257676902536716,
    "CIDEr": 0.0,
    "METEOR": 0.21096908246464735,
    "SPICE": 0.2285714285714286,
    "BLEU_4": 2.225025328898801e-05
  },
  "2": {
    "BLEU_1": 0.38095238093424044,
    "BLEU_2": 0.23904572185521109,
    "ROUGE_L": 0.287396937573616,
    "CIDEr": 0.0,
    "METEOR": 0.22831730916344287,
    "SPICE": 0.2631578947368421,
    "BLEU_4": 2.0217803036299014e-05
  },
  "3": {
    "BLEU_1": 0.29999999998500004,
    "BLEU_2": 0.1777046633186087,
    "ROUGE_L": 0.2961165048543689,
    "CIDEr": 0.0,
    "METEOR": 0.23012935129966067,
    "SPICE": 0.2631578947368421,
    "BLEU_4": 1.792334463951305e-05
  },
  "4": {
    "BLEU_1": 0.29999999998500004,
    "BLEU_2": 0.1777046633186087,
    "ROUGE_L": 0.2961165048543689,
    "CIDEr": 0.0,
    "METEOR": 0.23012935129966067,
    "SPICE": 0.2631578947368421,
    "BLEU_4": 1.792334463951305e-05
  },
  "5": {
    "BLEU_1": 0.27272727271487607,
    "BLEU_2": 0.16116459279757603,
    "ROUGE_L": 0.2791762013729977,
    "CIDEr": 0.0,
    "METEOR": 0.22304844818274805,
    "SPICE": 0.25,
    "BLEU_4": 1.6169214352664708e-05
  },
  "6": {
    "BLEU_1": 0.27272727271487607,
    "BLEU_2": 0.16116459279757603,
    "ROUGE_L": 0.2791762013729977,
    "CIDEr": 0.0,
    "METEOR": 0.22304844818274805,
    "SPICE": 0.25,
    "BLEU_4": 1.6169214352664708e-05
  },
  "7": {
    "BLEU_1": 0.34782608694139894,
    "BLEU_2": 0.2177862025825042,
    "ROUGE_L": 0.27141268075639596,
    "CIDEr": 0.0,
    "METEOR": 0.2213457882729561,
    "SPICE": 0.25,
    "BLEU_4": 1.8331704948630108e-05
  },
  "8": {
    "BLEU_1": 0.34782608694139894,
    "BLEU_2": 0.2177862025825042,
    "ROUGE_L": 0.27141268075639596,
    "CIDEr": 0.0,
    "METEOR": 0.2213457882729561,
    "SPICE": 0.25,
    "BLEU_4": 1.8331704948630108e-05
  },
  "9": {
    "BLEU_1": 0.34782608694139894,
    "BLEU_2": 0.2177862025825042,
    "ROUGE_L": 0.27141268075639596,
    "CIDEr": 0.0,
    "METEOR": 0.2213457882729561,
    "SPICE": 0.25,
    "BLEU_4": 1.8331704948630108e-05
  }
}