{
  "0": {
    "BLEU_1": 4.5111761048796427e-17,
    "BLEU_2": 5.525039797935208e-17,
    "ROUGE_L": 0.0,
    "CIDEr": 0.0,
    "METEOR": 0.04593301435406699,
    "SPICE": 0.0,
    "BLEU_4": 1.5377056965806874e-14
  },
  "1": {
    "BLEU_1": 0.555555555432099,
    "BLEU_2": 0.37267799616455977,
    "ROUGE_L": 0.20854700854700853,
    "CIDEr": 0.0,
    "METEOR": 0.1776787938509513,
    "SPICE": 0.20512820512820512,
    "BLEU_4": 7.583235671536399e-09
  },
  "2": {
    "BLEU_1": 0.4412484511819858,
    "BLEU_2": 7.458460118109875e-09,
    "ROUGE_L": 0.1732954545454545,
    "CIDEr": 0.0,
    "METEOR": 0.07797270955165693,
    "SPICE": 0.10810810810810811,
    "BLEU_4": 1.0962279403155601e-12
  },
  "3": {
    "BLEU_1": 0.29999999994000015,
    "BLEU_2": 5.773502690709485e-09,
    "ROUGE_L": 0.2,
    "CIDEr": 0.0,
    "METEOR": 0.15135135135135136,
    "SPICE": 0.24390243902439024,
    "BLEU_4": 8.783602617783837e-13
  },
  "4": {
    "BLEU_1": 0.29999999994000015,
    "BLEU_2": 5.773502690709485e-09,
    "ROUGE_L": 0.2,
    "CIDEr": 0.0,
    "METEOR": 0.15384615384615385,
    "SPICE": 0.24390243902439024,
    "BLEU_4": 8.783602617783837e-13
  },
  "5": {
    "BLEU_1": 0.11031211279549655,
    "BLEU_2": 3.729230059054939e-09,
    "ROUGE_L": 0.10892857142857142,
    "CIDEr": 0.0,
    "METEOR": 0.1340782122905028,
    "SPICE": 0.15384615384615383,
    "BLEU_4": 7.751502103232947e-13
  },
  "6": {
    "BLEU_1": 0.29999999994000015,
    "BLEU_2": 5.773502690709485e-09,
    "ROUGE_L": 0.2,
    "CIDEr": 0.0,
    "METEOR": 0.0933852140077821,
    "SPICE": 0.1951219512195122,
    "BLEU_4": 8.783602617783837e-13
  },
  "7": {
    "BLEU_1": 0.4999999999285716,
    "BLEU_2": 0.19611613510962883,
    "ROUGE_L": 0.2982885085574572,
    "CIDEr": 0.0,
    "METEOR": 0.20596470266311195,
    "SPICE": 0.23809523809523808,
    "BLEU_4": 4.131551590477985e-09
  },
  "8": {
    "BLEU_1": 0.4999999999285716,
    "BLEU_2": 0.2773500980722313,
    "ROUGE_L": 0.2982885085574572,
    "CIDEr": 0.0,
    "METEOR": 0.20596470266311195,
    "SPICE": 0.2857142857142857,
    "BLEU_4": 2.762935070642069e-05
  },
  "9": {
    "BLEU_1": 0.4999999999285716,
    "BLEU_2": 0.19611613510962883,
    "ROUGE_L": 0.2982885085574572,
    "CIDEr": 0.0,
    "METEOR": 0.20596470266311195,
    "SPICE": 0.23809523809523808,
    "BLEU_4": 4.131551590477985e-09
  }
}