{
  "0": {
    "BLEU_1": 0.3715190997867868,
    "BLEU_2": 7.326455450859374e-09,
    "ROUGE_L": 0.24448897795591182,
    "CIDEr": 0.0,
    "METEOR": 0.16184971098265896,
    "SPICE": 0.1739130434782609,
    "BLEU_4": 1.1917040716272326e-12
  },
  "1": {
    "BLEU_1": 0.35826565516747294,
    "BLEU_2": 7.1653131032300366e-09,
    "ROUGE_L": 0.2573839662447257,
    "CIDEr": 0.0,
    "METEOR": 0.1889514665726129,
    "SPICE": 0.21052631578947367,
    "BLEU_4": 1.2174183989911234e-12
  },
  "2": {
    "BLEU_1": 0.32928698152470126,
    "BLEU_2": 6.721542363805207e-09,
    "ROUGE_L": 0.1358574610244989,
    "CIDEr": 0.0,
    "METEOR": 0.14634146341463414,
    "SPICE": 0.1818181818181818,
    "BLEU_4": 1.2271801245099645e-12
  },
  "3": {
    "BLEU_1": 0.4444444443456792,
    "BLEU_2": 7.453559923291195e-09,
    "ROUGE_L": 0.2222222222222222,
    "CIDEr": 0.0,
    "METEOR": 0.14301675977653633,
    "SPICE": 0.1818181818181818,
    "BLEU_4": 1.0724314733358218e-12
  },
  "4": {
    "BLEU_1": 0.35826565516747294,
    "BLEU_2": 7.1653131032300366e-09,
    "ROUGE_L": 0.12869198312236285,
    "CIDEr": 0.0,
    "METEOR": 0.0712166172106825,
    "SPICE": 0.08695652173913045,
    "BLEU_4": 1.2174183989911234e-12
  },
  "5": {
    "BLEU_1": 0.4999999998750002,
    "BLEU_2": 8.451542545096823e-09,
    "ROUGE_L": 0.20469798657718125,
    "CIDEr": 0.0,
    "METEOR": 0.16045845272206302,
    "SPICE": 0.16666666666666666,
    "BLEU_4": 1.2421889947772103e-12
  },
  "6": {
    "BLEU_1": 0.35826565516747294,
    "BLEU_2": 7.1653131032300366e-09,
    "ROUGE_L": 0.12869198312236285,
    "CIDEr": 0.0,
    "METEOR": 0.16918429003021146,
    "SPICE": 0.2,
    "BLEU_4": 1.2174183989911234e-12
  },
  "7": {
    "BLEU_1": 0.32928698152470126,
    "BLEU_2": 6.721542363805207e-09,
    "ROUGE_L": 0.2717149220489978,
    "CIDEr": 0.0,
    "METEOR": 0.17073170731707318,
    "SPICE": 0.1818181818181818,
    "BLEU_4": 1.2271801245099645e-12
  },
  "8": {
    "BLEU_1": 0.45454545446281003,
    "BLEU_2": 0.2132007163158777,
    "ROUGE_L": 0.4073455759599332,
    "CIDEr": 0.0,
    "METEOR": 0.1844882949885357,
    "SPICE": 0.25,
    "BLEU_4": 5.012578714748261e-09
  },
  "9": {
    "BLEU_1": 0.33333333330555565,
    "BLEU_2": 5.504818825152218e-09,
    "ROUGE_L": 0.2932692307692307,
    "CIDEr": 0.0,
    "METEOR": 0.1675392670157068,
    "SPICE": 0.22222222222222224,
    "BLEU_4": 7.61747236997849e-13
  }
}