{
  "0": {
    "BLEU_1": 0.5054422162587139,
    "BLEU_2": 0.4288819423302449,
    "ROUGE_L": 0.41924398625429554,
    "CIDEr": 0.0,
    "METEOR": 0.28915933254512843,
    "SPICE": 0.39999999999999997,
    "BLEU_4": 0.3258798046964367
  },
  "1": {
    "BLEU_1": 0.6065306595104567,
    "BLEU_2": 0.4698166286418098,
    "ROUGE_L": 0.41924398625429554,
    "CIDEr": 0.0,
    "METEOR": 0.3184166954964202,
    "SPICE": 0.39999999999999997,
    "BLEU_4": 0.3410772548135271
  },
  "2": {
    "BLEU_1": 0.7777777776049386,
    "BLEU_2": 0.5400617247435577,
    "ROUGE_L": 0.3929146537842191,
    "CIDEr": 0.0,
    "METEOR": 0.3389860999215983,
    "SPICE": 0.44444444444444436,
    "BLEU_4": 9.128709289493235e-09
  },
  "3": {
    "BLEU_1": 0.6441233938804958,
    "BLEU_2": 0.4919573682190146,
    "ROUGE_L": 0.5341506129597198,
    "CIDEr": 0.0,
    "METEOR": 0.3337553209361352,
    "SPICE": 0.4166666666666667,
    "BLEU_4": 9.09209923034264e-09
  },
  "4": {
    "BLEU_1": 0.7777777776049386,
    "BLEU_2": 0.5400617247435577,
    "ROUGE_L": 0.4911433172302737,
    "CIDEr": 0.0,
    "METEOR": 0.3389860999215983,
    "SPICE": 0.46153846153846156,
    "BLEU_4": 9.128709289493235e-09
  },
  "5": {
    "BLEU_1": 0.6441233938804958,
    "BLEU_2": 0.4919573682190146,
    "ROUGE_L": 0.5341506129597198,
    "CIDEr": 0.0,
    "METEOR": 0.3337553209361352,
    "SPICE": 0.4166666666666667,
    "BLEU_4": 9.09209923034264e-09
  },
  "6": {
    "BLEU_1": 0.7777777776049386,
    "BLEU_2": 0.5400617247435577,
    "ROUGE_L": 0.4911433172302737,
    "CIDEr": 0.0,
    "METEOR": 0.3389860999215983,
    "SPICE": 0.46153846153846156,
    "BLEU_4": 9.128709289493235e-09
  },
  "7": {
    "BLEU_1": 0.6441233938804958,
    "BLEU_2": 0.4919573682190146,
    "ROUGE_L": 0.5341506129597198,
    "CIDEr": 0.0,
    "METEOR": 0.3337553209361352,
    "SPICE": 0.4166666666666667,
    "BLEU_4": 9.09209923034264e-09
  },
  "8": {
    "BLEU_1": 0.7777777776049386,
    "BLEU_2": 0.5400617247435577,
    "ROUGE_L": 0.4911433172302737,
    "CIDEr": 0.0,
    "METEOR": 0.3389860999215983,
    "SPICE": 0.46153846153846156,
    "BLEU_4": 9.128709289493235e-09
  },
  "9": {
    "BLEU_1": 0.6441233938804958,
    "BLEU_2": 0.4919573682190146,
    "ROUGE_L": 0.5341506129597198,
    "CIDEr": 0.0,
    "METEOR": 0.3337553209361352,
    "SPICE": 0.4166666666666667,
    "BLEU_4": 9.09209923034264e-09
  }
}