{
  "0": {
    "BLEU_1": 0.3715190997867868,
    "BLEU_2": 0.23168286400471463,
    "ROUGE_L": 0.30148270181219106,
    "CIDEr": 0.0,
    "METEOR": 0.23130442082875263,
    "SPICE": 0.27586206896551724,
    "BLEU_4": 6.701444468735928e-09
  },
  "1": {
    "BLEU_1": 0.36363636357024803,
    "BLEU_2": 6.030226890431458e-09,
    "ROUGE_L": 0.25884016973125884,
    "CIDEr": 0.0,
    "METEOR": 0.20424367363655024,
    "SPICE": 0.18750000000000003,
    "BLEU_4": 8.430118944817767e-13
  },
  "2": {
    "BLEU_1": 0.23884377011164867,
    "BLEU_2": 5.85045365006396e-09,
    "ROUGE_L": 0.13926940639269406,
    "CIDEr": 0.0,
    "METEOR": 0.15533980582524273,
    "SPICE": 0.06896551724137931,
    "BLEU_4": 1.1000617045598687e-12
  },
  "3": {
    "BLEU_1": 0.5384615384201185,
    "BLEU_2": 0.36689969282327245,
    "ROUGE_L": 0.34414668547249644,
    "CIDEr": 0.0,
    "METEOR": 0.2596110352447167,
    "SPICE": 0.18750000000000003,
    "BLEU_4": 3.3260249502635095e-05
  },
  "4": {
    "BLEU_1": 0.4999999999687501,
    "BLEU_2": 0.18257418582326423,
    "ROUGE_L": 0.3546511627906977,
    "CIDEr": 0.0,
    "METEOR": 0.2878204042704907,
    "SPICE": 0.16666666666666669,
    "BLEU_4": 3.678763249672546e-09
  },
  "5": {
    "BLEU_1": 0.357142857117347,
    "BLEU_2": 5.241424183220805e-09,
    "ROUGE_L": 0.2340153452685422,
    "CIDEr": 0.0,
    "METEOR": 0.19595366925335994,
    "SPICE": 0.18181818181818182,
    "BLEU_4": 6.754312828130983e-13
  },
  "6": {
    "BLEU_1": 0.24999999998437505,
    "BLEU_2": 4.0824829043749705e-09,
    "ROUGE_L": 0.21995192307692307,
    "CIDEr": 0.0,
    "METEOR": 0.1585012340815484,
    "SPICE": 0.10256410256410256,
    "BLEU_4": 5.501034141799257e-13
  },
  "7": {
    "BLEU_1": 0.24999999998437505,
    "BLEU_2": 4.0824829043749705e-09,
    "ROUGE_L": 0.21995192307692307,
    "CIDEr": 0.0,
    "METEOR": 0.1559853414770794,
    "SPICE": 0.052631578947368425,
    "BLEU_4": 5.501034141799257e-13
  },
  "8": {
    "BLEU_1": 0.19999999998666673,
    "BLEU_2": 3.7796447298312975e-09,
    "ROUGE_L": 0.22676579925650556,
    "CIDEr": 0.0,
    "METEOR": 0.15978986200091058,
    "SPICE": 0.1714285714285714,
    "BLEU_4": 5.501034141770605e-13
  },
  "9": {
    "BLEU_1": 0.29411764704152255,
    "BLEU_2": 4.287464628302636e-09,
    "ROUGE_L": 0.22289890377588306,
    "CIDEr": 0.0,
    "METEOR": 0.15475711044182675,
    "SPICE": 0.052631578947368425,
    "BLEU_4": 5.439330543997057e-13
  }
}