{
  "0": {
    "BLEU_1": 0.24767939985785795,
    "BLEU_2": 5.982025825945981e-09,
    "ROUGE_L": 0.13174946004319654,
    "CIDEr": 0.0,
    "METEOR": 0.045028142589118206,
    "SPICE": 0.0,
    "BLEU_4": 1.0768261868323776e-12
  },
  "1": {
    "BLEU_1": 0.1999999999800001,
    "BLEU_2": 4.714045207412725e-09,
    "ROUGE_L": 0.11338289962825278,
    "CIDEr": 0.0,
    "METEOR": 0.04285714285714286,
    "SPICE": 0.0,
    "BLEU_4": 7.93688092513584e-13
  },
  "2": {
    "BLEU_1": 0.23076923075147937,
    "BLEU_2": 4.385290096183762e-09,
    "ROUGE_L": 0.2538141470180305,
    "CIDEr": 0.0,
    "METEOR": 0.0973913043478261,
    "SPICE": 0.05,
    "BLEU_4": 6.466227686450042e-13
  },
  "3": {
    "BLEU_1": 0.15789473683379507,
    "BLEU_2": 2.9617443886352513e-09,
    "ROUGE_L": 0.1293743372216331,
    "CIDEr": 0.0,
    "METEOR": 0.07584639271832995,
    "SPICE": 0.047619047619047616,
    "BLEU_4": 4.237713199509635e-13
  },
  "4": {
    "BLEU_1": 0.055555555552469195,
    "BLEU_2": 1.8077538150520845e-09,
    "ROUGE_L": 0.08265582655826557,
    "CIDEr": 0.0,
    "METEOR": 0.034042553191489355,
    "SPICE": 0.0,
    "BLEU_4": 3.4159919055542935e-13
  },
  "5": {
    "BLEU_1": 0.33333333330555565,
    "BLEU_2": 5.504818825152218e-09,
    "ROUGE_L": 0.17528735632183906,
    "CIDEr": 0.0,
    "METEOR": 0.12965906339381197,
    "SPICE": 0.10256410256410256,
    "BLEU_4": 7.61747236997849e-13
  },
  "6": {
    "BLEU_1": 0.36363636357024803,
    "BLEU_2": 6.030226890431458e-09,
    "ROUGE_L": 0.18181818181818182,
    "CIDEr": 0.0,
    "METEOR": 0.13187756447849702,
    "SPICE": 0.10810810810810811,
    "BLEU_4": 8.430118944817767e-13
  },
  "7": {
    "BLEU_1": 0.36363636357024803,
    "BLEU_2": 6.030226890431458e-09,
    "ROUGE_L": 0.18181818181818182,
    "CIDEr": 0.0,
    "METEOR": 0.13112967658920494,
    "SPICE": 0.10810810810810811,
    "BLEU_4": 8.430118944817767e-13
  },
  "8": {
    "BLEU_1": 0.19999999998666673,
    "BLEU_2": 3.7796447298312975e-09,
    "ROUGE_L": 0.1582360570687419,
    "CIDEr": 0.0,
    "METEOR": 0.11449016100178891,
    "SPICE": 0.0975609756097561,
    "BLEU_4": 5.501034141770605e-13
  },
  "9": {
    "BLEU_1": 0.19999999998666673,
    "BLEU_2": 3.7796447298312975e-09,
    "ROUGE_L": 0.1582360570687419,
    "CIDEr": 0.0,
    "METEOR": 0.09491525423728814,
    "SPICE": 0.047619047619047616,
    "BLEU_4": 5.501034141770605e-13
  }
}