{
  "0": {
    "BLEU_1": 0.4999999998750002,
    "BLEU_2": 0.26726124184322303,
    "ROUGE_L": 0.21785714285714283,
    "CIDEr": 0.0,
    "METEOR": 0.19332261861384561,
    "SPICE": 0.18181818181818182,
    "BLEU_4": 6.985342054598842e-09
  },
  "1": {
    "BLEU_1": 0.14285714284693884,
    "BLEU_2": 3.31496772041309e-09,
    "ROUGE_L": 0.17183098591549298,
    "CIDEr": 0.0,
    "METEOR": 0.10275229357798166,
    "SPICE": 0.0,
    "BLEU_4": 5.371507285148366e-13
  },
  "2": {
    "BLEU_1": 0.27777777776234575,
    "BLEU_2": 0.12782749813391808,
    "ROUGE_L": 0.1506172839506173,
    "CIDEr": 0.0,
    "METEOR": 0.15401331908456795,
    "SPICE": 0.11428571428571428,
    "BLEU_4": 2.8724953479163113e-09
  },
  "3": {
    "BLEU_1": 0.27272727270247943,
    "BLEU_2": 0.16514456475319042,
    "ROUGE_L": 0.1921259842519685,
    "CIDEr": 0.0,
    "METEOR": 0.171362645542711,
    "SPICE": 0.15384615384615385,
    "BLEU_4": 4.411629358851744e-09
  },
  "4": {
    "BLEU_1": 0.26666666664888894,
    "BLEU_2": 0.13801311185894144,
    "ROUGE_L": 0.1659863945578231,
    "CIDEr": 0.0,
    "METEOR": 0.1617714526951712,
    "SPICE": 0.125,
    "BLEU_4": 3.324137843193063e-09
  },
  "5": {
    "BLEU_1": 0.29999999994000015,
    "BLEU_2": 5.773502690709485e-09,
    "ROUGE_L": 0.1,
    "CIDEr": 0.0,
    "METEOR": 0.13980582524271845,
    "SPICE": 0.0,
    "BLEU_4": 8.783602617783837e-13
  },
  "6": {
    "BLEU_1": 0.22222222217283966,
    "BLEU_2": 5.270462765739487e-09,
    "ROUGE_L": 0.10427350427350426,
    "CIDEr": 0.0,
    "METEOR": 0.10734149708366865,
    "SPICE": 0.0,
    "BLEU_4": 9.018037815333522e-13
  },
  "7": {
    "BLEU_1": 0.18181818180165296,
    "BLEU_2": 4.26401432670519e-09,
    "ROUGE_L": 0.09606299212598425,
    "CIDEr": 0.0,
    "METEOR": 0.09266409266409267,
    "SPICE": 0.0,
    "BLEU_4": 7.088856801504128e-13
  },
  "8": {
    "BLEU_1": 0.22222222217283966,
    "BLEU_2": 5.270462765739487e-09,
    "ROUGE_L": 0.10427350427350426,
    "CIDEr": 0.0,
    "METEOR": 0.14229249011857706,
    "SPICE": 0.0,
    "BLEU_4": 9.018037815333522e-13
  },
  "9": {
    "BLEU_1": 0.24999999993750016,
    "BLEU_2": 5.976143045124577e-09,
    "ROUGE_L": 0.125,
    "CIDEr": 0.0,
    "METEOR": 0.09657947686116701,
    "SPICE": 0.0,
    "BLEU_4": 1.0445522727757714e-12
  }
}