{
  "0": {
    "BLEU_1": 0.12383969992892904,
    "BLEU_2": 4.229931026759462e-09,
    "ROUGE_L": 0.13174946004319654,
    "CIDEr": 0.0,
    "METEOR": 0.2092015949100787,
    "SPICE": 0.13793103448275862,
    "BLEU_4": 9.054992803586729e-13
  },
  "1": {
    "BLEU_1": 0.07692307691715985,
    "BLEU_2": 2.531848417506296e-09,
    "ROUGE_L": 0.09951060358890701,
    "CIDEr": 0.0,
    "METEOR": 0.1935765795226039,
    "SPICE": 0.1142857142857143,
    "BLEU_4": 4.91327054771308e-13
  },
  "2": {
    "BLEU_1": 0.07692307691715985,
    "BLEU_2": 2.531848417506296e-09,
    "ROUGE_L": 0.09951060358890701,
    "CIDEr": 0.0,
    "METEOR": 0.2378438151148509,
    "SPICE": 0.1714285714285714,
    "BLEU_4": 4.91327054771308e-13
  },
  "3": {
    "BLEU_1": 0.16666666663888896,
    "BLEU_2": 3.8924947201441226e-09,
    "ROUGE_L": 0.2074829931972789,
    "CIDEr": 0.0,
    "METEOR": 0.1997942426764349,
    "SPICE": 0.11764705882352942,
    "BLEU_4": 6.405505208675338e-13
  },
  "4": {
    "BLEU_1": 0.14285714284693884,
    "BLEU_2": 3.31496772041309e-09,
    "ROUGE_L": 0.19122257053291536,
    "CIDEr": 0.0,
    "METEOR": 0.1947889589350628,
    "SPICE": 0.1111111111111111,
    "BLEU_4": 5.371507285148366e-13
  },
  "5": {
    "BLEU_1": 0.1538461538343196,
    "BLEU_2": 3.5805743699102604e-09,
    "ROUGE_L": 0.19902120717781402,
    "CIDEr": 0.0,
    "METEOR": 0.1935765795226039,
    "SPICE": 0.1142857142857143,
    "BLEU_4": 5.84289629327371e-13
  },
  "6": {
    "BLEU_1": 0.06249999999609382,
    "BLEU_2": 2.041241452187486e-09,
    "ROUGE_L": 0.08866279069767442,
    "CIDEr": 0.0,
    "METEOR": 0.1833082737326033,
    "SPICE": 0.10526315789473685,
    "BLEU_4": 3.8898185452049755e-13
  },
  "7": {
    "BLEU_1": 0.07142857142346946,
    "BLEU_2": 2.344036154518608e-09,
    "ROUGE_L": 0.09561128526645768,
    "CIDEr": 0.0,
    "METEOR": 0.20310363582051635,
    "SPICE": 0.1111111111111111,
    "BLEU_4": 4.516881220590475e-13
  },
  "8": {
    "BLEU_1": 0.1538461538343196,
    "BLEU_2": 3.5805743699102604e-09,
    "ROUGE_L": 0.19902120717781402,
    "CIDEr": 0.0,
    "METEOR": 0.19601662044095605,
    "SPICE": 0.1142857142857143,
    "BLEU_4": 5.84289629327371e-13
  },
  "9": {
    "BLEU_1": 0.14285714284693884,
    "BLEU_2": 3.31496772041309e-09,
    "ROUGE_L": 0.19122257053291536,
    "CIDEr": 0.0,
    "METEOR": 0.19237919861834038,
    "SPICE": 0.1111111111111111,
    "BLEU_4": 5.371507285148366e-13
  }
}