{
  "0": {
    "BLEU_1": 0.4444444443456792,
    "BLEU_2": 7.453559923291195e-09,
    "ROUGE_L": 0.2222222222222222,
    "CIDEr": 0.0,
    "METEOR": 0.22222222222222224,
    "SPICE": 0.2857142857142857,
    "BLEU_4": 1.0724314733358218e-12
  },
  "1": {
    "BLEU_1": 0.3999999999200002,
    "BLEU_2": 0.21081851063455723,
    "ROUGE_L": 0.31881533101045295,
    "CIDEr": 0.0,
    "METEOR": 0.26038888481865397,
    "SPICE": 0.35714285714285715,
    "BLEU_4": 5.307712169906119e-09
  },
  "2": {
    "BLEU_1": 0.36363636360330587,
    "BLEU_2": 0.19069251783091612,
    "ROUGE_L": 0.3055091819699499,
    "CIDEr": 0.0,
    "METEOR": 0.25353654574447887,
    "SPICE": 0.3448275862068966,
    "BLEU_4": 4.740604259372055e-09
  },
  "3": {
    "BLEU_1": 0.36363636360330587,
    "BLEU_2": 0.19069251783091612,
    "ROUGE_L": 0.3055091819699499,
    "CIDEr": 0.0,
    "METEOR": 0.25353654574447887,
    "SPICE": 0.3448275862068966,
    "BLEU_4": 4.740604259372055e-09
  },
  "4": {
    "BLEU_1": 0.4166666666319445,
    "BLEU_2": 6.154574548430443e-09,
    "ROUGE_L": 0.2932692307692307,
    "CIDEr": 0.0,
    "METEOR": 0.23188405797101452,
    "SPICE": 0.26666666666666666,
    "BLEU_4": 8.054496384067745e-13
  },
  "5": {
    "BLEU_1": 0.3999999999200002,
    "BLEU_2": 0.21081851063455723,
    "ROUGE_L": 0.31881533101045295,
    "CIDEr": 0.0,
    "METEOR": 0.26038888481865397,
    "SPICE": 0.35714285714285715,
    "BLEU_4": 5.307712169906119e-09
  },
  "6": {
    "BLEU_1": 0.4999999999000002,
    "BLEU_2": 0.23570226034706615,
    "ROUGE_L": 0.3577712609970674,
    "CIDEr": 0.0,
    "METEOR": 0.26038888481865397,
    "SPICE": 0.5,
    "BLEU_4": 5.612222323072491e-09
  },
  "7": {
    "BLEU_1": 0.4999999999000002,
    "BLEU_2": 0.23570226034706615,
    "ROUGE_L": 0.3577712609970674,
    "CIDEr": 0.0,
    "METEOR": 0.26038888481865397,
    "SPICE": 0.5,
    "BLEU_4": 5.612222323072491e-09
  },
  "8": {
    "BLEU_1": 0.4999999999000002,
    "BLEU_2": 0.23570226034706615,
    "ROUGE_L": 0.3577712609970674,
    "CIDEr": 0.0,
    "METEOR": 0.26038888481865397,
    "SPICE": 0.5,
    "BLEU_4": 5.612222323072491e-09
  },
  "9": {
    "BLEU_1": 0.4999999999000002,
    "BLEU_2": 0.23570226034706615,
    "ROUGE_L": 0.31881533101045295,
    "CIDEr": 0.0,
    "METEOR": 0.26038888481865397,
    "SPICE": 0.35714285714285715,
    "BLEU_4": 5.612222323072491e-09
  }
}