{
  "0": {
    "BLEU_1": 0.4999999998750002,
    "BLEU_2": 0.37796447291136165,
    "ROUGE_L": 0.28955696202531644,
    "CIDEr": 0.0,
    "METEOR": 0.25485090194511045,
    "SPICE": 0.28571428571428575,
    "BLEU_4": 8.307018472056666e-09
  },
  "1": {
    "BLEU_1": 0.5384615384201185,
    "BLEU_2": 0.36689969282327245,
    "ROUGE_L": 0.37596302003081655,
    "CIDEr": 0.0,
    "METEOR": 0.31334984578399333,
    "SPICE": 0.45161290322580644,
    "BLEU_4": 5.914601686329329e-09
  },
  "2": {
    "BLEU_1": 0.6666666665185187,
    "BLEU_2": 0.40824829037030635,
    "ROUGE_L": 0.4006568144499179,
    "CIDEr": 0.0,
    "METEOR": 0.2566065697978373,
    "SPICE": 0.2758620689655173,
    "BLEU_4": 7.936880924121685e-09
  },
  "3": {
    "BLEU_1": 0.6666666665185187,
    "BLEU_2": 0.40824829037030635,
    "ROUGE_L": 0.35672514619883033,
    "CIDEr": 0.0,
    "METEOR": 0.22119770062400962,
    "SPICE": 0.21428571428571425,
    "BLEU_4": 7.936880924121685e-09
  },
  "4": {
    "BLEU_1": 0.6666666665185187,
    "BLEU_2": 0.40824829037030635,
    "ROUGE_L": 0.4006568144499179,
    "CIDEr": 0.0,
    "METEOR": 0.22119770062400962,
    "SPICE": 0.14285714285714288,
    "BLEU_4": 7.936880924121685e-09
  },
  "5": {
    "BLEU_1": 0.545454545355372,
    "BLEU_2": 0.3302891294763544,
    "ROUGE_L": 0.4485294117647059,
    "CIDEr": 0.0,
    "METEOR": 0.23947691308536503,
    "SPICE": 0.20689655172413793,
    "BLEU_4": 6.2389860708842774e-09
  },
  "6": {
    "BLEU_1": 0.32928698152470126,
    "BLEU_2": 0.21255383258936583,
    "ROUGE_L": 0.2717149220489978,
    "CIDEr": 0.0,
    "METEOR": 0.16711475056174654,
    "SPICE": 0.08000000000000002,
    "BLEU_4": 6.900940974641912e-09
  },
  "7": {
    "BLEU_1": 0.545454545355372,
    "BLEU_2": 0.3302891294763544,
    "ROUGE_L": 0.370257966616085,
    "CIDEr": 0.0,
    "METEOR": 0.2146274718926034,
    "SPICE": 0.13793103448275865,
    "BLEU_4": 6.2389860708842774e-09
  },
  "8": {
    "BLEU_1": 0.6191984996446447,
    "BLEU_2": 0.42299310267594614,
    "ROUGE_L": 0.40197693574958815,
    "CIDEr": 0.0,
    "METEOR": 0.22609231418254322,
    "SPICE": 0.15384615384615383,
    "BLEU_4": 9.054992803586728e-09
  },
  "9": {
    "BLEU_1": 0.545454545355372,
    "BLEU_2": 0.3302891294763544,
    "ROUGE_L": 0.370257966616085,
    "CIDEr": 0.0,
    "METEOR": 0.2146274718926034,
    "SPICE": 0.20689655172413793,
    "BLEU_4": 6.2389860708842774e-09
  }
}