{
  "0": {
    "BLEU_1": 0.4444444443456792,
    "BLEU_2": 0.3333333332569446,
    "ROUGE_L": 0.23921568627450981,
    "CIDEr": 0.0,
    "METEOR": 0.11042692268229867,
    "SPICE": 0.10714285714285714,
    "BLEU_4": 4.032989115749891e-05
  },
  "1": {
    "BLEU_1": 0.18181818180165296,
    "BLEU_2": 4.26401432670519e-09,
    "ROUGE_L": 0.1921259842519685,
    "CIDEr": 0.0,
    "METEOR": 0.18156123373759764,
    "SPICE": 0.13114754098360654,
    "BLEU_4": 7.088856801504128e-13
  },
  "2": {
    "BLEU_1": 0.3333333332592594,
    "BLEU_2": 6.454972242199766e-09,
    "ROUGE_L": 0.31282051282051276,
    "CIDEr": 0.0,
    "METEOR": 0.23617373171684142,
    "SPICE": 0.24137931034482757,
    "BLEU_4": 9.980099401403394e-13
  },
  "3": {
    "BLEU_1": 0.1978624428527385,
    "BLEU_2": 3.759964914834199e-09,
    "ROUGE_L": 0.2671532846715329,
    "CIDEr": 0.0,
    "METEOR": 0.22978771599603842,
    "SPICE": 0.22222222222222218,
    "BLEU_4": 5.544168960119546e-13
  },
  "4": {
    "BLEU_1": 0.29999999994000015,
    "BLEU_2": 5.773502690709485e-09,
    "ROUGE_L": 0.3,
    "CIDEr": 0.0,
    "METEOR": 0.18156123373759764,
    "SPICE": 0.13333333333333333,
    "BLEU_4": 8.783602617783837e-13
  },
  "5": {
    "BLEU_1": 0.27272727270247943,
    "BLEU_2": 5.222329678172441e-09,
    "ROUGE_L": 0.28818897637795277,
    "CIDEr": 0.0,
    "METEOR": 0.22438687264779386,
    "SPICE": 0.1935483870967742,
    "BLEU_4": 7.84510965356927e-13
  },
  "6": {
    "BLEU_1": 0.22222222217283966,
    "BLEU_2": 5.270462765739487e-09,
    "ROUGE_L": 0.20854700854700853,
    "CIDEr": 0.0,
    "METEOR": 0.21701996068600507,
    "SPICE": 0.1090909090909091,
    "BLEU_4": 9.018037815333522e-13
  },
  "7": {
    "BLEU_1": 0.29999999994000015,
    "BLEU_2": 5.773502690709485e-09,
    "ROUGE_L": 0.2,
    "CIDEr": 0.0,
    "METEOR": 0.21663442940038685,
    "SPICE": 0.14285714285714285,
    "BLEU_4": 8.783602617783837e-13
  },
  "8": {
    "BLEU_1": 0.36363636360330587,
    "BLEU_2": 0.19069251783091612,
    "ROUGE_L": 0.28818897637795277,
    "CIDEr": 0.0,
    "METEOR": 0.2055503185048954,
    "SPICE": 0.20338983050847456,
    "BLEU_4": 4.740604259372055e-09
  },
  "9": {
    "BLEU_1": 0.4117647058581315,
    "BLEU_2": 0.22687130322949517,
    "ROUGE_L": 0.3160621761658031,
    "CIDEr": 0.0,
    "METEOR": 0.16913140602092566,
    "SPICE": 0.10169491525423728,
    "BLEU_4": 3.95671672919582e-09
  }
}