{
  "0": {
    "BLEU_1": 0.08556951981024227,
    "BLEU_2": 2.964215117762818e-09,
    "ROUGE_L": 0.11960784313725491,
    "CIDEr": 0.0,
    "METEOR": 0.17191481184045795,
    "SPICE": 0.15384615384615383,
    "BLEU_4": 6.628186502891177e-13
  },
  "1": {
    "BLEU_1": 0.18181818178512404,
    "BLEU_2": 4.2640143263175525e-09,
    "ROUGE_L": 0.17256011315417258,
    "CIDEr": 0.0,
    "METEOR": 0.16936936936936942,
    "SPICE": 0.12903225806451613,
    "BLEU_4": 7.088856800859686e-13
  },
  "2": {
    "BLEU_1": 0.19999999996000015,
    "BLEU_2": 4.714045206941321e-09,
    "ROUGE_L": 0.1788856304985337,
    "CIDEr": 0.0,
    "METEOR": 0.15886524822695036,
    "SPICE": 0.13333333333333333,
    "BLEU_4": 7.936880924342154e-13
  },
  "3": {
    "BLEU_1": 0.09999999998000014,
    "BLEU_2": 3.333333332648151e-09,
    "ROUGE_L": 0.1,
    "CIDEr": 0.0,
    "METEOR": 0.2063942153044211,
    "SPICE": 0.13333333333333333,
    "BLEU_4": 6.674094717574907e-13
  },
  "4": {
    "BLEU_1": 0.09999999998000014,
    "BLEU_2": 3.333333332648151e-09,
    "ROUGE_L": 0.09442724458204334,
    "CIDEr": 0.0,
    "METEOR": 0.1585737912955935,
    "SPICE": 0.07142857142857144,
    "BLEU_4": 6.674094717574907e-13
  },
  "5": {
    "BLEU_1": 0.09090909089256209,
    "BLEU_2": 3.0151134452157307e-09,
    "ROUGE_L": 0.09090909090909091,
    "CIDEr": 0.0,
    "METEOR": 0.1523809523809524,
    "SPICE": 0.13333333333333333,
    "BLEU_4": 5.960994272089826e-13
  },
  "6": {
    "BLEU_1": 0.09999999998000014,
    "BLEU_2": 3.333333332648151e-09,
    "ROUGE_L": 0.09442724458204334,
    "CIDEr": 0.0,
    "METEOR": 0.11111111111111112,
    "SPICE": 0.13793103448275865,
    "BLEU_4": 6.674094717574907e-13
  },
  "7": {
    "BLEU_1": 0.09306272247784726,
    "BLEU_2": 3.1786971178843654e-09,
    "ROUGE_L": 0.10683012259194395,
    "CIDEr": 0.0,
    "METEOR": 0.1705664603750426,
    "SPICE": 0.14814814814814817,
    "BLEU_4": 6.804621480855548e-13
  },
  "8": {
    "BLEU_1": 0.1988531814701149,
    "BLEU_2": 4.716217300589896e-09,
    "ROUGE_L": 0.09822866344605477,
    "CIDEr": 0.0,
    "METEOR": 0.12282157676348551,
    "SPICE": 0.08695652173913045,
    "BLEU_4": 8.0696947976792e-13
  },
  "9": {
    "BLEU_1": 0.19999999996000015,
    "BLEU_2": 4.714045206941321e-09,
    "ROUGE_L": 0.09442724458204334,
    "CIDEr": 0.0,
    "METEOR": 0.17012819964295656,
    "SPICE": 0.06666666666666667,
    "BLEU_4": 7.936880924342154e-13
  }
}