{
  "0": {
    "BLEU_1": 0.12499999996875016,
    "BLEU_2": 4.225771272548414e-09,
    "ROUGE_L": 0.09131736526946108,
    "CIDEr": 0.0,
    "METEOR": 0.07272727272727274,
    "SPICE": 0.07692307692307691,
    "BLEU_4": 8.783602617222665e-13
  },
  "1": {
    "BLEU_1": 0.22222222217283966,
    "BLEU_2": 5.270462765739487e-09,
    "ROUGE_L": 0.10427350427350426,
    "CIDEr": 0.0,
    "METEOR": 0.11491712707182321,
    "SPICE": 0.07407407407407408,
    "BLEU_4": 9.018037815333522e-13
  },
  "2": {
    "BLEU_1": 0.22222222217283966,
    "BLEU_2": 5.270462765739487e-09,
    "ROUGE_L": 0.10427350427350426,
    "CIDEr": 0.0,
    "METEOR": 0.11428571428571428,
    "SPICE": 0.07142857142857144,
    "BLEU_4": 9.018037815333522e-13
  },
  "3": {
    "BLEU_1": 0.24999999993750016,
    "BLEU_2": 5.976143045124577e-09,
    "ROUGE_L": 0.09131736526946108,
    "CIDEr": 0.0,
    "METEOR": 0.1175141242937853,
    "SPICE": 0.16000000000000003,
    "BLEU_4": 1.0445522727757714e-12
  },
  "4": {
    "BLEU_1": 0.22222222217283966,
    "BLEU_2": 5.270462765739487e-09,
    "ROUGE_L": 0.08802308802308802,
    "CIDEr": 0.0,
    "METEOR": 0.11555555555555555,
    "SPICE": 0.15384615384615383,
    "BLEU_4": 9.018037815333522e-13
  },
  "5": {
    "BLEU_1": 0.1111111110864199,
    "BLEU_2": 3.726779961645599e-09,
    "ROUGE_L": 0.08802308802308802,
    "CIDEr": 0.0,
    "METEOR": 0.07032967032967034,
    "SPICE": 0.07142857142857144,
    "BLEU_4": 7.583235671536399e-13
  },
  "6": {
    "BLEU_1": 0.22222222217283966,
    "BLEU_2": 5.270462765739487e-09,
    "ROUGE_L": 0.10427350427350426,
    "CIDEr": 0.0,
    "METEOR": 0.08592592592592593,
    "SPICE": 0.07692307692307691,
    "BLEU_4": 9.018037815333522e-13
  },
  "7": {
    "BLEU_1": 0.22222222217283966,
    "BLEU_2": 5.270462765739487e-09,
    "ROUGE_L": 0.10427350427350426,
    "CIDEr": 0.0,
    "METEOR": 0.08592592592592593,
    "SPICE": 0.07142857142857144,
    "BLEU_4": 9.018037815333522e-13
  },
  "8": {
    "BLEU_1": 0.24999999993750016,
    "BLEU_2": 5.976143045124577e-09,
    "ROUGE_L": 0.10892857142857142,
    "CIDEr": 0.0,
    "METEOR": 0.12650061279328714,
    "SPICE": 0.16000000000000003,
    "BLEU_4": 1.0445522727757714e-12
  },
  "9": {
    "BLEU_1": 0.24999999993750016,
    "BLEU_2": 5.976143045124577e-09,
    "ROUGE_L": 0.10892857142857142,
    "CIDEr": 0.0,
    "METEOR": 0.1242524441220584,
    "SPICE": 0.14814814814814817,
    "BLEU_4": 1.0445522727757714e-12
  }
}