{
  "0": {
    "BLEU_1": 0.33093633838648934,
    "BLEU_2": 6.459215935396237e-09,
    "ROUGE_L": 0.10892857142857142,
    "CIDEr": 0.0,
    "METEOR": 0.11822660098522167,
    "SPICE": 0.15789473684210528,
    "BLEU_4": 1.0201550479411466e-12
  },
  "1": {
    "BLEU_1": 0.10735389898008273,
    "BLEU_2": 3.666833724565372e-09,
    "ROUGE_L": 0.10049423393739704,
    "CIDEr": 0.0,
    "METEOR": 0.09657947686116701,
    "SPICE": 0.05405405405405406,
    "BLEU_4": 7.849573143826273e-13
  },
  "2": {
    "BLEU_1": 0.3076923076449706,
    "BLEU_2": 5.063696834623075e-09,
    "ROUGE_L": 0.15384615384615383,
    "CIDEr": 0.0,
    "METEOR": 0.12851405622489961,
    "SPICE": 0.0975609756097561,
    "BLEU_4": 6.94841384364963e-13
  },
  "3": {
    "BLEU_1": 0.3076923076449706,
    "BLEU_2": 5.063696834623075e-09,
    "ROUGE_L": 0.15384615384615383,
    "CIDEr": 0.0,
    "METEOR": 0.12851405622489961,
    "SPICE": 0.0975609756097561,
    "BLEU_4": 6.94841384364963e-13
  },
  "4": {
    "BLEU_1": 0.2499999999583334,
    "BLEU_2": 4.7673129454153526e-09,
    "ROUGE_L": 0.18484848484848485,
    "CIDEr": 0.0,
    "METEOR": 0.14647057479047979,
    "SPICE": 0.0975609756097561,
    "BLEU_4": 7.088856800987232e-13
  },
  "5": {
    "BLEU_1": 0.15384615382248532,
    "BLEU_2": 3.580574369634832e-09,
    "ROUGE_L": 0.08905109489051095,
    "CIDEr": 0.0,
    "METEOR": 0.10344827586206898,
    "SPICE": 0.09523809523809522,
    "BLEU_4": 5.842896292824257e-13
  },
  "6": {
    "BLEU_1": 0.23529411761937719,
    "BLEU_2": 3.834824943778648e-09,
    "ROUGE_L": 0.07770700636942676,
    "CIDEr": 0.0,
    "METEOR": 0.1549348230912477,
    "SPICE": 0.08695652173913045,
    "BLEU_4": 5.144201220277295e-13
  },
  "7": {
    "BLEU_1": 0.1764705882145329,
    "BLEU_2": 3.3210558203785403e-09,
    "ROUGE_L": 0.1366181410974244,
    "CIDEr": 0.0,
    "METEOR": 0.1549348230912477,
    "SPICE": 0.08695652173913045,
    "BLEU_4": 4.787218651789001e-13
  },
  "8": {
    "BLEU_1": 0.1764705882145329,
    "BLEU_2": 3.3210558203785403e-09,
    "ROUGE_L": 0.07770700636942676,
    "CIDEr": 0.0,
    "METEOR": 0.16935086850680275,
    "SPICE": 0.0851063829787234,
    "BLEU_4": 4.787218651789001e-13
  },
  "9": {
    "BLEU_1": 0.30769230768047345,
    "BLEU_2": 3.5082320770904867e-09,
    "ROUGE_L": 0.18118811881188118,
    "CIDEr": 0.0,
    "METEOR": 0.15198618307426598,
    "SPICE": 0.0784313725490196,
    "BLEU_4": 3.8641981489783027e-13
  }
}