{
  "0": {
    "BLEU_1": 0.2195246543498009,
    "BLEU_2": 5.488116358607818e-09,
    "ROUGE_L": 0.11708253358925146,
    "CIDEr": 0.0,
    "METEOR": 0.1348314606741573,
    "SPICE": 0.13793103448275862,
    "BLEU_4": 1.108882419297383e-12
  },
  "1": {
    "BLEU_1": 0.3715190997867868,
    "BLEU_2": 7.326455450859374e-09,
    "ROUGE_L": 0.2136602451838879,
    "CIDEr": 0.0,
    "METEOR": 0.13043478260869565,
    "SPICE": 0.12903225806451613,
    "BLEU_4": 1.1917040716272326e-12
  },
  "2": {
    "BLEU_1": 0.3333333332592594,
    "BLEU_2": 6.454972242199766e-09,
    "ROUGE_L": 0.19645732689210954,
    "CIDEr": 0.0,
    "METEOR": 0.16985138004246286,
    "SPICE": 0.1875,
    "BLEU_4": 9.980099401403394e-13
  },
  "3": {
    "BLEU_1": 0.3749999999062502,
    "BLEU_2": 7.319250545218839e-09,
    "ROUGE_L": 0.20469798657718125,
    "CIDEr": 0.0,
    "METEOR": 0.15238095238095242,
    "SPICE": 0.125,
    "BLEU_4": 1.1559871144628244e-12
  },
  "4": {
    "BLEU_1": 0.3749999999062502,
    "BLEU_2": 7.319250545218839e-09,
    "ROUGE_L": 0.20469798657718125,
    "CIDEr": 0.0,
    "METEOR": 0.1273209549071618,
    "SPICE": 0.125,
    "BLEU_4": 1.1559871144628244e-12
  },
  "5": {
    "BLEU_1": 0.3333333332592594,
    "BLEU_2": 6.454972242199766e-09,
    "ROUGE_L": 0.19645732689210954,
    "CIDEr": 0.0,
    "METEOR": 0.12435233160621761,
    "SPICE": 0.12121212121212122,
    "BLEU_4": 9.980099401403394e-13
  },
  "6": {
    "BLEU_1": 0.2195246543498009,
    "BLEU_2": 5.488116358607818e-09,
    "ROUGE_L": 0.11708253358925146,
    "CIDEr": 0.0,
    "METEOR": 0.1348314606741573,
    "SPICE": 0.13793103448275862,
    "BLEU_4": 1.108882419297383e-12
  },
  "7": {
    "BLEU_1": 0.3749999999062502,
    "BLEU_2": 7.319250545218839e-09,
    "ROUGE_L": 0.20469798657718125,
    "CIDEr": 0.0,
    "METEOR": 0.1293800539083558,
    "SPICE": 0.12903225806451613,
    "BLEU_4": 1.1559871144628244e-12
  },
  "8": {
    "BLEU_1": 0.24999999993750016,
    "BLEU_2": 5.976143045124577e-09,
    "ROUGE_L": 0.10234899328859062,
    "CIDEr": 0.0,
    "METEOR": 0.12532637075718014,
    "SPICE": 0.125,
    "BLEU_4": 1.0445522727757714e-12
  },
  "9": {
    "BLEU_1": 0.1999999999800001,
    "BLEU_2": 4.714045207412725e-09,
    "ROUGE_L": 0.09442724458204334,
    "CIDEr": 0.0,
    "METEOR": 0.15765363389929415,
    "SPICE": 0.17647058823529413,
    "BLEU_4": 7.93688092513584e-13
  }
}