{
  "0": {
    "BLEU_1": 0.7054014371737114,
    "BLEU_2": 0.6911494339490882,
    "ROUGE_L": 0.47843137254901963,
    "CIDEr": 0.0,
    "METEOR": 0.22653982173103865,
    "SPICE": 0.125,
    "BLEU_4": 7.308015501613933e-05
  },
  "1": {
    "BLEU_1": 0.28216057486948465,
    "BLEU_2": 6.911494339490884e-09,
    "ROUGE_L": 0.23921568627450981,
    "CIDEr": 0.0,
    "METEOR": 0.1758293234438008,
    "SPICE": 0.12121212121212122,
    "BLEU_4": 1.2995693494765325e-12
  },
  "2": {
    "BLEU_1": 0.2857142856326532,
    "BLEU_2": 6.900655591369778e-09,
    "ROUGE_L": 0.13174946004319654,
    "CIDEr": 0.0,
    "METEOR": 0.153317424144591,
    "SPICE": 0.12121212121212122,
    "BLEU_4": 1.2421889947162098e-12
  },
  "3": {
    "BLEU_1": 0.1410802874347424,
    "BLEU_2": 4.887164515586444e-09,
    "ROUGE_L": 0.13926940639269406,
    "CIDEr": 0.0,
    "METEOR": 0.18254631293602477,
    "SPICE": 0.06451612903225806,
    "BLEU_4": 1.0928032073484179e-12
  },
  "4": {
    "BLEU_1": 0.6999999998600002,
    "BLEU_2": 0.48304589144035537,
    "ROUGE_L": 0.5,
    "CIDEr": 0.0,
    "METEOR": 0.27242716459563077,
    "SPICE": 0.2285714285714286,
    "BLEU_4": 4.51801001705643e-05
  },
  "5": {
    "BLEU_1": 0.7272727271404961,
    "BLEU_2": 0.46709936640986355,
    "ROUGE_L": 0.4803149606299213,
    "CIDEr": 0.0,
    "METEOR": 0.26761018133166087,
    "SPICE": 0.22222222222222224,
    "BLEU_4": 4.1722614477868014e-05
  },
  "6": {
    "BLEU_1": 0.6153846153372783,
    "BLEU_2": 0.3922322702449393,
    "ROUGE_L": 0.44525547445255476,
    "CIDEr": 0.0,
    "METEOR": 0.2584697956315283,
    "SPICE": 0.21052631578947364,
    "BLEU_4": 3.4389312173559354e-05
  },
  "7": {
    "BLEU_1": 0.5714285713877553,
    "BLEU_2": 0.3631365195743456,
    "ROUGE_L": 0.42957746478873243,
    "CIDEr": 0.0,
    "METEOR": 0.2541298177198048,
    "SPICE": 0.2051282051282051,
    "BLEU_4": 3.1614875842339754e-05
  },
  "8": {
    "BLEU_1": 0.5643211497389692,
    "BLEU_2": 0.5353620494851005,
    "ROUGE_L": 0.3588235294117647,
    "CIDEr": 0.0,
    "METEOR": 0.18600144819664355,
    "SPICE": 0.1875,
    "BLEU_4": 6.431870215638481e-05
  },
  "9": {
    "BLEU_1": 0.3749999999531251,
    "BLEU_2": 0.23145502491213957,
    "ROUGE_L": 0.20469798657718125,
    "CIDEr": 0.0,
    "METEOR": 0.19846389856612703,
    "SPICE": 0.11764705882352941,
    "BLEU_4": 6.5005932593124986e-09
  }
}