{
  "0": {
    "BLEU_1": 0.555555555432099,
    "BLEU_2": 0.37267799616455977,
    "ROUGE_L": 0.2573839662447257,
    "CIDEr": 0.0,
    "METEOR": 0.14569332429037382,
    "SPICE": 0.1951219512195122,
    "BLEU_4": 4.264366796762506e-05
  },
  "1": {
    "BLEU_1": 0.27272727267768604,
    "BLEU_2": 0.1651445647381773,
    "ROUGE_L": 0.15661103979460847,
    "CIDEr": 0.0,
    "METEOR": 0.11325682473235692,
    "SPICE": 0.1818181818181818,
    "BLEU_4": 4.4116293584506874e-09
  },
  "2": {
    "BLEU_1": 0.4166666666319445,
    "BLEU_2": 0.2752409412576109,
    "ROUGE_L": 0.232824427480916,
    "CIDEr": 0.0,
    "METEOR": 0.13643410852713175,
    "SPICE": 0.18604651162790695,
    "BLEU_4": 3.0289764015178343e-05
  },
  "3": {
    "BLEU_1": 0.4999999999583334,
    "BLEU_2": 0.30151134455149564,
    "ROUGE_L": 0.232824427480916,
    "CIDEr": 0.0,
    "METEOR": 0.14140221656232635,
    "SPICE": 0.18604651162790695,
    "BLEU_4": 3.170233138218017e-05
  },
  "4": {
    "BLEU_1": 0.33333333330555565,
    "BLEU_2": 5.504818825152218e-09,
    "ROUGE_L": 0.19551282051282048,
    "CIDEr": 0.0,
    "METEOR": 0.16049382716049385,
    "SPICE": 0.19047619047619047,
    "BLEU_4": 7.61747236997849e-13
  },
  "5": {
    "BLEU_1": 0.33333333330555565,
    "BLEU_2": 5.504818825152218e-09,
    "ROUGE_L": 0.19551282051282048,
    "CIDEr": 0.0,
    "METEOR": 0.16049382716049385,
    "SPICE": 0.19047619047619047,
    "BLEU_4": 7.61747236997849e-13
  },
  "6": {
    "BLEU_1": 0.33333333330555565,
    "BLEU_2": 5.504818825152218e-09,
    "ROUGE_L": 0.19551282051282048,
    "CIDEr": 0.0,
    "METEOR": 0.16049382716049385,
    "SPICE": 0.19047619047619047,
    "BLEU_4": 7.61747236997849e-13
  },
  "7": {
    "BLEU_1": 0.33333333330555565,
    "BLEU_2": 5.504818825152218e-09,
    "ROUGE_L": 0.19551282051282048,
    "CIDEr": 0.0,
    "METEOR": 0.16049382716049385,
    "SPICE": 0.19047619047619047,
    "BLEU_4": 7.61747236997849e-13
  },
  "8": {
    "BLEU_1": 0.33333333330555565,
    "BLEU_2": 5.504818825152218e-09,
    "ROUGE_L": 0.19551282051282048,
    "CIDEr": 0.0,
    "METEOR": 0.16049382716049385,
    "SPICE": 0.19047619047619047,
    "BLEU_4": 7.61747236997849e-13
  },
  "9": {
    "BLEU_1": 0.33333333330555565,
    "BLEU_2": 5.504818825152218e-09,
    "ROUGE_L": 0.19551282051282048,
    "CIDEr": 0.0,
    "METEOR": 0.16049382716049385,
    "SPICE": 0.19047619047619047,
    "BLEU_4": 7.61747236997849e-13
  }
}