{
  "0": {
    "BLEU_1": 0.772184789568475,
    "BLEU_2": 9.86661531800608e-09,
    "ROUGE_L": 0.232824427480916,
    "CIDEr": 0.0,
    "METEOR": 0.21411192214111924,
    "SPICE": 0.2105263157894737,
    "BLEU_4": 1.2608411639069797e-12
  },
  "1": {
    "BLEU_1": 0.4043537730069712,
    "BLEU_2": 7.003612790685742e-09,
    "ROUGE_L": 0.2573839662447257,
    "CIDEr": 0.0,
    "METEOR": 0.20050125313283207,
    "SPICE": 0.16666666666666669,
    "BLEU_4": 1.1073684133627694e-12
  },
  "2": {
    "BLEU_1": 0.4412484511819858,
    "BLEU_2": 7.458460118109875e-09,
    "ROUGE_L": 0.232824427480916,
    "CIDEr": 0.0,
    "METEOR": 0.19922809088057017,
    "SPICE": 0.20512820512820512,
    "BLEU_4": 1.0962279403155601e-12
  },
  "3": {
    "BLEU_1": 0.4294155959203306,
    "BLEU_2": 0.2319109274149018,
    "ROUGE_L": 0.32049036777583184,
    "CIDEr": 0.0,
    "METEOR": 0.18394981010451433,
    "SPICE": 0.16216216216216217,
    "BLEU_4": 6.2425357546009905e-09
  },
  "4": {
    "BLEU_1": 0.4412484511819858,
    "BLEU_2": 0.2358572181075568,
    "ROUGE_L": 0.3070469798657718,
    "CIDEr": 0.0,
    "METEOR": 0.16045845272206302,
    "SPICE": 0.15789473684210528,
    "BLEU_4": 6.164542726677392e-09
  },
  "5": {
    "BLEU_1": 0.4412484511819858,
    "BLEU_2": 0.2358572181075568,
    "ROUGE_L": 0.3070469798657718,
    "CIDEr": 0.0,
    "METEOR": 0.16045845272206302,
    "SPICE": 0.16216216216216217,
    "BLEU_4": 6.164542726677392e-09
  },
  "6": {
    "BLEU_1": 0.22222222217283966,
    "BLEU_2": 0.16666666662847238,
    "ROUGE_L": 0.19645732689210954,
    "CIDEr": 0.0,
    "METEOR": 0.15946574463376878,
    "SPICE": 0.15384615384615383,
    "BLEU_4": 5.071215335691334e-09
  },
  "7": {
    "BLEU_1": 0.6618726767729786,
    "BLEU_2": 9.134710778133774e-09,
    "ROUGE_L": 0.232824427480916,
    "CIDEr": 0.0,
    "METEOR": 0.16794699347382055,
    "SPICE": 0.15384615384615383,
    "BLEU_4": 1.2131756414175536e-12
  },
  "8": {
    "BLEU_1": 0.7777777776049386,
    "BLEU_2": 9.860132969573084e-09,
    "ROUGE_L": 0.2946859903381642,
    "CIDEr": 0.0,
    "METEOR": 0.23452025825008285,
    "SPICE": 0.2105263157894737,
    "BLEU_4": 1.2334713405151672e-12
  },
  "9": {
    "BLEU_1": 0.7777777776049386,
    "BLEU_2": 0.3118047821597068,
    "ROUGE_L": 0.2946859903381642,
    "CIDEr": 0.0,
    "METEOR": 0.24177405373846209,
    "SPICE": 0.2105263157894737,
    "BLEU_4": 6.9363190820961554e-09
  }
}