{
  "0": {
    "BLEU_1": 1.0735389898008262e-16,
    "BLEU_2": 1.1595546370745083e-16,
    "ROUGE_L": 0.0,
    "CIDEr": 0.0,
    "METEOR": 0.020304568527918784,
    "SPICE": 0.0,
    "BLEU_4": 1.3958734299260755e-16
  },
  "1": {
    "BLEU_1": 0.08333333331944454,
    "BLEU_2": 2.752409412346742e-09,
    "ROUGE_L": 0.08764367816091953,
    "CIDEr": 0.0,
    "METEOR": 0.04649714582252205,
    "SPICE": 0.0,
    "BLEU_4": 5.38636636786409e-13
  },
  "2": {
    "BLEU_1": 0.07692307691715985,
    "BLEU_2": 2.531848417506296e-09,
    "ROUGE_L": 0.08460471567267684,
    "CIDEr": 0.0,
    "METEOR": 0.0450251256281407,
    "SPICE": 0.0,
    "BLEU_4": 4.91327054771308e-13
  },
  "3": {
    "BLEU_1": 0.07692307691715985,
    "BLEU_2": 2.531848417506296e-09,
    "ROUGE_L": 0.08460471567267684,
    "CIDEr": 0.0,
    "METEOR": 0.06527545909849748,
    "SPICE": 0.0,
    "BLEU_4": 4.91327054771308e-13
  },
  "4": {
    "BLEU_1": 0.06666666666222229,
    "BLEU_2": 2.1821789022092506e-09,
    "ROUGE_L": 0.07558859975216851,
    "CIDEr": 0.0,
    "METEOR": 0.06458715596330276,
    "SPICE": 0.0,
    "BLEU_4": 4.179882048905089e-13
  },
  "5": {
    "BLEU_1": 0.18181818178512404,
    "BLEU_2": 4.2640143263175525e-09,
    "ROUGE_L": 0.09090909090909091,
    "CIDEr": 0.0,
    "METEOR": 0.062135922330097085,
    "SPICE": 0.0625,
    "BLEU_4": 7.088856800859686e-13
  },
  "6": {
    "BLEU_1": 0.14285714284693884,
    "BLEU_2": 3.31496772041309e-09,
    "ROUGE_L": 0.08176943699731902,
    "CIDEr": 0.0,
    "METEOR": 0.08268381498411714,
    "SPICE": 0.060606060606060615,
    "BLEU_4": 5.371507285148366e-13
  },
  "7": {
    "BLEU_1": 0.1538461538343196,
    "BLEU_2": 3.5805743699102604e-09,
    "ROUGE_L": 0.08460471567267684,
    "CIDEr": 0.0,
    "METEOR": 0.08324492979719189,
    "SPICE": 0.060606060606060615,
    "BLEU_4": 5.84289629327371e-13
  },
  "8": {
    "BLEU_1": 0.1538461538343196,
    "BLEU_2": 3.5805743699102604e-09,
    "ROUGE_L": 0.08460471567267684,
    "CIDEr": 0.0,
    "METEOR": 0.08324492979719189,
    "SPICE": 0.060606060606060615,
    "BLEU_4": 5.84289629327371e-13
  },
  "9": {
    "BLEU_1": 0.1538461538343196,
    "BLEU_2": 3.5805743699102604e-09,
    "ROUGE_L": 0.08460471567267684,
    "CIDEr": 0.0,
    "METEOR": 0.08324492979719189,
    "SPICE": 0.060606060606060615,
    "BLEU_4": 5.84289629327371e-13
  }
}