{
  "0": {
    "BLEU_1": 0.35826565516747294,
    "BLEU_2": 7.1653131032300366e-09,
    "ROUGE_L": 0.13926940639269406,
    "CIDEr": 0.0,
    "METEOR": 0.12563366453189934,
    "SPICE": 0.05555555555555555,
    "BLEU_4": 1.2174183989911234e-12
  },
  "1": {
    "BLEU_1": 0.47768754022329724,
    "BLEU_2": 0.2616402412150957,
    "ROUGE_L": 0.23921568627450981,
    "CIDEr": 0.0,
    "METEOR": 0.12563366453189934,
    "SPICE": 0.1111111111111111,
    "BLEU_4": 7.356555998002494e-09
  },
  "2": {
    "BLEU_1": 0.4444444443456792,
    "BLEU_2": 7.453559923291195e-09,
    "ROUGE_L": 0.19645732689210954,
    "CIDEr": 0.0,
    "METEOR": 0.11879867242006024,
    "SPICE": 0.10526315789473685,
    "BLEU_4": 1.0724314733358218e-12
  },
  "3": {
    "BLEU_1": 0.4999999999000002,
    "BLEU_2": 7.453559923467182e-09,
    "ROUGE_L": 0.28328173374613,
    "CIDEr": 0.0,
    "METEOR": 0.11609186722567913,
    "SPICE": 0.14634146341463414,
    "BLEU_4": 9.98009940168062e-13
  },
  "4": {
    "BLEU_1": 0.4444444443456792,
    "BLEU_2": 7.453559923291195e-09,
    "ROUGE_L": 0.19645732689210954,
    "CIDEr": 0.0,
    "METEOR": 0.11879867242006024,
    "SPICE": 0.1,
    "BLEU_4": 1.0724314733358218e-12
  },
  "5": {
    "BLEU_1": 0.4444444443456792,
    "BLEU_2": 7.453559923291195e-09,
    "ROUGE_L": 0.1189083820662768,
    "CIDEr": 0.0,
    "METEOR": 0.11879867242006024,
    "SPICE": 0.0975609756097561,
    "BLEU_4": 1.0724314733358218e-12
  },
  "6": {
    "BLEU_1": 0.4999999999000002,
    "BLEU_2": 0.23570226034706615,
    "ROUGE_L": 0.2,
    "CIDEr": 0.0,
    "METEOR": 0.11609186722567913,
    "SPICE": 0.14285714285714288,
    "BLEU_4": 5.612222323072491e-09
  },
  "7": {
    "BLEU_1": 0.4444444443456792,
    "BLEU_2": 7.453559923291195e-09,
    "ROUGE_L": 0.1189083820662768,
    "CIDEr": 0.0,
    "METEOR": 0.11879867242006024,
    "SPICE": 0.0975609756097561,
    "BLEU_4": 1.0724314733358218e-12
  },
  "8": {
    "BLEU_1": 0.4999999999000002,
    "BLEU_2": 0.23570226034706615,
    "ROUGE_L": 0.2,
    "CIDEr": 0.0,
    "METEOR": 0.11609186722567913,
    "SPICE": 0.14285714285714288,
    "BLEU_4": 5.612222323072491e-09
  },
  "9": {
    "BLEU_1": 0.4444444443456792,
    "BLEU_2": 7.453559923291195e-09,
    "ROUGE_L": 0.1189083820662768,
    "CIDEr": 0.0,
    "METEOR": 0.11879867242006024,
    "SPICE": 0.0975609756097561,
    "BLEU_4": 1.0724314733358218e-12
  }
}