{
  "0": {
    "BLEU_1": 0.3333333332592594,
    "BLEU_2": 6.454972242199766e-09,
    "ROUGE_L": 0.1189083820662768,
    "CIDEr": 0.0,
    "METEOR": 0.12374937759306466,
    "SPICE": 0.13793103448275862,
    "BLEU_4": 9.980099401403394e-13
  },
  "1": {
    "BLEU_1": 0.3333333332592594,
    "BLEU_2": 6.454972242199766e-09,
    "ROUGE_L": 0.2222222222222222,
    "CIDEr": 0.0,
    "METEOR": 0.14476484151443877,
    "SPICE": 0.27586206896551724,
    "BLEU_4": 9.980099401403394e-13
  },
  "2": {
    "BLEU_1": 0.357142857117347,
    "BLEU_2": 5.241424183220805e-09,
    "ROUGE_L": 0.28683385579937304,
    "CIDEr": 0.0,
    "METEOR": 0.19232794383496152,
    "SPICE": 0.125,
    "BLEU_4": 6.754312828130983e-13
  },
  "3": {
    "BLEU_1": 0.357142857117347,
    "BLEU_2": 5.241424183220805e-09,
    "ROUGE_L": 0.271513353115727,
    "CIDEr": 0.0,
    "METEOR": 0.19232794383496152,
    "SPICE": 0.125,
    "BLEU_4": 6.754312828130983e-13
  },
  "4": {
    "BLEU_1": 0.24999999998437505,
    "BLEU_2": 4.0824829043749705e-09,
    "ROUGE_L": 0.17732558139534885,
    "CIDEr": 0.0,
    "METEOR": 0.1814646791963707,
    "SPICE": 0.16216216216216214,
    "BLEU_4": 5.501034141799257e-13
  },
  "5": {
    "BLEU_1": 0.23809523808390026,
    "BLEU_2": 3.450327796543363e-09,
    "ROUGE_L": 0.21554770318021202,
    "CIDEr": 0.0,
    "METEOR": 0.17205622551655275,
    "SPICE": 0.15789473684210528,
    "BLEU_4": 4.319402267644447e-13
  },
  "6": {
    "BLEU_1": 0.22727272726239672,
    "BLEU_2": 3.2897584746457508e-09,
    "ROUGE_L": 0.20938215102974828,
    "CIDEr": 0.0,
    "METEOR": 0.16913319238900634,
    "SPICE": 0.15384615384615383,
    "BLEU_4": 4.1080536622602774e-13
  },
  "7": {
    "BLEU_1": 0.2608695652060492,
    "BLEU_2": 3.4435022155977898e-09,
    "ROUGE_L": 0.203559510567297,
    "CIDEr": 0.0,
    "METEOR": 0.166307817952335,
    "SPICE": 0.15,
    "BLEU_4": 4.09909384086062e-13
  },
  "8": {
    "BLEU_1": 0.2608695652060492,
    "BLEU_2": 3.4435022155977898e-09,
    "ROUGE_L": 0.203559510567297,
    "CIDEr": 0.0,
    "METEOR": 0.166307817952335,
    "SPICE": 0.15,
    "BLEU_4": 4.09909384086062e-13
  },
  "9": {
    "BLEU_1": 0.2608695652060492,
    "BLEU_2": 3.4435022155977898e-09,
    "ROUGE_L": 0.203559510567297,
    "CIDEr": 0.0,
    "METEOR": 0.166307817952335,
    "SPICE": 0.15,
    "BLEU_4": 4.09909384086062e-13
  }
}