{
  "0": {
    "BLEU_1": 0.2791881674335416,
    "BLEU_2": 5.505664910048476e-09,
    "ROUGE_L": 0.22803738317757008,
    "CIDEr": 0.0,
    "METEOR": 0.15483870967741936,
    "SPICE": 0.13793103448275862,
    "BLEU_4": 8.955385498932293e-13
  },
  "1": {
    "BLEU_1": 0.3999999999200002,
    "BLEU_2": 0.2981423969386873,
    "ROUGE_L": 0.2683284457478006,
    "CIDEr": 0.0,
    "METEOR": 0.2116413199713627,
    "SPICE": 0.06451612903225806,
    "BLEU_4": 3.549481055230085e-05
  },
  "2": {
    "BLEU_1": 0.4999999999166667,
    "BLEU_2": 0.3015113445263697,
    "ROUGE_L": 0.25,
    "CIDEr": 0.0,
    "METEOR": 0.2070152801905679,
    "SPICE": 0.12121212121212122,
    "BLEU_4": 3.170233137953831e-05
  },
  "3": {
    "BLEU_1": 0.18181818178512404,
    "BLEU_2": 4.2640143263175525e-09,
    "ROUGE_L": 0.09606299212598425,
    "CIDEr": 0.0,
    "METEOR": 0.1641392285624729,
    "SPICE": 0.125,
    "BLEU_4": 7.088856800859686e-13
  },
  "4": {
    "BLEU_1": 0.29999999994000015,
    "BLEU_2": 5.773502690709485e-09,
    "ROUGE_L": 0.2,
    "CIDEr": 0.0,
    "METEOR": 0.11188811188811187,
    "SPICE": 0.058823529411764705,
    "BLEU_4": 8.783602617783837e-13
  },
  "5": {
    "BLEU_1": 0.38461538455621314,
    "BLEU_2": 5.661385169833853e-09,
    "ROUGE_L": 0.2538141470180305,
    "CIDEr": 0.0,
    "METEOR": 0.2028196078669106,
    "SPICE": 0.16666666666666666,
    "BLEU_4": 7.347053124767714e-13
  },
  "6": {
    "BLEU_1": 0.4166666665972223,
    "BLEU_2": 6.1545745479175624e-09,
    "ROUGE_L": 0.2629310344827586,
    "CIDEr": 0.0,
    "METEOR": 0.203969813582602,
    "SPICE": 0.16666666666666666,
    "BLEU_4": 8.054496383396537e-13
  },
  "7": {
    "BLEU_1": 0.4166666665972223,
    "BLEU_2": 6.1545745479175624e-09,
    "ROUGE_L": 0.2629310344827586,
    "CIDEr": 0.0,
    "METEOR": 0.203969813582602,
    "SPICE": 0.16666666666666666,
    "BLEU_4": 8.054496383396537e-13
  },
  "8": {
    "BLEU_1": 0.4166666665972223,
    "BLEU_2": 6.1545745479175624e-09,
    "ROUGE_L": 0.2629310344827586,
    "CIDEr": 0.0,
    "METEOR": 0.203969813582602,
    "SPICE": 0.16666666666666666,
    "BLEU_4": 8.054496383396537e-13
  },
  "9": {
    "BLEU_1": 0.357142857117347,
    "BLEU_2": 5.241424183220805e-09,
    "ROUGE_L": 0.24530831099195713,
    "CIDEr": 0.0,
    "METEOR": 0.19725782702960962,
    "SPICE": 0.16666666666666666,
    "BLEU_4": 6.754312828130983e-13
  }
}