{
  "0": {
    "BLEU_1": 0.22062422559099293,
    "BLEU_2": 5.273927726724911e-09,
    "ROUGE_L": 0.116412213740458,
    "CIDEr": 0.0,
    "METEOR": 0.06165703275529866,
    "SPICE": 0.0,
    "BLEU_4": 9.218141453123176e-13
  },
  "1": {
    "BLEU_1": 0.24999999997916675,
    "BLEU_2": 4.767312945812628e-09,
    "ROUGE_L": 0.09775641025641024,
    "CIDEr": 0.0,
    "METEOR": 0.05797101449275363,
    "SPICE": 0.06451612903225806,
    "BLEU_4": 7.08885680157797e-13
  },
  "2": {
    "BLEU_1": 0.21428571425510212,
    "BLEU_2": 4.0599897141146e-09,
    "ROUGE_L": 0.09050445103857567,
    "CIDEr": 0.0,
    "METEOR": 0.055846422338568937,
    "SPICE": 0.05555555555555555,
    "BLEU_4": 5.944549993587648e-13
  },
  "3": {
    "BLEU_1": 0.17647058822491354,
    "BLEU_2": 3.3210558205738968e-09,
    "ROUGE_L": 0.1628838451268358,
    "CIDEr": 0.0,
    "METEOR": 0.06734006734006734,
    "SPICE": 0.1,
    "BLEU_4": 4.787218652070603e-13
  },
  "4": {
    "BLEU_1": 0.17647058822491354,
    "BLEU_2": 3.3210558205738968e-09,
    "ROUGE_L": 0.1628838451268358,
    "CIDEr": 0.0,
    "METEOR": 0.06837606837606838,
    "SPICE": 0.09756097560975609,
    "BLEU_4": 4.787218652070603e-13
  },
  "5": {
    "BLEU_1": 0.21428571425510212,
    "BLEU_2": 4.0599897141146e-09,
    "ROUGE_L": 0.18100890207715134,
    "CIDEr": 0.0,
    "METEOR": 0.07092198581560283,
    "SPICE": 0.10810810810810811,
    "BLEU_4": 5.944549993587648e-13
  },
  "6": {
    "BLEU_1": 0.21428571425510212,
    "BLEU_2": 4.0599897141146e-09,
    "ROUGE_L": 0.18100890207715134,
    "CIDEr": 0.0,
    "METEOR": 0.07092198581560283,
    "SPICE": 0.10256410256410256,
    "BLEU_4": 5.944549993587648e-13
  },
  "7": {
    "BLEU_1": 0.23529411763321803,
    "BLEU_2": 3.834824944004226e-09,
    "ROUGE_L": 0.2443257676902537,
    "CIDEr": 0.0,
    "METEOR": 0.08205128205128205,
    "SPICE": 0.10526315789473685,
    "BLEU_4": 5.144201220579896e-13
  },
  "8": {
    "BLEU_1": 0.17647058822491354,
    "BLEU_2": 3.3210558205738968e-09,
    "ROUGE_L": 0.2443257676902537,
    "CIDEr": 0.0,
    "METEOR": 0.08121827411167512,
    "SPICE": 0.10526315789473685,
    "BLEU_4": 4.787218652070603e-13
  },
  "9": {
    "BLEU_1": 0.2999999999700001,
    "BLEU_2": 5.773502691286834e-09,
    "ROUGE_L": 0.21254355400696867,
    "CIDEr": 0.0,
    "METEOR": 0.1202020202020202,
    "SPICE": 0.06060606060606061,
    "BLEU_4": 8.783602618662196e-13
  }
}