{
  "0": {
    "BLEU_1": 0.45454545446281003,
    "BLEU_2": 0.36927447286917897,
    "ROUGE_L": 0.3283983849259758,
    "CIDEr": 0.0,
    "METEOR": 0.15622899856757025,
    "SPICE": 0.15789473684210525,
    "BLEU_4": 3.709723312949228e-05
  },
  "1": {
    "BLEU_1": 0.4999999999642858,
    "BLEU_2": 0.392232270247274,
    "ROUGE_L": 0.4474327628361858,
    "CIDEr": 0.0,
    "METEOR": 0.21482776851578422,
    "SPICE": 0.2727272727272727,
    "BLEU_4": 0.21972813873225094
  },
  "2": {
    "BLEU_1": 0.5833333332361111,
    "BLEU_2": 0.46056618639333274,
    "ROUGE_L": 0.39713541666666663,
    "CIDEr": 0.0,
    "METEOR": 0.21952345744509094,
    "SPICE": 0.1951219512195122,
    "BLEU_4": 0.26202510067024787
  },
  "3": {
    "BLEU_1": 0.5384615384201185,
    "BLEU_2": 0.42365927283421473,
    "ROUGE_L": 0.38461538461538464,
    "CIDEr": 0.0,
    "METEOR": 0.21598275651855725,
    "SPICE": 0.18604651162790697,
    "BLEU_4": 0.23901088822429833
  },
  "4": {
    "BLEU_1": 0.4999999999687501,
    "BLEU_2": 0.3651483716465283,
    "ROUGE_L": 0.42165898617511516,
    "CIDEr": 0.0,
    "METEOR": 0.2183378126216654,
    "SPICE": 0.13333333333333333,
    "BLEU_4": 0.19564751496565516
  },
  "5": {
    "BLEU_1": 0.5384615384201185,
    "BLEU_2": 0.42365927283421473,
    "ROUGE_L": 0.38461538461538464,
    "CIDEr": 0.0,
    "METEOR": 0.21598275651855725,
    "SPICE": 0.18604651162790697,
    "BLEU_4": 0.23901088822429833
  },
  "6": {
    "BLEU_1": 0.5294117646747406,
    "BLEU_2": 0.40674460838530657,
    "ROUGE_L": 0.40985442329227323,
    "CIDEr": 0.0,
    "METEOR": 0.22061216483647444,
    "SPICE": 0.2222222222222222,
    "BLEU_4": 0.1992340565684581
  },
  "7": {
    "BLEU_1": 0.4166666665972223,
    "BLEU_2": 0.19462473600720623,
    "ROUGE_L": 0.25,
    "CIDEr": 0.0,
    "METEOR": 0.1818938964134325,
    "SPICE": 0.05128205128205128,
    "BLEU_4": 4.529376169980083e-09
  },
  "8": {
    "BLEU_1": 0.545454545355372,
    "BLEU_2": 0.23354968320493186,
    "ROUGE_L": 0.24629878869448185,
    "CIDEr": 0.0,
    "METEOR": 0.23105847532743237,
    "SPICE": 0.30000000000000004,
    "BLEU_4": 5.246341021824447e-09
  },
  "9": {
    "BLEU_1": 0.4999999999642858,
    "BLEU_2": 0.1961161351236371,
    "ROUGE_L": 0.2237163814180929,
    "CIDEr": 0.0,
    "METEOR": 0.2212782224035199,
    "SPICE": 0.18604651162790697,
    "BLEU_4": 4.131551590773095e-09
  }
}