{
  "0": {
    "BLEU_1": 7.162619917923445e-17,
    "BLEU_2": 8.27068107508754e-17,
    "ROUGE_L": 0.0,
    "CIDEr": 0.0,
    "METEOR": 0.036641221374045796,
    "SPICE": 0.0,
    "BLEU_4": 1.2944315414357063e-16
  },
  "1": {
    "BLEU_1": 0.4294155959203306,
    "BLEU_2": 0.3279715788126764,
    "ROUGE_L": 0.24448897795591182,
    "CIDEr": 0.0,
    "METEOR": 0.228384214072574,
    "SPICE": 0.08000000000000002,
    "BLEU_4": 7.423667935030377e-09
  },
  "2": {
    "BLEU_1": 0.4294155959203306,
    "BLEU_2": 0.3279715788126764,
    "ROUGE_L": 0.24448897795591182,
    "CIDEr": 0.0,
    "METEOR": 0.228384214072574,
    "SPICE": 0.08000000000000002,
    "BLEU_4": 7.423667935030377e-09
  },
  "3": {
    "BLEU_1": 0.4294155959203306,
    "BLEU_2": 0.3279715788126764,
    "ROUGE_L": 0.24448897795591182,
    "CIDEr": 0.0,
    "METEOR": 0.17735550004278794,
    "SPICE": 0.08000000000000002,
    "BLEU_4": 7.423667935030377e-09
  },
  "4": {
    "BLEU_1": 0.5367694949004131,
    "BLEU_2": 0.44909357984071563,
    "ROUGE_L": 0.30148270181219106,
    "CIDEr": 0.0,
    "METEOR": 0.20304525876316076,
    "SPICE": 0.16000000000000003,
    "BLEU_4": 4.885048225041087e-05
  },
  "5": {
    "BLEU_1": 0.5367694949004131,
    "BLEU_2": 0.44909357984071563,
    "ROUGE_L": 0.30148270181219106,
    "CIDEr": 0.0,
    "METEOR": 0.20304525876316076,
    "SPICE": 0.16000000000000003,
    "BLEU_4": 4.885048225041087e-05
  },
  "6": {
    "BLEU_1": 0.5367694949004131,
    "BLEU_2": 0.44909357984071563,
    "ROUGE_L": 0.30148270181219106,
    "CIDEr": 0.0,
    "METEOR": 0.20304525876316076,
    "SPICE": 0.16000000000000003,
    "BLEU_4": 4.885048225041087e-05
  },
  "7": {
    "BLEU_1": 0.5367694949004131,
    "BLEU_2": 0.44909357984071563,
    "ROUGE_L": 0.30148270181219106,
    "CIDEr": 0.0,
    "METEOR": 0.20304525876316076,
    "SPICE": 0.16000000000000003,
    "BLEU_4": 4.885048225041087e-05
  },
  "8": {
    "BLEU_1": 0.5367694949004131,
    "BLEU_2": 0.44909357984071563,
    "ROUGE_L": 0.30148270181219106,
    "CIDEr": 0.0,
    "METEOR": 0.20304525876316076,
    "SPICE": 0.16000000000000003,
    "BLEU_4": 4.885048225041087e-05
  },
  "9": {
    "BLEU_1": 0.5367694949004131,
    "BLEU_2": 0.44909357984071563,
    "ROUGE_L": 0.30148270181219106,
    "CIDEr": 0.0,
    "METEOR": 0.20304525876316076,
    "SPICE": 0.16000000000000003,
    "BLEU_4": 4.885048225041087e-05
  }
}