{
  "0": {
    "BLEU_1": 0.555555555432099,
    "BLEU_2": 0.26352313828697443,
    "ROUGE_L": 0.2378167641325536,
    "CIDEr": 0.0,
    "METEOR": 0.23594452992077,
    "SPICE": 0.23529411764705882,
    "BLEU_4": 6.376715692219053e-09
  },
  "1": {
    "BLEU_1": 0.4545454545041323,
    "BLEU_2": 0.21320071633525958,
    "ROUGE_L": 0.216696269982238,
    "CIDEr": 0.0,
    "METEOR": 0.22140185849567695,
    "SPICE": 0.2222222222222222,
    "BLEU_4": 5.01257871520395e-09
  },
  "2": {
    "BLEU_1": 0.42857142854081637,
    "BLEU_2": 0.18156825978717286,
    "ROUGE_L": 0.19122257053291536,
    "CIDEr": 0.0,
    "METEOR": 0.21640009679178504,
    "SPICE": 0.20512820512820515,
    "BLEU_4": 3.975360175943345e-09
  },
  "3": {
    "BLEU_1": 0.3999999999733334,
    "BLEU_2": 0.16903085093403225,
    "ROUGE_L": 0.18401206636500753,
    "CIDEr": 0.0,
    "METEOR": 0.179828578643699,
    "SPICE": 0.20512820512820515,
    "BLEU_4": 3.6787632496533857e-09
  },
  "4": {
    "BLEU_1": 0.4374999999726563,
    "BLEU_2": 0.1707825127549637,
    "ROUGE_L": 0.17732558139534885,
    "CIDEr": 0.0,
    "METEOR": 0.17609941457044256,
    "SPICE": 0.2,
    "BLEU_4": 3.5579828676919253e-09
  },
  "5": {
    "BLEU_1": 0.44999999997750006,
    "BLEU_2": 0.21764287502183505,
    "ROUGE_L": 0.22208737864077668,
    "CIDEr": 0.0,
    "METEOR": 0.19611628582921778,
    "SPICE": 0.2380952380952381,
    "BLEU_4": 3.527295712509229e-09
  },
  "6": {
    "BLEU_1": 0.36842105261218844,
    "BLEU_2": 0.1430658458720865,
    "ROUGE_L": 0.1598951507208388,
    "CIDEr": 0.0,
    "METEOR": 0.1740739034058499,
    "SPICE": 0.1904761904761905,
    "BLEU_4": 2.945274365311036e-09
  },
  "7": {
    "BLEU_1": 0.4117647058581315,
    "BLEU_2": 0.16042223697020558,
    "ROUGE_L": 0.17110799438990182,
    "CIDEr": 0.0,
    "METEOR": 0.17252177409384215,
    "SPICE": 0.1951219512195122,
    "BLEU_4": 3.3271889137551674e-09
  },
  "8": {
    "BLEU_1": 0.4666666666355556,
    "BLEU_2": 0.18257418582244916,
    "ROUGE_L": 0.18401206636500753,
    "CIDEr": 0.0,
    "METEOR": 0.1824036895550646,
    "SPICE": 0.27027027027027023,
    "BLEU_4": 3.8233014075451295e-09
  },
  "9": {
    "BLEU_1": 0.4666666666355556,
    "BLEU_2": 0.18257418582244916,
    "ROUGE_L": 0.18401206636500753,
    "CIDEr": 0.0,
    "METEOR": 0.19381193973246325,
    "SPICE": 0.25,
    "BLEU_4": 3.8233014075451295e-09
  }
}