{
  "0": {
    "BLEU_1": 0.6249999998437503,
    "BLEU_2": 0.29880715225622895,
    "ROUGE_L": 0.375,
    "CIDEr": 0.0,
    "METEOR": 0.16258030995864708,
    "SPICE": 0.10810810810810811,
    "BLEU_4": 7.386099953835683e-09
  },
  "1": {
    "BLEU_1": 0.636363636247934,
    "BLEU_2": 0.35675303393985225,
    "ROUGE_L": 0.370257966616085,
    "CIDEr": 0.0,
    "METEOR": 0.26284111208810385,
    "SPICE": 0.0975609756097561,
    "BLEU_4": 6.48411507011597e-09
  },
  "2": {
    "BLEU_1": 0.5284198477665277,
    "BLEU_2": 0.3150887200702893,
    "ROUGE_L": 0.3112244897959184,
    "CIDEr": 0.0,
    "METEOR": 0.2603003155659663,
    "SPICE": 0.23255813953488372,
    "BLEU_4": 4.684107768463904e-09
  },
  "3": {
    "BLEU_1": 0.4999999999750001,
    "BLEU_2": 0.3627381250363917,
    "ROUGE_L": 0.3112244897959184,
    "CIDEr": 0.0,
    "METEOR": 0.26117827183454195,
    "SPICE": 0.1702127659574468,
    "BLEU_4": 2.5607444804184917e-05
  },
  "4": {
    "BLEU_1": 0.6428571428112246,
    "BLEU_2": 0.49724515806196345,
    "ROUGE_L": 0.332425068119891,
    "CIDEr": 0.0,
    "METEOR": 0.2990068781945045,
    "SPICE": 0.1951219512195122,
    "BLEU_4": 3.699489496413855e-05
  },
  "5": {
    "BLEU_1": 0.5789473683905818,
    "BLEU_2": 0.4744957310725266,
    "ROUGE_L": 0.3193717277486911,
    "CIDEr": 0.0,
    "METEOR": 0.2666283852090594,
    "SPICE": 0.20833333333333334,
    "BLEU_4": 3.9696685119993094e-05
  },
  "6": {
    "BLEU_1": 0.49999999997222233,
    "BLEU_2": 0.3429971702654019,
    "ROUGE_L": 0.29256594724220625,
    "CIDEr": 0.0,
    "METEOR": 0.20602093568965718,
    "SPICE": 0.1702127659574468,
    "BLEU_4": 4.705355686428635e-09
  },
  "7": {
    "BLEU_1": 0.6999999998600002,
    "BLEU_2": 0.48304589144035537,
    "ROUGE_L": 0.38485804416403785,
    "CIDEr": 0.0,
    "METEOR": 0.2664010368567915,
    "SPICE": 0.18604651162790695,
    "BLEU_4": 4.51801001705643e-05
  },
  "8": {
    "BLEU_1": 0.5714285713877553,
    "BLEU_2": 0.3631365195743456,
    "ROUGE_L": 0.2939759036144578,
    "CIDEr": 0.0,
    "METEOR": 0.24950456517454256,
    "SPICE": 0.21276595744680854,
    "BLEU_4": 3.1614875842339754e-05
  },
  "9": {
    "BLEU_1": 0.5789473683905818,
    "BLEU_2": 0.5072572734743488,
    "ROUGE_L": 0.40352811466372657,
    "CIDEr": 0.0,
    "METEOR": 0.28381565264508035,
    "SPICE": 0.28571428571428564,
    "BLEU_4": 3.7087658418933415e-05
  }
}