{
  "0": {
    "BLEU_1": 1.2383969992892892e-16,
    "BLEU_2": 1.3376216389974536e-16,
    "ROUGE_L": 0.0,
    "CIDEr": 0.0,
    "METEOR": 0.07058823529411766,
    "SPICE": 0.10526315789473685,
    "BLEU_4": 1.61023072606689e-16
  },
  "1": {
    "BLEU_1": 8.33333333263889e-17,
    "BLEU_2": 8.7038827970266e-17,
    "ROUGE_L": 0.0,
    "CIDEr": 0.0,
    "METEOR": 0.07783783783783783,
    "SPICE": 0.07407407407407407,
    "BLEU_4": 9.578464407697051e-17
  },
  "2": {
    "BLEU_1": 1.2383969992892892e-16,
    "BLEU_2": 1.3376216389974536e-16,
    "ROUGE_L": 0.0,
    "CIDEr": 0.0,
    "METEOR": 0.07058823529411766,
    "SPICE": 0.10526315789473685,
    "BLEU_4": 1.61023072606689e-16
  },
  "3": {
    "BLEU_1": 0.12499999996875016,
    "BLEU_2": 4.225771272548414e-09,
    "ROUGE_L": 0.125,
    "CIDEr": 0.0,
    "METEOR": 0.0687679083094556,
    "SPICE": 0.1,
    "BLEU_4": 8.783602617222665e-13
  },
  "4": {
    "BLEU_1": 0.1111111110864199,
    "BLEU_2": 3.726779961645599e-09,
    "ROUGE_L": 0.1189083820662768,
    "CIDEr": 0.0,
    "METEOR": 0.08451944240645634,
    "SPICE": 0.09523809523809525,
    "BLEU_4": 7.583235671536399e-13
  },
  "5": {
    "BLEU_1": 0.07692307691715985,
    "BLEU_2": 2.531848417506296e-09,
    "ROUGE_L": 0.09951060358890701,
    "CIDEr": 0.0,
    "METEOR": 0.08060453400503778,
    "SPICE": 0.0,
    "BLEU_4": 4.91327054771308e-13
  },
  "6": {
    "BLEU_1": 0.09999999999000012,
    "BLEU_2": 3.333333332981484e-09,
    "ROUGE_L": 0.11338289962825278,
    "CIDEr": 0.0,
    "METEOR": 0.08510638297872342,
    "SPICE": 0.0,
    "BLEU_4": 6.674094718242315e-13
  },
  "7": {
    "BLEU_1": 0.16666666665277785,
    "BLEU_2": 3.892494720468497e-09,
    "ROUGE_L": 0.2074829931972789,
    "CIDEr": 0.0,
    "METEOR": 0.15635733858883716,
    "SPICE": 0.08333333333333333,
    "BLEU_4": 6.40550520920913e-13
  },
  "8": {
    "BLEU_1": 0.09999999999000012,
    "BLEU_2": 3.333333332981484e-09,
    "ROUGE_L": 0.11338289962825278,
    "CIDEr": 0.0,
    "METEOR": 0.08510638297872342,
    "SPICE": 0.0,
    "BLEU_4": 6.674094718242315e-13
  },
  "9": {
    "BLEU_1": 0.12383969992892904,
    "BLEU_2": 4.229931026759462e-09,
    "ROUGE_L": 0.13174946004319654,
    "CIDEr": 0.0,
    "METEOR": 0.09329446064139943,
    "SPICE": 0.0,
    "BLEU_4": 9.054992803586729e-13
  }
}