{
  "0": {
    "BLEU_1": 0.3749999999062502,
    "BLEU_2": 0.23145502488320774,
    "ROUGE_L": 0.20469798657718125,
    "CIDEr": 0.0,
    "METEOR": 0.17878247143218923,
    "SPICE": 0.060606060606060615,
    "BLEU_4": 6.500593258499926e-09
  },
  "1": {
    "BLEU_1": 0.23076923075147937,
    "BLEU_2": 4.385290096183762e-09,
    "ROUGE_L": 0.16920943134535368,
    "CIDEr": 0.0,
    "METEOR": 0.10687022900763361,
    "SPICE": 0.058823529411764705,
    "BLEU_4": 6.466227686450042e-13
  },
  "2": {
    "BLEU_1": 0.08333333331944454,
    "BLEU_2": 2.752409412346742e-09,
    "ROUGE_L": 0.08764367816091953,
    "CIDEr": 0.0,
    "METEOR": 0.15820224719101125,
    "SPICE": 0.1,
    "BLEU_4": 5.38636636786409e-13
  },
  "3": {
    "BLEU_1": 0.23076923075147937,
    "BLEU_2": 0.1386750490451956,
    "ROUGE_L": 0.16920943134535368,
    "CIDEr": 0.0,
    "METEOR": 0.16268198620002208,
    "SPICE": 0.10526315789473684,
    "BLEU_4": 3.636227046180843e-09
  },
  "4": {
    "BLEU_1": 0.19999999999000004,
    "BLEU_2": 3.244428422448761e-09,
    "ROUGE_L": 0.1548223350253807,
    "CIDEr": 0.0,
    "METEOR": 0.17272808494942582,
    "SPICE": 0.14285714285714285,
    "BLEU_4": 4.30664170792929e-13
  },
  "5": {
    "BLEU_1": 0.14285714284693884,
    "BLEU_2": 3.31496772041309e-09,
    "ROUGE_L": 0.09050445103857567,
    "CIDEr": 0.0,
    "METEOR": 0.13061224489795917,
    "SPICE": 0.05128205128205129,
    "BLEU_4": 5.371507285148366e-13
  },
  "6": {
    "BLEU_1": 0.2499999999583334,
    "BLEU_2": 4.7673129454153526e-09,
    "ROUGE_L": 0.09775641025641024,
    "CIDEr": 0.0,
    "METEOR": 0.1614678899082569,
    "SPICE": 0.05405405405405406,
    "BLEU_4": 7.088856800987232e-13
  },
  "7": {
    "BLEU_1": 0.29999999994000015,
    "BLEU_2": 0.1825741857975264,
    "ROUGE_L": 0.18885448916408668,
    "CIDEr": 0.0,
    "METEOR": 0.1681397210318586,
    "SPICE": 0.1111111111111111,
    "BLEU_4": 4.939382736029984e-09
  },
  "8": {
    "BLEU_1": 0.3999999999200002,
    "BLEU_2": 0.2981423969386873,
    "ROUGE_L": 0.18885448916408668,
    "CIDEr": 0.0,
    "METEOR": 0.19106786480893023,
    "SPICE": 0.17142857142857146,
    "BLEU_4": 6.311969076838887e-09
  },
  "9": {
    "BLEU_1": 0.3999999999200002,
    "BLEU_2": 0.21081851063455723,
    "ROUGE_L": 0.18885448916408668,
    "CIDEr": 0.0,
    "METEOR": 0.17341899728922355,
    "SPICE": 0.1142857142857143,
    "BLEU_4": 5.307712169906119e-09
  }
}