{
  "0": {
    "BLEU_1": 0.3999999999733334,
    "BLEU_2": 0.2927700218643449,
    "ROUGE_L": 0.21708185053380782,
    "CIDEr": 0.0,
    "METEOR": 0.27703318604097826,
    "SPICE": 0.23809523809523808,
    "BLEU_4": 4.841524712673482e-09
  },
  "1": {
    "BLEU_1": 0.26666666664888894,
    "BLEU_2": 0.19518001457623,
    "ROUGE_L": 0.17453505007153075,
    "CIDEr": 0.0,
    "METEOR": 0.2699821854721423,
    "SPICE": 0.2790697674418604,
    "BLEU_4": 3.953088374374989e-09
  },
  "2": {
    "BLEU_1": 0.33333333331111115,
    "BLEU_2": 0.21821789022092503,
    "ROUGE_L": 0.17453505007153075,
    "CIDEr": 0.0,
    "METEOR": 0.2716317711267583,
    "SPICE": 0.23255813953488377,
    "BLEU_4": 4.179882048905088e-09
  },
  "3": {
    "BLEU_1": 0.3124999999804688,
    "BLEU_2": 0.20412414521874855,
    "ROUGE_L": 0.21082949308755758,
    "CIDEr": 0.0,
    "METEOR": 0.2686212471935801,
    "SPICE": 0.23255813953488377,
    "BLEU_4": 3.889818545204975e-09
  },
  "4": {
    "BLEU_1": 0.3999999999733334,
    "BLEU_2": 0.2927700218643449,
    "ROUGE_L": 0.21708185053380782,
    "CIDEr": 0.0,
    "METEOR": 0.27703318604097826,
    "SPICE": 0.23809523809523808,
    "BLEU_4": 4.841524712673482e-09
  },
  "5": {
    "BLEU_1": 0.3999999999733334,
    "BLEU_2": 0.2927700218643449,
    "ROUGE_L": 0.21708185053380782,
    "CIDEr": 0.0,
    "METEOR": 0.27703318604097826,
    "SPICE": 0.2439024390243903,
    "BLEU_4": 4.841524712673482e-09
  },
  "6": {
    "BLEU_1": 0.42857142854081637,
    "BLEU_2": 0.2567762954875012,
    "ROUGE_L": 0.271513353115727,
    "CIDEr": 0.0,
    "METEOR": 0.2801915958471393,
    "SPICE": 0.26315789473684215,
    "BLEU_4": 4.727526605930294e-09
  },
  "7": {
    "BLEU_1": 0.4666666666355556,
    "BLEU_2": 0.2581988897293332,
    "ROUGE_L": 0.26180257510729615,
    "CIDEr": 0.0,
    "METEOR": 0.27499216417162536,
    "SPICE": 0.26315789473684215,
    "BLEU_4": 4.546697236652585e-09
  },
  "8": {
    "BLEU_1": 0.3749999999765626,
    "BLEU_2": 0.22360679773553777,
    "ROUGE_L": 0.2527624309392265,
    "CIDEr": 0.0,
    "METEOR": 0.2651514903046487,
    "SPICE": 0.2439024390243903,
    "BLEU_4": 4.071220775270606e-09
  },
  "9": {
    "BLEU_1": 0.4166666665972223,
    "BLEU_2": 6.1545745479175624e-09,
    "ROUGE_L": 0.15885416666666669,
    "CIDEr": 0.0,
    "METEOR": 0.2272103530988305,
    "SPICE": 0.2702702702702703,
    "BLEU_4": 8.054496383396537e-13
  }
}