{
  "0": {
    "BLEU_1": 0.1194218850558244,
    "BLEU_2": 4.136895448977816e-09,
    "ROUGE_L": 0.10481099656357389,
    "CIDEr": 0.0,
    "METEOR": 0.07500000000000001,
    "SPICE": 0.07692307692307691,
    "BLEU_4": 9.250379439222845e-13
  },
  "1": {
    "BLEU_1": 0.1194218850558244,
    "BLEU_2": 4.136895448977816e-09,
    "ROUGE_L": 0.10481099656357389,
    "CIDEr": 0.0,
    "METEOR": 0.0736196319018405,
    "SPICE": 0.07692307692307691,
    "BLEU_4": 9.250379439222845e-13
  },
  "2": {
    "BLEU_1": 0.22222222217283966,
    "BLEU_2": 5.270462765739487e-09,
    "ROUGE_L": 0.1189083820662768,
    "CIDEr": 0.0,
    "METEOR": 0.16422287390029325,
    "SPICE": 0.15384615384615383,
    "BLEU_4": 9.018037815333522e-13
  },
  "3": {
    "BLEU_1": 0.22222222217283966,
    "BLEU_2": 5.270462765739487e-09,
    "ROUGE_L": 0.2378167641325536,
    "CIDEr": 0.0,
    "METEOR": 0.18626932182147332,
    "SPICE": 0.13793103448275865,
    "BLEU_4": 9.018037815333522e-13
  },
  "4": {
    "BLEU_1": 0.24999999993750016,
    "BLEU_2": 5.976143045124577e-09,
    "ROUGE_L": 0.25,
    "CIDEr": 0.0,
    "METEOR": 0.206816379078161,
    "SPICE": 0.14285714285714288,
    "BLEU_4": 1.0445522727757714e-12
  },
  "5": {
    "BLEU_1": 0.23884377011164867,
    "BLEU_2": 5.85045365006396e-09,
    "ROUGE_L": 0.13926940639269406,
    "CIDEr": 0.0,
    "METEOR": 0.17192143851500633,
    "SPICE": 0.0,
    "BLEU_4": 1.1000617045598687e-12
  },
  "6": {
    "BLEU_1": 0.24767939985785795,
    "BLEU_2": 5.982025825945981e-09,
    "ROUGE_L": 0.2634989200863931,
    "CIDEr": 0.0,
    "METEOR": 0.19046017043325125,
    "SPICE": 0.0,
    "BLEU_4": 1.0768261868323776e-12
  },
  "7": {
    "BLEU_1": 1.0976232717490041e-16,
    "BLEU_2": 1.227180124627569e-16,
    "ROUGE_L": 0.0,
    "CIDEr": 0.0,
    "METEOR": 0.039779005524861875,
    "SPICE": 0.0,
    "BLEU_4": 1.6581659742139797e-16
  },
  "8": {
    "BLEU_1": 0.2195246543498009,
    "BLEU_2": 0.17354947757230146,
    "ROUGE_L": 0.2953995157384988,
    "CIDEr": 0.0,
    "METEOR": 0.18360655737704917,
    "SPICE": 0.08695652173913045,
    "BLEU_4": 6.2357040914797075e-09
  },
  "9": {
    "BLEU_1": 0.12383969992892904,
    "BLEU_2": 4.229931026759462e-09,
    "ROUGE_L": 0.13174946004319654,
    "CIDEr": 0.0,
    "METEOR": 0.14860681114551086,
    "SPICE": 0.14814814814814817,
    "BLEU_4": 9.054992803586729e-13
  }
}