{
  "0": {
    "BLEU_1": 0.3749999999062502,
    "BLEU_2": 7.319250545218839e-09,
    "ROUGE_L": 0.20469798657718125,
    "CIDEr": 0.0,
    "METEOR": 0.15189873417721522,
    "SPICE": 0.05405405405405405,
    "BLEU_4": 1.1559871144628244e-12
  },
  "1": {
    "BLEU_1": 0.4999999998750002,
    "BLEU_2": 8.451542545096823e-09,
    "ROUGE_L": 0.21785714285714283,
    "CIDEr": 0.0,
    "METEOR": 0.17953068001307282,
    "SPICE": 0.16216216216216217,
    "BLEU_4": 1.2421889947772103e-12
  },
  "2": {
    "BLEU_1": 0.4444444443950618,
    "BLEU_2": 7.453559924119366e-09,
    "ROUGE_L": 0.20854700854700853,
    "CIDEr": 0.0,
    "METEOR": 0.17604088277739757,
    "SPICE": 0.15789473684210528,
    "BLEU_4": 1.0724314734549807e-12
  },
  "3": {
    "BLEU_1": 0.4444444443950618,
    "BLEU_2": 7.453559924119366e-09,
    "ROUGE_L": 0.20854700854700853,
    "CIDEr": 0.0,
    "METEOR": 0.17604088277739757,
    "SPICE": 0.15789473684210528,
    "BLEU_4": 1.0724314734549807e-12
  },
  "4": {
    "BLEU_1": 0.36363636357024803,
    "BLEU_2": 0.19069251781358043,
    "ROUGE_L": 0.2727272727272727,
    "CIDEr": 0.0,
    "METEOR": 0.2074481078373224,
    "SPICE": 0.14634146341463414,
    "BLEU_4": 4.740604258941092e-09
  },
  "5": {
    "BLEU_1": 0.33333333329629633,
    "BLEU_2": 0.1400280083870136,
    "ROUGE_L": 0.21631205673758863,
    "CIDEr": 0.0,
    "METEOR": 0.2282057787378783,
    "SPICE": 0.2173913043478261,
    "BLEU_4": 3.006454568702538e-09
  },
  "6": {
    "BLEU_1": 0.27731563051292607,
    "BLEU_2": 4.042535253016483e-09,
    "ROUGE_L": 0.15541401273885352,
    "CIDEr": 0.0,
    "METEOR": 0.16479400749063672,
    "SPICE": 0.17777777777777778,
    "BLEU_4": 5.128598690182669e-13
  },
  "7": {
    "BLEU_1": 0.27291025098960603,
    "BLEU_2": 3.994997007727873e-09,
    "ROUGE_L": 0.1659863945578231,
    "CIDEr": 0.0,
    "METEOR": 0.1685823754789272,
    "SPICE": 0.18604651162790697,
    "BLEU_4": 5.11737957467617e-13
  },
  "8": {
    "BLEU_1": 0.24999999998750005,
    "BLEU_2": 3.627381250363917e-09,
    "ROUGE_L": 0.1418604651162791,
    "CIDEr": 0.0,
    "METEOR": 0.15686274509803924,
    "SPICE": 0.20833333333333334,
    "BLEU_4": 4.553719183899022e-13
  },
  "9": {
    "BLEU_1": 0.27777777774691365,
    "BLEU_2": 4.042260416816471e-09,
    "ROUGE_L": 0.1506172839506173,
    "CIDEr": 0.0,
    "METEOR": 0.16029143897996356,
    "SPICE": 0.21276595744680854,
    "BLEU_4": 5.108099332348384e-13
  }
}