{
  "0": {
    "BLEU_1": 0.3333333332962964,
    "BLEU_2": 6.454972242916984e-09,
    "ROUGE_L": 0.31282051282051276,
    "CIDEr": 0.0,
    "METEOR": 0.17391304347826086,
    "SPICE": 0.11764705882352941,
    "BLEU_4": 9.980099402512292e-13
  },
  "1": {
    "BLEU_1": 0.11111111109876555,
    "BLEU_2": 3.726779962059685e-09,
    "ROUGE_L": 0.1189083820662768,
    "CIDEr": 0.0,
    "METEOR": 0.15918367346938778,
    "SPICE": 0.11764705882352941,
    "BLEU_4": 7.583235672378979e-13
  },
  "2": {
    "BLEU_1": 0.22222222219753096,
    "BLEU_2": 0.16666666664699087,
    "ROUGE_L": 0.2378167641325536,
    "CIDEr": 0.0,
    "METEOR": 0.1595483046824869,
    "SPICE": 0.11764705882352941,
    "BLEU_4": 5.071215336254801e-09
  },
  "3": {
    "BLEU_1": 0.19999999996000015,
    "BLEU_2": 0.14907119846934372,
    "ROUGE_L": 0.22676579925650556,
    "CIDEr": 0.0,
    "METEOR": 0.19317559191710978,
    "SPICE": 0.11764705882352941,
    "BLEU_4": 4.46323613687257e-09
  },
  "4": {
    "BLEU_1": 0.22222222219753096,
    "BLEU_2": 0.16666666664699087,
    "ROUGE_L": 0.2378167641325536,
    "CIDEr": 0.0,
    "METEOR": 0.16202833014387272,
    "SPICE": 0.11764705882352941,
    "BLEU_4": 5.071215336254801e-09
  },
  "5": {
    "BLEU_1": 0.29999999994000015,
    "BLEU_2": 0.1825741857975264,
    "ROUGE_L": 0.22676579925650556,
    "CIDEr": 0.0,
    "METEOR": 0.15833654540641742,
    "SPICE": 0.11764705882352941,
    "BLEU_4": 4.939382736029984e-09
  },
  "6": {
    "BLEU_1": 0.3333333332962964,
    "BLEU_2": 0.20412414520783367,
    "ROUGE_L": 0.2378167641325536,
    "CIDEr": 0.0,
    "METEOR": 0.1595483046824869,
    "SPICE": 0.11764705882352941,
    "BLEU_4": 5.612222323540175e-09
  },
  "7": {
    "BLEU_1": 0.22222222219753096,
    "BLEU_2": 0.16666666664699087,
    "ROUGE_L": 0.2378167641325536,
    "CIDEr": 0.0,
    "METEOR": 0.19767968602916677,
    "SPICE": 0.11764705882352941,
    "BLEU_4": 5.071215336254801e-09
  },
  "8": {
    "BLEU_1": 0.3333333332962964,
    "BLEU_2": 0.20412414520783367,
    "ROUGE_L": 0.2378167641325536,
    "CIDEr": 0.0,
    "METEOR": 0.1595483046824869,
    "SPICE": 0.11764705882352941,
    "BLEU_4": 5.612222323540175e-09
  },
  "9": {
    "BLEU_1": 0.33333333330555565,
    "BLEU_2": 0.17407765594053212,
    "ROUGE_L": 0.2074829931972789,
    "CIDEr": 0.0,
    "METEOR": 0.15143567902066554,
    "SPICE": 0.11764705882352941,
    "BLEU_4": 4.283619507134575e-09
  }
}