{
  "0": {
    "BLEU_1": 0.27590958074062716,
    "BLEU_2": 5.816684689107698e-09,
    "ROUGE_L": 0.31443298969072164,
    "CIDEr": 0.0,
    "METEOR": 0.24742260172299513,
    "SPICE": 0.10526315789473684,
    "BLEU_4": 1.2300790474695449e-12
  },
  "1": {
    "BLEU_1": 0.6191984996446447,
    "BLEU_2": 0.2991012912972992,
    "ROUGE_L": 0.3952483801295896,
    "CIDEr": 0.0,
    "METEOR": 0.34436603923179265,
    "SPICE": 0.19047619047619047,
    "BLEU_4": 7.614310988684265e-09
  },
  "2": {
    "BLEU_1": 0.35826565516747294,
    "BLEU_2": 7.1653131032300366e-09,
    "ROUGE_L": 0.2785388127853881,
    "CIDEr": 0.0,
    "METEOR": 0.23443832524773592,
    "SPICE": 0.1,
    "BLEU_4": 1.2174183989911234e-12
  },
  "3": {
    "BLEU_1": 0.47768754022329724,
    "BLEU_2": 8.273790897955628e-09,
    "ROUGE_L": 0.2785388127853881,
    "CIDEr": 0.0,
    "METEOR": 0.30335684657007034,
    "SPICE": 0.2,
    "BLEU_4": 1.3082012060046169e-12
  },
  "4": {
    "BLEU_1": 0.2195246543498009,
    "BLEU_2": 5.488116358607818e-09,
    "ROUGE_L": 0.12577319587628866,
    "CIDEr": 0.0,
    "METEOR": 0.1437125748502994,
    "SPICE": 0.19047619047619047,
    "BLEU_4": 1.108882419297383e-12
  },
  "5": {
    "BLEU_1": 0.6191984996446447,
    "BLEU_2": 0.2991012912972992,
    "ROUGE_L": 0.3952483801295896,
    "CIDEr": 0.0,
    "METEOR": 0.34436603923179265,
    "SPICE": 0.19047619047619047,
    "BLEU_4": 7.614310988684265e-09
  },
  "6": {
    "BLEU_1": 0.5971094252791215,
    "BLEU_2": 0.29252268250319813,
    "ROUGE_L": 0.4178082191780822,
    "CIDEr": 0.0,
    "METEOR": 0.3535627583804162,
    "SPICE": 0.2,
    "BLEU_4": 7.778610910179157e-09
  },
  "7": {
    "BLEU_1": 0.35826565516747294,
    "BLEU_2": 7.1653131032300366e-09,
    "ROUGE_L": 0.13926940639269406,
    "CIDEr": 0.0,
    "METEOR": 0.2031798818813711,
    "SPICE": 0.0909090909090909,
    "BLEU_4": 1.2174183989911234e-12
  },
  "8": {
    "BLEU_1": 0.27590958074062716,
    "BLEU_2": 5.816684689107698e-09,
    "ROUGE_L": 0.15721649484536082,
    "CIDEr": 0.0,
    "METEOR": 0.21443292149326243,
    "SPICE": 0.2857142857142857,
    "BLEU_4": 1.2300790474695449e-12
  },
  "9": {
    "BLEU_1": 0.6191984996446447,
    "BLEU_2": 0.2991012912972992,
    "ROUGE_L": 0.2634989200863931,
    "CIDEr": 0.0,
    "METEOR": 0.31257840484116567,
    "SPICE": 0.2608695652173913,
    "BLEU_4": 7.614310988684265e-09
  }
}