{
  "0": {
    "BLEU_1": 0.3715190997867868,
    "BLEU_2": 0.23168286400471463,
    "ROUGE_L": 0.22803738317757008,
    "CIDEr": 0.0,
    "METEOR": 0.10217532877482897,
    "SPICE": 0.09523809523809525,
    "BLEU_4": 6.701444468735928e-09
  },
  "1": {
    "BLEU_1": 0.4444444443950618,
    "BLEU_2": 0.23570226036769004,
    "ROUGE_L": 0.20854700854700853,
    "CIDEr": 0.0,
    "METEOR": 0.1771889754911632,
    "SPICE": 0.16,
    "BLEU_4": 6.030725359585126e-09
  },
  "2": {
    "BLEU_1": 0.47768754022329724,
    "BLEU_2": 0.2616402412150957,
    "ROUGE_L": 0.23921568627450981,
    "CIDEr": 0.0,
    "METEOR": 0.15674921161788186,
    "SPICE": 0.16666666666666666,
    "BLEU_4": 7.356555998002494e-09
  },
  "3": {
    "BLEU_1": 0.3749999999062502,
    "BLEU_2": 0.23145502488320774,
    "ROUGE_L": 0.3267857142857143,
    "CIDEr": 0.0,
    "METEOR": 0.18196939505612397,
    "SPICE": 0.16666666666666666,
    "BLEU_4": 6.500593258499926e-09
  },
  "4": {
    "BLEU_1": 0.5999999998800002,
    "BLEU_2": 0.3651483715950527,
    "ROUGE_L": 0.3,
    "CIDEr": 0.0,
    "METEOR": 0.21340987220173346,
    "SPICE": 0.16666666666666666,
    "BLEU_4": 6.985342055045127e-09
  },
  "5": {
    "BLEU_1": 0.4999999998750002,
    "BLEU_2": 0.26726124184322303,
    "ROUGE_L": 0.3267857142857143,
    "CIDEr": 0.0,
    "METEOR": 0.18683651804670917,
    "SPICE": 0.16666666666666666,
    "BLEU_4": 6.985342054598842e-09
  },
  "6": {
    "BLEU_1": 0.24999999993750016,
    "BLEU_2": 5.976143045124577e-09,
    "ROUGE_L": 0.21785714285714283,
    "CIDEr": 0.0,
    "METEOR": 0.15602104192911526,
    "SPICE": 0.24,
    "BLEU_4": 1.0445522727757714e-12
  },
  "7": {
    "BLEU_1": 0.3333333332962964,
    "BLEU_2": 6.454972242916984e-09,
    "ROUGE_L": 0.20854700854700853,
    "CIDEr": 0.0,
    "METEOR": 0.14891175103698776,
    "SPICE": 0.15384615384615383,
    "BLEU_4": 9.980099402512292e-13
  },
  "8": {
    "BLEU_1": 0.3749999999062502,
    "BLEU_2": 7.319250545218839e-09,
    "ROUGE_L": 0.21785714285714283,
    "CIDEr": 0.0,
    "METEOR": 0.14998305859840497,
    "SPICE": 0.08333333333333333,
    "BLEU_4": 1.1559871144628244e-12
  },
  "9": {
    "BLEU_1": 0.4444444443950618,
    "BLEU_2": 7.453559924119366e-09,
    "ROUGE_L": 0.20854700854700853,
    "CIDEr": 0.0,
    "METEOR": 0.14681440243083302,
    "SPICE": 0.14814814814814814,
    "BLEU_4": 1.0724314734549807e-12
  }
}