{
  "0": {
    "BLEU_1": 0.4444444443950618,
    "BLEU_2": 7.453559924119366e-09,
    "ROUGE_L": 0.20854700854700853,
    "CIDEr": 0.0,
    "METEOR": 0.18518518518518517,
    "SPICE": 0.19999999999999998,
    "BLEU_4": 1.0724314734549807e-12
  },
  "1": {
    "BLEU_1": 0.22222222219753096,
    "BLEU_2": 5.270462766325093e-09,
    "ROUGE_L": 0.20854700854700853,
    "CIDEr": 0.0,
    "METEOR": 0.2191909597329852,
    "SPICE": 0.1290322580645161,
    "BLEU_4": 9.018037816335524e-13
  },
  "2": {
    "BLEU_1": 0.3333333332962964,
    "BLEU_2": 6.454972242916984e-09,
    "ROUGE_L": 0.20854700854700853,
    "CIDEr": 0.0,
    "METEOR": 0.17543859649122806,
    "SPICE": 0.12500000000000003,
    "BLEU_4": 9.980099402512292e-13
  },
  "3": {
    "BLEU_1": 0.45454545446281003,
    "BLEU_2": 6.741998623375958e-09,
    "ROUGE_L": 0.1921259842519685,
    "CIDEr": 0.0,
    "METEOR": 0.17429193899782136,
    "SPICE": 0.11764705882352942,
    "BLEU_4": 8.913765519636197e-13
  },
  "4": {
    "BLEU_1": 0.3749999999062502,
    "BLEU_2": 7.319250545218839e-09,
    "ROUGE_L": 0.25,
    "CIDEr": 0.0,
    "METEOR": 0.26107226107226106,
    "SPICE": 0.19999999999999998,
    "BLEU_4": 1.1559871144628244e-12
  },
  "5": {
    "BLEU_1": 0.4999999999583334,
    "BLEU_2": 0.4264014326740723,
    "ROUGE_L": 0.3793532338308458,
    "CIDEr": 0.0,
    "METEOR": 0.2440087145969499,
    "SPICE": 0.1818181818181818,
    "BLEU_4": 0.3318077402524286
  },
  "6": {
    "BLEU_1": 0.5833333332847223,
    "BLEU_2": 0.46056618643171326,
    "ROUGE_L": 0.3793532338308458,
    "CIDEr": 0.0,
    "METEOR": 0.2440087145969499,
    "SPICE": 0.19999999999999998,
    "BLEU_4": 0.3448444257621109
  },
  "7": {
    "BLEU_1": 0.4999999999583334,
    "BLEU_2": 0.4264014326740723,
    "ROUGE_L": 0.3793532338308458,
    "CIDEr": 0.0,
    "METEOR": 0.2440087145969499,
    "SPICE": 0.1818181818181818,
    "BLEU_4": 0.3318077402524286
  },
  "8": {
    "BLEU_1": 0.5833333332847223,
    "BLEU_2": 0.46056618643171326,
    "ROUGE_L": 0.3793532338308458,
    "CIDEr": 0.0,
    "METEOR": 0.2440087145969499,
    "SPICE": 0.19999999999999998,
    "BLEU_4": 0.3448444257621109
  },
  "9": {
    "BLEU_1": 0.5833333332847223,
    "BLEU_2": 0.46056618643171326,
    "ROUGE_L": 0.3793532338308458,
    "CIDEr": 0.0,
    "METEOR": 0.2440087145969499,
    "SPICE": 0.19999999999999998,
    "BLEU_4": 0.3448444257621109
  }
}