{
  "0": {
    "BLEU_1": 0.4953587997157158,
    "BLEU_2": 8.459862053518921e-09,
    "ROUGE_L": 0.2634989200863931,
    "CIDEr": 0.0,
    "METEOR": 0.11764705882352942,
    "SPICE": 0.06896551724137932,
    "BLEU_4": 1.2805693630023128e-12
  },
  "1": {
    "BLEU_1": 0.5429024507129954,
    "BLEU_2": 7.38796657969969e-09,
    "ROUGE_L": 0.22154963680387407,
    "CIDEr": 0.0,
    "METEOR": 0.16991150442477876,
    "SPICE": 0.11764705882352941,
    "BLEU_4": 9.451499815624065e-13
  },
  "2": {
    "BLEU_1": 0.7430381995735735,
    "BLEU_2": 1.0361172662727615e-08,
    "ROUGE_L": 0.2846034214618974,
    "CIDEr": 0.0,
    "METEOR": 0.1806981519507187,
    "SPICE": 0.21428571428571425,
    "BLEU_4": 1.4171829609568173e-12
  },
  "3": {
    "BLEU_1": 0.7777777776913581,
    "BLEU_2": 0.3118047821943517,
    "ROUGE_L": 0.2946859903381642,
    "CIDEr": 0.0,
    "METEOR": 0.17425742574257425,
    "SPICE": 0.12903225806451613,
    "BLEU_4": 6.936319082866856e-09
  },
  "4": {
    "BLEU_1": 0.636363636247934,
    "BLEU_2": 0.25226248950774416,
    "ROUGE_L": 0.2727272727272727,
    "CIDEr": 0.0,
    "METEOR": 0.21253275802412688,
    "SPICE": 0.125,
    "BLEU_4": 5.452469118553107e-09
  },
  "5": {
    "BLEU_1": 0.5833333332847223,
    "BLEU_2": 0.23028309321585674,
    "ROUGE_L": 0.2629310344827586,
    "CIDEr": 0.0,
    "METEOR": 0.20913198198640473,
    "SPICE": 0.12121212121212122,
    "BLEU_4": 4.926862020644611e-09
  },
  "6": {
    "BLEU_1": 0.6428571428112246,
    "BLEU_2": 0.31448545099324837,
    "ROUGE_L": 0.3728606356968216,
    "CIDEr": 0.0,
    "METEOR": 0.24212209980381502,
    "SPICE": 0.21621621621621623,
    "BLEU_4": 2.9420957078790958e-05
  },
  "7": {
    "BLEU_1": 0.5833333332847223,
    "BLEU_2": 7.282190811909759e-09,
    "ROUGE_L": 0.23828125000000006,
    "CIDEr": 0.0,
    "METEOR": 0.20913198198640473,
    "SPICE": 0.18181818181818182,
    "BLEU_4": 8.76133728741507e-13
  },
  "8": {
    "BLEU_1": 0.5613041909441302,
    "BLEU_2": 0.27388840044369495,
    "ROUGE_L": 0.36180308422301305,
    "CIDEr": 0.0,
    "METEOR": 0.2407941906641232,
    "SPICE": 0.1935483870967742,
    "BLEU_4": 2.547001422295134e-05
  },
  "9": {
    "BLEU_1": 0.4999999999642858,
    "BLEU_2": 6.201736729000405e-09,
    "ROUGE_L": 0.24530831099195713,
    "CIDEr": 0.0,
    "METEOR": 0.20476337309309328,
    "SPICE": 0.18181818181818182,
    "BLEU_4": 7.34705312538535e-13
  }
}