{
  "0": {
    "BLEU_1": 0.24999999993750016,
    "BLEU_2": 5.976143045124577e-09,
    "ROUGE_L": 0.116412213740458,
    "CIDEr": 0.0,
    "METEOR": 0.06760563380281691,
    "SPICE": 0.07142857142857144,
    "BLEU_4": 1.0445522727757714e-12
  },
  "1": {
    "BLEU_1": 0.23884377011164867,
    "BLEU_2": 5.85045365006396e-09,
    "ROUGE_L": 0.12869198312236285,
    "CIDEr": 0.0,
    "METEOR": 0.0712166172106825,
    "SPICE": 0.08333333333333334,
    "BLEU_4": 1.1000617045598687e-12
  },
  "2": {
    "BLEU_1": 0.18181818180165296,
    "BLEU_2": 4.26401432670519e-09,
    "ROUGE_L": 0.1018363939899833,
    "CIDEr": 0.0,
    "METEOR": 0.06282722513089005,
    "SPICE": 0.06666666666666667,
    "BLEU_4": 7.088856801504128e-13
  },
  "3": {
    "BLEU_1": 0.18181818180165296,
    "BLEU_2": 4.26401432670519e-09,
    "ROUGE_L": 0.1018363939899833,
    "CIDEr": 0.0,
    "METEOR": 0.06282722513089005,
    "SPICE": 0.06666666666666667,
    "BLEU_4": 7.088856801504128e-13
  },
  "4": {
    "BLEU_1": 0.12499999996875016,
    "BLEU_2": 4.225771272548414e-09,
    "ROUGE_L": 0.10892857142857142,
    "CIDEr": 0.0,
    "METEOR": 0.0664819944598338,
    "SPICE": 0.07142857142857144,
    "BLEU_4": 8.783602617222665e-13
  },
  "5": {
    "BLEU_1": 0.23076923075147937,
    "BLEU_2": 4.385290096183762e-09,
    "ROUGE_L": 0.09951060358890701,
    "CIDEr": 0.0,
    "METEOR": 0.078239608801956,
    "SPICE": 0.06666666666666667,
    "BLEU_4": 6.466227686450042e-13
  },
  "6": {
    "BLEU_1": 0.3333333332592594,
    "BLEU_2": 6.454972242199766e-09,
    "ROUGE_L": 0.1189083820662768,
    "CIDEr": 0.0,
    "METEOR": 0.08719346049046321,
    "SPICE": 0.07142857142857144,
    "BLEU_4": 9.980099401403394e-13
  },
  "7": {
    "BLEU_1": 0.27272727270247943,
    "BLEU_2": 5.222329678172441e-09,
    "ROUGE_L": 0.108348134991119,
    "CIDEr": 0.0,
    "METEOR": 0.08247422680412372,
    "SPICE": 0.060606060606060615,
    "BLEU_4": 7.84510965356927e-13
  },
  "8": {
    "BLEU_1": 0.29999999994000015,
    "BLEU_2": 5.773502690709485e-09,
    "ROUGE_L": 0.11338289962825278,
    "CIDEr": 0.0,
    "METEOR": 0.08443271767810027,
    "SPICE": 0.06896551724137932,
    "BLEU_4": 8.783602617783837e-13
  },
  "9": {
    "BLEU_1": 0.3749999999062502,
    "BLEU_2": 7.319250545218839e-09,
    "ROUGE_L": 0.125,
    "CIDEr": 0.0,
    "METEOR": 0.08938547486033521,
    "SPICE": 0.08000000000000002,
    "BLEU_4": 1.1559871144628244e-12
  }
}