{
  "0": {
    "BLEU_1": 1.180916381262079e-16,
    "BLEU_2": 1.3636047811673833e-16,
    "ROUGE_L": 0.0,
    "CIDEr": 0.0,
    "METEOR": 0.0,
    "SPICE": 0.0,
    "BLEU_4": 2.1341568158302036e-16
  },
  "1": {
    "BLEU_1": 0.2857142856326532,
    "BLEU_2": 6.900655591369778e-09,
    "ROUGE_L": 0.2136602451838879,
    "CIDEr": 0.0,
    "METEOR": 0.032454361054766734,
    "SPICE": 0.07692307692307693,
    "BLEU_4": 1.2421889947162098e-12
  },
  "2": {
    "BLEU_1": 0.4285714284489797,
    "BLEU_2": 0.2672612418328825,
    "ROUGE_L": 0.3667334669338677,
    "CIDEr": 0.0,
    "METEOR": 0.12727500088631435,
    "SPICE": 0.15384615384615385,
    "BLEU_4": 7.730551754367208e-09
  },
  "3": {
    "BLEU_1": 0.2857142856326532,
    "BLEU_2": 6.900655591369778e-09,
    "ROUGE_L": 0.13174946004319654,
    "CIDEr": 0.0,
    "METEOR": 0.09739251963556547,
    "SPICE": 0.0,
    "BLEU_4": 1.2421889947162098e-12
  },
  "4": {
    "BLEU_1": 0.2499999999687501,
    "BLEU_2": 5.976143045871594e-09,
    "ROUGE_L": 0.125,
    "CIDEr": 0.0,
    "METEOR": 0.09535880112809428,
    "SPICE": 0.07142857142857142,
    "BLEU_4": 1.0445522729063402e-12
  },
  "5": {
    "BLEU_1": 0.22222222217283966,
    "BLEU_2": 5.270462765739487e-09,
    "ROUGE_L": 0.1111111111111111,
    "CIDEr": 0.0,
    "METEOR": 0.1668334657465948,
    "SPICE": 0.06896551724137931,
    "BLEU_4": 9.018037815333522e-13
  },
  "6": {
    "BLEU_1": 0.1111111110864199,
    "BLEU_2": 3.726779961645599e-09,
    "ROUGE_L": 0.1111111111111111,
    "CIDEr": 0.0,
    "METEOR": 0.09340828019592871,
    "SPICE": 0.06666666666666667,
    "BLEU_4": 7.583235671536399e-13
  },
  "7": {
    "BLEU_1": 0.09090909089256209,
    "BLEU_2": 3.0151134452157307e-09,
    "ROUGE_L": 0.1018363939899833,
    "CIDEr": 0.0,
    "METEOR": 0.08973721241530269,
    "SPICE": 0.0625,
    "BLEU_4": 5.960994272089826e-13
  },
  "8": {
    "BLEU_1": 0.27272727267768604,
    "BLEU_2": 5.222329677697684e-09,
    "ROUGE_L": 0.108348134991119,
    "CIDEr": 0.0,
    "METEOR": 0.09696969696969698,
    "SPICE": 0.0625,
    "BLEU_4": 7.845109652856079e-13
  },
  "9": {
    "BLEU_1": 0.13406400915350244,
    "BLEU_2": 4.7398784991563485e-09,
    "ROUGE_L": 0.1358574610244989,
    "CIDEr": 0.0,
    "METEOR": 0.07694007978883095,
    "SPICE": 0.07692307692307693,
    "BLEU_4": 1.138903415829333e-12
  }
}