{
  "0": {
    "BLEU_1": 0.18393972049375146,
    "BLEU_2": 4.749303160991089e-09,
    "ROUGE_L": 0.31443298969072164,
    "CIDEr": 0.0,
    "METEOR": 0.28740013091036853,
    "SPICE": 0.125,
    "BLEU_4": 1.1115018918919703e-12
  },
  "1": {
    "BLEU_1": 0.3749999999062502,
    "BLEU_2": 7.319250545218839e-09,
    "ROUGE_L": 0.25,
    "CIDEr": 0.0,
    "METEOR": 0.27589828590572274,
    "SPICE": 0.17142857142857143,
    "BLEU_4": 1.1559871144628244e-12
  },
  "2": {
    "BLEU_1": 0.35294117644982703,
    "BLEU_2": 0.14852213143749163,
    "ROUGE_L": 0.21353558926487748,
    "CIDEr": 0.0,
    "METEOR": 0.26015617004123215,
    "SPICE": 0.2926829268292683,
    "BLEU_4": 3.2014060613745118e-09
  },
  "3": {
    "BLEU_1": 0.3124999999804688,
    "BLEU_2": 4.564354645581603e-09,
    "ROUGE_L": 0.17732558139534885,
    "CIDEr": 0.0,
    "METEOR": 0.25145480619625304,
    "SPICE": 0.3,
    "BLEU_4": 5.816635420743959e-13
  },
  "4": {
    "BLEU_1": 0.4117647058581315,
    "BLEU_2": 0.16042223697020558,
    "ROUGE_L": 0.34221598877980364,
    "CIDEr": 0.0,
    "METEOR": 0.27865002490535407,
    "SPICE": 0.3333333333333333,
    "BLEU_4": 3.3271889137551674e-09
  },
  "5": {
    "BLEU_1": 0.4117647058581315,
    "BLEU_2": 0.16042223697020558,
    "ROUGE_L": 0.30160692212608153,
    "CIDEr": 0.0,
    "METEOR": 0.26015617004123215,
    "SPICE": 0.35000000000000003,
    "BLEU_4": 3.3271889137551674e-09
  },
  "6": {
    "BLEU_1": 0.4117647058581315,
    "BLEU_2": 0.16042223697020558,
    "ROUGE_L": 0.34221598877980364,
    "CIDEr": 0.0,
    "METEOR": 0.2824758833708738,
    "SPICE": 0.3333333333333333,
    "BLEU_4": 3.3271889137551674e-09
  },
  "7": {
    "BLEU_1": 0.4374999999726563,
    "BLEU_2": 0.1707825127549637,
    "ROUGE_L": 0.3546511627906977,
    "CIDEr": 0.0,
    "METEOR": 0.28841579680624263,
    "SPICE": 0.3414634146341463,
    "BLEU_4": 3.5579828676919253e-09
  },
  "8": {
    "BLEU_1": 0.4545454545041323,
    "BLEU_2": 6.741998623988867e-09,
    "ROUGE_L": 0.2727272727272727,
    "CIDEr": 0.0,
    "METEOR": 0.24735698978936402,
    "SPICE": 0.3157894736842105,
    "BLEU_4": 8.913765520446539e-13
  },
  "9": {
    "BLEU_1": 0.5454545454049587,
    "BLEU_2": 0.23354968322616365,
    "ROUGE_L": 0.433392539964476,
    "CIDEr": 0.0,
    "METEOR": 0.3078353142969373,
    "SPICE": 0.3157894736842105,
    "BLEU_4": 5.246341022301387e-09
  }
}