{
  "0": {
    "BLEU_1": 0.4412484511819858,
    "BLEU_2": 0.2358572181075568,
    "ROUGE_L": 0.2739520958083832,
    "CIDEr": 0.0,
    "METEOR": 0.15176151761517617,
    "SPICE": 0.125,
    "BLEU_4": 6.164542726677392e-09
  },
  "1": {
    "BLEU_1": 0.29999999994000015,
    "BLEU_2": 5.773502690709485e-09,
    "ROUGE_L": 0.16991643454039,
    "CIDEr": 0.0,
    "METEOR": 0.1391304347826087,
    "SPICE": 0.125,
    "BLEU_4": 8.783602617783837e-13
  },
  "2": {
    "BLEU_1": 0.29999999994000015,
    "BLEU_2": 5.773502690709485e-09,
    "ROUGE_L": 0.10627177700348434,
    "CIDEr": 0.0,
    "METEOR": 0.1391304347826087,
    "SPICE": 0.125,
    "BLEU_4": 8.783602617783837e-13
  },
  "3": {
    "BLEU_1": 0.3999999999200002,
    "BLEU_2": 6.666666665296299e-09,
    "ROUGE_L": 0.16991643454039,
    "CIDEr": 0.0,
    "METEOR": 0.14798667877686952,
    "SPICE": 0.12121212121212122,
    "BLEU_4": 9.438595266157062e-13
  },
  "4": {
    "BLEU_1": 0.4444444443456792,
    "BLEU_2": 7.453559923291195e-09,
    "ROUGE_L": 0.17604617604617603,
    "CIDEr": 0.0,
    "METEOR": 0.11405295315682283,
    "SPICE": 0.12903225806451613,
    "BLEU_4": 1.0724314733358218e-12
  },
  "5": {
    "BLEU_1": 0.4444444443456792,
    "BLEU_2": 7.453559923291195e-09,
    "ROUGE_L": 0.17604617604617603,
    "CIDEr": 0.0,
    "METEOR": 0.11405295315682283,
    "SPICE": 0.12903225806451613,
    "BLEU_4": 1.0724314733358218e-12
  },
  "6": {
    "BLEU_1": 0.4444444443456792,
    "BLEU_2": 7.453559923291195e-09,
    "ROUGE_L": 0.17604617604617603,
    "CIDEr": 0.0,
    "METEOR": 0.1512142304717711,
    "SPICE": 0.12903225806451613,
    "BLEU_4": 1.0724314733358218e-12
  },
  "7": {
    "BLEU_1": 0.3999999999200002,
    "BLEU_2": 6.666666665296299e-09,
    "ROUGE_L": 0.16991643454039,
    "CIDEr": 0.0,
    "METEOR": 0.11200000000000004,
    "SPICE": 0.125,
    "BLEU_4": 9.438595266157062e-13
  },
  "8": {
    "BLEU_1": 0.3999999999200002,
    "BLEU_2": 6.666666665296299e-09,
    "ROUGE_L": 0.16991643454039,
    "CIDEr": 0.0,
    "METEOR": 0.09657947686116701,
    "SPICE": 0.125,
    "BLEU_4": 9.438595266157062e-13
  },
  "9": {
    "BLEU_1": 0.36363636360330587,
    "BLEU_2": 6.03022689097966e-09,
    "ROUGE_L": 0.1641991924629879,
    "CIDEr": 0.0,
    "METEOR": 0.09486166007905139,
    "SPICE": 0.12121212121212122,
    "BLEU_4": 8.430118945584141e-13
  }
}