{
  "0": {
    "BLEU_1": 0.12499999996875016,
    "BLEU_2": 4.225771272548414e-09,
    "ROUGE_L": 0.116412213740458,
    "CIDEr": 0.0,
    "METEOR": 0.11822660098522167,
    "SPICE": 0.0625,
    "BLEU_4": 8.783602617222665e-13
  },
  "1": {
    "BLEU_1": 0.27272727270247943,
    "BLEU_2": 5.222329678172441e-09,
    "ROUGE_L": 0.2036727879799666,
    "CIDEr": 0.0,
    "METEOR": 0.14647057479047979,
    "SPICE": 0.17142857142857143,
    "BLEU_4": 7.84510965356927e-13
  },
  "2": {
    "BLEU_1": 0.24999999998437505,
    "BLEU_2": 4.0824829043749705e-09,
    "ROUGE_L": 0.2527624309392265,
    "CIDEr": 0.0,
    "METEOR": 0.18607188550345874,
    "SPICE": 0.05,
    "BLEU_4": 5.501034141799257e-13
  },
  "3": {
    "BLEU_1": 0.28571428569387763,
    "BLEU_2": 4.688072309037213e-09,
    "ROUGE_L": 0.271513353115727,
    "CIDEr": 0.0,
    "METEOR": 0.19617533630002662,
    "SPICE": 0.25641025641025644,
    "BLEU_4": 6.387834681787387e-13
  },
  "4": {
    "BLEU_1": 0.33333333330555565,
    "BLEU_2": 5.504818825152218e-09,
    "ROUGE_L": 0.2932692307692307,
    "CIDEr": 0.0,
    "METEOR": 0.20164999684793436,
    "SPICE": 0.2702702702702703,
    "BLEU_4": 7.61747236997849e-13
  },
  "5": {
    "BLEU_1": 0.24999999997916675,
    "BLEU_2": 4.767312945812628e-09,
    "ROUGE_L": 0.19551282051282048,
    "CIDEr": 0.0,
    "METEOR": 0.1454486870593834,
    "SPICE": 0.1764705882352941,
    "BLEU_4": 7.08885680157797e-13
  },
  "6": {
    "BLEU_1": 0.28571428569387763,
    "BLEU_2": 4.688072309037213e-09,
    "ROUGE_L": 0.271513353115727,
    "CIDEr": 0.0,
    "METEOR": 0.1935479880460084,
    "SPICE": 0.2702702702702703,
    "BLEU_4": 6.387834681787387e-13
  },
  "7": {
    "BLEU_1": 0.27272727270247943,
    "BLEU_2": 5.222329678172441e-09,
    "ROUGE_L": 0.2036727879799666,
    "CIDEr": 0.0,
    "METEOR": 0.14647057479047979,
    "SPICE": 0.17142857142857143,
    "BLEU_4": 7.84510965356927e-13
  },
  "8": {
    "BLEU_1": 0.29999999994000015,
    "BLEU_2": 0.1825741857975264,
    "ROUGE_L": 0.21254355400696867,
    "CIDEr": 0.0,
    "METEOR": 0.12246644958821082,
    "SPICE": 0.11428571428571428,
    "BLEU_4": 4.939382736029984e-09
  },
  "9": {
    "BLEU_1": 0.19999999996000015,
    "BLEU_2": 4.714045206941321e-09,
    "ROUGE_L": 0.10627177700348434,
    "CIDEr": 0.0,
    "METEOR": 0.11483253588516747,
    "SPICE": 0.058823529411764705,
    "BLEU_4": 7.936880924342154e-13
  }
}