{
  "0": {
    "BLEU_1": 0.32206169694024794,
    "BLEU_2": 6.3511423138542446e-09,
    "ROUGE_L": 0.24448897795591182,
    "CIDEr": 0.0,
    "METEOR": 0.17519029533763272,
    "SPICE": 0.21428571428571427,
    "BLEU_4": 1.0330619227359553e-12
  },
  "1": {
    "BLEU_1": 0.09090909090082655,
    "BLEU_2": 3.015113445489832e-09,
    "ROUGE_L": 0.1018363939899833,
    "CIDEr": 0.0,
    "METEOR": 0.1643835616438356,
    "SPICE": 0.13333333333333333,
    "BLEU_4": 5.960994272631735e-13
  },
  "2": {
    "BLEU_1": 0.29999999994000015,
    "BLEU_2": 5.773502690709485e-09,
    "ROUGE_L": 0.31881533101045295,
    "CIDEr": 0.0,
    "METEOR": 0.20512820512820518,
    "SPICE": 0.19999999999999998,
    "BLEU_4": 8.783602617783837e-13
  },
  "3": {
    "BLEU_1": 0.2499999999583334,
    "BLEU_2": 4.7673129454153526e-09,
    "ROUGE_L": 0.2932692307692307,
    "CIDEr": 0.0,
    "METEOR": 0.199546485260771,
    "SPICE": 0.18749999999999997,
    "BLEU_4": 7.088856800987232e-13
  },
  "4": {
    "BLEU_1": 0.2499999999583334,
    "BLEU_2": 4.7673129454153526e-09,
    "ROUGE_L": 0.2932692307692307,
    "CIDEr": 0.0,
    "METEOR": 0.19686800894854586,
    "SPICE": 0.12500000000000003,
    "BLEU_4": 7.088856800987232e-13
  },
  "5": {
    "BLEU_1": 0.18181818180165296,
    "BLEU_2": 4.26401432670519e-09,
    "ROUGE_L": 0.2036727879799666,
    "CIDEr": 0.0,
    "METEOR": 0.18518518518518517,
    "SPICE": 0.12121212121212123,
    "BLEU_4": 7.088856801504128e-13
  },
  "6": {
    "BLEU_1": 0.14285714284693884,
    "BLEU_2": 3.31496772041309e-09,
    "ROUGE_L": 0.18100890207715134,
    "CIDEr": 0.0,
    "METEOR": 0.17204301075268816,
    "SPICE": 0.11764705882352942,
    "BLEU_4": 5.371507285148366e-13
  },
  "7": {
    "BLEU_1": 0.2499999999583334,
    "BLEU_2": 4.7673129454153526e-09,
    "ROUGE_L": 0.2932692307692307,
    "CIDEr": 0.0,
    "METEOR": 0.19686800894854586,
    "SPICE": 0.1818181818181818,
    "BLEU_4": 7.088856800987232e-13
  },
  "8": {
    "BLEU_1": 0.23076923075147937,
    "BLEU_2": 4.385290096183762e-09,
    "ROUGE_L": 0.2819722650231125,
    "CIDEr": 0.0,
    "METEOR": 0.16491228070175437,
    "SPICE": 0.11764705882352942,
    "BLEU_4": 6.466227686450042e-13
  },
  "9": {
    "BLEU_1": 0.1538461538343196,
    "BLEU_2": 3.5805743699102604e-09,
    "ROUGE_L": 0.09399075500770414,
    "CIDEr": 0.0,
    "METEOR": 0.17316017316017313,
    "SPICE": 0.11764705882352942,
    "BLEU_4": 5.84289629327371e-13
  }
}