{
  "0": {
    "BLEU_1": 4.5111761048796427e-17,
    "BLEU_2": 5.525039797935208e-17,
    "ROUGE_L": 0.0,
    "CIDEr": 0.0,
    "METEOR": 0.0,
    "SPICE": 0.0,
    "BLEU_4": 1.5377056965806874e-14
  },
  "1": {
    "BLEU_1": 0.32206169694024794,
    "BLEU_2": 0.20084075455651398,
    "ROUGE_L": 0.30148270181219106,
    "CIDEr": 0.0,
    "METEOR": 0.22809905069895633,
    "SPICE": 0.0,
    "BLEU_4": 5.809334106350273e-09
  },
  "2": {
    "BLEU_1": 0.32206169694024794,
    "BLEU_2": 0.20084075455651398,
    "ROUGE_L": 0.30148270181219106,
    "CIDEr": 0.0,
    "METEOR": 0.22809905069895633,
    "SPICE": 0.0,
    "BLEU_4": 5.809334106350273e-09
  },
  "3": {
    "BLEU_1": 0.32206169694024794,
    "BLEU_2": 0.20084075455651398,
    "ROUGE_L": 0.30148270181219106,
    "CIDEr": 0.0,
    "METEOR": 0.22809905069895633,
    "SPICE": 0.0,
    "BLEU_4": 5.809334106350273e-09
  },
  "4": {
    "BLEU_1": 0.32206169694024794,
    "BLEU_2": 0.20084075455651398,
    "ROUGE_L": 0.30148270181219106,
    "CIDEr": 0.0,
    "METEOR": 0.22809905069895633,
    "SPICE": 0.0,
    "BLEU_4": 5.809334106350273e-09
  },
  "5": {
    "BLEU_1": 0.32206169694024794,
    "BLEU_2": 0.20084075455651398,
    "ROUGE_L": 0.30148270181219106,
    "CIDEr": 0.0,
    "METEOR": 0.22809905069895633,
    "SPICE": 0.0,
    "BLEU_4": 5.809334106350273e-09
  },
  "6": {
    "BLEU_1": 0.32206169694024794,
    "BLEU_2": 0.20084075455651398,
    "ROUGE_L": 0.30148270181219106,
    "CIDEr": 0.0,
    "METEOR": 0.22809905069895633,
    "SPICE": 0.0,
    "BLEU_4": 5.809334106350273e-09
  },
  "7": {
    "BLEU_1": 0.20217688650348561,
    "BLEU_2": 4.952302097098729e-09,
    "ROUGE_L": 0.20962199312714777,
    "CIDEr": 0.0,
    "METEOR": 0.16020230696464066,
    "SPICE": 0.0,
    "BLEU_4": 9.311821291619466e-13
  },
  "8": {
    "BLEU_1": 0.4294155959203306,
    "BLEU_2": 7.333667449130742e-09,
    "ROUGE_L": 0.20098846787479407,
    "CIDEr": 0.0,
    "METEOR": 0.20928899559757844,
    "SPICE": 0.10810810810810813,
    "BLEU_4": 1.1100972798838728e-12
  },
  "9": {
    "BLEU_1": 0.2695973783624942,
    "BLEU_2": 5.503133441363796e-09,
    "ROUGE_L": 0.2190305206463196,
    "CIDEr": 0.0,
    "METEOR": 0.22113554251819606,
    "SPICE": 0.1142857142857143,
    "BLEU_4": 1.0047301075023746e-12
  }
}