{
  "0": {
    "BLEU_1": 0.1428571428163267,
    "BLEU_2": 4.879500363290437e-09,
    "ROUGE_L": 0.13174946004319654,
    "CIDEr": 0.0,
    "METEOR": 0.17528371769018294,
    "SPICE": 0.23076923076923075,
    "BLEU_4": 1.0445522727244761e-12
  },
  "1": {
    "BLEU_1": 0.1988531814701149,
    "BLEU_2": 4.716217300589896e-09,
    "ROUGE_L": 0.20854700854700853,
    "CIDEr": 0.0,
    "METEOR": 0.14308246540920538,
    "SPICE": 0.14285714285714288,
    "BLEU_4": 8.0696947976792e-13
  },
  "2": {
    "BLEU_1": 0.45454545446281003,
    "BLEU_2": 6.741998623375958e-09,
    "ROUGE_L": 0.384251968503937,
    "CIDEr": 0.0,
    "METEOR": 0.1735357917570499,
    "SPICE": 0.19354838709677416,
    "BLEU_4": 8.913765519636197e-13
  },
  "3": {
    "BLEU_1": 0.4971329536752872,
    "BLEU_2": 7.456994305077522e-09,
    "ROUGE_L": 0.41709401709401706,
    "CIDEr": 0.0,
    "METEOR": 0.1805869074492099,
    "SPICE": 0.3448275862068966,
    "BLEU_4": 1.0147104005940296e-12
  },
  "4": {
    "BLEU_1": 0.30769230766863914,
    "BLEU_2": 5.063696835012589e-09,
    "ROUGE_L": 0.2671532846715329,
    "CIDEr": 0.0,
    "METEOR": 0.1843137254901961,
    "SPICE": 0.125,
    "BLEU_4": 6.948413844184121e-13
  },
  "5": {
    "BLEU_1": 0.2499999999583334,
    "BLEU_2": 4.7673129454153526e-09,
    "ROUGE_L": 0.18484848484848485,
    "CIDEr": 0.0,
    "METEOR": 0.14796842772118052,
    "SPICE": 0.12903225806451613,
    "BLEU_4": 7.088856800987232e-13
  },
  "6": {
    "BLEU_1": 0.29999999994000015,
    "BLEU_2": 5.773502690709485e-09,
    "ROUGE_L": 0.2,
    "CIDEr": 0.0,
    "METEOR": 0.15106184432859193,
    "SPICE": 0.13793103448275865,
    "BLEU_4": 8.783602617783837e-13
  },
  "7": {
    "BLEU_1": 0.2982797722051723,
    "BLEU_2": 5.776162951265759e-09,
    "ROUGE_L": 0.20854700854700853,
    "CIDEr": 0.0,
    "METEOR": 0.15346813919400315,
    "SPICE": 0.13793103448275865,
    "BLEU_4": 8.930585330091313e-13
  },
  "8": {
    "BLEU_1": 0.2982797722051723,
    "BLEU_2": 5.776162951265759e-09,
    "ROUGE_L": 0.2378167641325536,
    "CIDEr": 0.0,
    "METEOR": 0.15346813919400315,
    "SPICE": 0.13793103448275865,
    "BLEU_4": 8.930585330091313e-13
  },
  "9": {
    "BLEU_1": 0.29999999994000015,
    "BLEU_2": 5.773502690709485e-09,
    "ROUGE_L": 0.2,
    "CIDEr": 0.0,
    "METEOR": 0.15027642746033237,
    "SPICE": 0.13333333333333333,
    "BLEU_4": 8.783602617783837e-13
  }
}