{
  "0": {
    "BLEU_1": 0.3333333332592594,
    "BLEU_2": 0.20412414518515326,
    "ROUGE_L": 0.35672514619883033,
    "CIDEr": 0.0,
    "METEOR": 0.2156522176173027,
    "SPICE": 0.07692307692307691,
    "BLEU_4": 5.612222322916596e-09
  },
  "1": {
    "BLEU_1": 0.23076923073372793,
    "BLEU_2": 4.385290095846432e-09,
    "ROUGE_L": 0.2985318107667211,
    "CIDEr": 0.0,
    "METEOR": 0.20070153866484267,
    "SPICE": 0.20689655172413793,
    "BLEU_4": 6.466227685952641e-13
  },
  "2": {
    "BLEU_1": 0.23076923073372793,
    "BLEU_2": 4.385290095846432e-09,
    "ROUGE_L": 0.2985318107667211,
    "CIDEr": 0.0,
    "METEOR": 0.20070153866484267,
    "SPICE": 0.20689655172413793,
    "BLEU_4": 6.466227685952641e-13
  },
  "3": {
    "BLEU_1": 0.23076923073372793,
    "BLEU_2": 4.385290095846432e-09,
    "ROUGE_L": 0.2985318107667211,
    "CIDEr": 0.0,
    "METEOR": 0.20070153866484267,
    "SPICE": 0.20689655172413793,
    "BLEU_4": 6.466227685952641e-13
  },
  "4": {
    "BLEU_1": 0.23076923073372793,
    "BLEU_2": 4.385290095846432e-09,
    "ROUGE_L": 0.2985318107667211,
    "CIDEr": 0.0,
    "METEOR": 0.20070153866484267,
    "SPICE": 0.20689655172413793,
    "BLEU_4": 6.466227685952641e-13
  },
  "5": {
    "BLEU_1": 0.23076923073372793,
    "BLEU_2": 4.385290095846432e-09,
    "ROUGE_L": 0.2985318107667211,
    "CIDEr": 0.0,
    "METEOR": 0.20070153866484267,
    "SPICE": 0.20689655172413793,
    "BLEU_4": 6.466227685952641e-13
  },
  "6": {
    "BLEU_1": 0.23076923073372793,
    "BLEU_2": 4.385290095846432e-09,
    "ROUGE_L": 0.2985318107667211,
    "CIDEr": 0.0,
    "METEOR": 0.20070153866484267,
    "SPICE": 0.20689655172413793,
    "BLEU_4": 6.466227685952641e-13
  },
  "7": {
    "BLEU_1": 0.23076923073372793,
    "BLEU_2": 4.385290095846432e-09,
    "ROUGE_L": 0.2985318107667211,
    "CIDEr": 0.0,
    "METEOR": 0.20070153866484267,
    "SPICE": 0.20689655172413793,
    "BLEU_4": 6.466227685952641e-13
  },
  "8": {
    "BLEU_1": 0.23076923073372793,
    "BLEU_2": 4.385290095846432e-09,
    "ROUGE_L": 0.2985318107667211,
    "CIDEr": 0.0,
    "METEOR": 0.20070153866484267,
    "SPICE": 0.20689655172413793,
    "BLEU_4": 6.466227685952641e-13
  },
  "9": {
    "BLEU_1": 0.23076923073372793,
    "BLEU_2": 4.385290095846432e-09,
    "ROUGE_L": 0.2985318107667211,
    "CIDEr": 0.0,
    "METEOR": 0.20070153866484267,
    "SPICE": 0.20689655172413793,
    "BLEU_4": 6.466227685952641e-13
  }
}