{
  "0": {
    "BLEU_1": 0.45454545446281003,
    "BLEU_2": 0.2132007163158777,
    "ROUGE_L": 0.25884016973125884,
    "CIDEr": 0.0,
    "METEOR": 0.22715351853099833,
    "SPICE": 0.2439024390243902,
    "BLEU_4": 5.012578714748261e-09
  },
  "1": {
    "BLEU_1": 0.2669124675796223,
    "BLEU_2": 5.168737709119127e-09,
    "ROUGE_L": 0.1523096129837703,
    "CIDEr": 0.0,
    "METEOR": 0.19346714808350313,
    "SPICE": 0.10256410256410256,
    "BLEU_4": 7.991438875531345e-13
  },
  "2": {
    "BLEU_1": 0.4374999999453126,
    "BLEU_2": 0.1707825127442898,
    "ROUGE_L": 0.26991150442477874,
    "CIDEr": 0.0,
    "METEOR": 0.19724060598638915,
    "SPICE": 0.10256410256410256,
    "BLEU_4": 3.5579828674695514e-09
  },
  "3": {
    "BLEU_1": 0.4999999999285716,
    "BLEU_2": 0.2773500980722313,
    "ROUGE_L": 0.2634989200863931,
    "CIDEr": 0.0,
    "METEOR": 0.22667950240226814,
    "SPICE": 0.0975609756097561,
    "BLEU_4": 4.913270547397227e-09
  },
  "4": {
    "BLEU_1": 0.36842105261218844,
    "BLEU_2": 0.20232565954468354,
    "ROUGE_L": 0.29019980970504283,
    "CIDEr": 0.0,
    "METEOR": 0.2254929686793234,
    "SPICE": 0.1739130434782609,
    "BLEU_4": 3.502541230863007e-09
  },
  "5": {
    "BLEU_1": 0.5555555555246915,
    "BLEU_2": 0.3131121455246681,
    "ROUGE_L": 0.35672514619883033,
    "CIDEr": 0.0,
    "METEOR": 0.250197650954339,
    "SPICE": 0.1702127659574468,
    "BLEU_4": 2.5281168695855676e-05
  },
  "6": {
    "BLEU_1": 0.6666666666222223,
    "BLEU_2": 0.37796447298312974,
    "ROUGE_L": 0.3207150368033649,
    "CIDEr": 0.0,
    "METEOR": 0.2585111804955433,
    "SPICE": 0.18181818181818182,
    "BLEU_4": 3.0934588292006376e-05
  },
  "7": {
    "BLEU_1": 0.5999999999600001,
    "BLEU_2": 0.35856858277555986,
    "ROUGE_L": 0.3207150368033649,
    "CIDEr": 0.0,
    "METEOR": 0.25369420197699283,
    "SPICE": 0.17777777777777776,
    "BLEU_4": 3.0130404890538334e-05
  },
  "8": {
    "BLEU_1": 0.5999999999600001,
    "BLEU_2": 0.35856858277555986,
    "ROUGE_L": 0.38485804416403785,
    "CIDEr": 0.0,
    "METEOR": 0.25608004086705854,
    "SPICE": 0.17777777777777776,
    "BLEU_4": 3.0130404890538334e-05
  },
  "9": {
    "BLEU_1": 0.5999999999600001,
    "BLEU_2": 0.35856858277555986,
    "ROUGE_L": 0.38485804416403785,
    "CIDEr": 0.0,
    "METEOR": 0.25608004086705854,
    "SPICE": 0.17777777777777776,
    "BLEU_4": 3.0130404890538334e-05
  }
}