{
  "0": {
    "BLEU_1": 0.4999999998750002,
    "BLEU_2": 8.451542545096823e-09,
    "ROUGE_L": 0.116412213740458,
    "CIDEr": 0.0,
    "METEOR": 0.15108247627076313,
    "SPICE": 0.11764705882352941,
    "BLEU_4": 1.2421889947772103e-12
  },
  "1": {
    "BLEU_1": 0.3999999999200002,
    "BLEU_2": 0.21081851063455723,
    "ROUGE_L": 0.31881533101045295,
    "CIDEr": 0.0,
    "METEOR": 0.19237739341643253,
    "SPICE": 0.05714285714285714,
    "BLEU_4": 5.307712169906119e-09
  },
  "2": {
    "BLEU_1": 0.29999999994000015,
    "BLEU_2": 5.773502690709485e-09,
    "ROUGE_L": 0.21254355400696867,
    "CIDEr": 0.0,
    "METEOR": 0.140345156119294,
    "SPICE": 0.11428571428571428,
    "BLEU_4": 8.783602617783837e-13
  },
  "3": {
    "BLEU_1": 0.29999999994000015,
    "BLEU_2": 5.773502690709485e-09,
    "ROUGE_L": 0.21254355400696867,
    "CIDEr": 0.0,
    "METEOR": 0.14257802568963737,
    "SPICE": 0.11428571428571428,
    "BLEU_4": 8.783602617783837e-13
  },
  "4": {
    "BLEU_1": 0.29999999994000015,
    "BLEU_2": 5.773502690709485e-09,
    "ROUGE_L": 0.21254355400696867,
    "CIDEr": 0.0,
    "METEOR": 0.140345156119294,
    "SPICE": 0.11428571428571428,
    "BLEU_4": 8.783602617783837e-13
  },
  "5": {
    "BLEU_1": 0.29999999994000015,
    "BLEU_2": 5.773502690709485e-09,
    "ROUGE_L": 0.21254355400696867,
    "CIDEr": 0.0,
    "METEOR": 0.140345156119294,
    "SPICE": 0.11428571428571428,
    "BLEU_4": 8.783602617783837e-13
  },
  "6": {
    "BLEU_1": 0.29999999994000015,
    "BLEU_2": 5.773502690709485e-09,
    "ROUGE_L": 0.21254355400696867,
    "CIDEr": 0.0,
    "METEOR": 0.140345156119294,
    "SPICE": 0.11428571428571428,
    "BLEU_4": 8.783602617783837e-13
  },
  "7": {
    "BLEU_1": 0.29999999994000015,
    "BLEU_2": 5.773502690709485e-09,
    "ROUGE_L": 0.21254355400696867,
    "CIDEr": 0.0,
    "METEOR": 0.140345156119294,
    "SPICE": 0.11428571428571428,
    "BLEU_4": 8.783602617783837e-13
  },
  "8": {
    "BLEU_1": 0.09999999998000014,
    "BLEU_2": 3.333333332648151e-09,
    "ROUGE_L": 0.10627177700348434,
    "CIDEr": 0.0,
    "METEOR": 0.11628411944034243,
    "SPICE": 0.1111111111111111,
    "BLEU_4": 6.674094717574907e-13
  },
  "9": {
    "BLEU_1": 0.09999999998000014,
    "BLEU_2": 3.333333332648151e-09,
    "ROUGE_L": 0.10627177700348434,
    "CIDEr": 0.0,
    "METEOR": 0.08785646467491243,
    "SPICE": 0.05555555555555555,
    "BLEU_4": 6.674094717574907e-13
  }
}