{
  "0": {
    "BLEU_1": 1.0976232717490041e-16,
    "BLEU_2": 1.227180124627569e-16,
    "ROUGE_L": 0.0,
    "CIDEr": 0.0,
    "METEOR": 0.08000000000000002,
    "SPICE": 0.06451612903225806,
    "BLEU_4": 1.6581659742139797e-16
  },
  "1": {
    "BLEU_1": 0.22222222217283966,
    "BLEU_2": 5.270462765739487e-09,
    "ROUGE_L": 0.2222222222222222,
    "CIDEr": 0.0,
    "METEOR": 0.12814645308924486,
    "SPICE": 0.1764705882352941,
    "BLEU_4": 9.018037815333522e-13
  },
  "2": {
    "BLEU_1": 0.3749999999062502,
    "BLEU_2": 7.319250545218839e-09,
    "ROUGE_L": 0.232824427480916,
    "CIDEr": 0.0,
    "METEOR": 0.18433179723502305,
    "SPICE": 0.18181818181818182,
    "BLEU_4": 1.1559871144628244e-12
  },
  "3": {
    "BLEU_1": 0.24999999993750016,
    "BLEU_2": 5.976143045124577e-09,
    "ROUGE_L": 0.232824427480916,
    "CIDEr": 0.0,
    "METEOR": 0.13084112149532712,
    "SPICE": 0.18181818181818182,
    "BLEU_4": 1.0445522727757714e-12
  },
  "4": {
    "BLEU_1": 0.24999999993750016,
    "BLEU_2": 5.976143045124577e-09,
    "ROUGE_L": 0.116412213740458,
    "CIDEr": 0.0,
    "METEOR": 0.18181818181818182,
    "SPICE": 0.12121212121212123,
    "BLEU_4": 1.0445522727757714e-12
  },
  "5": {
    "BLEU_1": 0.12383969992892904,
    "BLEU_2": 4.229931026759462e-09,
    "ROUGE_L": 0.12224448897795591,
    "CIDEr": 0.0,
    "METEOR": 0.13176470588235295,
    "SPICE": 0.06896551724137931,
    "BLEU_4": 9.054992803586729e-13
  },
  "6": {
    "BLEU_1": 0.12383969992892904,
    "BLEU_2": 4.229931026759462e-09,
    "ROUGE_L": 0.12224448897795591,
    "CIDEr": 0.0,
    "METEOR": 0.13176470588235295,
    "SPICE": 0.06666666666666668,
    "BLEU_4": 9.054992803586729e-13
  },
  "7": {
    "BLEU_1": 0.12499999996875016,
    "BLEU_2": 4.225771272548414e-09,
    "ROUGE_L": 0.116412213740458,
    "CIDEr": 0.0,
    "METEOR": 0.12903225806451613,
    "SPICE": 0.06666666666666668,
    "BLEU_4": 8.783602617222665e-13
  },
  "8": {
    "BLEU_1": 0.22222222217283966,
    "BLEU_2": 5.270462765739487e-09,
    "ROUGE_L": 0.1189083820662768,
    "CIDEr": 0.0,
    "METEOR": 0.12814645308924486,
    "SPICE": 0.1142857142857143,
    "BLEU_4": 9.018037815333522e-13
  },
  "9": {
    "BLEU_1": 1.2383969992892892e-16,
    "BLEU_2": 1.3376216389974536e-16,
    "ROUGE_L": 0.0,
    "CIDEr": 0.0,
    "METEOR": 0.11136890951276102,
    "SPICE": 0.06666666666666668,
    "BLEU_4": 1.61023072606689e-16
  }
}