{
  "0": {
    "BLEU_1": 0.22222222217283966,
    "BLEU_2": 5.270462765739487e-09,
    "ROUGE_L": 0.2222222222222222,
    "CIDEr": 0.0,
    "METEOR": 0.28504940089521597,
    "SPICE": 0.34782608695652173,
    "BLEU_4": 9.018037815333522e-13
  },
  "1": {
    "BLEU_1": 0.12499999999218755,
    "BLEU_2": 2.8867513457616934e-09,
    "ROUGE_L": 0.16850828729281767,
    "CIDEr": 0.0,
    "METEOR": 0.22295575459306688,
    "SPICE": 0.2758620689655172,
    "BLEU_4": 4.625799890027289e-13
  },
  "2": {
    "BLEU_1": 0.07142857142346946,
    "BLEU_2": 2.344036154518608e-09,
    "ROUGE_L": 0.09050445103857567,
    "CIDEr": 0.0,
    "METEOR": 0.2049869944317063,
    "SPICE": 0.22222222222222224,
    "BLEU_4": 4.516881220590475e-13
  },
  "3": {
    "BLEU_1": 0.06249999999609382,
    "BLEU_2": 2.041241452187486e-09,
    "ROUGE_L": 0.08425414364640883,
    "CIDEr": 0.0,
    "METEOR": 0.2141643871108325,
    "SPICE": 0.21428571428571427,
    "BLEU_4": 3.8898185452049755e-13
  },
  "4": {
    "BLEU_1": 0.1333333333244445,
    "BLEU_2": 0.09759000728811504,
    "ROUGE_L": 0.17453505007153075,
    "CIDEr": 0.0,
    "METEOR": 0.24721717428336315,
    "SPICE": 0.21428571428571427,
    "BLEU_4": 2.7952555961502613e-09
  },
  "5": {
    "BLEU_1": 0.08333333332638898,
    "BLEU_2": 2.7524094125761097e-09,
    "ROUGE_L": 0.09775641025641024,
    "CIDEr": 0.0,
    "METEOR": 0.23194386109627685,
    "SPICE": 0.23999999999999996,
    "BLEU_4": 5.386366368312954e-13
  },
  "6": {
    "BLEU_1": 0.07142857142346946,
    "BLEU_2": 2.344036154518608e-09,
    "ROUGE_L": 0.09050445103857567,
    "CIDEr": 0.0,
    "METEOR": 0.21097201616693864,
    "SPICE": 0.14814814814814817,
    "BLEU_4": 4.516881220590475e-13
  },
  "7": {
    "BLEU_1": 0.09999999999000012,
    "BLEU_2": 3.333333332981484e-09,
    "ROUGE_L": 0.10627177700348434,
    "CIDEr": 0.0,
    "METEOR": 0.23122532971896473,
    "SPICE": 0.17391304347826086,
    "BLEU_4": 6.674094718242315e-13
  },
  "8": {
    "BLEU_1": 0.09999999999000012,
    "BLEU_2": 3.333333332981484e-09,
    "ROUGE_L": 0.10627177700348434,
    "CIDEr": 0.0,
    "METEOR": 0.22405555205326042,
    "SPICE": 0.25,
    "BLEU_4": 6.674094718242315e-13
  },
  "9": {
    "BLEU_1": 0.07692307691715985,
    "BLEU_2": 2.531848417506296e-09,
    "ROUGE_L": 0.09399075500770414,
    "CIDEr": 0.0,
    "METEOR": 0.217552459089357,
    "SPICE": 0.22222222222222224,
    "BLEU_4": 4.91327054771308e-13
  }
}