{
  "0": {
    "BLEU_1": 0.3333333332962964,
    "BLEU_2": 6.454972242916984e-09,
    "ROUGE_L": 0.2378167641325536,
    "CIDEr": 0.0,
    "METEOR": 0.11612903225806454,
    "SPICE": 0.05128205128205128,
    "BLEU_4": 9.980099402512292e-13
  },
  "1": {
    "BLEU_1": 0.4444444443950618,
    "BLEU_2": 7.453559924119366e-09,
    "ROUGE_L": 0.2378167641325536,
    "CIDEr": 0.0,
    "METEOR": 0.11612903225806454,
    "SPICE": 0.1,
    "BLEU_4": 1.0724314734549807e-12
  },
  "2": {
    "BLEU_1": 0.4444444443950618,
    "BLEU_2": 7.453559924119366e-09,
    "ROUGE_L": 0.2378167641325536,
    "CIDEr": 0.0,
    "METEOR": 0.11612903225806454,
    "SPICE": 0.15,
    "BLEU_4": 1.0724314734549807e-12
  },
  "3": {
    "BLEU_1": 0.36363636357024803,
    "BLEU_2": 0.19069251781358043,
    "ROUGE_L": 0.25884016973125884,
    "CIDEr": 0.0,
    "METEOR": 0.18843094163770624,
    "SPICE": 0.14285714285714285,
    "BLEU_4": 4.740604258941092e-09
  },
  "4": {
    "BLEU_1": 0.357142857117347,
    "BLEU_2": 0.2344036154518607,
    "ROUGE_L": 0.22803738317757008,
    "CIDEr": 0.0,
    "METEOR": 0.18010112618272758,
    "SPICE": 0.22727272727272727,
    "BLEU_4": 4.516881220590474e-09
  },
  "5": {
    "BLEU_1": 0.27272727267768604,
    "BLEU_2": 0.1651445647381773,
    "ROUGE_L": 0.216696269982238,
    "CIDEr": 0.0,
    "METEOR": 0.18843094163770624,
    "SPICE": 0.14285714285714285,
    "BLEU_4": 4.4116293584506874e-09
  },
  "6": {
    "BLEU_1": 0.24999999993750016,
    "BLEU_2": 5.976143045124577e-09,
    "ROUGE_L": 0.25,
    "CIDEr": 0.0,
    "METEOR": 0.14863387978142079,
    "SPICE": 0.05,
    "BLEU_4": 1.0445522727757714e-12
  },
  "7": {
    "BLEU_1": 0.4999999998750002,
    "BLEU_2": 0.26726124184322303,
    "ROUGE_L": 0.28955696202531644,
    "CIDEr": 0.0,
    "METEOR": 0.145623063604904,
    "SPICE": 0.1,
    "BLEU_4": 6.985342054598842e-09
  },
  "8": {
    "BLEU_1": 0.45454545446281003,
    "BLEU_2": 0.30151134452157297,
    "ROUGE_L": 0.28672150411280845,
    "CIDEr": 0.0,
    "METEOR": 0.14097392357220367,
    "SPICE": 0.14285714285714285,
    "BLEU_4": 5.960994272089826e-09
  },
  "9": {
    "BLEU_1": 0.3333333332962964,
    "BLEU_2": 0.20412414520783367,
    "ROUGE_L": 0.2378167641325536,
    "CIDEr": 0.0,
    "METEOR": 0.1446688647100082,
    "SPICE": 0.10256410256410256,
    "BLEU_4": 5.612222323540175e-09
  }
}