{
  "0": {
    "BLEU_1": 0.6249999998437503,
    "BLEU_2": 9.44911182278404e-09,
    "ROUGE_L": 0.21785714285714283,
    "CIDEr": 0.0,
    "METEOR": 0.12532637075718014,
    "SPICE": 0.1081081081081081,
    "BLEU_4": 1.313454946839543e-12
  },
  "1": {
    "BLEU_1": 0.26666666664888894,
    "BLEU_2": 4.3643578044184995e-09,
    "ROUGE_L": 0.1582360570687419,
    "CIDEr": 0.0,
    "METEOR": 0.13000048324912514,
    "SPICE": 0.09302325581395349,
    "BLEU_4": 5.911245882681416e-13
  },
  "2": {
    "BLEU_1": 0.5333333332977779,
    "BLEU_2": 0.2760262237178828,
    "ROUGE_L": 0.4149659863945578,
    "CIDEr": 0.0,
    "METEOR": 0.25225966741185657,
    "SPICE": 0.22727272727272724,
    "BLEU_4": 2.6435895250782795e-05
  },
  "3": {
    "BLEU_1": 0.2631578947229917,
    "BLEU_2": 0.12091270834512809,
    "ROUGE_L": 0.21916167664670658,
    "CIDEr": 0.0,
    "METEOR": 0.2378572988572004,
    "SPICE": 0.17391304347826086,
    "BLEU_4": 2.70765762660009e-09
  },
  "4": {
    "BLEU_1": 0.357142857117347,
    "BLEU_2": 0.16574838602065456,
    "ROUGE_L": 0.24530831099195713,
    "CIDEr": 0.0,
    "METEOR": 0.17604511571678316,
    "SPICE": 0.13636363636363635,
    "BLEU_4": 3.7982292265213524e-09
  },
  "5": {
    "BLEU_1": 0.36363636357024803,
    "BLEU_2": 0.19069251781358043,
    "ROUGE_L": 0.28818897637795277,
    "CIDEr": 0.0,
    "METEOR": 0.22260333764147208,
    "SPICE": 0.15384615384615385,
    "BLEU_4": 4.740604258941092e-09
  },
  "6": {
    "BLEU_1": 0.2142857142704082,
    "BLEU_2": 0.12838814774375065,
    "ROUGE_L": 0.17183098591549298,
    "CIDEr": 0.0,
    "METEOR": 0.17214743787803521,
    "SPICE": 0.14285714285714288,
    "BLEU_4": 3.342866121293135e-09
  },
  "7": {
    "BLEU_1": 0.33333333331111115,
    "BLEU_2": 0.21821789022092503,
    "ROUGE_L": 0.2489795918367347,
    "CIDEr": 0.0,
    "METEOR": 0.21034994290891398,
    "SPICE": 0.1395348837209302,
    "BLEU_4": 4.179882048905088e-09
  },
  "8": {
    "BLEU_1": 0.33333333331111115,
    "BLEU_2": 0.21821789022092503,
    "ROUGE_L": 0.2489795918367347,
    "CIDEr": 0.0,
    "METEOR": 0.21034994290891398,
    "SPICE": 0.1395348837209302,
    "BLEU_4": 4.179882048905088e-09
  },
  "9": {
    "BLEU_1": 0.33333333330555565,
    "BLEU_2": 0.2461829819372178,
    "ROUGE_L": 0.18484848484848485,
    "CIDEr": 0.0,
    "METEOR": 0.18012338094574343,
    "SPICE": 0.15,
    "BLEU_4": 5.094110795848885e-09
  }
}