{
  "0": {
    "BLEU_1": 0.4166666665972223,
    "BLEU_2": 6.1545745479175624e-09,
    "ROUGE_L": 0.15885416666666669,
    "CIDEr": 0.0,
    "METEOR": 0.1321403924846807,
    "SPICE": 0.12500000000000003,
    "BLEU_4": 8.054496383396537e-13
  },
  "1": {
    "BLEU_1": 0.4524187089274962,
    "BLEU_2": 6.744259916326348e-09,
    "ROUGE_L": 0.16991643454039,
    "CIDEr": 0.0,
    "METEOR": 0.13517229441549555,
    "SPICE": 0.13333333333333333,
    "BLEU_4": 9.030367374358917e-13
  },
  "2": {
    "BLEU_1": 0.4444444443950618,
    "BLEU_2": 7.453559924119366e-09,
    "ROUGE_L": 0.17604617604617603,
    "CIDEr": 0.0,
    "METEOR": 0.13595213457558494,
    "SPICE": 0.13333333333333333,
    "BLEU_4": 1.0724314734549807e-12
  },
  "3": {
    "BLEU_1": 0.36363636357024803,
    "BLEU_2": 6.030226890431458e-09,
    "ROUGE_L": 0.1641991924629879,
    "CIDEr": 0.0,
    "METEOR": 0.13288554507388003,
    "SPICE": 0.18749999999999997,
    "BLEU_4": 8.430118944817767e-13
  },
  "4": {
    "BLEU_1": 0.36363636357024803,
    "BLEU_2": 6.030226890431458e-09,
    "ROUGE_L": 0.1641991924629879,
    "CIDEr": 0.0,
    "METEOR": 0.13288554507388003,
    "SPICE": 0.18749999999999997,
    "BLEU_4": 8.430118944817767e-13
  },
  "5": {
    "BLEU_1": 0.36363636357024803,
    "BLEU_2": 6.030226890431458e-09,
    "ROUGE_L": 0.1641991924629879,
    "CIDEr": 0.0,
    "METEOR": 0.13288554507388003,
    "SPICE": 0.18749999999999997,
    "BLEU_4": 8.430118944817767e-13
  },
  "6": {
    "BLEU_1": 0.36363636357024803,
    "BLEU_2": 6.030226890431458e-09,
    "ROUGE_L": 0.1641991924629879,
    "CIDEr": 0.0,
    "METEOR": 0.13288554507388003,
    "SPICE": 0.18749999999999997,
    "BLEU_4": 8.430118944817767e-13
  },
  "7": {
    "BLEU_1": 0.36363636357024803,
    "BLEU_2": 6.030226890431458e-09,
    "ROUGE_L": 0.1641991924629879,
    "CIDEr": 0.0,
    "METEOR": 0.13288554507388003,
    "SPICE": 0.18749999999999997,
    "BLEU_4": 8.430118944817767e-13
  },
  "8": {
    "BLEU_1": 0.36363636357024803,
    "BLEU_2": 6.030226890431458e-09,
    "ROUGE_L": 0.1641991924629879,
    "CIDEr": 0.0,
    "METEOR": 0.13288554507388003,
    "SPICE": 0.18749999999999997,
    "BLEU_4": 8.430118944817767e-13
  },
  "9": {
    "BLEU_1": 0.36363636357024803,
    "BLEU_2": 6.030226890431458e-09,
    "ROUGE_L": 0.1641991924629879,
    "CIDEr": 0.0,
    "METEOR": 0.13288554507388003,
    "SPICE": 0.18749999999999997,
    "BLEU_4": 8.430118944817767e-13
  }
}