{
  "0": {
    "BLEU_1": 0.3749999999062502,
    "BLEU_2": 7.319250545218839e-09,
    "ROUGE_L": 0.20469798657718125,
    "CIDEr": 0.0,
    "METEOR": 0.17266187050359713,
    "SPICE": 0.24,
    "BLEU_4": 1.1559871144628244e-12
  },
  "1": {
    "BLEU_1": 0.36363636357024803,
    "BLEU_2": 0.19069251781358043,
    "ROUGE_L": 0.2727272727272727,
    "CIDEr": 0.0,
    "METEOR": 0.182648401826484,
    "SPICE": 0.2857142857142857,
    "BLEU_4": 4.740604258941092e-09
  },
  "2": {
    "BLEU_1": 0.33333333330555565,
    "BLEU_2": 5.504818825152218e-09,
    "ROUGE_L": 0.2629310344827586,
    "CIDEr": 0.0,
    "METEOR": 0.17897091722595077,
    "SPICE": 0.13793103448275862,
    "BLEU_4": 7.61747236997849e-13
  },
  "3": {
    "BLEU_1": 0.15384615382248532,
    "BLEU_2": 3.580574369634832e-09,
    "ROUGE_L": 0.09951060358890701,
    "CIDEr": 0.0,
    "METEOR": 0.18132031991324388,
    "SPICE": 0.13333333333333333,
    "BLEU_4": 5.842896292824257e-13
  },
  "4": {
    "BLEU_1": 0.28571428569387763,
    "BLEU_2": 4.688072309037213e-09,
    "ROUGE_L": 0.24530831099195713,
    "CIDEr": 0.0,
    "METEOR": 0.17429193899782136,
    "SPICE": 0.20000000000000004,
    "BLEU_4": 6.387834681787387e-13
  },
  "5": {
    "BLEU_1": 0.22222222220987659,
    "BLEU_2": 3.6155076301041677e-09,
    "ROUGE_L": 0.21631205673758863,
    "CIDEr": 0.0,
    "METEOR": 0.18576779026217227,
    "SPICE": 0.20000000000000004,
    "BLEU_4": 4.830942081791594e-13
  },
  "6": {
    "BLEU_1": 0.19999999999000004,
    "BLEU_2": 3.244428422448761e-09,
    "ROUGE_L": 0.20424107142857142,
    "CIDEr": 0.0,
    "METEOR": 0.17971014492753626,
    "SPICE": 0.17142857142857143,
    "BLEU_4": 4.30664170792929e-13
  },
  "7": {
    "BLEU_1": 0.19047619046712022,
    "BLEU_2": 3.0860669990912095e-09,
    "ROUGE_L": 0.19869706840390877,
    "CIDEr": 0.0,
    "METEOR": 0.1768270944741533,
    "SPICE": 0.16666666666666669,
    "BLEU_4": 4.085038450534026e-13
  },
  "8": {
    "BLEU_1": 0.19047619046712022,
    "BLEU_2": 3.0860669990912095e-09,
    "ROUGE_L": 0.19869706840390877,
    "CIDEr": 0.0,
    "METEOR": 0.1768270944741533,
    "SPICE": 0.16666666666666669,
    "BLEU_4": 4.085038450534026e-13
  },
  "9": {
    "BLEU_1": 0.23809523808390026,
    "BLEU_2": 3.450327796543363e-09,
    "ROUGE_L": 0.19869706840390877,
    "CIDEr": 0.0,
    "METEOR": 0.19315315315315318,
    "SPICE": 0.17142857142857143,
    "BLEU_4": 4.319402267644447e-13
  }
}