{
  "0": {
    "BLEU_1": 0.5999999999400001,
    "BLEU_2": 0.25819888971990695,
    "ROUGE_L": 0.31881533101045295,
    "CIDEr": 0.0,
    "METEOR": 0.2229312796463816,
    "SPICE": 0.05128205128205128,
    "BLEU_4": 5.873949093995857e-09
  },
  "1": {
    "BLEU_1": 0.35294117644982703,
    "BLEU_2": 0.14852213143749163,
    "ROUGE_L": 0.2847141190198366,
    "CIDEr": 0.0,
    "METEOR": 0.19650210446117977,
    "SPICE": 0.09523809523809522,
    "BLEU_4": 3.2014060613745118e-09
  },
  "2": {
    "BLEU_1": 0.2105263157783934,
    "BLEU_2": 3.4199278400988515e-09,
    "ROUGE_L": 0.20176405733186328,
    "CIDEr": 0.0,
    "METEOR": 0.16763414338288465,
    "SPICE": 0.08695652173913045,
    "BLEU_4": 4.553719183884792e-13
  },
  "3": {
    "BLEU_1": 0.35294117644982703,
    "BLEU_2": 0.14852213143749163,
    "ROUGE_L": 0.2847141190198366,
    "CIDEr": 0.0,
    "METEOR": 0.17360565950040788,
    "SPICE": 0.09090909090909091,
    "BLEU_4": 3.2014060613745118e-09
  },
  "4": {
    "BLEU_1": 0.35294117644982703,
    "BLEU_2": 0.14852213143749163,
    "ROUGE_L": 0.2847141190198366,
    "CIDEr": 0.0,
    "METEOR": 0.17626288898255696,
    "SPICE": 0.0,
    "BLEU_4": 3.2014060613745118e-09
  },
  "5": {
    "BLEU_1": 0.3157894736675901,
    "BLEU_2": 0.1324532356993396,
    "ROUGE_L": 0.269018743109151,
    "CIDEr": 0.0,
    "METEOR": 0.17102735762663945,
    "SPICE": 0.0,
    "BLEU_4": 2.833929617442683e-09
  },
  "6": {
    "BLEU_1": 0.3157894736675901,
    "BLEU_2": 4.188539082690383e-09,
    "ROUGE_L": 0.269018743109151,
    "CIDEr": 0.0,
    "METEOR": 0.1798333856419941,
    "SPICE": 0.14285714285714288,
    "BLEU_4": 5.039518688197803e-13
  },
  "7": {
    "BLEU_1": 0.3157894736675901,
    "BLEU_2": 4.188539082690383e-09,
    "ROUGE_L": 0.269018743109151,
    "CIDEr": 0.0,
    "METEOR": 0.20297699917891687,
    "SPICE": 0.04444444444444444,
    "BLEU_4": 5.039518688197803e-13
  },
  "8": {
    "BLEU_1": 0.2857142857006803,
    "BLEU_2": 3.77964472990779e-09,
    "ROUGE_L": 0.2549634273772205,
    "CIDEr": 0.0,
    "METEOR": 0.16971077579122132,
    "SPICE": 0.0,
    "BLEU_4": 4.520838194486623e-13
  },
  "9": {
    "BLEU_1": 0.3157894736675901,
    "BLEU_2": 4.188539082690383e-09,
    "ROUGE_L": 0.269018743109151,
    "CIDEr": 0.0,
    "METEOR": 0.17305483048661482,
    "SPICE": 0.0,
    "BLEU_4": 5.039518688197803e-13
  }
}