{
  "0": {
    "BLEU_1": 0.4295557991369689,
    "BLEU_2": 0.35570599535706926,
    "ROUGE_L": 0.4093959731543625,
    "CIDEr": 0.0,
    "METEOR": 0.26789045407044465,
    "SPICE": 0.18181818181818182,
    "BLEU_4": 3.756946957332699e-05
  },
  "1": {
    "BLEU_1": 0.4448541126327038,
    "BLEU_2": 0.2984172107730498,
    "ROUGE_L": 0.3929146537842191,
    "CIDEr": 0.0,
    "METEOR": 0.24004709621175876,
    "SPICE": 0.1739130434782609,
    "BLEU_4": 6.072180437332153e-09
  },
  "2": {
    "BLEU_1": 0.27145122535649774,
    "BLEU_2": 0.16519995487705133,
    "ROUGE_L": 0.18885448916408668,
    "CIDEr": 0.0,
    "METEOR": 0.1823409196371279,
    "SPICE": 0.20689655172413793,
    "BLEU_4": 4.4693383215607634e-09
  },
  "3": {
    "BLEU_1": 0.27145122535649774,
    "BLEU_2": 0.16519995487705133,
    "ROUGE_L": 0.18885448916408668,
    "CIDEr": 0.0,
    "METEOR": 0.1823409196371279,
    "SPICE": 0.20689655172413793,
    "BLEU_4": 4.4693383215607634e-09
  },
  "4": {
    "BLEU_1": 0.27145122535649774,
    "BLEU_2": 0.16519995487705133,
    "ROUGE_L": 0.18885448916408668,
    "CIDEr": 0.0,
    "METEOR": 0.1823409196371279,
    "SPICE": 0.20689655172413793,
    "BLEU_4": 4.4693383215607634e-09
  },
  "5": {
    "BLEU_1": 0.27145122535649774,
    "BLEU_2": 0.16519995487705133,
    "ROUGE_L": 0.18885448916408668,
    "CIDEr": 0.0,
    "METEOR": 0.1823409196371279,
    "SPICE": 0.20689655172413793,
    "BLEU_4": 4.4693383215607634e-09
  },
  "6": {
    "BLEU_1": 0.27145122535649774,
    "BLEU_2": 0.16519995487705133,
    "ROUGE_L": 0.18885448916408668,
    "CIDEr": 0.0,
    "METEOR": 0.1823409196371279,
    "SPICE": 0.20689655172413793,
    "BLEU_4": 4.4693383215607634e-09
  },
  "7": {
    "BLEU_1": 0.27145122535649774,
    "BLEU_2": 0.16519995487705133,
    "ROUGE_L": 0.18885448916408668,
    "CIDEr": 0.0,
    "METEOR": 0.1823409196371279,
    "SPICE": 0.20689655172413793,
    "BLEU_4": 4.4693383215607634e-09
  },
  "8": {
    "BLEU_1": 0.27145122535649774,
    "BLEU_2": 0.16519995487705133,
    "ROUGE_L": 0.18885448916408668,
    "CIDEr": 0.0,
    "METEOR": 0.1823409196371279,
    "SPICE": 0.20689655172413793,
    "BLEU_4": 4.4693383215607634e-09
  },
  "9": {
    "BLEU_1": 0.27145122535649774,
    "BLEU_2": 0.16519995487705133,
    "ROUGE_L": 0.18885448916408668,
    "CIDEr": 0.0,
    "METEOR": 0.1823409196371279,
    "SPICE": 0.20689655172413793,
    "BLEU_4": 4.4693383215607634e-09
  }
}