{
  "0": {
    "BLEU_1": 0.22222222217283966,
    "BLEU_2": 5.270462765739487e-09,
    "ROUGE_L": 0.09822866344605477,
    "CIDEr": 0.0,
    "METEOR": 0.16200500808335108,
    "SPICE": 0.10810810810810811,
    "BLEU_4": 9.018037815333522e-13
  },
  "1": {
    "BLEU_1": 0.16666666663888896,
    "BLEU_2": 3.8924947201441226e-09,
    "ROUGE_L": 0.12869198312236285,
    "CIDEr": 0.0,
    "METEOR": 0.2552860983461979,
    "SPICE": 0.10256410256410255,
    "BLEU_4": 6.405505208675338e-13
  },
  "2": {
    "BLEU_1": 0.1538461538343196,
    "BLEU_2": 3.5805743699102604e-09,
    "ROUGE_L": 0.08460471567267684,
    "CIDEr": 0.0,
    "METEOR": 0.15633473585787752,
    "SPICE": 0.0975609756097561,
    "BLEU_4": 5.84289629327371e-13
  },
  "3": {
    "BLEU_1": 0.07692307691715985,
    "BLEU_2": 2.531848417506296e-09,
    "ROUGE_L": 0.07692307692307691,
    "CIDEr": 0.0,
    "METEOR": 0.15633473585787752,
    "SPICE": 0.0975609756097561,
    "BLEU_4": 4.91327054771308e-13
  },
  "4": {
    "BLEU_1": 0.07692307691715985,
    "BLEU_2": 2.531848417506296e-09,
    "ROUGE_L": 0.07692307692307691,
    "CIDEr": 0.0,
    "METEOR": 0.15427912341407152,
    "SPICE": 0.0975609756097561,
    "BLEU_4": 4.91327054771308e-13
  },
  "5": {
    "BLEU_1": 0.07692307691715985,
    "BLEU_2": 2.531848417506296e-09,
    "ROUGE_L": 0.07692307692307691,
    "CIDEr": 0.0,
    "METEOR": 0.15427912341407152,
    "SPICE": 0.0975609756097561,
    "BLEU_4": 4.91327054771308e-13
  },
  "6": {
    "BLEU_1": 0.07692307691715985,
    "BLEU_2": 2.531848417506296e-09,
    "ROUGE_L": 0.07692307692307691,
    "CIDEr": 0.0,
    "METEOR": 0.15427912341407152,
    "SPICE": 0.0975609756097561,
    "BLEU_4": 4.91327054771308e-13
  },
  "7": {
    "BLEU_1": 0.07692307691715985,
    "BLEU_2": 2.531848417506296e-09,
    "ROUGE_L": 0.07692307692307691,
    "CIDEr": 0.0,
    "METEOR": 0.15427912341407152,
    "SPICE": 0.0975609756097561,
    "BLEU_4": 4.91327054771308e-13
  },
  "8": {
    "BLEU_1": 0.07692307691715985,
    "BLEU_2": 2.531848417506296e-09,
    "ROUGE_L": 0.07692307692307691,
    "CIDEr": 0.0,
    "METEOR": 0.15427912341407152,
    "SPICE": 0.0975609756097561,
    "BLEU_4": 4.91327054771308e-13
  },
  "9": {
    "BLEU_1": 0.07692307691715985,
    "BLEU_2": 2.531848417506296e-09,
    "ROUGE_L": 0.07692307692307691,
    "CIDEr": 0.0,
    "METEOR": 0.15427912341407152,
    "SPICE": 0.0975609756097561,
    "BLEU_4": 4.91327054771308e-13
  }
}