{
  "0": {
    "BLEU_1": 0.33203662404227063,
    "BLEU_2": 0.3015872407051041,
    "ROUGE_L": 0.34512022630834516,
    "CIDEr": 0.0,
    "METEOR": 0.19924857788327804,
    "SPICE": 0.13333333333333333,
    "BLEU_4": 0.2142348887910484
  },
  "1": {
    "BLEU_1": 0.19999999998666673,
    "BLEU_2": 0.11952286092518667,
    "ROUGE_L": 0.26180257510729615,
    "CIDEr": 0.0,
    "METEOR": 0.18800000000000003,
    "SPICE": 0.20689655172413793,
    "BLEU_4": 3.0934588292006376e-09
  },
  "2": {
    "BLEU_1": 0.18749999998828132,
    "BLEU_2": 0.11180339886776892,
    "ROUGE_L": 0.2527624309392265,
    "CIDEr": 0.0,
    "METEOR": 0.18386308068459656,
    "SPICE": 0.11111111111111112,
    "BLEU_4": 2.8787878179013993e-09
  },
  "3": {
    "BLEU_1": 0.08333333331944454,
    "BLEU_2": 2.752409412346742e-09,
    "ROUGE_L": 0.09775641025641024,
    "CIDEr": 0.0,
    "METEOR": 0.1289827255278311,
    "SPICE": 0.14285714285714288,
    "BLEU_4": 5.38636636786409e-13
  },
  "4": {
    "BLEU_1": 0.08333333331944454,
    "BLEU_2": 2.752409412346742e-09,
    "ROUGE_L": 0.09775641025641024,
    "CIDEr": 0.0,
    "METEOR": 0.12751423149905125,
    "SPICE": 0.0625,
    "BLEU_4": 5.38636636786409e-13
  },
  "5": {
    "BLEU_1": 0.08300915601056774,
    "BLEU_2": 2.7531022464987635e-09,
    "ROUGE_L": 0.1018363939899833,
    "CIDEr": 0.0,
    "METEOR": 0.11308900523560211,
    "SPICE": 0.06666666666666667,
    "BLEU_4": 5.442988139599684e-13
  },
  "6": {
    "BLEU_1": 0.22062422559099293,
    "BLEU_2": 5.273927726724911e-09,
    "ROUGE_L": 0.116412213740458,
    "CIDEr": 0.0,
    "METEOR": 0.0687679083094556,
    "SPICE": 0.07692307692307691,
    "BLEU_4": 9.218141453123176e-13
  },
  "7": {
    "BLEU_1": 0.10735389898008273,
    "BLEU_2": 3.666833724565372e-09,
    "ROUGE_L": 0.12224448897795591,
    "CIDEr": 0.0,
    "METEOR": 0.1283422459893048,
    "SPICE": 0.2222222222222222,
    "BLEU_4": 7.849573143826273e-13
  },
  "8": {
    "BLEU_1": 0.19999999998666673,
    "BLEU_2": 3.7796447298312975e-09,
    "ROUGE_L": 0.17453505007153075,
    "CIDEr": 0.0,
    "METEOR": 0.1509433962264151,
    "SPICE": 0.1764705882352941,
    "BLEU_4": 5.501034141770605e-13
  },
  "9": {
    "BLEU_1": 0.27777777776234575,
    "BLEU_2": 0.12782749813391808,
    "ROUGE_L": 0.2364341085271318,
    "CIDEr": 0.0,
    "METEOR": 0.19040852575488454,
    "SPICE": 0.1764705882352941,
    "BLEU_4": 2.8724953479163113e-09
  }
}