{
  "0": {
    "BLEU_1": 0.6441233938804958,
    "BLEU_2": 0.4919573682190146,
    "ROUGE_L": 0.48897795591182364,
    "CIDEr": 0.0,
    "METEOR": 0.26186955950373686,
    "SPICE": 0.25806451612903225,
    "BLEU_4": 9.09209923034264e-09
  },
  "1": {
    "BLEU_1": 0.4666666666355556,
    "BLEU_2": 0.31622776599500324,
    "ROUGE_L": 0.4363376251788269,
    "CIDEr": 0.0,
    "METEOR": 0.2663196637604882,
    "SPICE": 0.2105263157894737,
    "BLEU_4": 5.03174762615483e-09
  },
  "2": {
    "BLEU_1": 0.4117647058581315,
    "BLEU_2": 0.27785946509625026,
    "ROUGE_L": 0.40720961281708945,
    "CIDEr": 0.0,
    "METEOR": 0.25982908781584185,
    "SPICE": 0.2,
    "BLEU_4": 4.378826865576807e-09
  },
  "3": {
    "BLEU_1": 0.4117647058581315,
    "BLEU_2": 0.27785946509625026,
    "ROUGE_L": 0.40720961281708945,
    "CIDEr": 0.0,
    "METEOR": 0.25982908781584185,
    "SPICE": 0.2,
    "BLEU_4": 4.378826865576807e-09
  },
  "4": {
    "BLEU_1": 0.4117647058581315,
    "BLEU_2": 0.27785946509625026,
    "ROUGE_L": 0.40720961281708945,
    "CIDEr": 0.0,
    "METEOR": 0.25982908781584185,
    "SPICE": 0.2,
    "BLEU_4": 4.378826865576807e-09
  },
  "5": {
    "BLEU_1": 0.28571428569387763,
    "BLEU_2": 0.20965696732883227,
    "ROUGE_L": 0.271513353115727,
    "CIDEr": 0.0,
    "METEOR": 0.17174639533386984,
    "SPICE": 0.15789473684210525,
    "BLEU_4": 4.271802513237463e-09
  },
  "6": {
    "BLEU_1": 0.28571428569387763,
    "BLEU_2": 0.20965696732883227,
    "ROUGE_L": 0.271513353115727,
    "CIDEr": 0.0,
    "METEOR": 0.17409372647738516,
    "SPICE": 0.15789473684210525,
    "BLEU_4": 4.271802513237463e-09
  },
  "7": {
    "BLEU_1": 0.28571428569387763,
    "BLEU_2": 0.20965696732883227,
    "ROUGE_L": 0.271513353115727,
    "CIDEr": 0.0,
    "METEOR": 0.17409372647738516,
    "SPICE": 0.15789473684210525,
    "BLEU_4": 4.271802513237463e-09
  },
  "8": {
    "BLEU_1": 0.19999999996000015,
    "BLEU_2": 0.14907119846934372,
    "ROUGE_L": 0.21254355400696867,
    "CIDEr": 0.0,
    "METEOR": 0.1061128867246944,
    "SPICE": 0.11428571428571428,
    "BLEU_4": 4.46323613687257e-09
  },
  "9": {
    "BLEU_1": 0.4999999999583334,
    "BLEU_2": 0.3692744729058266,
    "ROUGE_L": 0.48878205128205127,
    "CIDEr": 0.0,
    "METEOR": 0.26847943532870755,
    "SPICE": 0.16666666666666666,
    "BLEU_4": 6.238986071516447e-09
  }
}