{
  "0": {
    "BLEU_1": 0.4444444443456792,
    "BLEU_2": 0.23570226034150096,
    "ROUGE_L": 0.2378167641325536,
    "CIDEr": 0.0,
    "METEOR": 0.18455418759953485,
    "SPICE": 0.13333333333333336,
    "BLEU_4": 6.030725358915047e-09
  },
  "1": {
    "BLEU_1": 0.3833518393649928,
    "BLEU_2": 0.25323389066027974,
    "ROUGE_L": 0.25,
    "CIDEr": 0.0,
    "METEOR": 0.13836622124140177,
    "SPICE": 0.16216216216216214,
    "BLEU_4": 4.95569629190059e-09
  },
  "2": {
    "BLEU_1": 0.3076923076449706,
    "BLEU_2": 0.16012815377993891,
    "ROUGE_L": 0.19902120717781402,
    "CIDEr": 0.0,
    "METEOR": 0.14843504489875747,
    "SPICE": 0.11764705882352941,
    "BLEU_4": 3.907380248808901e-09
  },
  "3": {
    "BLEU_1": 0.3333333332592594,
    "BLEU_2": 6.454972242199766e-09,
    "ROUGE_L": 0.26406926406926406,
    "CIDEr": 0.0,
    "METEOR": 0.13002257336343115,
    "SPICE": 0.11764705882352941,
    "BLEU_4": 9.980099401403394e-13
  },
  "4": {
    "BLEU_1": 0.4374999999726563,
    "BLEU_2": 0.2415229457542257,
    "ROUGE_L": 0.4013157894736842,
    "CIDEr": 0.0,
    "METEOR": 0.25796492066055043,
    "SPICE": 0.1951219512195122,
    "BLEU_4": 4.231178541317022e-09
  },
  "5": {
    "BLEU_1": 0.3157894736675901,
    "BLEU_2": 0.1324532356993396,
    "ROUGE_L": 0.21916167664670658,
    "CIDEr": 0.0,
    "METEOR": 0.185876993166287,
    "SPICE": 0.17777777777777778,
    "BLEU_4": 2.833929617442683e-09
  },
  "6": {
    "BLEU_1": 0.23076923073372793,
    "BLEU_2": 4.385290095846432e-09,
    "ROUGE_L": 0.23076923076923084,
    "CIDEr": 0.0,
    "METEOR": 0.11228070175438597,
    "SPICE": 0.15,
    "BLEU_4": 6.466227685952641e-13
  },
  "7": {
    "BLEU_1": 0.26666666664888894,
    "BLEU_2": 4.3643578044184995e-09,
    "ROUGE_L": 0.21708185053380782,
    "CIDEr": 0.0,
    "METEOR": 0.12921615201900236,
    "SPICE": 0.13953488372093026,
    "BLEU_4": 5.911245882681416e-13
  },
  "8": {
    "BLEU_1": 0.2142857142704082,
    "BLEU_2": 4.059989714404599e-09,
    "ROUGE_L": 0.2237163814180929,
    "CIDEr": 0.0,
    "METEOR": 0.13203883495145632,
    "SPICE": 0.14285714285714285,
    "BLEU_4": 5.944549994012258e-13
  },
  "9": {
    "BLEU_1": 0.2142857142704082,
    "BLEU_2": 4.059989714404599e-09,
    "ROUGE_L": 0.2237163814180929,
    "CIDEr": 0.0,
    "METEOR": 0.13203883495145632,
    "SPICE": 0.14285714285714285,
    "BLEU_4": 5.944549994012258e-13
  }
}