{
  "0": {
    "BLEU_1": 1.0735389898008262e-16,
    "BLEU_2": 1.1595546370745083e-16,
    "ROUGE_L": 0.0,
    "CIDEr": 0.0,
    "METEOR": 0.08909512761020881,
    "SPICE": 0.0,
    "BLEU_4": 1.3958734299260755e-16
  },
  "1": {
    "BLEU_1": 0.09090909089256209,
    "BLEU_2": 3.0151134452157307e-09,
    "ROUGE_L": 0.09606299212598425,
    "CIDEr": 0.0,
    "METEOR": 0.1085972850678733,
    "SPICE": 0.0625,
    "BLEU_4": 5.960994272089826e-13
  },
  "2": {
    "BLEU_1": 9.999999998000002e-17,
    "BLEU_2": 1.0540925531727854e-16,
    "ROUGE_L": 0.0,
    "CIDEr": 0.0,
    "METEOR": 0.012972972972972974,
    "SPICE": 0.0,
    "BLEU_4": 1.1868405216912992e-16
  },
  "3": {
    "BLEU_1": 0.10735389898008273,
    "BLEU_2": 3.666833724565372e-09,
    "ROUGE_L": 0.11401869158878504,
    "CIDEr": 0.0,
    "METEOR": 0.11910669975186104,
    "SPICE": 0.0,
    "BLEU_4": 7.849573143826273e-13
  },
  "4": {
    "BLEU_1": 0.07692307691715985,
    "BLEU_2": 2.531848417506296e-09,
    "ROUGE_L": 0.08905109489051095,
    "CIDEr": 0.0,
    "METEOR": 0.12027334851936218,
    "SPICE": 0.0,
    "BLEU_4": 4.91327054771308e-13
  },
  "5": {
    "BLEU_1": 1.1031211279549644e-16,
    "BLEU_2": 1.1792860905377833e-16,
    "ROUGE_L": 0.0,
    "CIDEr": 0.0,
    "METEOR": 0.0,
    "SPICE": 0.0,
    "BLEU_4": 1.3784336587052549e-16
  },
  "6": {
    "BLEU_1": 0.22062422559099293,
    "BLEU_2": 5.273927726724911e-09,
    "ROUGE_L": 0.21785714285714283,
    "CIDEr": 0.0,
    "METEOR": 0.11650485436893204,
    "SPICE": 0.06896551724137931,
    "BLEU_4": 9.218141453123176e-13
  },
  "7": {
    "BLEU_1": 1.1031211279549644e-16,
    "BLEU_2": 1.1792860905377833e-16,
    "ROUGE_L": 0.0,
    "CIDEr": 0.0,
    "METEOR": 0.0,
    "SPICE": 0.0,
    "BLEU_4": 1.3784336587052549e-16
  },
  "8": {
    "BLEU_1": 0.20217688650348561,
    "BLEU_2": 4.952302097098729e-09,
    "ROUGE_L": 0.23921568627450981,
    "CIDEr": 0.0,
    "METEOR": 0.12182741116751268,
    "SPICE": 0.07407407407407407,
    "BLEU_4": 9.311821291619466e-13
  },
  "9": {
    "BLEU_1": 0.22062422559099293,
    "BLEU_2": 5.273927726724911e-09,
    "ROUGE_L": 0.21785714285714283,
    "CIDEr": 0.0,
    "METEOR": 0.11650485436893204,
    "SPICE": 0.0,
    "BLEU_4": 9.218141453123176e-13
  }
}