{
  "0": {
    "BLEU_1": 0.7777777776049386,
    "BLEU_2": 0.6972166886186177,
    "ROUGE_L": 0.5893719806763285,
    "CIDEr": 0.0,
    "METEOR": 0.2950435974472214,
    "SPICE": 0.17142857142857143,
    "BLEU_4": 0.39005788645690587
  },
  "1": {
    "BLEU_1": 0.6618726767729786,
    "BLEU_2": 0.6459215935396236,
    "ROUGE_L": 0.6140939597315436,
    "CIDEr": 0.0,
    "METEOR": 0.29746861331665064,
    "SPICE": 0.23529411764705882,
    "BLEU_4": 0.3836398228715176
  },
  "2": {
    "BLEU_1": 0.555555555432099,
    "BLEU_2": 0.4564354644830389,
    "ROUGE_L": 0.4911433172302737,
    "CIDEr": 0.0,
    "METEOR": 0.37324322912299845,
    "SPICE": 0.2857142857142857,
    "BLEU_4": 4.7192976329474405e-05
  },
  "3": {
    "BLEU_1": 0.555555555432099,
    "BLEU_2": 0.26352313828697443,
    "ROUGE_L": 0.3929146537842191,
    "CIDEr": 0.0,
    "METEOR": 0.2218339461044335,
    "SPICE": 0.17142857142857143,
    "BLEU_4": 6.376715692219053e-09
  },
  "4": {
    "BLEU_1": 0.4999999999000002,
    "BLEU_2": 0.33333333326481496,
    "ROUGE_L": 0.28328173374613,
    "CIDEr": 0.0,
    "METEOR": 0.2183857500509967,
    "SPICE": 0.17142857142857143,
    "BLEU_4": 6.674094717574906e-09
  },
  "5": {
    "BLEU_1": 0.4999999999000002,
    "BLEU_2": 0.33333333326481496,
    "ROUGE_L": 0.28328173374613,
    "CIDEr": 0.0,
    "METEOR": 0.2183857500509967,
    "SPICE": 0.17142857142857143,
    "BLEU_4": 6.674094717574906e-09
  },
  "6": {
    "BLEU_1": 0.4999999999000002,
    "BLEU_2": 0.33333333326481496,
    "ROUGE_L": 0.28328173374613,
    "CIDEr": 0.0,
    "METEOR": 0.2183857500509967,
    "SPICE": 0.17142857142857143,
    "BLEU_4": 6.674094717574906e-09
  },
  "7": {
    "BLEU_1": 0.4999999999000002,
    "BLEU_2": 0.33333333326481496,
    "ROUGE_L": 0.28328173374613,
    "CIDEr": 0.0,
    "METEOR": 0.2183857500509967,
    "SPICE": 0.17142857142857143,
    "BLEU_4": 6.674094717574906e-09
  },
  "8": {
    "BLEU_1": 0.21470779796016531,
    "BLEU_2": 0.1639857894063383,
    "ROUGE_L": 0.2136602451838879,
    "CIDEr": 0.0,
    "METEOR": 0.14023099511257966,
    "SPICE": 0.12121212121212122,
    "BLEU_4": 5.249325938137114e-09
  },
  "9": {
    "BLEU_1": 0.5515605639774822,
    "BLEU_2": 0.3729230059054938,
    "ROUGE_L": 0.28955696202531644,
    "CIDEr": 0.0,
    "METEOR": 0.22906766173827373,
    "SPICE": 0.17647058823529413,
    "BLEU_4": 7.751502103232945e-09
  }
}