{
  "0": {
    "BLEU_1": 0.09999999999000012,
    "BLEU_2": 3.333333332981484e-09,
    "ROUGE_L": 0.10627177700348434,
    "CIDEr": 0.0,
    "METEOR": 0.11929429800365972,
    "SPICE": 0.1875,
    "BLEU_4": 6.674094718242315e-13
  },
  "1": {
    "BLEU_1": 1.2383969992892892e-16,
    "BLEU_2": 1.3376216389974536e-16,
    "ROUGE_L": 0.0,
    "CIDEr": 0.0,
    "METEOR": 0.10865084288779629,
    "SPICE": 0.06451612903225806,
    "BLEU_4": 1.61023072606689e-16
  },
  "2": {
    "BLEU_1": 9.999999999e-17,
    "BLEU_2": 1.0540925532781945e-16,
    "ROUGE_L": 0.0,
    "CIDEr": 0.0,
    "METEOR": 0.08824400061451128,
    "SPICE": 0.11764705882352941,
    "BLEU_4": 1.186840521809983e-16
  },
  "3": {
    "BLEU_1": 0.09090909089256209,
    "BLEU_2": 3.0151134452157307e-09,
    "ROUGE_L": 0.108348134991119,
    "CIDEr": 0.0,
    "METEOR": 0.1227621483375959,
    "SPICE": 0.12121212121212122,
    "BLEU_4": 5.960994272089826e-13
  },
  "4": {
    "BLEU_1": 0.10976232717490052,
    "BLEU_2": 3.8806842931124116e-09,
    "ROUGE_L": 0.1476997578692494,
    "CIDEr": 0.0,
    "METEOR": 0.18390886848048993,
    "SPICE": 0.0,
    "BLEU_4": 9.324552513250358e-13
  },
  "5": {
    "BLEU_1": 0.10976232717490052,
    "BLEU_2": 3.8806842931124116e-09,
    "ROUGE_L": 0.1476997578692494,
    "CIDEr": 0.0,
    "METEOR": 0.06837606837606837,
    "SPICE": 0.0,
    "BLEU_4": 9.324552513250358e-13
  },
  "6": {
    "BLEU_1": 0.23884377011164867,
    "BLEU_2": 5.85045365006396e-09,
    "ROUGE_L": 0.2785388127853881,
    "CIDEr": 0.0,
    "METEOR": 0.16258159403851075,
    "SPICE": 0.06896551724137931,
    "BLEU_4": 1.1000617045598687e-12
  },
  "7": {
    "BLEU_1": 0.2499999999583334,
    "BLEU_2": 4.7673129454153526e-09,
    "ROUGE_L": 0.2074829931972789,
    "CIDEr": 0.0,
    "METEOR": 0.1655394870086156,
    "SPICE": 0.06060606060606061,
    "BLEU_4": 7.088856800987232e-13
  },
  "8": {
    "BLEU_1": 0.35714285709183685,
    "BLEU_2": 0.16574838600881542,
    "ROUGE_L": 0.3824451410658307,
    "CIDEr": 0.0,
    "METEOR": 0.1856662772826042,
    "SPICE": 0.10526315789473685,
    "BLEU_4": 3.798229226250051e-09
  },
  "9": {
    "BLEU_1": 0.2999999999700001,
    "BLEU_2": 5.773502691286834e-09,
    "ROUGE_L": 0.34014869888475835,
    "CIDEr": 0.0,
    "METEOR": 0.13559322033898305,
    "SPICE": 0.06060606060606061,
    "BLEU_4": 8.783602618662196e-13
  }
}