{
  "0": {
    "BLEU_1": 0.6666666665185187,
    "BLEU_2": 0.4999999998854169,
    "ROUGE_L": 0.3333333333333333,
    "CIDEr": 0.0,
    "METEOR": 0.2988896305213931,
    "SPICE": 0.32000000000000006,
    "BLEU_4": 4.939382735892778e-05
  },
  "1": {
    "BLEU_1": 0.22222222220987659,
    "BLEU_2": 0.1616904166816417,
    "ROUGE_L": 0.2259259259259259,
    "CIDEr": 0.0,
    "METEOR": 0.19441256385384514,
    "SPICE": 0.18749999999999997,
    "BLEU_4": 3.2306456811007416e-09
  },
  "2": {
    "BLEU_1": 0.22222222220987659,
    "BLEU_2": 0.1616904166816417,
    "ROUGE_L": 0.2259259259259259,
    "CIDEr": 0.0,
    "METEOR": 0.2108025738502282,
    "SPICE": 0.18749999999999997,
    "BLEU_4": 3.2306456811007416e-09
  },
  "3": {
    "BLEU_1": 0.22222222220987659,
    "BLEU_2": 0.1616904166816417,
    "ROUGE_L": 0.2259259259259259,
    "CIDEr": 0.0,
    "METEOR": 0.2108025738502282,
    "SPICE": 0.19354838709677416,
    "BLEU_4": 3.2306456811007416e-09
  },
  "4": {
    "BLEU_1": 0.4999999999583334,
    "BLEU_2": 0.30151134455149564,
    "ROUGE_L": 0.46212121212121204,
    "CIDEr": 0.0,
    "METEOR": 0.2491335982167544,
    "SPICE": 0.2,
    "BLEU_4": 5.637560314716176e-09
  },
  "5": {
    "BLEU_1": 0.45454545446281003,
    "BLEU_2": 0.30151134452157297,
    "ROUGE_L": 0.384251968503937,
    "CIDEr": 0.0,
    "METEOR": 0.23757115465660636,
    "SPICE": 0.20689655172413793,
    "BLEU_4": 5.960994272089826e-09
  },
  "6": {
    "BLEU_1": 0.4166666666319445,
    "BLEU_2": 0.33709993120225257,
    "ROUGE_L": 0.3696969696969697,
    "CIDEr": 0.0,
    "METEOR": 0.2518107282517984,
    "SPICE": 0.20689655172413793,
    "BLEU_4": 3.352113418758729e-05
  },
  "7": {
    "BLEU_1": 0.24999999997916675,
    "BLEU_2": 0.1507556722757479,
    "ROUGE_L": 0.2629310344827586,
    "CIDEr": 0.0,
    "METEOR": 0.20173906921753149,
    "SPICE": 0.20689655172413793,
    "BLEU_4": 3.986357127883976e-09
  },
  "8": {
    "BLEU_1": 0.17647058822491354,
    "BLEU_2": 0.10502100629573005,
    "ROUGE_L": 0.22289890377588306,
    "CIDEr": 0.0,
    "METEOR": 0.18610098745973275,
    "SPICE": 0.19354838709677416,
    "BLEU_4": 2.69205088078134e-09
  },
  "9": {
    "BLEU_1": 0.22222222220987659,
    "BLEU_2": 0.11433239008846735,
    "ROUGE_L": 0.21631205673758863,
    "CIDEr": 0.0,
    "METEOR": 0.18280608473093746,
    "SPICE": 0.18749999999999997,
    "BLEU_4": 2.7166383721925094e-09
  }
}