{
  "0": {
    "BLEU_1": 0.4043537730069712,
    "BLEU_2": 0.31321108576120654,
    "ROUGE_L": 0.5147679324894514,
    "CIDEr": 0.0,
    "METEOR": 0.21971769170877492,
    "SPICE": 0.125,
    "BLEU_4": 7.405418904734751e-09
  },
  "1": {
    "BLEU_1": 0.4412484511819858,
    "BLEU_2": 0.2358572181075568,
    "ROUGE_L": 0.4093959731543625,
    "CIDEr": 0.0,
    "METEOR": 0.19323671497584538,
    "SPICE": 0.1142857142857143,
    "BLEU_4": 6.164542726677392e-09
  },
  "2": {
    "BLEU_1": 0.4043537730069712,
    "BLEU_2": 0.31321108576120654,
    "ROUGE_L": 0.4468864468864468,
    "CIDEr": 0.0,
    "METEOR": 0.20410871554403082,
    "SPICE": 0.12121212121212122,
    "BLEU_4": 7.405418904734751e-09
  },
  "3": {
    "BLEU_1": 0.4294155959203306,
    "BLEU_2": 0.2319109274149018,
    "ROUGE_L": 0.4273204903677758,
    "CIDEr": 0.0,
    "METEOR": 0.19753086419753085,
    "SPICE": 0.11764705882352941,
    "BLEU_4": 6.2425357546009905e-09
  },
  "4": {
    "BLEU_1": 0.6666666665185187,
    "BLEU_2": 0.40824829037030635,
    "ROUGE_L": 0.3929146537842191,
    "CIDEr": 0.0,
    "METEOR": 0.20068397179056127,
    "SPICE": 0.1142857142857143,
    "BLEU_4": 4.463236136748592e-05
  },
  "5": {
    "BLEU_1": 0.6666666665185187,
    "BLEU_2": 0.40824829037030635,
    "ROUGE_L": 0.3929146537842191,
    "CIDEr": 0.0,
    "METEOR": 0.20068397179056127,
    "SPICE": 0.1142857142857143,
    "BLEU_4": 4.463236136748592e-05
  },
  "6": {
    "BLEU_1": 0.6666666665185187,
    "BLEU_2": 0.40824829037030635,
    "ROUGE_L": 0.3929146537842191,
    "CIDEr": 0.0,
    "METEOR": 0.20068397179056127,
    "SPICE": 0.1142857142857143,
    "BLEU_4": 4.463236136748592e-05
  },
  "7": {
    "BLEU_1": 0.6666666665185187,
    "BLEU_2": 0.40824829037030635,
    "ROUGE_L": 0.3929146537842191,
    "CIDEr": 0.0,
    "METEOR": 0.20068397179056127,
    "SPICE": 0.1142857142857143,
    "BLEU_4": 4.463236136748592e-05
  },
  "8": {
    "BLEU_1": 0.5999999998800002,
    "BLEU_2": 0.2581988896940871,
    "ROUGE_L": 0.37770897832817335,
    "CIDEr": 0.0,
    "METEOR": 0.18518518518518517,
    "SPICE": 0.11111111111111112,
    "BLEU_4": 5.873949093408464e-09
  },
  "9": {
    "BLEU_1": 0.6618726767729786,
    "BLEU_2": 0.5003287149469438,
    "ROUGE_L": 0.4093959731543625,
    "CIDEr": 0.0,
    "METEOR": 0.2047155694381395,
    "SPICE": 0.11764705882352941,
    "BLEU_4": 5.0489840121490154e-05
  }
}