{
  "0": {
    "BLEU_1": 0.27590958074062716,
    "BLEU_2": 5.816684689107698e-09,
    "ROUGE_L": 0.3978260869565217,
    "CIDEr": 0.0,
    "METEOR": 0.15135135135135136,
    "SPICE": 0.22222222222222218,
    "BLEU_4": 1.2300790474695449e-12
  },
  "1": {
    "BLEU_1": 0.35826565516747294,
    "BLEU_2": 7.1653131032300366e-09,
    "ROUGE_L": 0.3588235294117647,
    "CIDEr": 0.0,
    "METEOR": 0.14432989690721648,
    "SPICE": 0.13793103448275862,
    "BLEU_4": 1.2174183989911234e-12
  },
  "2": {
    "BLEU_1": 0.32928698152470126,
    "BLEU_2": 6.721542363805207e-09,
    "ROUGE_L": 0.37731958762886597,
    "CIDEr": 0.0,
    "METEOR": 0.14775725593667546,
    "SPICE": 0.14285714285714285,
    "BLEU_4": 1.2271801245099645e-12
  },
  "3": {
    "BLEU_1": 0.3749999999062502,
    "BLEU_2": 7.319250545218839e-09,
    "ROUGE_L": 0.3267857142857143,
    "CIDEr": 0.0,
    "METEOR": 0.17600000000000005,
    "SPICE": 0.06666666666666667,
    "BLEU_4": 1.1559871144628244e-12
  },
  "4": {
    "BLEU_1": 0.4444444443456792,
    "BLEU_2": 7.453559923291195e-09,
    "ROUGE_L": 0.31282051282051276,
    "CIDEr": 0.0,
    "METEOR": 0.1389578163771712,
    "SPICE": 0.06451612903225806,
    "BLEU_4": 1.0724314733358218e-12
  },
  "5": {
    "BLEU_1": 0.4444444443456792,
    "BLEU_2": 7.453559923291195e-09,
    "ROUGE_L": 0.31282051282051276,
    "CIDEr": 0.0,
    "METEOR": 0.1389578163771712,
    "SPICE": 0.06451612903225806,
    "BLEU_4": 1.0724314733358218e-12
  },
  "6": {
    "BLEU_1": 0.6428571428112246,
    "BLEU_2": 0.22237479498183568,
    "ROUGE_L": 0.34366197183098596,
    "CIDEr": 0.0,
    "METEOR": 0.17840448842482795,
    "SPICE": 0.2857142857142857,
    "BLEU_4": 4.39945923101319e-09
  },
  "7": {
    "BLEU_1": 0.6153846153372783,
    "BLEU_2": 0.22645540681077383,
    "ROUGE_L": 0.3562043795620438,
    "CIDEr": 0.0,
    "METEOR": 0.1822183610989929,
    "SPICE": 0.25,
    "BLEU_4": 4.646684393262083e-09
  },
  "8": {
    "BLEU_1": 0.5384615384201185,
    "BLEU_2": 0.21182963641710745,
    "ROUGE_L": 0.3562043795620438,
    "CIDEr": 0.0,
    "METEOR": 0.21320995663058434,
    "SPICE": 0.25,
    "BLEU_4": 4.494125427688112e-09
  },
  "9": {
    "BLEU_1": 0.5384615384201185,
    "BLEU_2": 0.21182963641710745,
    "ROUGE_L": 0.3562043795620438,
    "CIDEr": 0.0,
    "METEOR": 0.21320995663058434,
    "SPICE": 0.25,
    "BLEU_4": 4.494125427688112e-09
  }
}