{
  "0": {
    "BLEU_1": 0.4412484511819858,
    "BLEU_2": 7.458460118109875e-09,
    "ROUGE_L": 0.21785714285714283,
    "CIDEr": 0.0,
    "METEOR": 0.24952373710679646,
    "SPICE": 0.21428571428571427,
    "BLEU_4": 1.0962279403155601e-12
  },
  "1": {
    "BLEU_1": 0.08333333332638898,
    "BLEU_2": 2.7524094125761097e-09,
    "ROUGE_L": 0.09775641025641024,
    "CIDEr": 0.0,
    "METEOR": 0.11228070175438598,
    "SPICE": 0.0,
    "BLEU_4": 5.386366368312954e-13
  },
  "2": {
    "BLEU_1": 0.3999999999200002,
    "BLEU_2": 0.21081851063455723,
    "ROUGE_L": 0.3,
    "CIDEr": 0.0,
    "METEOR": 0.20606916489607718,
    "SPICE": 0.06060606060606061,
    "BLEU_4": 5.307712169906119e-09
  },
  "3": {
    "BLEU_1": 0.28571428569387763,
    "BLEU_2": 0.20965696732883227,
    "ROUGE_L": 0.2577464788732394,
    "CIDEr": 0.0,
    "METEOR": 0.2443680017017236,
    "SPICE": 0.16216216216216217,
    "BLEU_4": 2.4022110862454197e-05
  },
  "4": {
    "BLEU_1": 0.19999999996000015,
    "BLEU_2": 0.14907119846934372,
    "ROUGE_L": 0.2,
    "CIDEr": 0.0,
    "METEOR": 0.20004734723782128,
    "SPICE": 0.18181818181818182,
    "BLEU_4": 4.46323613687257e-09
  },
  "5": {
    "BLEU_1": 0.21470779796016531,
    "BLEU_2": 5.1856859842473975e-09,
    "ROUGE_L": 0.22803738317757008,
    "CIDEr": 0.0,
    "METEOR": 0.18399893611588702,
    "SPICE": 0.06896551724137931,
    "BLEU_4": 9.334768232372482e-13
  },
  "6": {
    "BLEU_1": 0.3333333332592594,
    "BLEU_2": 6.454972242199766e-09,
    "ROUGE_L": 0.2222222222222222,
    "CIDEr": 0.0,
    "METEOR": 0.22004662004662007,
    "SPICE": 0.13333333333333333,
    "BLEU_4": 9.980099401403394e-13
  },
  "7": {
    "BLEU_1": 0.1333333333244445,
    "BLEU_2": 3.0860669990287532e-09,
    "ROUGE_L": 0.08726752503576538,
    "CIDEr": 0.0,
    "METEOR": 0.14758909853249477,
    "SPICE": 0.05555555555555555,
    "BLEU_4": 4.970745472430083e-13
  },
  "8": {
    "BLEU_1": 0.27272727267768604,
    "BLEU_2": 5.222329677697684e-09,
    "ROUGE_L": 0.2036727879799666,
    "CIDEr": 0.0,
    "METEOR": 0.21405895691609977,
    "SPICE": 0.125,
    "BLEU_4": 7.845109652856079e-13
  },
  "9": {
    "BLEU_1": 0.14285714284693884,
    "BLEU_2": 3.31496772041309e-09,
    "ROUGE_L": 0.09050445103857567,
    "CIDEr": 0.0,
    "METEOR": 0.15042735042735045,
    "SPICE": 0.05714285714285715,
    "BLEU_4": 5.371507285148366e-13
  }
}