{
  "0": {
    "BLEU_1": 0.4444444443456792,
    "BLEU_2": 0.23570226034150096,
    "ROUGE_L": 0.26406926406926406,
    "CIDEr": 0.0,
    "METEOR": 0.20792583858656907,
    "SPICE": 0.3225806451612903,
    "BLEU_4": 6.030725358915047e-09
  },
  "1": {
    "BLEU_1": 0.46153846146745575,
    "BLEU_2": 0.19611613510738388,
    "ROUGE_L": 0.23076923076923084,
    "CIDEr": 0.0,
    "METEOR": 0.21078688399124543,
    "SPICE": 0.2857142857142857,
    "BLEU_4": 4.324227074750954e-09
  },
  "2": {
    "BLEU_1": 0.4374999999726563,
    "BLEU_2": 0.1707825127549637,
    "ROUGE_L": 0.21995192307692307,
    "CIDEr": 0.0,
    "METEOR": 0.20241455716178164,
    "SPICE": 0.2631578947368421,
    "BLEU_4": 3.5579828676919253e-09
  },
  "3": {
    "BLEU_1": 0.39999999994666674,
    "BLEU_2": 0.16903085092276351,
    "ROUGE_L": 0.22676579925650556,
    "CIDEr": 0.0,
    "METEOR": 0.1598331772250908,
    "SPICE": 0.27027027027027023,
    "BLEU_4": 3.678763249408135e-09
  },
  "4": {
    "BLEU_1": 0.3749999999765626,
    "BLEU_2": 0.15811388299820756,
    "ROUGE_L": 0.21995192307692307,
    "CIDEr": 0.0,
    "METEOR": 0.20010656439323568,
    "SPICE": 0.2631578947368421,
    "BLEU_4": 3.4234749556315017e-09
  },
  "5": {
    "BLEU_1": 0.3749999999765626,
    "BLEU_2": 0.15811388299820756,
    "ROUGE_L": 0.21995192307692307,
    "CIDEr": 0.0,
    "METEOR": 0.20010656439323568,
    "SPICE": 0.2631578947368421,
    "BLEU_4": 3.4234749556315017e-09
  },
  "6": {
    "BLEU_1": 0.39999999994666674,
    "BLEU_2": 0.16903085092276351,
    "ROUGE_L": 0.22676579925650556,
    "CIDEr": 0.0,
    "METEOR": 0.2042562396917129,
    "SPICE": 0.27027027027027023,
    "BLEU_4": 3.678763249408135e-09
  },
  "7": {
    "BLEU_1": 0.39999999994666674,
    "BLEU_2": 0.16903085092276351,
    "ROUGE_L": 0.22676579925650556,
    "CIDEr": 0.0,
    "METEOR": 0.2042562396917129,
    "SPICE": 0.27027027027027023,
    "BLEU_4": 3.678763249408135e-09
  },
  "8": {
    "BLEU_1": 0.39999999994666674,
    "BLEU_2": 0.16903085092276351,
    "ROUGE_L": 0.22676579925650556,
    "CIDEr": 0.0,
    "METEOR": 0.2042562396917129,
    "SPICE": 0.27027027027027023,
    "BLEU_4": 3.678763249408135e-09
  },
  "9": {
    "BLEU_1": 0.42857142854081637,
    "BLEU_2": 0.18156825978717286,
    "ROUGE_L": 0.2340153452685422,
    "CIDEr": 0.0,
    "METEOR": 0.16321787980162214,
    "SPICE": 0.2777777777777778,
    "BLEU_4": 3.975360175943345e-09
  }
}