{
  "0": {
    "BLEU_1": 0.2791881674335416,
    "BLEU_2": 0.17410441149419253,
    "ROUGE_L": 0.2136602451838879,
    "CIDEr": 0.0,
    "METEOR": 0.1372549019607843,
    "SPICE": 0.06451612903225806,
    "BLEU_4": 5.035983349060022e-09
  },
  "1": {
    "BLEU_1": 0.33333333330555565,
    "BLEU_2": 5.504818825152218e-09,
    "ROUGE_L": 0.2629310344827586,
    "CIDEr": 0.0,
    "METEOR": 0.12698412698412698,
    "SPICE": 0.05714285714285714,
    "BLEU_4": 7.61747236997849e-13
  },
  "2": {
    "BLEU_1": 0.33333333330555565,
    "BLEU_2": 5.504818825152218e-09,
    "ROUGE_L": 0.2629310344827586,
    "CIDEr": 0.0,
    "METEOR": 0.17421397172671052,
    "SPICE": 0.05714285714285714,
    "BLEU_4": 7.61747236997849e-13
  },
  "3": {
    "BLEU_1": 0.33333333330555565,
    "BLEU_2": 5.504818825152218e-09,
    "ROUGE_L": 0.2629310344827586,
    "CIDEr": 0.0,
    "METEOR": 0.12698412698412698,
    "SPICE": 0.05714285714285714,
    "BLEU_4": 7.61747236997849e-13
  },
  "4": {
    "BLEU_1": 0.33333333330555565,
    "BLEU_2": 5.504818825152218e-09,
    "ROUGE_L": 0.2629310344827586,
    "CIDEr": 0.0,
    "METEOR": 0.17421397172671052,
    "SPICE": 0.05714285714285714,
    "BLEU_4": 7.61747236997849e-13
  },
  "5": {
    "BLEU_1": 0.33333333330555565,
    "BLEU_2": 5.504818825152218e-09,
    "ROUGE_L": 0.2629310344827586,
    "CIDEr": 0.0,
    "METEOR": 0.12698412698412698,
    "SPICE": 0.05714285714285714,
    "BLEU_4": 7.61747236997849e-13
  },
  "6": {
    "BLEU_1": 0.33333333330555565,
    "BLEU_2": 5.504818825152218e-09,
    "ROUGE_L": 0.2629310344827586,
    "CIDEr": 0.0,
    "METEOR": 0.17421397172671052,
    "SPICE": 0.05555555555555555,
    "BLEU_4": 7.61747236997849e-13
  },
  "7": {
    "BLEU_1": 0.33333333330555565,
    "BLEU_2": 5.504818825152218e-09,
    "ROUGE_L": 0.2629310344827586,
    "CIDEr": 0.0,
    "METEOR": 0.12698412698412698,
    "SPICE": 0.05555555555555555,
    "BLEU_4": 7.61747236997849e-13
  },
  "8": {
    "BLEU_1": 0.4166666666319445,
    "BLEU_2": 0.19462473602342495,
    "ROUGE_L": 0.3505747126436781,
    "CIDEr": 0.0,
    "METEOR": 0.18140589569160998,
    "SPICE": 0.1111111111111111,
    "BLEU_4": 4.5293761703575315e-09
  },
  "9": {
    "BLEU_1": 0.36363636357024803,
    "BLEU_2": 0.19069251781358043,
    "ROUGE_L": 0.2727272727272727,
    "CIDEr": 0.0,
    "METEOR": 0.18018018018018017,
    "SPICE": 0.1111111111111111,
    "BLEU_4": 4.740604258941092e-09
  }
}