{
  "0": {
    "BLEU_1": 9.306272247784718e-17,
    "BLEU_2": 1.0051922884327337e-16,
    "ROUGE_L": 0.0,
    "CIDEr": 0.0,
    "METEOR": 0.05797101449275363,
    "SPICE": 0.05714285714285715,
    "BLEU_4": 1.2100518272513984e-16
  },
  "1": {
    "BLEU_1": 0.4971329536752872,
    "BLEU_2": 0.333486923479643,
    "ROUGE_L": 0.41838134430727025,
    "CIDEr": 0.0,
    "METEOR": 0.20618834331898941,
    "SPICE": 0.16216216216216214,
    "BLEU_4": 6.7857774275599885e-09
  },
  "2": {
    "BLEU_1": 0.4999999999000002,
    "BLEU_2": 0.23570226034706615,
    "ROUGE_L": 0.32360742705570295,
    "CIDEr": 0.0,
    "METEOR": 0.14537772322418605,
    "SPICE": 0.10810810810810811,
    "BLEU_4": 5.612222323072491e-09
  },
  "3": {
    "BLEU_1": 0.636363636247934,
    "BLEU_2": 0.25226248950774416,
    "ROUGE_L": 0.4698331193838254,
    "CIDEr": 0.0,
    "METEOR": 0.1999168114200327,
    "SPICE": 0.21621621621621623,
    "BLEU_4": 5.452469118553107e-09
  },
  "4": {
    "BLEU_1": 0.3977063629402297,
    "BLEU_2": 6.6697384695928586e-09,
    "ROUGE_L": 0.1673525377229081,
    "CIDEr": 0.0,
    "METEOR": 0.10406630911750364,
    "SPICE": 0.10810810810810811,
    "BLEU_4": 9.596538469300547e-13
  },
  "5": {
    "BLEU_1": 0.3999999999200002,
    "BLEU_2": 6.666666665296299e-09,
    "ROUGE_L": 0.16180371352785147,
    "CIDEr": 0.0,
    "METEOR": 0.10148345378470901,
    "SPICE": 0.10526315789473682,
    "BLEU_4": 9.438595266157062e-13
  },
  "6": {
    "BLEU_1": 0.29999999994000015,
    "BLEU_2": 5.773502690709485e-09,
    "ROUGE_L": 0.16180371352785147,
    "CIDEr": 0.0,
    "METEOR": 0.07881644651528591,
    "SPICE": 0.15789473684210525,
    "BLEU_4": 8.783602617783837e-13
  },
  "7": {
    "BLEU_1": 0.3999999999200002,
    "BLEU_2": 6.666666665296299e-09,
    "ROUGE_L": 0.16180371352785147,
    "CIDEr": 0.0,
    "METEOR": 0.10148345378470901,
    "SPICE": 0.10526315789473682,
    "BLEU_4": 9.438595266157062e-13
  },
  "8": {
    "BLEU_1": 0.3999999999200002,
    "BLEU_2": 0.21081851063455723,
    "ROUGE_L": 0.1788856304985337,
    "CIDEr": 0.0,
    "METEOR": 0.11241060598887581,
    "SPICE": 0.10526315789473682,
    "BLEU_4": 5.307712169906119e-09
  },
  "9": {
    "BLEU_1": 0.4985944268845405,
    "BLEU_2": 0.2773923314396265,
    "ROUGE_L": 0.2943305186972256,
    "CIDEr": 0.0,
    "METEOR": 0.1951331385282691,
    "SPICE": 0.10526315789473682,
    "BLEU_4": 4.948748921709065e-09
  }
}