{
  "0": {
    "BLEU_1": 0.17973158557499613,
    "BLEU_2": 4.493289639262571e-09,
    "ROUGE_L": 0.1358574610244989,
    "CIDEr": 0.0,
    "METEOR": 0.22578677052539664,
    "SPICE": 0.08,
    "BLEU_4": 9.078761382262807e-13
  },
  "1": {
    "BLEU_1": 0.5515605639774822,
    "BLEU_2": 8.338811915782395e-09,
    "ROUGE_L": 0.232824427480916,
    "CIDEr": 0.0,
    "METEOR": 0.26004722041585093,
    "SPICE": 0.22222222222222224,
    "BLEU_4": 1.1591199222703112e-12
  },
  "2": {
    "BLEU_1": 0.4444444443456792,
    "BLEU_2": 7.453559923291195e-09,
    "ROUGE_L": 0.2222222222222222,
    "CIDEr": 0.0,
    "METEOR": 0.2772924326305419,
    "SPICE": 0.22222222222222224,
    "BLEU_4": 1.0724314733358218e-12
  },
  "3": {
    "BLEU_1": 0.4444444443456792,
    "BLEU_2": 7.453559923291195e-09,
    "ROUGE_L": 0.2222222222222222,
    "CIDEr": 0.0,
    "METEOR": 0.2828755017439085,
    "SPICE": 0.21428571428571427,
    "BLEU_4": 1.0724314733358218e-12
  },
  "4": {
    "BLEU_1": 0.4412484511819858,
    "BLEU_2": 0.4085166850941424,
    "ROUGE_L": 0.465648854961832,
    "CIDEr": 0.0,
    "METEOR": 0.32058366578679565,
    "SPICE": 0.2962962962962963,
    "BLEU_4": 4.562272069571923e-05
  },
  "5": {
    "BLEU_1": 0.32206169694024794,
    "BLEU_2": 0.20084075455651398,
    "ROUGE_L": 0.30148270181219106,
    "CIDEr": 0.0,
    "METEOR": 0.22377622377622375,
    "SPICE": 0.16,
    "BLEU_4": 5.809334106350273e-09
  },
  "6": {
    "BLEU_1": 0.36363636360330587,
    "BLEU_2": 6.03022689097966e-09,
    "ROUGE_L": 0.2036727879799666,
    "CIDEr": 0.0,
    "METEOR": 0.2382420187039628,
    "SPICE": 0.22222222222222224,
    "BLEU_4": 8.430118945584141e-13
  },
  "7": {
    "BLEU_1": 0.6363636363057852,
    "BLEU_2": 0.3567530339722843,
    "ROUGE_L": 0.4073455759599332,
    "CIDEr": 0.0,
    "METEOR": 0.26609326207637773,
    "SPICE": 0.20689655172413796,
    "BLEU_4": 6.484115070705435e-09
  },
  "8": {
    "BLEU_1": 0.6666666665185187,
    "BLEU_2": 0.4999999998854169,
    "ROUGE_L": 0.5555555555555556,
    "CIDEr": 0.0,
    "METEOR": 0.33055080118893854,
    "SPICE": 0.2857142857142857,
    "BLEU_4": 4.939382735892778e-05
  },
  "9": {
    "BLEU_1": 0.5515605639774822,
    "BLEU_2": 0.4567355389066887,
    "ROUGE_L": 0.5820610687022901,
    "CIDEr": 0.0,
    "METEOR": 0.3305672401538585,
    "SPICE": 0.21428571428571427,
    "BLEU_4": 4.824015382362861e-05
  }
}