{
  "0": {
    "BLEU_1": 0.21470779796016531,
    "BLEU_2": 5.1856859842473975e-09,
    "ROUGE_L": 0.12224448897795591,
    "CIDEr": 0.0,
    "METEOR": 0.09094266834004565,
    "SPICE": 0.1,
    "BLEU_4": 9.334768232372482e-13
  },
  "1": {
    "BLEU_1": 0.29999999994000015,
    "BLEU_2": 5.773502690709485e-09,
    "ROUGE_L": 0.21254355400696867,
    "CIDEr": 0.0,
    "METEOR": 0.1335746410219879,
    "SPICE": 0.17391304347826086,
    "BLEU_4": 8.783602617783837e-13
  },
  "2": {
    "BLEU_1": 0.33333333330555565,
    "BLEU_2": 5.504818825152218e-09,
    "ROUGE_L": 0.19551282051282048,
    "CIDEr": 0.0,
    "METEOR": 0.1303715951053887,
    "SPICE": 0.16,
    "BLEU_4": 7.61747236997849e-13
  },
  "3": {
    "BLEU_1": 0.28571428569387763,
    "BLEU_2": 4.688072309037213e-09,
    "ROUGE_L": 0.18100890207715134,
    "CIDEr": 0.0,
    "METEOR": 0.1251210130559388,
    "SPICE": 0.15384615384615385,
    "BLEU_4": 6.387834681787387e-13
  },
  "4": {
    "BLEU_1": 0.28571428569387763,
    "BLEU_2": 4.688072309037213e-09,
    "ROUGE_L": 0.18100890207715134,
    "CIDEr": 0.0,
    "METEOR": 0.1251210130559388,
    "SPICE": 0.15384615384615385,
    "BLEU_4": 6.387834681787387e-13
  },
  "5": {
    "BLEU_1": 0.26666666664888894,
    "BLEU_2": 4.3643578044184995e-09,
    "ROUGE_L": 0.17453505007153075,
    "CIDEr": 0.0,
    "METEOR": 0.12440525678403068,
    "SPICE": 0.14285714285714288,
    "BLEU_4": 5.911245882681416e-13
  },
  "6": {
    "BLEU_1": 0.26666666664888894,
    "BLEU_2": 4.3643578044184995e-09,
    "ROUGE_L": 0.17453505007153075,
    "CIDEr": 0.0,
    "METEOR": 0.12440525678403068,
    "SPICE": 0.14285714285714288,
    "BLEU_4": 5.911245882681416e-13
  },
  "7": {
    "BLEU_1": 0.26666666664888894,
    "BLEU_2": 4.3643578044184995e-09,
    "ROUGE_L": 0.17453505007153075,
    "CIDEr": 0.0,
    "METEOR": 0.12440525678403068,
    "SPICE": 0.14285714285714288,
    "BLEU_4": 5.911245882681416e-13
  },
  "8": {
    "BLEU_1": 0.26666666664888894,
    "BLEU_2": 4.3643578044184995e-09,
    "ROUGE_L": 0.17453505007153075,
    "CIDEr": 0.0,
    "METEOR": 0.12440525678403068,
    "SPICE": 0.14285714285714288,
    "BLEU_4": 5.911245882681416e-13
  },
  "9": {
    "BLEU_1": 0.26666666664888894,
    "BLEU_2": 4.3643578044184995e-09,
    "ROUGE_L": 0.17453505007153075,
    "CIDEr": 0.0,
    "METEOR": 0.12440525678403068,
    "SPICE": 0.14285714285714288,
    "BLEU_4": 5.911245882681416e-13
  }
}