{
  "0": {
    "BLEU_1": 0.3749999999062502,
    "BLEU_2": 7.319250545218839e-09,
    "ROUGE_L": 0.18263473053892215,
    "CIDEr": 0.0,
    "METEOR": 0.09679991170053753,
    "SPICE": 0.058823529411764705,
    "BLEU_4": 1.1559871144628244e-12
  },
  "1": {
    "BLEU_1": 0.2999999999700001,
    "BLEU_2": 5.773502691286834e-09,
    "ROUGE_L": 0.11338289962825278,
    "CIDEr": 0.0,
    "METEOR": 0.14470586110715355,
    "SPICE": 0.1111111111111111,
    "BLEU_4": 8.783602618662196e-13
  },
  "2": {
    "BLEU_1": 0.5384615383786985,
    "BLEU_2": 0.2118296364008129,
    "ROUGE_L": 0.2538141470180305,
    "CIDEr": 0.0,
    "METEOR": 0.12483619847412152,
    "SPICE": 0.1111111111111111,
    "BLEU_4": 4.494125427342411e-09
  },
  "3": {
    "BLEU_1": 0.4999999998750002,
    "BLEU_2": 8.451542545096823e-09,
    "ROUGE_L": 0.125,
    "CIDEr": 0.0,
    "METEOR": 0.1486626619968023,
    "SPICE": 0.16216216216216217,
    "BLEU_4": 1.2421889947772103e-12
  },
  "4": {
    "BLEU_1": 0.4999999998750002,
    "BLEU_2": 8.451542545096823e-09,
    "ROUGE_L": 0.125,
    "CIDEr": 0.0,
    "METEOR": 0.1486626619968023,
    "SPICE": 0.16216216216216217,
    "BLEU_4": 1.2421889947772103e-12
  },
  "5": {
    "BLEU_1": 0.4999999998750002,
    "BLEU_2": 8.451542545096823e-09,
    "ROUGE_L": 0.125,
    "CIDEr": 0.0,
    "METEOR": 0.1486626619968023,
    "SPICE": 0.16216216216216217,
    "BLEU_4": 1.2421889947772103e-12
  },
  "6": {
    "BLEU_1": 0.4999999998750002,
    "BLEU_2": 8.451542545096823e-09,
    "ROUGE_L": 0.125,
    "CIDEr": 0.0,
    "METEOR": 0.10389610389610389,
    "SPICE": 0.16216216216216217,
    "BLEU_4": 1.2421889947772103e-12
  },
  "7": {
    "BLEU_1": 0.3999999999600001,
    "BLEU_2": 6.666666665962964e-09,
    "ROUGE_L": 0.11338289962825278,
    "CIDEr": 0.0,
    "METEOR": 0.1,
    "SPICE": 0.15384615384615383,
    "BLEU_4": 9.43859526710092e-13
  },
  "8": {
    "BLEU_1": 0.36363636357024803,
    "BLEU_2": 6.030226890431458e-09,
    "ROUGE_L": 0.108348134991119,
    "CIDEr": 0.0,
    "METEOR": 0.09815950920245399,
    "SPICE": 0.1,
    "BLEU_4": 8.430118944817767e-13
  },
  "9": {
    "BLEU_1": 0.24767939985785795,
    "BLEU_2": 5.982025825945981e-09,
    "ROUGE_L": 0.12224448897795591,
    "CIDEr": 0.0,
    "METEOR": 0.052287581699346414,
    "SPICE": 0.05555555555555555,
    "BLEU_4": 1.0768261868323776e-12
  }
}