{
  "0": {
    "BLEU_1": 0.23884377011164867,
    "BLEU_2": 5.85045365006396e-09,
    "ROUGE_L": 0.2573839662447257,
    "CIDEr": 0.0,
    "METEOR": 0.08625336927223719,
    "SPICE": 0.15384615384615385,
    "BLEU_4": 1.1000617045598687e-12
  },
  "1": {
    "BLEU_1": 0.36363636357024803,
    "BLEU_2": 0.19069251781358043,
    "ROUGE_L": 0.3055091819699499,
    "CIDEr": 0.0,
    "METEOR": 0.2469226668379984,
    "SPICE": 0.2,
    "BLEU_4": 4.740604258941092e-09
  },
  "2": {
    "BLEU_1": 0.4999999999166667,
    "BLEU_2": 0.3692744728750537,
    "ROUGE_L": 0.2932692307692307,
    "CIDEr": 0.0,
    "METEOR": 0.2798341630225274,
    "SPICE": 0.3448275862068965,
    "BLEU_4": 3.50843969500832e-05
  },
  "3": {
    "BLEU_1": 0.3124999999804688,
    "BLEU_2": 0.14433756728808472,
    "ROUGE_L": 0.2527624309392265,
    "CIDEr": 0.0,
    "METEOR": 0.22763719701518242,
    "SPICE": 0.2941176470588235,
    "BLEU_4": 3.2709344706502825e-09
  },
  "4": {
    "BLEU_1": 0.19999999996000015,
    "BLEU_2": 4.714045206941321e-09,
    "ROUGE_L": 0.21254355400696867,
    "CIDEr": 0.0,
    "METEOR": 0.14279209003546775,
    "SPICE": 0.2,
    "BLEU_4": 7.936880924342154e-13
  },
  "5": {
    "BLEU_1": 0.3999999999733334,
    "BLEU_2": 0.33806170186806433,
    "ROUGE_L": 0.4363376251788269,
    "CIDEr": 0.0,
    "METEOR": 0.30815162977554394,
    "SPICE": 0.2941176470588235,
    "BLEU_4": 0.19564751496463617
  },
  "6": {
    "BLEU_1": 0.42857142854081637,
    "BLEU_2": 0.2567762954875012,
    "ROUGE_L": 0.3620178041543027,
    "CIDEr": 0.0,
    "METEOR": 0.26468275644527134,
    "SPICE": 0.30303030303030304,
    "BLEU_4": 4.727526605930294e-09
  },
  "7": {
    "BLEU_1": 0.38461538458579886,
    "BLEU_2": 0.31008683644817453,
    "ROUGE_L": 0.2819722650231125,
    "CIDEr": 0.0,
    "METEOR": 0.29524835621688994,
    "SPICE": 0.31249999999999994,
    "BLEU_4": 3.057690288182074e-05
  },
  "8": {
    "BLEU_1": 0.42857142854081637,
    "BLEU_2": 0.2567762954875012,
    "ROUGE_L": 0.271513353115727,
    "CIDEr": 0.0,
    "METEOR": 0.25079873858861107,
    "SPICE": 0.31249999999999994,
    "BLEU_4": 2.6584835764514756e-05
  },
  "9": {
    "BLEU_1": 0.3999999999733334,
    "BLEU_2": 0.16903085093403225,
    "ROUGE_L": 0.26180257510729615,
    "CIDEr": 0.0,
    "METEOR": 0.24594456945463797,
    "SPICE": 0.24242424242424246,
    "BLEU_4": 3.6787632496533857e-09
  }
}