{
  "0": {
    "BLEU_1": 0.3032653297552284,
    "BLEU_2": 6.0653065950034785e-09,
    "ROUGE_L": 0.3860759493670886,
    "CIDEr": 0.0,
    "METEOR": 0.1487603305785124,
    "SPICE": 0.06666666666666667,
    "BLEU_4": 1.0305224262915758e-12
  },
  "1": {
    "BLEU_1": 0.22222222217283966,
    "BLEU_2": 5.270462765739487e-09,
    "ROUGE_L": 0.2222222222222222,
    "CIDEr": 0.0,
    "METEOR": 0.0897457626392505,
    "SPICE": 0.0,
    "BLEU_4": 9.018037815333522e-13
  },
  "2": {
    "BLEU_1": 0.3076923076449706,
    "BLEU_2": 5.063696834623075e-09,
    "ROUGE_L": 0.18798151001540828,
    "CIDEr": 0.0,
    "METEOR": 0.1918432566306694,
    "SPICE": 0.10810810810810811,
    "BLEU_4": 6.94841384364963e-13
  },
  "3": {
    "BLEU_1": 0.4666666666355556,
    "BLEU_2": 0.18257418582244916,
    "ROUGE_L": 0.36180308422301305,
    "CIDEr": 0.0,
    "METEOR": 0.2274288561292177,
    "SPICE": 0.15384615384615383,
    "BLEU_4": 3.8233014075451295e-09
  },
  "4": {
    "BLEU_1": 0.23529411761937719,
    "BLEU_2": 3.834824943778648e-09,
    "ROUGE_L": 0.1628838451268358,
    "CIDEr": 0.0,
    "METEOR": 0.17192951214991664,
    "SPICE": 0.13636363636363638,
    "BLEU_4": 5.144201220277295e-13
  },
  "5": {
    "BLEU_1": 0.41099321492952157,
    "BLEU_2": 0.16043532337209473,
    "ROUGE_L": 0.28110599078341014,
    "CIDEr": 0.0,
    "METEOR": 0.20668241563495382,
    "SPICE": 0.10526315789473684,
    "BLEU_4": 3.342415582967444e-09
  },
  "6": {
    "BLEU_1": 0.44444444441975317,
    "BLEU_2": 0.16169041668164175,
    "ROUGE_L": 0.2657952069716775,
    "CIDEr": 0.0,
    "METEOR": 0.20242823212274205,
    "SPICE": 0.1,
    "BLEU_4": 3.2306456811007425e-09
  },
  "7": {
    "BLEU_1": 0.3157894736675901,
    "BLEU_2": 4.188539082690383e-09,
    "ROUGE_L": 0.20176405733186328,
    "CIDEr": 0.0,
    "METEOR": 0.17192951214991664,
    "SPICE": 0.0909090909090909,
    "BLEU_4": 5.039518688197803e-13
  },
  "8": {
    "BLEU_1": 0.33333333331746035,
    "BLEU_2": 0.12909944486727937,
    "ROUGE_L": 0.2457200402819738,
    "CIDEr": 0.0,
    "METEOR": 0.19539016444960033,
    "SPICE": 0.08888888888888888,
    "BLEU_4": 2.642138995361506e-09
  },
  "9": {
    "BLEU_1": 0.38461538455621314,
    "BLEU_2": 0.17902871848174168,
    "ROUGE_L": 0.26040554962646745,
    "CIDEr": 0.0,
    "METEOR": 0.1742778253303255,
    "SPICE": 0.15384615384615383,
    "BLEU_4": 4.131551590425773e-09
  }
}