{
  "0": {
    "BLEU_1": 0.33333333330555565,
    "BLEU_2": 0.17407765594053212,
    "ROUGE_L": 0.2629310344827586,
    "CIDEr": 0.0,
    "METEOR": 0.2094240837696335,
    "SPICE": 0.0588235294117647,
    "BLEU_4": 4.283619507134575e-09
  },
  "1": {
    "BLEU_1": 0.4117647058581315,
    "BLEU_2": 0.16042223697020558,
    "ROUGE_L": 0.2971985383678441,
    "CIDEr": 0.0,
    "METEOR": 0.18259187620889752,
    "SPICE": 0.05128205128205128,
    "BLEU_4": 3.3271889137551674e-09
  },
  "2": {
    "BLEU_1": 0.33333333331481485,
    "BLEU_2": 0.14002800839479293,
    "ROUGE_L": 0.28841607565011823,
    "CIDEr": 0.0,
    "METEOR": 0.1642057268436342,
    "SPICE": 0.05128205128205128,
    "BLEU_4": 3.006454568869563e-09
  },
  "3": {
    "BLEU_1": 0.18181818178512404,
    "BLEU_2": 4.2640143263175525e-09,
    "ROUGE_L": 0.18181818181818182,
    "CIDEr": 0.0,
    "METEOR": 0.16027633760556706,
    "SPICE": 0.057142857142857134,
    "BLEU_4": 7.088856800859686e-13
  },
  "4": {
    "BLEU_1": 0.16666666665277785,
    "BLEU_2": 3.892494720468497e-09,
    "ROUGE_L": 0.17528735632183906,
    "CIDEr": 0.0,
    "METEOR": 0.15511538219071874,
    "SPICE": 0.05555555555555555,
    "BLEU_4": 6.40550520920913e-13
  },
  "5": {
    "BLEU_1": 0.28571428569387763,
    "BLEU_2": 4.688072309037213e-09,
    "ROUGE_L": 0.24530831099195713,
    "CIDEr": 0.0,
    "METEOR": 0.1686357374599193,
    "SPICE": 0.05405405405405405,
    "BLEU_4": 6.387834681787387e-13
  },
  "6": {
    "BLEU_1": 0.28571428569387763,
    "BLEU_2": 4.688072309037213e-09,
    "ROUGE_L": 0.24530831099195713,
    "CIDEr": 0.0,
    "METEOR": 0.21225838008553707,
    "SPICE": 0.05405405405405405,
    "BLEU_4": 6.387834681787387e-13
  },
  "7": {
    "BLEU_1": 0.19999999998666673,
    "BLEU_2": 3.7796447298312975e-09,
    "ROUGE_L": 0.17453505007153075,
    "CIDEr": 0.0,
    "METEOR": 0.15346813919400312,
    "SPICE": 0.052631578947368425,
    "BLEU_4": 5.501034141770605e-13
  },
  "8": {
    "BLEU_1": 0.357142857117347,
    "BLEU_2": 5.241424183220805e-09,
    "ROUGE_L": 0.24530831099195713,
    "CIDEr": 0.0,
    "METEOR": 0.21225838008553707,
    "SPICE": 0.05405405405405405,
    "BLEU_4": 6.754312828130983e-13
  },
  "9": {
    "BLEU_1": 0.30769230766863914,
    "BLEU_2": 5.063696835012589e-09,
    "ROUGE_L": 0.1781021897810219,
    "CIDEr": 0.0,
    "METEOR": 0.1992632064235952,
    "SPICE": 0.2105263157894737,
    "BLEU_4": 6.948413844184121e-13
  }
}