{
  "0": {
    "BLEU_1": 0.4043537730069712,
    "BLEU_2": 7.003612790685742e-09,
    "ROUGE_L": 0.23921568627450981,
    "CIDEr": 0.0,
    "METEOR": 0.23727839407442022,
    "SPICE": 0.3225806451612903,
    "BLEU_4": 1.1073684133627694e-12
  },
  "1": {
    "BLEU_1": 0.5999999998800002,
    "BLEU_2": 8.16496580759891e-09,
    "ROUGE_L": 0.3,
    "CIDEr": 0.0,
    "METEOR": 0.2810938766572731,
    "SPICE": 0.28571428571428575,
    "BLEU_4": 1.0445522728425065e-12
  },
  "2": {
    "BLEU_1": 0.5999999998800002,
    "BLEU_2": 8.16496580759891e-09,
    "ROUGE_L": 0.3,
    "CIDEr": 0.0,
    "METEOR": 0.2810938766572731,
    "SPICE": 0.28571428571428575,
    "BLEU_4": 1.0445522728425065e-12
  },
  "3": {
    "BLEU_1": 0.6618726767729786,
    "BLEU_2": 9.134710778133774e-09,
    "ROUGE_L": 0.3267857142857143,
    "CIDEr": 0.0,
    "METEOR": 0.28796378810307205,
    "SPICE": 0.36363636363636365,
    "BLEU_4": 1.2131756414175536e-12
  },
  "4": {
    "BLEU_1": 0.46153846146745575,
    "BLEU_2": 6.201736728486434e-09,
    "ROUGE_L": 0.2671532846715329,
    "CIDEr": 0.0,
    "METEOR": 0.2581475145908029,
    "SPICE": 0.3157894736842105,
    "BLEU_4": 7.689683971362461e-13
  },
  "5": {
    "BLEU_1": 0.6618726767729786,
    "BLEU_2": 9.134710778133774e-09,
    "ROUGE_L": 0.3267857142857143,
    "CIDEr": 0.0,
    "METEOR": 0.28796378810307205,
    "SPICE": 0.36363636363636365,
    "BLEU_4": 1.2131756414175536e-12
  },
  "6": {
    "BLEU_1": 0.4545454545041323,
    "BLEU_2": 6.741998623988867e-09,
    "ROUGE_L": 0.28818897637795277,
    "CIDEr": 0.0,
    "METEOR": 0.23271611244960988,
    "SPICE": 0.2777777777777778,
    "BLEU_4": 8.913765520446539e-13
  },
  "7": {
    "BLEU_1": 0.5515605639774822,
    "BLEU_2": 8.338811915782395e-09,
    "ROUGE_L": 0.3267857142857143,
    "CIDEr": 0.0,
    "METEOR": 0.2915262267187802,
    "SPICE": 0.36363636363636365,
    "BLEU_4": 1.1591199222703112e-12
  },
  "8": {
    "BLEU_1": 0.5454545454049587,
    "BLEU_2": 7.3854894580549865e-09,
    "ROUGE_L": 0.28818897637795277,
    "CIDEr": 0.0,
    "METEOR": 0.2675528948584155,
    "SPICE": 0.3333333333333333,
    "BLEU_4": 9.329460218001107e-13
  },
  "9": {
    "BLEU_1": 0.5515605639774822,
    "BLEU_2": 8.338811915782395e-09,
    "ROUGE_L": 0.3267857142857143,
    "CIDEr": 0.0,
    "METEOR": 0.2915262267187802,
    "SPICE": 0.36363636363636365,
    "BLEU_4": 1.1591199222703112e-12
  }
}