{
  "0": {
    "BLEU_1": 9.196986024687569e-17,
    "BLEU_2": 1.0619764713730698e-16,
    "ROUGE_L": 0.0,
    "CIDEr": 0.0,
    "METEOR": 0.0159468438538206,
    "SPICE": 0.0,
    "BLEU_4": 1.6620829993657386e-16
  },
  "1": {
    "BLEU_1": 0.0919698602468758,
    "BLEU_2": 3.3582644710475053e-09,
    "ROUGE_L": 0.15721649484536082,
    "CIDEr": 0.0,
    "METEOR": 0.13139561848749315,
    "SPICE": 0.0,
    "BLEU_4": 9.346579564396796e-13
  },
  "2": {
    "BLEU_1": 0.4953587997157158,
    "BLEU_2": 8.459862053518921e-09,
    "ROUGE_L": 0.22803738317757008,
    "CIDEr": 0.0,
    "METEOR": 0.23121387283236997,
    "SPICE": 0.1739130434782609,
    "BLEU_4": 1.2805693630023128e-12
  },
  "3": {
    "BLEU_1": 0.24767939985785795,
    "BLEU_2": 5.982025825945981e-09,
    "ROUGE_L": 0.13174946004319654,
    "CIDEr": 0.0,
    "METEOR": 0.1809954751131222,
    "SPICE": 0.0,
    "BLEU_4": 1.0768261868323776e-12
  },
  "4": {
    "BLEU_1": 0.23884377011164867,
    "BLEU_2": 5.85045365006396e-09,
    "ROUGE_L": 0.12869198312236285,
    "CIDEr": 0.0,
    "METEOR": 0.18274111675126903,
    "SPICE": 0.07692307692307691,
    "BLEU_4": 1.1000617045598687e-12
  },
  "5": {
    "BLEU_1": 0.3333333332592594,
    "BLEU_2": 6.454972242199766e-09,
    "ROUGE_L": 0.2222222222222222,
    "CIDEr": 0.0,
    "METEOR": 0.17349397590361448,
    "SPICE": 0.21428571428571425,
    "BLEU_4": 9.980099401403394e-13
  },
  "6": {
    "BLEU_1": 0.3333333332592594,
    "BLEU_2": 6.454972242199766e-09,
    "ROUGE_L": 0.2222222222222222,
    "CIDEr": 0.0,
    "METEOR": 0.25072626114104607,
    "SPICE": 0.28571428571428575,
    "BLEU_4": 9.980099401403394e-13
  },
  "7": {
    "BLEU_1": 0.19999999996000015,
    "BLEU_2": 4.714045206941321e-09,
    "ROUGE_L": 0.10627177700348434,
    "CIDEr": 0.0,
    "METEOR": 0.1883193104449026,
    "SPICE": 0.20689655172413793,
    "BLEU_4": 7.936880924342154e-13
  },
  "8": {
    "BLEU_1": 0.36363636360330587,
    "BLEU_2": 6.03022689097966e-09,
    "ROUGE_L": 0.2036727879799666,
    "CIDEr": 0.0,
    "METEOR": 0.23864999626957364,
    "SPICE": 0.26666666666666666,
    "BLEU_4": 8.430118945584141e-13
  },
  "9": {
    "BLEU_1": 0.29999999994000015,
    "BLEU_2": 5.773502690709485e-09,
    "ROUGE_L": 0.21254355400696867,
    "CIDEr": 0.0,
    "METEOR": 0.2436800898677614,
    "SPICE": 0.20689655172413793,
    "BLEU_4": 8.783602617783837e-13
  }
}