{
  "0": {
    "BLEU_1": 0.25773347948218134,
    "BLEU_2": 5.030442428513886e-09,
    "ROUGE_L": 0.20469798657718125,
    "CIDEr": 0.0,
    "METEOR": 0.20565552699228792,
    "SPICE": 0.08333333333333334,
    "BLEU_4": 7.944975501908116e-13
  },
  "1": {
    "BLEU_1": 0.355883290106163,
    "BLEU_2": 0.18873561580747486,
    "ROUGE_L": 0.15947712418300655,
    "CIDEr": 0.0,
    "METEOR": 0.12435233160621761,
    "SPICE": 0.12244897959183673,
    "BLEU_4": 4.82902736160217e-09
  },
  "2": {
    "BLEU_1": 0.5429024507129954,
    "BLEU_2": 0.23362801669054928,
    "ROUGE_L": 0.1922268907563025,
    "CIDEr": 0.0,
    "METEOR": 0.13846153846153844,
    "SPICE": 0.0816326530612245,
    "BLEU_4": 5.314968931354379e-09
  },
  "3": {
    "BLEU_1": 0.5714285713877553,
    "BLEU_2": 0.20965696732883235,
    "ROUGE_L": 0.2136602451838879,
    "CIDEr": 0.0,
    "METEOR": 0.19773210873969924,
    "SPICE": 0.14545454545454545,
    "BLEU_4": 4.271802513237464e-09
  },
  "4": {
    "BLEU_1": 0.5333333332622223,
    "BLEU_2": 0.19518001456321804,
    "ROUGE_L": 0.20908311910882607,
    "CIDEr": 0.0,
    "METEOR": 0.19551955215913477,
    "SPICE": 0.16000000000000003,
    "BLEU_4": 3.953088374111451e-09
  },
  "5": {
    "BLEU_1": 0.38461538455621314,
    "BLEU_2": 0.17902871848174168,
    "ROUGE_L": 0.23076923076923084,
    "CIDEr": 0.0,
    "METEOR": 0.09563547644626298,
    "SPICE": 0.04081632653061225,
    "BLEU_4": 4.131551590425773e-09
  },
  "6": {
    "BLEU_1": 0.4524187089274962,
    "BLEU_2": 6.744259916326348e-09,
    "ROUGE_L": 0.11708253358925146,
    "CIDEr": 0.0,
    "METEOR": 0.16402943011717463,
    "SPICE": 0.12499999999999999,
    "BLEU_4": 9.030367374358917e-13
  },
  "7": {
    "BLEU_1": 0.355883290106163,
    "BLEU_2": 5.968344215460995e-09,
    "ROUGE_L": 0.09822866344605477,
    "CIDEr": 0.0,
    "METEOR": 0.1670890464302411,
    "SPICE": 0.1276595744680851,
    "BLEU_4": 8.587359927651722e-13
  },
  "8": {
    "BLEU_1": 0.060238842358344966,
    "BLEU_2": 2.1297646960674127e-09,
    "ROUGE_L": 0.11708253358925146,
    "CIDEr": 0.0,
    "METEOR": 0.13043478260869565,
    "SPICE": 0.04444444444444445,
    "BLEU_4": 5.117422920641595e-13
  },
  "9": {
    "BLEU_1": 0.36363636357024803,
    "BLEU_2": 6.030226890431458e-09,
    "ROUGE_L": 0.14969325153374236,
    "CIDEr": 0.0,
    "METEOR": 0.1295946928644088,
    "SPICE": 0.07843137254901962,
    "BLEU_4": 8.430118944817767e-13
  }
}