{
  "0": {
    "BLEU_1": 0.10108844325174288,
    "BLEU_2": 3.5018063953428727e-09,
    "ROUGE_L": 0.12869198312236285,
    "CIDEr": 0.0,
    "METEOR": 0.13793103448275862,
    "SPICE": 0.1176470588235294,
    "BLEU_4": 7.830277143606023e-13
  },
  "1": {
    "BLEU_1": 0.09090909089256209,
    "BLEU_2": 3.0151134452157307e-09,
    "ROUGE_L": 0.1018363939899833,
    "CIDEr": 0.0,
    "METEOR": 0.12030075187969924,
    "SPICE": 0.05,
    "BLEU_4": 5.960994272089826e-13
  },
  "2": {
    "BLEU_1": 0.16666666665277785,
    "BLEU_2": 3.892494720468497e-09,
    "ROUGE_L": 0.19551282051282048,
    "CIDEr": 0.0,
    "METEOR": 0.22894423560486413,
    "SPICE": 0.15,
    "BLEU_4": 6.40550520920913e-13
  },
  "3": {
    "BLEU_1": 0.1333333333244445,
    "BLEU_2": 3.0860669990287532e-09,
    "ROUGE_L": 0.17453505007153075,
    "CIDEr": 0.0,
    "METEOR": 0.22997126504909385,
    "SPICE": 0.14634146341463414,
    "BLEU_4": 4.970745472430083e-13
  },
  "4": {
    "BLEU_1": 0.09298098386923737,
    "BLEU_2": 2.143105786159227e-09,
    "ROUGE_L": 0.1628838451268358,
    "CIDEr": 0.0,
    "METEOR": 0.22258592558275359,
    "SPICE": 0.15,
    "BLEU_4": 3.41879855913247e-13
  },
  "5": {
    "BLEU_1": 0.07692307691715985,
    "BLEU_2": 2.531848417506296e-09,
    "ROUGE_L": 0.09399075500770414,
    "CIDEr": 0.0,
    "METEOR": 0.18825984459583736,
    "SPICE": 0.05,
    "BLEU_4": 4.91327054771308e-13
  },
  "6": {
    "BLEU_1": 0.07692307691715985,
    "BLEU_2": 2.531848417506296e-09,
    "ROUGE_L": 0.09399075500770414,
    "CIDEr": 0.0,
    "METEOR": 0.18825984459583736,
    "SPICE": 0.05,
    "BLEU_4": 4.91327054771308e-13
  },
  "7": {
    "BLEU_1": 0.06666666666222229,
    "BLEU_2": 2.1821789022092506e-09,
    "ROUGE_L": 0.08726752503576538,
    "CIDEr": 0.0,
    "METEOR": 0.18113988785129403,
    "SPICE": 0.14285714285714288,
    "BLEU_4": 4.179882048905089e-13
  },
  "8": {
    "BLEU_1": 0.1538461538343196,
    "BLEU_2": 3.5805743699102604e-09,
    "ROUGE_L": 0.18798151001540828,
    "CIDEr": 0.0,
    "METEOR": 0.1757377593923166,
    "SPICE": 0.0975609756097561,
    "BLEU_4": 5.84289629327371e-13
  },
  "9": {
    "BLEU_1": 0.16666666665277785,
    "BLEU_2": 3.892494720468497e-09,
    "ROUGE_L": 0.19551282051282048,
    "CIDEr": 0.0,
    "METEOR": 0.16928914854731245,
    "SPICE": 0.14634146341463414,
    "BLEU_4": 6.40550520920913e-13
  }
}