{
  "0": {
    "BLEU_1": 0.21470779796016531,
    "BLEU_2": 5.1856859842473975e-09,
    "ROUGE_L": 0.12224448897795591,
    "CIDEr": 0.0,
    "METEOR": 0.09108159392789375,
    "SPICE": 0.058823529411764705,
    "BLEU_4": 9.334768232372482e-13
  },
  "1": {
    "BLEU_1": 0.21470779796016531,
    "BLEU_2": 5.1856859842473975e-09,
    "ROUGE_L": 0.12224448897795591,
    "CIDEr": 0.0,
    "METEOR": 0.09108159392789375,
    "SPICE": 0.0,
    "BLEU_4": 9.334768232372482e-13
  },
  "2": {
    "BLEU_1": 0.22062422559099293,
    "BLEU_2": 5.273927726724911e-09,
    "ROUGE_L": 0.116412213740458,
    "CIDEr": 0.0,
    "METEOR": 0.08955223880597016,
    "SPICE": 0.0,
    "BLEU_4": 9.218141453123176e-13
  },
  "3": {
    "BLEU_1": 0.22062422559099293,
    "BLEU_2": 5.273927726724911e-09,
    "ROUGE_L": 0.116412213740458,
    "CIDEr": 0.0,
    "METEOR": 0.08955223880597016,
    "SPICE": 0.0,
    "BLEU_4": 9.218141453123176e-13
  },
  "4": {
    "BLEU_1": 0.22062422559099293,
    "BLEU_2": 5.273927726724911e-09,
    "ROUGE_L": 0.116412213740458,
    "CIDEr": 0.0,
    "METEOR": 0.08955223880597016,
    "SPICE": 0.0,
    "BLEU_4": 9.218141453123176e-13
  },
  "5": {
    "BLEU_1": 0.22062422559099293,
    "BLEU_2": 5.273927726724911e-09,
    "ROUGE_L": 0.116412213740458,
    "CIDEr": 0.0,
    "METEOR": 0.08955223880597016,
    "SPICE": 0.0,
    "BLEU_4": 9.218141453123176e-13
  },
  "6": {
    "BLEU_1": 0.22062422559099293,
    "BLEU_2": 5.273927726724911e-09,
    "ROUGE_L": 0.116412213740458,
    "CIDEr": 0.0,
    "METEOR": 0.08955223880597016,
    "SPICE": 0.0,
    "BLEU_4": 9.218141453123176e-13
  },
  "7": {
    "BLEU_1": 0.22062422559099293,
    "BLEU_2": 5.273927726724911e-09,
    "ROUGE_L": 0.116412213740458,
    "CIDEr": 0.0,
    "METEOR": 0.1594063010952885,
    "SPICE": 0.0,
    "BLEU_4": 9.218141453123176e-13
  },
  "8": {
    "BLEU_1": 0.10735389898008273,
    "BLEU_2": 3.666833724565372e-09,
    "ROUGE_L": 0.12224448897795591,
    "CIDEr": 0.0,
    "METEOR": 0.09005628517823641,
    "SPICE": 0.10810810810810811,
    "BLEU_4": 7.849573143826273e-13
  },
  "9": {
    "BLEU_1": 0.22222222217283966,
    "BLEU_2": 5.270462765739487e-09,
    "ROUGE_L": 0.1111111111111111,
    "CIDEr": 0.0,
    "METEOR": 0.08807339449541285,
    "SPICE": 0.10256410256410256,
    "BLEU_4": 9.018037815333522e-13
  }
}