{
  "0": {
    "BLEU_1": 0.4444444443456792,
    "BLEU_2": 0.23570226034150096,
    "ROUGE_L": 0.2946859903381642,
    "CIDEr": 0.0,
    "METEOR": 0.14849187935034802,
    "SPICE": 0.17391304347826086,
    "BLEU_4": 6.030725358915047e-09
  },
  "1": {
    "BLEU_1": 0.46153846150295863,
    "BLEU_2": 0.2773500980903911,
    "ROUGE_L": 0.2671532846715329,
    "CIDEr": 0.0,
    "METEOR": 0.21463414634146344,
    "SPICE": 0.14814814814814814,
    "BLEU_4": 5.142401604576806e-09
  },
  "2": {
    "BLEU_1": 0.33333333331481485,
    "BLEU_2": 0.1980295085840097,
    "ROUGE_L": 0.2259259259259259,
    "CIDEr": 0.0,
    "METEOR": 0.19573101487267133,
    "SPICE": 0.125,
    "BLEU_4": 3.575297164232122e-09
  },
  "3": {
    "BLEU_1": 0.35294117644982703,
    "BLEU_2": 0.14852213143749163,
    "ROUGE_L": 0.2331210191082802,
    "CIDEr": 0.0,
    "METEOR": 0.21380846325167036,
    "SPICE": 0.13333333333333333,
    "BLEU_4": 3.2014060613745118e-09
  },
  "4": {
    "BLEU_1": 0.4210526315567868,
    "BLEU_2": 0.15294382257210132,
    "ROUGE_L": 0.3053817271589487,
    "CIDEr": 0.0,
    "METEOR": 0.22857142857142856,
    "SPICE": 0.12903225806451615,
    "BLEU_4": 3.0452555558081e-09
  },
  "5": {
    "BLEU_1": 0.4117647058581315,
    "BLEU_2": 0.22687130322949517,
    "ROUGE_L": 0.2331210191082802,
    "CIDEr": 0.0,
    "METEOR": 0.2347629796839729,
    "SPICE": 0.13793103448275862,
    "BLEU_4": 3.95671672919582e-09
  },
  "6": {
    "BLEU_1": 0.4117647058581315,
    "BLEU_2": 0.22687130322949517,
    "ROUGE_L": 0.2331210191082802,
    "CIDEr": 0.0,
    "METEOR": 0.2347629796839729,
    "SPICE": 0.13793103448275862,
    "BLEU_4": 3.95671672919582e-09
  },
  "7": {
    "BLEU_1": 0.4117647058581315,
    "BLEU_2": 0.22687130322949517,
    "ROUGE_L": 0.2331210191082802,
    "CIDEr": 0.0,
    "METEOR": 0.23318385650224213,
    "SPICE": 0.13333333333333333,
    "BLEU_4": 3.95671672919582e-09
  },
  "8": {
    "BLEU_1": 0.36842105261218844,
    "BLEU_2": 0.20232565954468354,
    "ROUGE_L": 0.21916167664670658,
    "CIDEr": 0.0,
    "METEOR": 0.22413793103448276,
    "SPICE": 0.12121212121212122,
    "BLEU_4": 3.502541230863007e-09
  },
  "9": {
    "BLEU_1": 0.38461538458579886,
    "BLEU_2": 0.17902871849551308,
    "ROUGE_L": 0.2538141470180305,
    "CIDEr": 0.0,
    "METEOR": 0.1696969696969697,
    "SPICE": 0.15384615384615385,
    "BLEU_4": 4.131551590743584e-09
  }
}