{
  "0": {
    "BLEU_1": 0.3715190997867868,
    "BLEU_2": 0.23168286400471463,
    "ROUGE_L": 0.3667334669338677,
    "CIDEr": 0.0,
    "METEOR": 0.1970890822548368,
    "SPICE": 0.25,
    "BLEU_4": 6.701444468735928e-09
  },
  "1": {
    "BLEU_1": 0.12383969992892904,
    "BLEU_2": 4.229931026759462e-09,
    "ROUGE_L": 0.13174946004319654,
    "CIDEr": 0.0,
    "METEOR": 0.1942327187438971,
    "SPICE": 0.4,
    "BLEU_4": 9.054992803586729e-13
  },
  "2": {
    "BLEU_1": 0.23884377011164867,
    "BLEU_2": 0.1850075887944782,
    "ROUGE_L": 0.2785388127853881,
    "CIDEr": 0.0,
    "METEOR": 0.23122532971896476,
    "SPICE": 0.25,
    "BLEU_4": 6.1861015673335086e-09
  },
  "3": {
    "BLEU_1": 0.4953587997157158,
    "BLEU_2": 0.3783365326387855,
    "ROUGE_L": 0.2634989200863931,
    "CIDEr": 0.0,
    "METEOR": 0.2295251434710312,
    "SPICE": 0.26666666666666666,
    "BLEU_4": 8.563683463576291e-09
  },
  "4": {
    "BLEU_1": 0.24767939985785795,
    "BLEU_2": 0.18916826631939285,
    "ROUGE_L": 0.2634989200863931,
    "CIDEr": 0.0,
    "METEOR": 0.2295251434710312,
    "SPICE": 0.13333333333333333,
    "BLEU_4": 6.055438649029897e-09
  },
  "5": {
    "BLEU_1": 0.24767939985785795,
    "BLEU_2": 0.18916826631939285,
    "ROUGE_L": 0.2634989200863931,
    "CIDEr": 0.0,
    "METEOR": 0.2295251434710312,
    "SPICE": 0.13333333333333333,
    "BLEU_4": 6.055438649029897e-09
  },
  "6": {
    "BLEU_1": 0.24767939985785795,
    "BLEU_2": 0.18916826631939285,
    "ROUGE_L": 0.2634989200863931,
    "CIDEr": 0.0,
    "METEOR": 0.2295251434710312,
    "SPICE": 0.13333333333333333,
    "BLEU_4": 6.055438649029897e-09
  },
  "7": {
    "BLEU_1": 0.24767939985785795,
    "BLEU_2": 0.18916826631939285,
    "ROUGE_L": 0.2634989200863931,
    "CIDEr": 0.0,
    "METEOR": 0.2295251434710312,
    "SPICE": 0.13333333333333333,
    "BLEU_4": 6.055438649029897e-09
  },
  "8": {
    "BLEU_1": 0.24767939985785795,
    "BLEU_2": 0.18916826631939285,
    "ROUGE_L": 0.2634989200863931,
    "CIDEr": 0.0,
    "METEOR": 0.2295251434710312,
    "SPICE": 0.13333333333333333,
    "BLEU_4": 6.055438649029897e-09
  },
  "9": {
    "BLEU_1": 0.24767939985785795,
    "BLEU_2": 0.18916826631939285,
    "ROUGE_L": 0.2634989200863931,
    "CIDEr": 0.0,
    "METEOR": 0.2295251434710312,
    "SPICE": 0.13333333333333333,
    "BLEU_4": 6.055438649029897e-09
  }
}