{
  "0": {
    "BLEU_1": 0.07162619917923453,
    "BLEU_2": 2.615418999812674e-09,
    "ROUGE_L": 0.13260869565217392,
    "CIDEr": 0.0,
    "METEOR": 0.06382978723404255,
    "SPICE": 0.0909090909090909,
    "BLEU_4": 7.279123483791415e-13
  },
  "1": {
    "BLEU_1": 0.4294155959203306,
    "BLEU_2": 7.333667449130742e-09,
    "ROUGE_L": 0.34205607476635513,
    "CIDEr": 0.0,
    "METEOR": 0.15668246161654692,
    "SPICE": 0.25,
    "BLEU_4": 1.1100972798838728e-12
  },
  "2": {
    "BLEU_1": 0.3999999999200002,
    "BLEU_2": 6.666666665296299e-09,
    "ROUGE_L": 0.28328173374613,
    "CIDEr": 0.0,
    "METEOR": 0.11851851851851852,
    "SPICE": 0.2222222222222222,
    "BLEU_4": 9.438595266157062e-13
  },
  "3": {
    "BLEU_1": 0.5367694949004131,
    "BLEU_2": 0.36668337245653715,
    "ROUGE_L": 0.3249001331557923,
    "CIDEr": 0.0,
    "METEOR": 0.14953982460560625,
    "SPICE": 0.1739130434782609,
    "BLEU_4": 7.849573143826273e-09
  },
  "4": {
    "BLEU_1": 0.5054422162587139,
    "BLEU_2": 0.35018063953428713,
    "ROUGE_L": 0.3588235294117647,
    "CIDEr": 0.0,
    "METEOR": 0.15497763640944648,
    "SPICE": 0.1818181818181818,
    "BLEU_4": 7.830277143606022e-09
  },
  "5": {
    "BLEU_1": 0.5367694949004131,
    "BLEU_2": 0.36668337245653715,
    "ROUGE_L": 0.34205607476635513,
    "CIDEr": 0.0,
    "METEOR": 0.19145796561898432,
    "SPICE": 0.2608695652173913,
    "BLEU_4": 7.849573143826273e-09
  },
  "6": {
    "BLEU_1": 0.3032653297552284,
    "BLEU_2": 6.0653065950034785e-09,
    "ROUGE_L": 0.23921568627450981,
    "CIDEr": 0.0,
    "METEOR": 0.11428571428571428,
    "SPICE": 0.1739130434782609,
    "BLEU_4": 1.0305224262915758e-12
  },
  "7": {
    "BLEU_1": 0.2695973783624942,
    "BLEU_2": 5.503133441363796e-09,
    "ROUGE_L": 0.2515463917525773,
    "CIDEr": 0.0,
    "METEOR": 0.11642411642411643,
    "SPICE": 0.1739130434782609,
    "BLEU_4": 1.0047301075023746e-12
  },
  "8": {
    "BLEU_1": 0.4043537730069712,
    "BLEU_2": 7.003612790685742e-09,
    "ROUGE_L": 0.3588235294117647,
    "CIDEr": 0.0,
    "METEOR": 0.16673242719499332,
    "SPICE": 0.2608695652173913,
    "BLEU_4": 1.1073684133627694e-12
  },
  "9": {
    "BLEU_1": 0.3032653297552284,
    "BLEU_2": 6.0653065950034785e-09,
    "ROUGE_L": 0.23921568627450981,
    "CIDEr": 0.0,
    "METEOR": 0.11428571428571428,
    "SPICE": 0.0909090909090909,
    "BLEU_4": 1.0305224262915758e-12
  }
}