{
  "0": {
    "BLEU_1": 0.36363636357024803,
    "BLEU_2": 6.030226890431458e-09,
    "ROUGE_L": 0.09606299212598425,
    "CIDEr": 0.0,
    "METEOR": 0.11789473684210527,
    "SPICE": 0.2,
    "BLEU_4": 8.430118944817767e-13
  },
  "1": {
    "BLEU_1": 0.46153846150295863,
    "BLEU_2": 6.20173672896349e-09,
    "ROUGE_L": 0.15384615384615383,
    "CIDEr": 0.0,
    "METEOR": 0.1645341530258288,
    "SPICE": 0.30303030303030304,
    "BLEU_4": 7.689683971953974e-13
  },
  "2": {
    "BLEU_1": 0.357142857117347,
    "BLEU_2": 5.241424183220805e-09,
    "ROUGE_L": 0.1491442542787286,
    "CIDEr": 0.0,
    "METEOR": 0.15748031496062992,
    "SPICE": 0.1764705882352941,
    "BLEU_4": 6.754312828130983e-13
  },
  "3": {
    "BLEU_1": 0.3124999999804688,
    "BLEU_2": 4.564354645581603e-09,
    "ROUGE_L": 0.14055299539170507,
    "CIDEr": 0.0,
    "METEOR": 0.1556420233463035,
    "SPICE": 0.1764705882352941,
    "BLEU_4": 5.816635420743959e-13
  },
  "4": {
    "BLEU_1": 0.2142857142704082,
    "BLEU_2": 4.059989714404599e-09,
    "ROUGE_L": 0.09561128526645768,
    "CIDEr": 0.0,
    "METEOR": 0.15053763440860213,
    "SPICE": 0.125,
    "BLEU_4": 5.944549994012258e-13
  },
  "5": {
    "BLEU_1": 0.19999999998666673,
    "BLEU_2": 3.7796447298312975e-09,
    "ROUGE_L": 0.14472123368920523,
    "CIDEr": 0.0,
    "METEOR": 0.14933333333333332,
    "SPICE": 0.1764705882352941,
    "BLEU_4": 5.501034141770605e-13
  },
  "6": {
    "BLEU_1": 0.17647058822491354,
    "BLEU_2": 3.3210558205738968e-09,
    "ROUGE_L": 0.1366181410974244,
    "CIDEr": 0.0,
    "METEOR": 0.1424936386768448,
    "SPICE": 0.16666666666666663,
    "BLEU_4": 4.787218652070603e-13
  },
  "7": {
    "BLEU_1": 0.16666666665740745,
    "BLEU_2": 3.1311214552466808e-09,
    "ROUGE_L": 0.13289760348583876,
    "CIDEr": 0.0,
    "METEOR": 0.1372549019607843,
    "SPICE": 0.24242424242424246,
    "BLEU_4": 4.49569817535607e-13
  },
  "8": {
    "BLEU_1": 0.19999999999000004,
    "BLEU_2": 3.244428422448761e-09,
    "ROUGE_L": 0.18904958677685949,
    "CIDEr": 0.0,
    "METEOR": 0.1352657004830918,
    "SPICE": 0.2285714285714286,
    "BLEU_4": 4.30664170792929e-13
  },
  "9": {
    "BLEU_1": 0.22222222220987659,
    "BLEU_2": 3.6155076301041677e-09,
    "ROUGE_L": 0.19934640522875816,
    "CIDEr": 0.0,
    "METEOR": 0.13930348258706468,
    "SPICE": 0.1764705882352941,
    "BLEU_4": 4.830942081791594e-13
  }
}