{
  "0": {
    "BLEU_1": 0.4999999998750002,
    "BLEU_2": 0.37796447291136165,
    "ROUGE_L": 0.43571428571428567,
    "CIDEr": 0.0,
    "METEOR": 0.26072352204420185,
    "SPICE": 0.22222222222222224,
    "BLEU_4": 4.6713797759570566e-05
  },
  "1": {
    "BLEU_1": 0.357142857117347,
    "BLEU_2": 0.2344036154518607,
    "ROUGE_L": 0.34366197183098596,
    "CIDEr": 0.0,
    "METEOR": 0.2416848875744427,
    "SPICE": 0.17647058823529413,
    "BLEU_4": 2.540028971314249e-05
  },
  "2": {
    "BLEU_1": 0.30769230766863914,
    "BLEU_2": 0.16012815379225645,
    "ROUGE_L": 0.2671532846715329,
    "CIDEr": 0.0,
    "METEOR": 0.20781092154903055,
    "SPICE": 0.22222222222222224,
    "BLEU_4": 3.9073802491094676e-09
  },
  "3": {
    "BLEU_1": 0.24999999993750016,
    "BLEU_2": 5.976143045124577e-09,
    "ROUGE_L": 0.10892857142857142,
    "CIDEr": 0.0,
    "METEOR": 0.05321507760532151,
    "SPICE": 0.06896551724137931,
    "BLEU_4": 1.0445522727757714e-12
  },
  "4": {
    "BLEU_1": 0.545454545355372,
    "BLEU_2": 0.3302891294763544,
    "ROUGE_L": 0.28818897637795277,
    "CIDEr": 0.0,
    "METEOR": 0.23476485176430983,
    "SPICE": 0.25806451612903225,
    "BLEU_4": 6.2389860708842774e-09
  },
  "5": {
    "BLEU_1": 0.33333333331111115,
    "BLEU_2": 0.1543033499514377,
    "ROUGE_L": 0.2489795918367347,
    "CIDEr": 0.0,
    "METEOR": 0.22695319101453582,
    "SPICE": 0.2222222222222222,
    "BLEU_4": 3.514847831107641e-09
  },
  "6": {
    "BLEU_1": 0.33333333327777787,
    "BLEU_2": 5.5048188246934825e-09,
    "ROUGE_L": 0.18484848484848485,
    "CIDEr": 0.0,
    "METEOR": 0.13061224489795917,
    "SPICE": 0.0625,
    "BLEU_4": 7.617472369343701e-13
  },
  "7": {
    "BLEU_1": 0.555555555432099,
    "BLEU_2": 0.37267799616455977,
    "ROUGE_L": 0.41709401709401706,
    "CIDEr": 0.0,
    "METEOR": 0.2701638679720729,
    "SPICE": 0.20689655172413796,
    "BLEU_4": 4.264366796762506e-05
  },
  "8": {
    "BLEU_1": 0.33333333331111115,
    "BLEU_2": 0.21821789022092503,
    "ROUGE_L": 0.3319727891156462,
    "CIDEr": 0.0,
    "METEOR": 0.24054975167513412,
    "SPICE": 0.2162162162162162,
    "BLEU_4": 2.3505204105206395e-05
  },
  "9": {
    "BLEU_1": 0.3999999999200002,
    "BLEU_2": 0.21081851063455723,
    "ROUGE_L": 0.3,
    "CIDEr": 0.0,
    "METEOR": 0.2051341979773862,
    "SPICE": 0.20689655172413796,
    "BLEU_4": 5.307712169906119e-09
  }
}