{
  "0": {
    "BLEU_1": 0.37225088991138877,
    "BLEU_2": 6.357394235768728e-09,
    "ROUGE_L": 0.20098846787479407,
    "CIDEr": 0.0,
    "METEOR": 0.15165876777251186,
    "SPICE": 0.1875,
    "BLEU_4": 9.62318798504121e-13
  },
  "1": {
    "BLEU_1": 0.3977063629402297,
    "BLEU_2": 6.6697384695928586e-09,
    "ROUGE_L": 0.1856925418569254,
    "CIDEr": 0.0,
    "METEOR": 0.14746543778801843,
    "SPICE": 0.1764705882352941,
    "BLEU_4": 9.596538469300547e-13
  },
  "2": {
    "BLEU_1": 0.4999999999000002,
    "BLEU_2": 7.453559923467182e-09,
    "ROUGE_L": 0.1788856304985337,
    "CIDEr": 0.0,
    "METEOR": 0.20476095536778824,
    "SPICE": 0.1142857142857143,
    "BLEU_4": 9.98009940168062e-13
  },
  "3": {
    "BLEU_1": 0.3999999999733334,
    "BLEU_2": 5.345224837879414e-09,
    "ROUGE_L": 0.22676579925650556,
    "CIDEr": 0.0,
    "METEOR": 0.1846458992989123,
    "SPICE": 0.10256410256410257,
    "BLEU_4": 6.541868941266492e-13
  },
  "4": {
    "BLEU_1": 0.4999999999166667,
    "BLEU_2": 6.741998623483217e-09,
    "ROUGE_L": 0.25,
    "CIDEr": 0.0,
    "METEOR": 0.20111403047819235,
    "SPICE": 0.15789473684210525,
    "BLEU_4": 8.430118944969443e-13
  },
  "5": {
    "BLEU_1": 0.7999999998400004,
    "BLEU_2": 0.29814239693868744,
    "ROUGE_L": 0.44721407624633425,
    "CIDEr": 0.0,
    "METEOR": 0.2299006350536856,
    "SPICE": 0.16666666666666669,
    "BLEU_4": 6.311969076838888e-09
  },
  "6": {
    "BLEU_1": 0.6999999998600002,
    "BLEU_2": 0.27888667545403206,
    "ROUGE_L": 0.44721407624633425,
    "CIDEr": 0.0,
    "METEOR": 0.21309425006298893,
    "SPICE": 0.13793103448275862,
    "BLEU_4": 6.1047358344663795e-09
  },
  "7": {
    "BLEU_1": 0.4971329536752872,
    "BLEU_2": 0.2358108650294949,
    "ROUGE_L": 0.3713850837138508,
    "CIDEr": 0.0,
    "METEOR": 0.15873592429219546,
    "SPICE": 0.07142857142857144,
    "BLEU_4": 5.706135913544768e-09
  },
  "8": {
    "BLEU_1": 0.5965595444103445,
    "BLEU_2": 0.25831786016292096,
    "ROUGE_L": 0.3929146537842191,
    "CIDEr": 0.0,
    "METEOR": 0.21455713965152207,
    "SPICE": 0.11764705882352941,
    "BLEU_4": 5.972242357263227e-09
  },
  "9": {
    "BLEU_1": 0.29999999994000015,
    "BLEU_2": 5.773502690709485e-09,
    "ROUGE_L": 0.1,
    "CIDEr": 0.0,
    "METEOR": 0.08187633262260129,
    "SPICE": 0.060606060606060615,
    "BLEU_4": 8.783602617783837e-13
  }
}