{
  "0": {
    "BLEU_1": 0.3999999999200002,
    "BLEU_2": 0.21081851063455723,
    "ROUGE_L": 0.3,
    "CIDEr": 0.0,
    "METEOR": 0.2049869944317063,
    "SPICE": 0.25,
    "BLEU_4": 5.307712169906119e-09
  },
  "1": {
    "BLEU_1": 0.30769230766863914,
    "BLEU_2": 5.063696835012589e-09,
    "ROUGE_L": 0.2671532846715329,
    "CIDEr": 0.0,
    "METEOR": 0.17429193899782136,
    "SPICE": 0.14814814814814814,
    "BLEU_4": 6.948413844184121e-13
  },
  "2": {
    "BLEU_1": 0.24999999997916675,
    "BLEU_2": 4.767312945812628e-09,
    "ROUGE_L": 0.18484848484848485,
    "CIDEr": 0.0,
    "METEOR": 0.17915185670374334,
    "SPICE": 0.1739130434782609,
    "BLEU_4": 7.08885680157797e-13
  },
  "3": {
    "BLEU_1": 0.27272727270247943,
    "BLEU_2": 0.16514456475319042,
    "ROUGE_L": 0.28818897637795277,
    "CIDEr": 0.0,
    "METEOR": 0.21089168301206423,
    "SPICE": 0.16,
    "BLEU_4": 4.411629358851744e-09
  },
  "4": {
    "BLEU_1": 0.3999999999200002,
    "BLEU_2": 0.2981423969386873,
    "ROUGE_L": 0.4,
    "CIDEr": 0.0,
    "METEOR": 0.25311029108724775,
    "SPICE": 0.16,
    "BLEU_4": 6.311969076838887e-09
  },
  "5": {
    "BLEU_1": 0.27272727270247943,
    "BLEU_2": 0.16514456475319042,
    "ROUGE_L": 0.3055091819699499,
    "CIDEr": 0.0,
    "METEOR": 0.19529166361399045,
    "SPICE": 0.16666666666666669,
    "BLEU_4": 4.411629358851744e-09
  },
  "6": {
    "BLEU_1": 0.4444444443456792,
    "BLEU_2": 7.453559923291195e-09,
    "ROUGE_L": 0.2378167641325536,
    "CIDEr": 0.0,
    "METEOR": 0.15909090909090906,
    "SPICE": 0.18181818181818182,
    "BLEU_4": 1.0724314733358218e-12
  },
  "7": {
    "BLEU_1": 0.38461538458579886,
    "BLEU_2": 5.661385170269343e-09,
    "ROUGE_L": 0.2819722650231125,
    "CIDEr": 0.0,
    "METEOR": 0.19555555555555557,
    "SPICE": 0.2962962962962963,
    "BLEU_4": 7.347053125332871e-13
  },
  "8": {
    "BLEU_1": 0.38461538458579886,
    "BLEU_2": 5.661385170269343e-09,
    "ROUGE_L": 0.2819722650231125,
    "CIDEr": 0.0,
    "METEOR": 0.19555555555555557,
    "SPICE": 0.2962962962962963,
    "BLEU_4": 7.347053125332871e-13
  },
  "9": {
    "BLEU_1": 0.38461538458579886,
    "BLEU_2": 5.661385170269343e-09,
    "ROUGE_L": 0.2819722650231125,
    "CIDEr": 0.0,
    "METEOR": 0.19555555555555557,
    "SPICE": 0.2962962962962963,
    "BLEU_4": 7.347053125332871e-13
  }
}