{
  "0": {
    "BLEU_1": 4.5111761048796427e-17,
    "BLEU_2": 5.525039797935208e-17,
    "ROUGE_L": 0.0,
    "CIDEr": 0.0,
    "METEOR": 0.0,
    "SPICE": 0.0,
    "BLEU_4": 1.5377056965806874e-14
  },
  "1": {
    "BLEU_1": 0.22062422559099293,
    "BLEU_2": 5.273927726724911e-09,
    "ROUGE_L": 0.20469798657718125,
    "CIDEr": 0.0,
    "METEOR": 0.12895450605264924,
    "SPICE": 0.12903225806451613,
    "BLEU_4": 9.218141453123176e-13
  },
  "2": {
    "BLEU_1": 0.22222222217283966,
    "BLEU_2": 5.270462765739487e-09,
    "ROUGE_L": 0.19645732689210954,
    "CIDEr": 0.0,
    "METEOR": 0.12816175294166984,
    "SPICE": 0.125,
    "BLEU_4": 9.018037815333522e-13
  },
  "3": {
    "BLEU_1": 0.21470779796016531,
    "BLEU_2": 5.1856859842473975e-09,
    "ROUGE_L": 0.2136602451838879,
    "CIDEr": 0.0,
    "METEOR": 0.12975712745961596,
    "SPICE": 0.13333333333333333,
    "BLEU_4": 9.334768232372482e-13
  },
  "4": {
    "BLEU_1": 0.19999999996000015,
    "BLEU_2": 4.714045206941321e-09,
    "ROUGE_L": 0.18885448916408668,
    "CIDEr": 0.0,
    "METEOR": 0.124339831879791,
    "SPICE": 0.12121212121212122,
    "BLEU_4": 7.936880924342154e-13
  },
  "5": {
    "BLEU_1": 0.1111111110864199,
    "BLEU_2": 3.726779961645599e-09,
    "ROUGE_L": 0.09822866344605477,
    "CIDEr": 0.0,
    "METEOR": 0.064,
    "SPICE": 0.0625,
    "BLEU_4": 7.583235671536399e-13
  },
  "6": {
    "BLEU_1": 0.08986579278749814,
    "BLEU_2": 3.1772355737578207e-09,
    "ROUGE_L": 0.11708253358925146,
    "CIDEr": 0.0,
    "METEOR": 0.01724137931034483,
    "SPICE": 0.0,
    "BLEU_4": 7.634297901288654e-13
  },
  "7": {
    "BLEU_1": 0.22062422559099293,
    "BLEU_2": 5.273927726724911e-09,
    "ROUGE_L": 0.20469798657718125,
    "CIDEr": 0.0,
    "METEOR": 0.12895450605264924,
    "SPICE": 0.13333333333333333,
    "BLEU_4": 9.218141453123176e-13
  },
  "8": {
    "BLEU_1": 0.29999999994000015,
    "BLEU_2": 5.773502690709485e-09,
    "ROUGE_L": 0.2,
    "CIDEr": 0.0,
    "METEOR": 0.124339831879791,
    "SPICE": 0.13333333333333333,
    "BLEU_4": 8.783602617783837e-13
  },
  "9": {
    "BLEU_1": 0.08986579278749814,
    "BLEU_2": 3.1772355737578207e-09,
    "ROUGE_L": 0.12577319587628866,
    "CIDEr": 0.0,
    "METEOR": 0.09908256880733946,
    "SPICE": 0.0,
    "BLEU_4": 7.634297901288654e-13
  }
}