{
  "0": {
    "BLEU_1": 9.196986024687569e-17,
    "BLEU_2": 1.0619764713730698e-16,
    "ROUGE_L": 0.0,
    "CIDEr": 0.0,
    "METEOR": 0.0,
    "SPICE": 0.0,
    "BLEU_4": 1.6620829993657386e-16
  },
  "1": {
    "BLEU_1": 0.24767939985785795,
    "BLEU_2": 5.982025825945981e-09,
    "ROUGE_L": 0.22803738317757008,
    "CIDEr": 0.0,
    "METEOR": 0.08184143222506395,
    "SPICE": 0.07142857142857142,
    "BLEU_4": 1.0768261868323776e-12
  },
  "2": {
    "BLEU_1": 0.12499999996875016,
    "BLEU_2": 4.225771272548414e-09,
    "ROUGE_L": 0.10892857142857142,
    "CIDEr": 0.0,
    "METEOR": 0.04102564102564104,
    "SPICE": 0.0,
    "BLEU_4": 8.783602617222665e-13
  },
  "3": {
    "BLEU_1": 0.24767939985785795,
    "BLEU_2": 5.982025825945981e-09,
    "ROUGE_L": 0.22803738317757008,
    "CIDEr": 0.0,
    "METEOR": 0.08184143222506395,
    "SPICE": 0.07142857142857142,
    "BLEU_4": 1.0768261868323776e-12
  },
  "4": {
    "BLEU_1": 0.12499999996875016,
    "BLEU_2": 4.225771272548414e-09,
    "ROUGE_L": 0.10892857142857142,
    "CIDEr": 0.0,
    "METEOR": 0.04102564102564104,
    "SPICE": 0.0,
    "BLEU_4": 8.783602617222665e-13
  },
  "5": {
    "BLEU_1": 0.22222222219753096,
    "BLEU_2": 5.270462766325093e-09,
    "ROUGE_L": 0.20854700854700853,
    "CIDEr": 0.0,
    "METEOR": 0.0794044665012407,
    "SPICE": 0.06666666666666667,
    "BLEU_4": 9.018037816335524e-13
  },
  "6": {
    "BLEU_1": 0.24767939985785795,
    "BLEU_2": 5.982025825945981e-09,
    "ROUGE_L": 0.22803738317757008,
    "CIDEr": 0.0,
    "METEOR": 0.08184143222506395,
    "SPICE": 0.07142857142857142,
    "BLEU_4": 1.0768261868323776e-12
  },
  "7": {
    "BLEU_1": 0.12499999996875016,
    "BLEU_2": 4.225771272548414e-09,
    "ROUGE_L": 0.10892857142857142,
    "CIDEr": 0.0,
    "METEOR": 0.04102564102564104,
    "SPICE": 0.0,
    "BLEU_4": 8.783602617222665e-13
  },
  "8": {
    "BLEU_1": 0.22222222219753096,
    "BLEU_2": 5.270462766325093e-09,
    "ROUGE_L": 0.20854700854700853,
    "CIDEr": 0.0,
    "METEOR": 0.0794044665012407,
    "SPICE": 0.06666666666666667,
    "BLEU_4": 9.018037816335524e-13
  },
  "9": {
    "BLEU_1": 0.22222222219753096,
    "BLEU_2": 5.270462766325093e-09,
    "ROUGE_L": 0.20854700854700853,
    "CIDEr": 0.0,
    "METEOR": 0.09014084507042254,
    "SPICE": 0.06666666666666667,
    "BLEU_4": 9.018037816335524e-13
  }
}