{
  "0": {
    "BLEU_1": 0.10108844325174288,
    "BLEU_2": 3.5018063953428727e-09,
    "ROUGE_L": 0.1117216117216117,
    "CIDEr": 0.0,
    "METEOR": 0.17055837563451778,
    "SPICE": 0.14814814814814814,
    "BLEU_4": 7.830277143606023e-13
  },
  "1": {
    "BLEU_1": 0.09999999999000012,
    "BLEU_2": 3.333333332981484e-09,
    "ROUGE_L": 0.09442724458204334,
    "CIDEr": 0.0,
    "METEOR": 0.16076555023923444,
    "SPICE": 0.12903225806451613,
    "BLEU_4": 6.674094718242315e-13
  },
  "2": {
    "BLEU_1": 0.10735389898008273,
    "BLEU_2": 3.666833724565372e-09,
    "ROUGE_L": 0.10683012259194395,
    "CIDEr": 0.0,
    "METEOR": 0.1227621483375959,
    "SPICE": 0.14285714285714285,
    "BLEU_4": 7.849573143826273e-13
  },
  "3": {
    "BLEU_1": 0.10735389898008273,
    "BLEU_2": 3.666833724565372e-09,
    "ROUGE_L": 0.10683012259194395,
    "CIDEr": 0.0,
    "METEOR": 0.13094629156010232,
    "SPICE": 0.14285714285714285,
    "BLEU_4": 7.849573143826273e-13
  },
  "4": {
    "BLEU_1": 0.10735389898008273,
    "BLEU_2": 3.666833724565372e-09,
    "ROUGE_L": 0.10683012259194395,
    "CIDEr": 0.0,
    "METEOR": 0.132987012987013,
    "SPICE": 0.14285714285714285,
    "BLEU_4": 7.849573143826273e-13
  },
  "5": {
    "BLEU_1": 0.10735389898008273,
    "BLEU_2": 3.666833724565372e-09,
    "ROUGE_L": 0.10683012259194395,
    "CIDEr": 0.0,
    "METEOR": 0.13094629156010232,
    "SPICE": 0.14285714285714285,
    "BLEU_4": 7.849573143826273e-13
  },
  "6": {
    "BLEU_1": 0.10735389898008273,
    "BLEU_2": 3.666833724565372e-09,
    "ROUGE_L": 0.0948678071539658,
    "CIDEr": 0.0,
    "METEOR": 0.12686193800311335,
    "SPICE": 0.14285714285714285,
    "BLEU_4": 7.849573143826273e-13
  },
  "7": {
    "BLEU_1": 0.10735389898008273,
    "BLEU_2": 3.666833724565372e-09,
    "ROUGE_L": 0.0948678071539658,
    "CIDEr": 0.0,
    "METEOR": 0.12533654395898772,
    "SPICE": 0.14285714285714285,
    "BLEU_4": 7.849573143826273e-13
  },
  "8": {
    "BLEU_1": 0.21470779796016531,
    "BLEU_2": 0.1639857894063383,
    "ROUGE_L": 0.1897356143079316,
    "CIDEr": 0.0,
    "METEOR": 0.19378079595226191,
    "SPICE": 0.21428571428571427,
    "BLEU_4": 5.249325938137114e-09
  },
  "9": {
    "BLEU_1": 0.21470779796016531,
    "BLEU_2": 5.1856859842473975e-09,
    "ROUGE_L": 0.1897356143079316,
    "CIDEr": 0.0,
    "METEOR": 0.17588133599312736,
    "SPICE": 0.21428571428571427,
    "BLEU_4": 9.334768232372482e-13
  }
}