{
  "0": {
    "BLEU_1": 0.07243303472703545,
    "BLEU_2": 2.5091539258307054e-09,
    "ROUGE_L": 0.1117216117216117,
    "CIDEr": 0.0,
    "METEOR": 0.017777777777777778,
    "SPICE": 0.06896551724137931,
    "BLEU_4": 5.610638743864012e-13
  },
  "1": {
    "BLEU_1": 0.1718223196547876,
    "BLEU_2": 4.107339043435355e-09,
    "ROUGE_L": 0.10234899328859062,
    "CIDEr": 0.0,
    "METEOR": 0.06837606837606837,
    "SPICE": 0.06451612903225806,
    "BLEU_4": 7.179095782155307e-13
  },
  "2": {
    "BLEU_1": 0.18181818178512404,
    "BLEU_2": 4.2640143263175525e-09,
    "ROUGE_L": 0.09090909090909091,
    "CIDEr": 0.0,
    "METEOR": 0.10980392156862746,
    "SPICE": 0.12121212121212123,
    "BLEU_4": 7.088856800859686e-13
  },
  "3": {
    "BLEU_1": 0.22727272726239672,
    "BLEU_2": 0.14712247157727837,
    "ROUGE_L": 0.19344608879492597,
    "CIDEr": 0.0,
    "METEOR": 0.12435233160621761,
    "SPICE": 0.08888888888888889,
    "BLEU_4": 2.7472210589594458e-09
  },
  "4": {
    "BLEU_1": 0.24999999998958336,
    "BLEU_2": 0.20851441404819782,
    "ROUGE_L": 0.24497991967871482,
    "CIDEr": 0.0,
    "METEOR": 0.16682310250155777,
    "SPICE": 0.13636363636363638,
    "BLEU_4": 3.1146377791270378e-09
  },
  "5": {
    "BLEU_1": 0.2857142857006803,
    "BLEU_2": 0.20701966779260178,
    "ROUGE_L": 0.26492942453854507,
    "CIDEr": 0.0,
    "METEOR": 0.17310139130537988,
    "SPICE": 0.15384615384615388,
    "BLEU_4": 3.3457946096314993e-09
  },
  "6": {
    "BLEU_1": 0.2608695652060492,
    "BLEU_2": 0.18860838403019275,
    "ROUGE_L": 0.25128733264675596,
    "CIDEr": 0.0,
    "METEOR": 0.1694571514884245,
    "SPICE": 0.13636363636363638,
    "BLEU_4": 3.033668865621181e-09
  },
  "7": {
    "BLEU_1": 0.2916666666545139,
    "BLEU_2": 0.27583864217194215,
    "ROUGE_L": 0.24497991967871482,
    "CIDEr": 0.0,
    "METEOR": 0.18374250305071435,
    "SPICE": 0.14285714285714285,
    "BLEU_4": 0.14908960802731583
  },
  "8": {
    "BLEU_1": 0.2916666666545139,
    "BLEU_2": 0.27583864217194215,
    "ROUGE_L": 0.24497991967871482,
    "CIDEr": 0.0,
    "METEOR": 0.18177734259027897,
    "SPICE": 0.14285714285714285,
    "BLEU_4": 0.14908960802731583
  },
  "9": {
    "BLEU_1": 0.27999999998880004,
    "BLEU_2": 0.2645751310956556,
    "ROUGE_L": 0.23898139079333985,
    "CIDEr": 0.0,
    "METEOR": 0.18275464013108692,
    "SPICE": 0.14285714285714285,
    "BLEU_4": 0.1427306338524599
  }
}