{
  "0": {
    "BLEU_1": 0.20217688650348561,
    "BLEU_2": 4.952302097098729e-09,
    "ROUGE_L": 0.12869198312236285,
    "CIDEr": 0.0,
    "METEOR": 0.17687994793225964,
    "SPICE": 0.06451612903225806,
    "BLEU_4": 9.311821291619466e-13
  },
  "1": {
    "BLEU_1": 0.33093633838648934,
    "BLEU_2": 6.459215935396237e-09,
    "ROUGE_L": 0.20469798657718125,
    "CIDEr": 0.0,
    "METEOR": 0.13654266958424507,
    "SPICE": 0.0,
    "BLEU_4": 1.0201550479411466e-12
  },
  "2": {
    "BLEU_1": 0.4294155959203306,
    "BLEU_2": 7.333667449130742e-09,
    "ROUGE_L": 0.2136602451838879,
    "CIDEr": 0.0,
    "METEOR": 0.19220241513163316,
    "SPICE": 0.0,
    "BLEU_4": 1.1100972798838728e-12
  },
  "3": {
    "BLEU_1": 0.3999999999200002,
    "BLEU_2": 6.666666665296299e-09,
    "ROUGE_L": 0.18885448916408668,
    "CIDEr": 0.0,
    "METEOR": 0.1320754716981132,
    "SPICE": 0.05714285714285714,
    "BLEU_4": 9.438595266157062e-13
  },
  "4": {
    "BLEU_1": 0.3999999999200002,
    "BLEU_2": 6.666666665296299e-09,
    "ROUGE_L": 0.18885448916408668,
    "CIDEr": 0.0,
    "METEOR": 0.1799631103944773,
    "SPICE": 0.0,
    "BLEU_4": 9.438595266157062e-13
  },
  "5": {
    "BLEU_1": 0.4043537730069712,
    "BLEU_2": 7.003612790685742e-09,
    "ROUGE_L": 0.2234432234432234,
    "CIDEr": 0.0,
    "METEOR": 0.25039589323682054,
    "SPICE": 0.06451612903225806,
    "BLEU_4": 1.1073684133627694e-12
  },
  "6": {
    "BLEU_1": 0.19999999996000015,
    "BLEU_2": 4.714045206941321e-09,
    "ROUGE_L": 0.10627177700348434,
    "CIDEr": 0.0,
    "METEOR": 0.13220338983050847,
    "SPICE": 0.1111111111111111,
    "BLEU_4": 7.936880924342154e-13
  },
  "7": {
    "BLEU_1": 0.33093633838648934,
    "BLEU_2": 6.459215935396237e-09,
    "ROUGE_L": 0.20469798657718125,
    "CIDEr": 0.0,
    "METEOR": 0.13835920177383593,
    "SPICE": 0.06060606060606061,
    "BLEU_4": 1.0201550479411466e-12
  },
  "8": {
    "BLEU_1": 0.3333333332592594,
    "BLEU_2": 6.454972242199766e-09,
    "ROUGE_L": 0.19645732689210954,
    "CIDEr": 0.0,
    "METEOR": 0.15205183585313176,
    "SPICE": 0.058823529411764705,
    "BLEU_4": 9.980099401403394e-13
  },
  "9": {
    "BLEU_1": 0.18181818178512404,
    "BLEU_2": 4.2640143263175525e-09,
    "ROUGE_L": 0.1018363939899833,
    "CIDEr": 0.0,
    "METEOR": 0.12892561983471074,
    "SPICE": 0.1111111111111111,
    "BLEU_4": 7.088856800859686e-13
  }
}