{
  "0": {
    "BLEU_1": 0.19999999996000015,
    "BLEU_2": 4.714045206941321e-09,
    "ROUGE_L": 0.11338289962825278,
    "CIDEr": 0.0,
    "METEOR": 0.0810126582278481,
    "SPICE": 0.06451612903225805,
    "BLEU_4": 7.936880924342154e-13
  },
  "1": {
    "BLEU_1": 0.09090909089256209,
    "BLEU_2": 3.0151134452157307e-09,
    "ROUGE_L": 0.108348134991119,
    "CIDEr": 0.0,
    "METEOR": 0.08724560036937452,
    "SPICE": 0.060606060606060615,
    "BLEU_4": 5.960994272089826e-13
  },
  "2": {
    "BLEU_1": 0.12499999999218755,
    "BLEU_2": 2.8867513457616934e-09,
    "ROUGE_L": 0.08866279069767442,
    "CIDEr": 0.0,
    "METEOR": 0.09306984439811737,
    "SPICE": 0.05405405405405406,
    "BLEU_4": 4.625799890027289e-13
  },
  "3": {
    "BLEU_1": 0.23076923075147937,
    "BLEU_2": 0.1386750490451956,
    "ROUGE_L": 0.19902120717781402,
    "CIDEr": 0.0,
    "METEOR": 0.09861705366687934,
    "SPICE": 0.05555555555555555,
    "BLEU_4": 3.636227046180843e-09
  },
  "4": {
    "BLEU_1": 0.17647058822491354,
    "BLEU_2": 0.10502100629573005,
    "ROUGE_L": 0.14859926918392205,
    "CIDEr": 0.0,
    "METEOR": 0.11350804979225933,
    "SPICE": 0.10256410256410256,
    "BLEU_4": 2.69205088078134e-09
  },
  "5": {
    "BLEU_1": 0.17647058822491354,
    "BLEU_2": 3.3210558205738968e-09,
    "ROUGE_L": 0.14859926918392205,
    "CIDEr": 0.0,
    "METEOR": 0.14657023887793116,
    "SPICE": 0.049999999999999996,
    "BLEU_4": 4.787218652070603e-13
  },
  "6": {
    "BLEU_1": 0.09999999999500005,
    "BLEU_2": 2.294157338587892e-09,
    "ROUGE_L": 0.07741116751269035,
    "CIDEr": 0.0,
    "METEOR": 0.08863794704582606,
    "SPICE": 0.04761904761904762,
    "BLEU_4": 3.621439573979875e-13
  },
  "7": {
    "BLEU_1": 0.1818181818099174,
    "BLEU_2": 2.9424494315455668e-09,
    "ROUGE_L": 0.12896405919661735,
    "CIDEr": 0.0,
    "METEOR": 0.1095890410958904,
    "SPICE": 0.09090909090909091,
    "BLEU_4": 3.885157280417424e-13
  },
  "8": {
    "BLEU_1": 0.2105263157783934,
    "BLEU_2": 3.4199278400988515e-09,
    "ROUGE_L": 0.14006888633754305,
    "CIDEr": 0.0,
    "METEOR": 0.11247803163444639,
    "SPICE": 0.09999999999999999,
    "BLEU_4": 4.553719183884792e-13
  },
  "9": {
    "BLEU_1": 0.18749999998828132,
    "BLEU_2": 3.535533905704402e-09,
    "ROUGE_L": 0.15326633165829145,
    "CIDEr": 0.0,
    "METEOR": 0.14749145440511635,
    "SPICE": 0.05128205128205128,
    "BLEU_4": 5.119289102444937e-13
  }
}