{
  "0": {
    "BLEU_1": 0.4999999998750002,
    "BLEU_2": 8.451542545096823e-09,
    "ROUGE_L": 0.34923664122137404,
    "CIDEr": 0.0,
    "METEOR": 0.16000000000000003,
    "SPICE": 0.05405405405405406,
    "BLEU_4": 1.2421889947772103e-12
  },
  "1": {
    "BLEU_1": 0.33333333330555565,
    "BLEU_2": 5.504818825152218e-09,
    "ROUGE_L": 0.232824427480916,
    "CIDEr": 0.0,
    "METEOR": 0.12669683257918551,
    "SPICE": 0.04761904761904761,
    "BLEU_4": 7.61747236997849e-13
  },
  "2": {
    "BLEU_1": 0.33333333330555565,
    "BLEU_2": 5.504818825152218e-09,
    "ROUGE_L": 0.13926940639269406,
    "CIDEr": 0.0,
    "METEOR": 0.12669683257918551,
    "SPICE": 0.04761904761904761,
    "BLEU_4": 7.61747236997849e-13
  },
  "3": {
    "BLEU_1": 0.4444444443456792,
    "BLEU_2": 7.453559923291195e-09,
    "ROUGE_L": 0.2222222222222222,
    "CIDEr": 0.0,
    "METEOR": 0.1588089330024814,
    "SPICE": 0.11764705882352941,
    "BLEU_4": 1.0724314733358218e-12
  },
  "4": {
    "BLEU_1": 0.4444444443456792,
    "BLEU_2": 7.453559923291195e-09,
    "ROUGE_L": 0.2222222222222222,
    "CIDEr": 0.0,
    "METEOR": 0.1588089330024814,
    "SPICE": 0.11764705882352941,
    "BLEU_4": 1.0724314733358218e-12
  },
  "5": {
    "BLEU_1": 0.4444444443456792,
    "BLEU_2": 7.453559923291195e-09,
    "ROUGE_L": 0.2222222222222222,
    "CIDEr": 0.0,
    "METEOR": 0.1588089330024814,
    "SPICE": 0.11764705882352941,
    "BLEU_4": 1.0724314733358218e-12
  },
  "6": {
    "BLEU_1": 0.4444444443456792,
    "BLEU_2": 7.453559923291195e-09,
    "ROUGE_L": 0.2222222222222222,
    "CIDEr": 0.0,
    "METEOR": 0.1588089330024814,
    "SPICE": 0.11764705882352941,
    "BLEU_4": 1.0724314733358218e-12
  },
  "7": {
    "BLEU_1": 0.5999999999400001,
    "BLEU_2": 0.25819888971990695,
    "ROUGE_L": 0.30886075949367087,
    "CIDEr": 0.0,
    "METEOR": 0.15763546798029557,
    "SPICE": 0.11764705882352941,
    "BLEU_4": 5.873949093995857e-09
  },
  "8": {
    "BLEU_1": 0.4999999999583334,
    "BLEU_2": 0.21320071633703627,
    "ROUGE_L": 0.29047619047619044,
    "CIDEr": 0.0,
    "METEOR": 0.15311004784688997,
    "SPICE": 0.1142857142857143,
    "BLEU_4": 4.740604259421436e-09
  },
  "9": {
    "BLEU_1": 0.5454545454049587,
    "BLEU_2": 0.23354968322616365,
    "ROUGE_L": 0.2993865030674847,
    "CIDEr": 0.0,
    "METEOR": 0.15421686746987953,
    "SPICE": 0.05714285714285715,
    "BLEU_4": 5.246341022301387e-09
  }
}