{
  "0": {
    "BLEU_1": 0.08986579278749814,
    "BLEU_2": 3.1772355737578207e-09,
    "ROUGE_L": 0.1358574610244989,
    "CIDEr": 0.0,
    "METEOR": 0.07317073170731707,
    "SPICE": 0.14285714285714285,
    "BLEU_4": 7.634297901288654e-13
  },
  "1": {
    "BLEU_1": 0.08986579278749814,
    "BLEU_2": 3.1772355737578207e-09,
    "ROUGE_L": 0.1358574610244989,
    "CIDEr": 0.0,
    "METEOR": 0.02439024390243903,
    "SPICE": 0.07142857142857142,
    "BLEU_4": 7.634297901288654e-13
  },
  "2": {
    "BLEU_1": 0.3999999999600001,
    "BLEU_2": 0.2981423969685015,
    "ROUGE_L": 0.37770897832817335,
    "CIDEr": 0.0,
    "METEOR": 0.16146580124698326,
    "SPICE": 0.125,
    "BLEU_4": 3.549481055585033e-05
  },
  "3": {
    "BLEU_1": 0.4444444443456792,
    "BLEU_2": 0.3333333332569446,
    "ROUGE_L": 0.2946859903381642,
    "CIDEr": 0.0,
    "METEOR": 0.16566577873606667,
    "SPICE": 0.13333333333333333,
    "BLEU_4": 4.032989115749891e-05
  },
  "4": {
    "BLEU_1": 0.38461538458579886,
    "BLEU_2": 0.25318484175062944,
    "ROUGE_L": 0.33841886269070737,
    "CIDEr": 0.0,
    "METEOR": 0.17893473154810655,
    "SPICE": 0.1714285714285714,
    "BLEU_4": 2.7629350708196858e-05
  },
  "5": {
    "BLEU_1": 0.3999999999600001,
    "BLEU_2": 0.2981423969685015,
    "ROUGE_L": 0.28328173374613,
    "CIDEr": 0.0,
    "METEOR": 0.16146580124698326,
    "SPICE": 0.12903225806451613,
    "BLEU_4": 3.549481055585033e-05
  },
  "6": {
    "BLEU_1": 0.3999999999600001,
    "BLEU_2": 0.21081851065563903,
    "ROUGE_L": 0.21254355400696867,
    "CIDEr": 0.0,
    "METEOR": 0.14655126531483678,
    "SPICE": 0.12903225806451613,
    "BLEU_4": 5.3077121704368895e-09
  },
  "7": {
    "BLEU_1": 0.3999999999600001,
    "BLEU_2": 0.21081851065563903,
    "ROUGE_L": 0.21254355400696867,
    "CIDEr": 0.0,
    "METEOR": 0.14655126531483678,
    "SPICE": 0.12903225806451613,
    "BLEU_4": 5.3077121704368895e-09
  },
  "8": {
    "BLEU_1": 0.3999999999600001,
    "BLEU_2": 0.21081851065563903,
    "ROUGE_L": 0.21254355400696867,
    "CIDEr": 0.0,
    "METEOR": 0.14655126531483678,
    "SPICE": 0.12903225806451613,
    "BLEU_4": 5.3077121704368895e-09
  },
  "9": {
    "BLEU_1": 0.3999999999600001,
    "BLEU_2": 0.21081851065563903,
    "ROUGE_L": 0.21254355400696867,
    "CIDEr": 0.0,
    "METEOR": 0.14655126531483678,
    "SPICE": 0.12903225806451613,
    "BLEU_4": 5.3077121704368895e-09
  }
}