{
  "0": {
    "BLEU_1": 0.18393972049375146,
    "BLEU_2": 4.749303160991089e-09,
    "ROUGE_L": 0.15721649484536082,
    "CIDEr": 0.0,
    "METEOR": 0.10755475833615279,
    "SPICE": 0.06896551724137932,
    "BLEU_4": 1.1115018918919703e-12
  },
  "1": {
    "BLEU_1": 0.32928698152470126,
    "BLEU_2": 6.721542363805207e-09,
    "ROUGE_L": 0.1476997578692494,
    "CIDEr": 0.0,
    "METEOR": 0.08918032786885248,
    "SPICE": 0.13793103448275865,
    "BLEU_4": 1.2271801245099645e-12
  },
  "2": {
    "BLEU_1": 0.32928698152470126,
    "BLEU_2": 6.721542363805207e-09,
    "ROUGE_L": 0.1476997578692494,
    "CIDEr": 0.0,
    "METEOR": 0.08918032786885248,
    "SPICE": 0.14814814814814814,
    "BLEU_4": 1.2271801245099645e-12
  },
  "3": {
    "BLEU_1": 0.3715190997867868,
    "BLEU_2": 7.326455450859374e-09,
    "ROUGE_L": 0.13174946004319654,
    "CIDEr": 0.0,
    "METEOR": 0.0858044164037855,
    "SPICE": 0.12903225806451613,
    "BLEU_4": 1.1917040716272326e-12
  },
  "4": {
    "BLEU_1": 0.32928698152470126,
    "BLEU_2": 6.721542363805207e-09,
    "ROUGE_L": 0.1476997578692494,
    "CIDEr": 0.0,
    "METEOR": 0.08918032786885248,
    "SPICE": 0.14814814814814814,
    "BLEU_4": 1.2271801245099645e-12
  },
  "5": {
    "BLEU_1": 0.23884377011164867,
    "BLEU_2": 5.85045365006396e-09,
    "ROUGE_L": 0.13926940639269406,
    "CIDEr": 0.0,
    "METEOR": 0.08662420382165606,
    "SPICE": 0.07142857142857142,
    "BLEU_4": 1.1000617045598687e-12
  },
  "6": {
    "BLEU_1": 0.4999999998750002,
    "BLEU_2": 8.451542545096823e-09,
    "ROUGE_L": 0.232824427480916,
    "CIDEr": 0.0,
    "METEOR": 0.10309278350515466,
    "SPICE": 0.12903225806451613,
    "BLEU_4": 1.2421889947772103e-12
  },
  "7": {
    "BLEU_1": 0.32928698152470126,
    "BLEU_2": 6.721542363805207e-09,
    "ROUGE_L": 0.1476997578692494,
    "CIDEr": 0.0,
    "METEOR": 0.08918032786885248,
    "SPICE": 0.13793103448275865,
    "BLEU_4": 1.2271801245099645e-12
  },
  "8": {
    "BLEU_1": 0.4953587997157158,
    "BLEU_2": 8.459862053518921e-09,
    "ROUGE_L": 0.24448897795591182,
    "CIDEr": 0.0,
    "METEOR": 0.10389610389610389,
    "SPICE": 0.13333333333333333,
    "BLEU_4": 1.2805693630023128e-12
  },
  "9": {
    "BLEU_1": 0.32928698152470126,
    "BLEU_2": 6.721542363805207e-09,
    "ROUGE_L": 0.1476997578692494,
    "CIDEr": 0.0,
    "METEOR": 0.08918032786885248,
    "SPICE": 0.14814814814814814,
    "BLEU_4": 1.2271801245099645e-12
  }
}