{
  "0": {
    "BLEU_1": 0.32206169694024794,
    "BLEU_2": 6.3511423138542446e-09,
    "ROUGE_L": 0.12224448897795591,
    "CIDEr": 0.0,
    "METEOR": 0.134453781512605,
    "SPICE": 0.06896551724137931,
    "BLEU_4": 1.0330619227359553e-12
  },
  "1": {
    "BLEU_1": 0.22062422559099293,
    "BLEU_2": 5.273927726724911e-09,
    "ROUGE_L": 0.116412213740458,
    "CIDEr": 0.0,
    "METEOR": 0.12403100775193797,
    "SPICE": 0.07142857142857142,
    "BLEU_4": 9.218141453123176e-13
  },
  "2": {
    "BLEU_1": 0.18181818178512404,
    "BLEU_2": 4.2640143263175525e-09,
    "ROUGE_L": 0.1018363939899833,
    "CIDEr": 0.0,
    "METEOR": 0.13930348258706468,
    "SPICE": 0.05714285714285715,
    "BLEU_4": 7.088856800859686e-13
  },
  "3": {
    "BLEU_1": 0.14285714283673479,
    "BLEU_2": 3.314967720176307e-09,
    "ROUGE_L": 0.09050445103857567,
    "CIDEr": 0.0,
    "METEOR": 0.132387706855792,
    "SPICE": 0.1111111111111111,
    "BLEU_4": 5.371507284764688e-13
  },
  "4": {
    "BLEU_1": 0.11111111110493832,
    "BLEU_2": 2.556549962678361e-09,
    "ROUGE_L": 0.07881136950904392,
    "CIDEr": 0.0,
    "METEOR": 0.12043010752688173,
    "SPICE": 0.10256410256410255,
    "BLEU_4": 4.0623218788768687e-13
  },
  "5": {
    "BLEU_1": 0.12499999999218755,
    "BLEU_2": 2.8867513457616934e-09,
    "ROUGE_L": 0.08425414364640883,
    "CIDEr": 0.0,
    "METEOR": 0.12612612612612614,
    "SPICE": 0.10810810810810811,
    "BLEU_4": 4.625799890027289e-13
  },
  "6": {
    "BLEU_1": 0.1333333333244445,
    "BLEU_2": 3.0860669990287532e-09,
    "ROUGE_L": 0.08726752503576538,
    "CIDEr": 0.0,
    "METEOR": 0.12962962962962965,
    "SPICE": 0.1111111111111111,
    "BLEU_4": 4.970745472430083e-13
  },
  "7": {
    "BLEU_1": 7.692307691715977e-17,
    "BLEU_2": 8.006407689612819e-17,
    "ROUGE_L": 0.0,
    "CIDEr": 0.0,
    "METEOR": 0.132387706855792,
    "SPICE": 0.1142857142857143,
    "BLEU_4": 8.737167850948829e-17
  },
  "8": {
    "BLEU_1": 8.333333331944446e-17,
    "BLEU_2": 8.703882796301277e-17,
    "ROUGE_L": 0.0,
    "CIDEr": 0.0,
    "METEOR": 0.13625304136253044,
    "SPICE": 0.1142857142857143,
    "BLEU_4": 9.578464406898846e-17
  },
  "9": {
    "BLEU_1": 0.18181818178512404,
    "BLEU_2": 4.2640143263175525e-09,
    "ROUGE_L": 0.2036727879799666,
    "CIDEr": 0.0,
    "METEOR": 0.17255621620818262,
    "SPICE": 0.125,
    "BLEU_4": 7.088856800859686e-13
  }
}