{
  "0": {
    "BLEU_1": 0.4999999999000002,
    "BLEU_2": 0.33333333326481496,
    "ROUGE_L": 0.34014869888475835,
    "CIDEr": 0.0,
    "METEOR": 0.17087277860528713,
    "SPICE": 0.06451612903225806,
    "BLEU_4": 6.674094717574906e-09
  },
  "1": {
    "BLEU_1": 0.33333333330555565,
    "BLEU_2": 0.2461829819372178,
    "ROUGE_L": 0.3112244897959184,
    "CIDEr": 0.0,
    "METEOR": 0.16056503959148746,
    "SPICE": 0.06060606060606061,
    "BLEU_4": 5.094110795848885e-09
  },
  "2": {
    "BLEU_1": 0.30769230766863914,
    "BLEU_2": 0.16012815379225645,
    "ROUGE_L": 0.2985318107667211,
    "CIDEr": 0.0,
    "METEOR": 0.18934474304040833,
    "SPICE": 0.0588235294117647,
    "BLEU_4": 3.9073802491094676e-09
  },
  "3": {
    "BLEU_1": 0.38461538458579886,
    "BLEU_2": 0.25318484175062944,
    "ROUGE_L": 0.2985318107667211,
    "CIDEr": 0.0,
    "METEOR": 0.18934474304040833,
    "SPICE": 0.0588235294117647,
    "BLEU_4": 4.913270547713079e-09
  },
  "4": {
    "BLEU_1": 0.38461538458579886,
    "BLEU_2": 0.25318484175062944,
    "ROUGE_L": 0.2985318107667211,
    "CIDEr": 0.0,
    "METEOR": 0.18934474304040833,
    "SPICE": 0.0588235294117647,
    "BLEU_4": 4.913270547713079e-09
  },
  "5": {
    "BLEU_1": 0.38461538458579886,
    "BLEU_2": 0.25318484175062944,
    "ROUGE_L": 0.2985318107667211,
    "CIDEr": 0.0,
    "METEOR": 0.18934474304040833,
    "SPICE": 0.0588235294117647,
    "BLEU_4": 4.913270547713079e-09
  },
  "6": {
    "BLEU_1": 0.38461538458579886,
    "BLEU_2": 0.25318484175062944,
    "ROUGE_L": 0.2985318107667211,
    "CIDEr": 0.0,
    "METEOR": 0.18934474304040833,
    "SPICE": 0.0588235294117647,
    "BLEU_4": 4.913270547713079e-09
  },
  "7": {
    "BLEU_1": 0.38461538458579886,
    "BLEU_2": 0.25318484175062944,
    "ROUGE_L": 0.2985318107667211,
    "CIDEr": 0.0,
    "METEOR": 0.18934474304040833,
    "SPICE": 0.0588235294117647,
    "BLEU_4": 4.913270547713079e-09
  },
  "8": {
    "BLEU_1": 0.38461538458579886,
    "BLEU_2": 0.25318484175062944,
    "ROUGE_L": 0.2985318107667211,
    "CIDEr": 0.0,
    "METEOR": 0.18934474304040833,
    "SPICE": 0.0588235294117647,
    "BLEU_4": 4.913270547713079e-09
  },
  "9": {
    "BLEU_1": 0.38461538458579886,
    "BLEU_2": 0.25318484175062944,
    "ROUGE_L": 0.2985318107667211,
    "CIDEr": 0.0,
    "METEOR": 0.18934474304040833,
    "SPICE": 0.0588235294117647,
    "BLEU_4": 4.913270547713079e-09
  }
}