{
  "0": {
    "BLEU_1": 0.09999999998000014,
    "BLEU_2": 3.333333332648151e-09,
    "ROUGE_L": 0.11338289962825278,
    "CIDEr": 0.0,
    "METEOR": 0.043222383019778106,
    "SPICE": 0.0,
    "BLEU_4": 6.674094717574907e-13
  },
  "1": {
    "BLEU_1": 0.08333333332638898,
    "BLEU_2": 2.7524094125761097e-09,
    "ROUGE_L": 0.10374149659863945,
    "CIDEr": 0.0,
    "METEOR": 0.04130935915168281,
    "SPICE": 0.06666666666666667,
    "BLEU_4": 5.386366368312954e-13
  },
  "2": {
    "BLEU_1": 0.07692307691715985,
    "BLEU_2": 2.531848417506296e-09,
    "ROUGE_L": 0.08460471567267684,
    "CIDEr": 0.0,
    "METEOR": 0.09573337693975625,
    "SPICE": 0.12903225806451615,
    "BLEU_4": 4.91327054771308e-13
  },
  "3": {
    "BLEU_1": 8.33333333263889e-17,
    "BLEU_2": 8.7038827970266e-17,
    "ROUGE_L": 0.0,
    "CIDEr": 0.0,
    "METEOR": 0.041082072443833106,
    "SPICE": 0.0,
    "BLEU_4": 9.578464407697051e-17
  },
  "4": {
    "BLEU_1": 9.0909090892562e-17,
    "BLEU_2": 9.534625890679017e-17,
    "ROUGE_L": 0.0,
    "CIDEr": 0.0,
    "METEOR": 0.016783216783216783,
    "SPICE": 0.0,
    "BLEU_4": 1.0600313377417292e-16
  },
  "5": {
    "BLEU_1": 7.692307691715977e-17,
    "BLEU_2": 8.006407689612819e-17,
    "ROUGE_L": 0.0,
    "CIDEr": 0.0,
    "METEOR": 0.04041497519170051,
    "SPICE": 0.0,
    "BLEU_4": 8.737167850948829e-17
  },
  "6": {
    "BLEU_1": 7.692307691715977e-17,
    "BLEU_2": 8.006407689612819e-17,
    "ROUGE_L": 0.0,
    "CIDEr": 0.0,
    "METEOR": 0.08123620309050772,
    "SPICE": 0.0,
    "BLEU_4": 8.737167850948829e-17
  },
  "7": {
    "BLEU_1": 0.07142857142346946,
    "BLEU_2": 2.344036154518608e-09,
    "ROUGE_L": 0.09561128526645768,
    "CIDEr": 0.0,
    "METEOR": 0.0628498727735369,
    "SPICE": 0.0,
    "BLEU_4": 4.516881220590475e-13
  },
  "8": {
    "BLEU_1": 0.09090909089256209,
    "BLEU_2": 3.0151134452157307e-09,
    "ROUGE_L": 0.108348134991119,
    "CIDEr": 0.0,
    "METEOR": 0.06570241064006652,
    "SPICE": 0.0,
    "BLEU_4": 5.960994272089826e-13
  },
  "9": {
    "BLEU_1": 0.08333333332638898,
    "BLEU_2": 2.7524094125761097e-09,
    "ROUGE_L": 0.10374149659863945,
    "CIDEr": 0.0,
    "METEOR": 0.0652791542781632,
    "SPICE": 0.0,
    "BLEU_4": 5.386366368312954e-13
  }
}