{
  "0": {
    "BLEU_1": 0.1809674835709985,
    "BLEU_2": 4.265444493553575e-09,
    "ROUGE_L": 0.09442724458204334,
    "CIDEr": 0.0,
    "METEOR": 0.05730659025787967,
    "SPICE": 0.043478260869565216,
    "BLEU_4": 7.181586842840614e-13
  },
  "1": {
    "BLEU_1": 0.08897082252654083,
    "BLEU_2": 2.9841721077304986e-09,
    "ROUGE_L": 0.08367626886145405,
    "CIDEr": 0.0,
    "METEOR": 0.04604316546762591,
    "SPICE": 0.043478260869565216,
    "BLEU_4": 6.072180437332154e-13
  },
  "2": {
    "BLEU_1": 0.08897082252654083,
    "BLEU_2": 2.9841721077304986e-09,
    "ROUGE_L": 0.08367626886145405,
    "CIDEr": 0.0,
    "METEOR": 0.04604316546762591,
    "SPICE": 0.043478260869565216,
    "BLEU_4": 6.072180437332154e-13
  },
  "3": {
    "BLEU_1": 0.08591115982739385,
    "BLEU_2": 2.904327290245408e-09,
    "ROUGE_L": 0.08664772727272725,
    "CIDEr": 0.0,
    "METEOR": 0.046242774566474,
    "SPICE": 0.043478260869565216,
    "BLEU_4": 6.036875907977461e-13
  },
  "4": {
    "BLEU_1": 0.08591115982739385,
    "BLEU_2": 2.904327290245408e-09,
    "ROUGE_L": 0.08664772727272725,
    "CIDEr": 0.0,
    "METEOR": 0.046242774566474,
    "SPICE": 0.043478260869565216,
    "BLEU_4": 6.036875907977461e-13
  },
  "5": {
    "BLEU_1": 4.344348584088956e-17,
    "BLEU_2": 5.0164216487456386e-17,
    "ROUGE_L": 0.0,
    "CIDEr": 0.0,
    "METEOR": 0.03609022556390978,
    "SPICE": 0.04761904761904762,
    "BLEU_4": 7.851124167798401e-17
  },
  "6": {
    "BLEU_1": 0.08591115982739385,
    "BLEU_2": 2.904327290245408e-09,
    "ROUGE_L": 0.08664772727272725,
    "CIDEr": 0.0,
    "METEOR": 0.03483309143686503,
    "SPICE": 0.043478260869565216,
    "BLEU_4": 6.036875907977461e-13
  },
  "7": {
    "BLEU_1": 0.07243303472703545,
    "BLEU_2": 2.5091539258307054e-09,
    "ROUGE_L": 0.09327217125382263,
    "CIDEr": 0.0,
    "METEOR": 0.03545051698670606,
    "SPICE": 0.045454545454545456,
    "BLEU_4": 5.610638743864012e-13
  },
  "8": {
    "BLEU_1": 0.2669124675796223,
    "BLEU_2": 5.168737709119127e-09,
    "ROUGE_L": 0.14575866188769412,
    "CIDEr": 0.0,
    "METEOR": 0.04584527220630373,
    "SPICE": 0.0425531914893617,
    "BLEU_4": 7.991438875531345e-13
  },
  "9": {
    "BLEU_1": 0.08067401740663026,
    "BLEU_2": 2.755542281493554e-09,
    "ROUGE_L": 0.08983799705449189,
    "CIDEr": 0.0,
    "METEOR": 0.03498542274052478,
    "SPICE": 0.044444444444444446,
    "BLEU_4": 5.898775977919029e-13
  }
}