{
  "0": {
    "BLEU_1": 0.4448541126327038,
    "BLEU_2": 6.672811689444217e-09,
    "ROUGE_L": 0.2785388127853881,
    "CIDEr": 0.0,
    "METEOR": 0.17224460227372088,
    "SPICE": 0.11764705882352941,
    "BLEU_4": 9.080027616319971e-13
  },
  "1": {
    "BLEU_1": 0.45454545446281003,
    "BLEU_2": 0.2132007163158777,
    "ROUGE_L": 0.34512022630834516,
    "CIDEr": 0.0,
    "METEOR": 0.18026922795137582,
    "SPICE": 0.15789473684210525,
    "BLEU_4": 5.012578714748261e-09
  },
  "2": {
    "BLEU_1": 0.47058823526643606,
    "BLEU_2": 0.17149858513210553,
    "ROUGE_L": 0.2847141190198366,
    "CIDEr": 0.0,
    "METEOR": 0.3013402600875178,
    "SPICE": 0.2272727272727273,
    "BLEU_4": 3.4401346931106828e-09
  },
  "3": {
    "BLEU_1": 0.5833333332361111,
    "BLEU_2": 0.23028309319666648,
    "ROUGE_L": 0.2629310344827586,
    "CIDEr": 0.0,
    "METEOR": 0.21632307354165098,
    "SPICE": 0.2222222222222222,
    "BLEU_4": 4.926862020234039e-09
  },
  "4": {
    "BLEU_1": 0.7499999998750001,
    "BLEU_2": 0.26111648388903846,
    "ROUGE_L": 0.3333333333333333,
    "CIDEr": 0.0,
    "METEOR": 0.29327376280100614,
    "SPICE": 0.18181818181818182,
    "BLEU_4": 5.246341021918842e-09
  },
  "5": {
    "BLEU_1": 0.6153846153372783,
    "BLEU_2": 0.3922322702449393,
    "ROUGE_L": 0.3223249669749009,
    "CIDEr": 0.0,
    "METEOR": 0.24084828434195638,
    "SPICE": 0.1764705882352941,
    "BLEU_4": 3.4389312173559354e-05
  },
  "6": {
    "BLEU_1": 0.355883290106163,
    "BLEU_2": 5.968344215460995e-09,
    "ROUGE_L": 0.2785388127853881,
    "CIDEr": 0.0,
    "METEOR": 0.21583795285349952,
    "SPICE": 0.18181818181818182,
    "BLEU_4": 8.587359927651722e-13
  },
  "7": {
    "BLEU_1": 0.46153846150295863,
    "BLEU_2": 6.20173672896349e-09,
    "ROUGE_L": 0.2417437252311757,
    "CIDEr": 0.0,
    "METEOR": 0.3216346041342282,
    "SPICE": 0.23529411764705882,
    "BLEU_4": 7.689683971953974e-13
  },
  "8": {
    "BLEU_1": 0.545454545355372,
    "BLEU_2": 7.385489457383579e-09,
    "ROUGE_L": 0.2727272727272727,
    "CIDEr": 0.0,
    "METEOR": 0.16994289266649967,
    "SPICE": 0.2222222222222222,
    "BLEU_4": 9.329460217152974e-13
  },
  "9": {
    "BLEU_1": 0.355883290106163,
    "BLEU_2": 0.18873561580747486,
    "ROUGE_L": 0.2946859903381642,
    "CIDEr": 0.0,
    "METEOR": 0.20330466608642647,
    "SPICE": 0.16666666666666669,
    "BLEU_4": 4.82902736160217e-09
  }
}