{
  "0": {
    "BLEU_1": 0.1861254449556944,
    "BLEU_2": 4.495356574788337e-09,
    "ROUGE_L": 0.11401869158878504,
    "CIDEr": 0.0,
    "METEOR": 0.1494809688581315,
    "SPICE": 0.14285714285714285,
    "BLEU_4": 8.092104279933771e-13
  },
  "1": {
    "BLEU_1": 0.46153846146745575,
    "BLEU_2": 6.201736728486434e-09,
    "ROUGE_L": 0.2207478890229192,
    "CIDEr": 0.0,
    "METEOR": 0.210896309314587,
    "SPICE": 0.18181818181818182,
    "BLEU_4": 7.689683971362461e-13
  },
  "2": {
    "BLEU_1": 0.4999999999000002,
    "BLEU_2": 7.453559923467182e-09,
    "ROUGE_L": 0.2,
    "CIDEr": 0.0,
    "METEOR": 0.17328519855595667,
    "SPICE": 0.19354838709677416,
    "BLEU_4": 9.98009940168062e-13
  },
  "3": {
    "BLEU_1": 0.4999999999000002,
    "BLEU_2": 7.453559923467182e-09,
    "ROUGE_L": 0.2,
    "CIDEr": 0.0,
    "METEOR": 0.17328519855595667,
    "SPICE": 0.19354838709677416,
    "BLEU_4": 9.98009940168062e-13
  },
  "4": {
    "BLEU_1": 0.38940039143835253,
    "BLEU_2": 6.5820679522827e-09,
    "ROUGE_L": 0.21785714285714283,
    "CIDEr": 0.0,
    "METEOR": 0.17910447761194032,
    "SPICE": 0.14814814814814817,
    "BLEU_4": 9.674177618551726e-13
  },
  "5": {
    "BLEU_1": 0.4999999999000002,
    "BLEU_2": 7.453559923467182e-09,
    "ROUGE_L": 0.2,
    "CIDEr": 0.0,
    "METEOR": 0.17328519855595667,
    "SPICE": 0.19354838709677416,
    "BLEU_4": 9.98009940168062e-13
  },
  "6": {
    "BLEU_1": 0.4999999999000002,
    "BLEU_2": 7.453559923467182e-09,
    "ROUGE_L": 0.2,
    "CIDEr": 0.0,
    "METEOR": 0.17328519855595667,
    "SPICE": 0.19354838709677416,
    "BLEU_4": 9.98009940168062e-13
  },
  "7": {
    "BLEU_1": 0.4999999999000002,
    "BLEU_2": 7.453559923467182e-09,
    "ROUGE_L": 0.16991643454039,
    "CIDEr": 0.0,
    "METEOR": 0.18772563176895307,
    "SPICE": 0.18181818181818182,
    "BLEU_4": 9.98009940168062e-13
  },
  "8": {
    "BLEU_1": 0.4867504892979407,
    "BLEU_2": 7.3589756869134795e-09,
    "ROUGE_L": 0.25994318181818177,
    "CIDEr": 0.0,
    "METEOR": 0.17595699247258956,
    "SPICE": 0.19354838709677416,
    "BLEU_4": 1.0229197411276467e-12
  },
  "9": {
    "BLEU_1": 0.2920502935787644,
    "BLEU_2": 5.700238056112239e-09,
    "ROUGE_L": 0.1732954545454545,
    "CIDEr": 0.0,
    "METEOR": 0.17595699247258956,
    "SPICE": 0.19354838709677416,
    "BLEU_4": 9.002836699641014e-13
  }
}