{
  "0": {
    "BLEU_1": 0.6249999998437503,
    "BLEU_2": 9.44911182278404e-09,
    "ROUGE_L": 0.25,
    "CIDEr": 0.0,
    "METEOR": 0.15883920110612032,
    "SPICE": 0.12903225806451613,
    "BLEU_4": 1.313454946839543e-12
  },
  "1": {
    "BLEU_1": 0.4999999999000002,
    "BLEU_2": 0.23570226034706615,
    "ROUGE_L": 0.34014869888475835,
    "CIDEr": 0.0,
    "METEOR": 0.16146580124698326,
    "SPICE": 0.18181818181818182,
    "BLEU_4": 5.612222323072491e-09
  },
  "2": {
    "BLEU_1": 0.4999999999000002,
    "BLEU_2": 0.23570226034706615,
    "ROUGE_L": 0.34014869888475835,
    "CIDEr": 0.0,
    "METEOR": 0.15717590075567978,
    "SPICE": 0.12121212121212122,
    "BLEU_4": 5.612222323072491e-09
  },
  "3": {
    "BLEU_1": 0.4545454545041323,
    "BLEU_2": 0.21320071633525958,
    "ROUGE_L": 0.32504440497335696,
    "CIDEr": 0.0,
    "METEOR": 0.15390140282326978,
    "SPICE": 0.17647058823529413,
    "BLEU_4": 5.01257871520395e-09
  },
  "4": {
    "BLEU_1": 0.4999999999000002,
    "BLEU_2": 0.23570226034706615,
    "ROUGE_L": 0.34014869888475835,
    "CIDEr": 0.0,
    "METEOR": 0.16146580124698326,
    "SPICE": 0.18181818181818182,
    "BLEU_4": 5.612222323072491e-09
  },
  "5": {
    "BLEU_1": 0.4545454545041323,
    "BLEU_2": 0.21320071633525958,
    "ROUGE_L": 0.32504440497335696,
    "CIDEr": 0.0,
    "METEOR": 0.15390140282326978,
    "SPICE": 0.11764705882352941,
    "BLEU_4": 5.01257871520395e-09
  },
  "6": {
    "BLEU_1": 0.4999999999000002,
    "BLEU_2": 0.23570226034706615,
    "ROUGE_L": 0.34014869888475835,
    "CIDEr": 0.0,
    "METEOR": 0.16146580124698326,
    "SPICE": 0.18181818181818182,
    "BLEU_4": 5.612222323072491e-09
  },
  "7": {
    "BLEU_1": 0.4545454545041323,
    "BLEU_2": 0.21320071633525958,
    "ROUGE_L": 0.32504440497335696,
    "CIDEr": 0.0,
    "METEOR": 0.15390140282326978,
    "SPICE": 0.11764705882352941,
    "BLEU_4": 5.01257871520395e-09
  },
  "8": {
    "BLEU_1": 0.4999999999000002,
    "BLEU_2": 0.23570226034706615,
    "ROUGE_L": 0.34014869888475835,
    "CIDEr": 0.0,
    "METEOR": 0.16146580124698326,
    "SPICE": 0.18181818181818182,
    "BLEU_4": 5.612222323072491e-09
  },
  "9": {
    "BLEU_1": 0.4545454545041323,
    "BLEU_2": 0.21320071633525958,
    "ROUGE_L": 0.32504440497335696,
    "CIDEr": 0.0,
    "METEOR": 0.15390140282326978,
    "SPICE": 0.11764705882352941,
    "BLEU_4": 5.01257871520395e-09
  }
}