{
  "0": {
    "BLEU_1": 0.4999999999500001,
    "BLEU_2": 7.453559924212536e-09,
    "ROUGE_L": 0.25487465181058494,
    "CIDEr": 0.0,
    "METEOR": 0.11688311688311691,
    "SPICE": 0.11428571428571428,
    "BLEU_4": 9.98009940267863e-13
  },
  "1": {
    "BLEU_1": 0.555555555432099,
    "BLEU_2": 8.333333331423613e-09,
    "ROUGE_L": 0.26406926406926406,
    "CIDEr": 0.0,
    "METEOR": 0.1186161449752883,
    "SPICE": 0.11764705882352941,
    "BLEU_4": 1.1339582219145234e-12
  },
  "2": {
    "BLEU_1": 0.555555555432099,
    "BLEU_2": 8.333333331423613e-09,
    "ROUGE_L": 0.26406926406926406,
    "CIDEr": 0.0,
    "METEOR": 0.12356435643564356,
    "SPICE": 0.11428571428571428,
    "BLEU_4": 1.1339582219145234e-12
  },
  "3": {
    "BLEU_1": 0.5454545454049587,
    "BLEU_2": 7.3854894580549865e-09,
    "ROUGE_L": 0.3283983849259758,
    "CIDEr": 0.0,
    "METEOR": 0.20074360336447328,
    "SPICE": 0.16666666666666666,
    "BLEU_4": 9.329460218001107e-13
  },
  "4": {
    "BLEU_1": 0.4999999999375001,
    "BLEU_2": 5.773502691162542e-09,
    "ROUGE_L": 0.28110599078341014,
    "CIDEr": 0.0,
    "METEOR": 0.25843054144645583,
    "SPICE": 0.14285714285714285,
    "BLEU_4": 6.541868940891697e-13
  },
  "5": {
    "BLEU_1": 0.4999999999642858,
    "BLEU_2": 0.1961161351236371,
    "ROUGE_L": 0.2982885085574572,
    "CIDEr": 0.0,
    "METEOR": 0.2877742428015408,
    "SPICE": 0.15384615384615383,
    "BLEU_4": 4.131551590773095e-09
  },
  "6": {
    "BLEU_1": 0.6249999998437503,
    "BLEU_2": 0.29880715225622895,
    "ROUGE_L": 0.2739520958083832,
    "CIDEr": 0.0,
    "METEOR": 0.2609287351420064,
    "SPICE": 0.11764705882352941,
    "BLEU_4": 7.386099953835683e-09
  },
  "7": {
    "BLEU_1": 0.5366925751109899,
    "BLEU_2": 0.29963038018618793,
    "ROUGE_L": 0.39713541666666663,
    "CIDEr": 0.0,
    "METEOR": 0.27382337313381716,
    "SPICE": 0.17142857142857143,
    "BLEU_4": 5.39059484752114e-09
  },
  "8": {
    "BLEU_1": 0.5366925751109899,
    "BLEU_2": 0.29963038018618793,
    "ROUGE_L": 0.39713541666666663,
    "CIDEr": 0.0,
    "METEOR": 0.27382337313381716,
    "SPICE": 0.17142857142857143,
    "BLEU_4": 5.39059484752114e-09
  },
  "9": {
    "BLEU_1": 0.5366925751109899,
    "BLEU_2": 0.29963038018618793,
    "ROUGE_L": 0.39713541666666663,
    "CIDEr": 0.0,
    "METEOR": 0.27382337313381716,
    "SPICE": 0.17142857142857143,
    "BLEU_4": 5.39059484752114e-09
  }
}