{
  "0": {
    "BLEU_1": 0.24767939985785795,
    "BLEU_2": 5.982025825945981e-09,
    "ROUGE_L": 0.1897356143079316,
    "CIDEr": 0.0,
    "METEOR": 0.14636948721616014,
    "SPICE": 0.21428571428571427,
    "BLEU_4": 1.0768261868323776e-12
  },
  "1": {
    "BLEU_1": 0.12383969992892904,
    "BLEU_2": 4.229931026759462e-09,
    "ROUGE_L": 0.10049423393739704,
    "CIDEr": 0.0,
    "METEOR": 0.13693821647781512,
    "SPICE": 0.07142857142857142,
    "BLEU_4": 9.054992803586729e-13
  },
  "2": {
    "BLEU_1": 0.3749999999062502,
    "BLEU_2": 7.319250545218839e-09,
    "ROUGE_L": 0.125,
    "CIDEr": 0.0,
    "METEOR": 0.13557690136555406,
    "SPICE": 0.06896551724137931,
    "BLEU_4": 1.1559871144628244e-12
  },
  "3": {
    "BLEU_1": 0.3749999999062502,
    "BLEU_2": 7.319250545218839e-09,
    "ROUGE_L": 0.18263473053892215,
    "CIDEr": 0.0,
    "METEOR": 0.0736196319018405,
    "SPICE": 0.0,
    "BLEU_4": 1.1559871144628244e-12
  },
  "4": {
    "BLEU_1": 0.24999999993750016,
    "BLEU_2": 5.976143045124577e-09,
    "ROUGE_L": 0.09651898734177215,
    "CIDEr": 0.0,
    "METEOR": 0.0736196319018405,
    "SPICE": 0.0,
    "BLEU_4": 1.0445522727757714e-12
  },
  "5": {
    "BLEU_1": 0.3749999999062502,
    "BLEU_2": 7.319250545218839e-09,
    "ROUGE_L": 0.18263473053892215,
    "CIDEr": 0.0,
    "METEOR": 0.0736196319018405,
    "SPICE": 0.0,
    "BLEU_4": 1.1559871144628244e-12
  },
  "6": {
    "BLEU_1": 0.3749999999062502,
    "BLEU_2": 7.319250545218839e-09,
    "ROUGE_L": 0.125,
    "CIDEr": 0.0,
    "METEOR": 0.07565011820330969,
    "SPICE": 0.06666666666666667,
    "BLEU_4": 1.1559871144628244e-12
  },
  "7": {
    "BLEU_1": 0.3749999999062502,
    "BLEU_2": 7.319250545218839e-09,
    "ROUGE_L": 0.125,
    "CIDEr": 0.0,
    "METEOR": 0.07565011820330969,
    "SPICE": 0.06666666666666667,
    "BLEU_4": 1.1559871144628244e-12
  },
  "8": {
    "BLEU_1": 0.3715190997867868,
    "BLEU_2": 7.326455450859374e-09,
    "ROUGE_L": 0.1897356143079316,
    "CIDEr": 0.0,
    "METEOR": 0.13974454045876467,
    "SPICE": 0.07142857142857142,
    "BLEU_4": 1.1917040716272326e-12
  },
  "9": {
    "BLEU_1": 0.3333333332592594,
    "BLEU_2": 6.454972242199766e-09,
    "ROUGE_L": 0.1189083820662768,
    "CIDEr": 0.0,
    "METEOR": 0.1342423857487586,
    "SPICE": 0.06666666666666667,
    "BLEU_4": 9.980099401403394e-13
  }
}