{
  "0": {
    "BLEU_1": 0.47768754022329724,
    "BLEU_2": 8.273790897955628e-09,
    "ROUGE_L": 0.23921568627450981,
    "CIDEr": 0.0,
    "METEOR": 0.1694323536733793,
    "SPICE": 0.12903225806451613,
    "BLEU_4": 1.3082012060046169e-12
  },
  "1": {
    "BLEU_1": 0.6249999998437503,
    "BLEU_2": 9.44911182278404e-09,
    "ROUGE_L": 0.21785714285714283,
    "CIDEr": 0.0,
    "METEOR": 0.16378460855093335,
    "SPICE": 0.125,
    "BLEU_4": 1.313454946839543e-12
  },
  "2": {
    "BLEU_1": 0.4444444443950618,
    "BLEU_2": 7.453559924119366e-09,
    "ROUGE_L": 0.20854700854700853,
    "CIDEr": 0.0,
    "METEOR": 0.15978986200091058,
    "SPICE": 0.1875,
    "BLEU_4": 1.0724314734549807e-12
  },
  "3": {
    "BLEU_1": 0.4999999999000002,
    "BLEU_2": 7.453559923467182e-09,
    "ROUGE_L": 0.2,
    "CIDEr": 0.0,
    "METEOR": 0.1585012340815484,
    "SPICE": 0.12121212121212122,
    "BLEU_4": 9.98009940168062e-13
  },
  "4": {
    "BLEU_1": 0.4999999999583334,
    "BLEU_2": 6.741998624045051e-09,
    "ROUGE_L": 0.21785714285714283,
    "CIDEr": 0.0,
    "METEOR": 0.1535480705165,
    "SPICE": 0.11428571428571428,
    "BLEU_4": 8.430118945671953e-13
  },
  "5": {
    "BLEU_1": 0.3999999999200002,
    "BLEU_2": 6.666666665296299e-09,
    "ROUGE_L": 0.23164556962025318,
    "CIDEr": 0.0,
    "METEOR": 0.12009012180402244,
    "SPICE": 0.05714285714285714,
    "BLEU_4": 9.438595266157062e-13
  },
  "6": {
    "BLEU_1": 0.4999999998750002,
    "BLEU_2": 8.451542545096823e-09,
    "ROUGE_L": 0.21785714285714283,
    "CIDEr": 0.0,
    "METEOR": 0.16109961496813113,
    "SPICE": 0.12121212121212122,
    "BLEU_4": 1.2421889947772103e-12
  },
  "7": {
    "BLEU_1": 0.3999999999200002,
    "BLEU_2": 6.666666665296299e-09,
    "ROUGE_L": 0.2,
    "CIDEr": 0.0,
    "METEOR": 0.14391534391534394,
    "SPICE": 0.125,
    "BLEU_4": 9.438595266157062e-13
  },
  "8": {
    "BLEU_1": 0.3999999999200002,
    "BLEU_2": 0.21081851063455723,
    "ROUGE_L": 0.2,
    "CIDEr": 0.0,
    "METEOR": 0.14623655913978495,
    "SPICE": 0.11764705882352941,
    "BLEU_4": 5.307712169906119e-09
  },
  "9": {
    "BLEU_1": 0.22222222219753096,
    "BLEU_2": 5.270462766325093e-09,
    "ROUGE_L": 0.1189083820662768,
    "CIDEr": 0.0,
    "METEOR": 0.14328358208955225,
    "SPICE": 0.12121212121212122,
    "BLEU_4": 9.018037816335524e-13
  }
}