{
  "0": {
    "BLEU_1": 0.10976232717490052,
    "BLEU_2": 3.8806842931124116e-09,
    "ROUGE_L": 0.1476997578692494,
    "CIDEr": 0.0,
    "METEOR": 0.08839779005524862,
    "SPICE": 0.08333333333333333,
    "BLEU_4": 9.324552513250358e-13
  },
  "1": {
    "BLEU_1": 0.23884377011164867,
    "BLEU_2": 5.85045365006396e-09,
    "ROUGE_L": 0.2785388127853881,
    "CIDEr": 0.0,
    "METEOR": 0.08625336927223719,
    "SPICE": 0.08,
    "BLEU_4": 1.1000617045598687e-12
  },
  "2": {
    "BLEU_1": 0.2195246543498009,
    "BLEU_2": 5.488116358607818e-09,
    "ROUGE_L": 0.2953995157384988,
    "CIDEr": 0.0,
    "METEOR": 0.08839779005524862,
    "SPICE": 0.08333333333333333,
    "BLEU_4": 1.108882419297383e-12
  },
  "3": {
    "BLEU_1": 0.4953587997157158,
    "BLEU_2": 0.3783365326387855,
    "ROUGE_L": 0.5269978401727862,
    "CIDEr": 0.0,
    "METEOR": 0.2551405875398193,
    "SPICE": 0.23999999999999996,
    "BLEU_4": 4.8157131074181714e-05
  },
  "4": {
    "BLEU_1": 0.23884377011164867,
    "BLEU_2": 0.1850075887944782,
    "ROUGE_L": 0.2785388127853881,
    "CIDEr": 0.0,
    "METEOR": 0.2250674096746797,
    "SPICE": 0.25,
    "BLEU_4": 6.1861015673335086e-09
  },
  "5": {
    "BLEU_1": 0.3715190997867868,
    "BLEU_2": 0.23168286400471463,
    "ROUGE_L": 0.3952483801295896,
    "CIDEr": 0.0,
    "METEOR": 0.22010268740244412,
    "SPICE": 0.23999999999999996,
    "BLEU_4": 6.701444468735928e-09
  },
  "6": {
    "BLEU_1": 0.3715190997867868,
    "BLEU_2": 0.23168286400471463,
    "ROUGE_L": 0.3952483801295896,
    "CIDEr": 0.0,
    "METEOR": 0.22010268740244412,
    "SPICE": 0.23999999999999996,
    "BLEU_4": 6.701444468735928e-09
  },
  "7": {
    "BLEU_1": 0.2195246543498009,
    "BLEU_2": 0.17354947757230146,
    "ROUGE_L": 0.2953995157384988,
    "CIDEr": 0.0,
    "METEOR": 0.23026127297486465,
    "SPICE": 0.2608695652173913,
    "BLEU_4": 6.2357040914797075e-09
  },
  "8": {
    "BLEU_1": 0.35826565516747294,
    "BLEU_2": 0.2265870955445612,
    "ROUGE_L": 0.4178082191780822,
    "CIDEr": 0.0,
    "METEOR": 0.2250674096746797,
    "SPICE": 0.25,
    "BLEU_4": 6.846046757997816e-09
  },
  "9": {
    "BLEU_1": 0.35826565516747294,
    "BLEU_2": 0.2265870955445612,
    "ROUGE_L": 0.4178082191780822,
    "CIDEr": 0.0,
    "METEOR": 0.2250674096746797,
    "SPICE": 0.25,
    "BLEU_4": 6.846046757997816e-09
  }
}