{
  "0": {
    "BLEU_1": 0.6249999998437503,
    "BLEU_2": 0.5175491693727575,
    "ROUGE_L": 0.465648854961832,
    "CIDEr": 0.0,
    "METEOR": 0.2216564556948146,
    "SPICE": 0.12121212121212123,
    "BLEU_4": 5.4663255680950514e-05
  },
  "1": {
    "BLEU_1": 0.23529411763321803,
    "BLEU_2": 0.12126781251081024,
    "ROUGE_L": 0.2443257676902537,
    "CIDEr": 0.0,
    "METEOR": 0.122267192659092,
    "SPICE": 0.05263157894736842,
    "BLEU_4": 2.8927969314267103e-09
  },
  "2": {
    "BLEU_1": 0.23809523808390026,
    "BLEU_2": 0.1091089451126707,
    "ROUGE_L": 0.21554770318021202,
    "CIDEr": 0.0,
    "METEOR": 0.11257809437289981,
    "SPICE": 0.08695652173913043,
    "BLEU_4": 2.4289783952173777e-09
  },
  "3": {
    "BLEU_1": 0.2857142857006803,
    "BLEU_2": 0.16903085093745304,
    "ROUGE_L": 0.287396937573616,
    "CIDEr": 0.0,
    "METEOR": 0.1732960320245317,
    "SPICE": 0.08,
    "BLEU_4": 3.0232667129300413e-09
  },
  "4": {
    "BLEU_1": 0.2105263157783934,
    "BLEU_2": 0.108147614081325,
    "ROUGE_L": 0.2290362953692115,
    "CIDEr": 0.0,
    "METEOR": 0.11722277017217467,
    "SPICE": 0.0425531914893617,
    "BLEU_4": 2.5607444804104893e-09
  },
  "5": {
    "BLEU_1": 0.2105263157783934,
    "BLEU_2": 0.108147614081325,
    "ROUGE_L": 0.2290362953692115,
    "CIDEr": 0.0,
    "METEOR": 0.11585706799541146,
    "SPICE": 0.0851063829787234,
    "BLEU_4": 2.5607444804104893e-09
  },
  "6": {
    "BLEU_1": 0.26666666664888894,
    "BLEU_2": 0.13801311185894144,
    "ROUGE_L": 0.26180257510729615,
    "CIDEr": 0.0,
    "METEOR": 0.12005309862703602,
    "SPICE": 0.10256410256410257,
    "BLEU_4": 3.324137843193063e-09
  },
  "7": {
    "BLEU_1": 0.19999999999000004,
    "BLEU_2": 0.1025978352032506,
    "ROUGE_L": 0.22208737864077668,
    "CIDEr": 0.0,
    "METEOR": 0.11321895639020287,
    "SPICE": 0.0784313725490196,
    "BLEU_4": 2.421802605156986e-09
  },
  "8": {
    "BLEU_1": 0.19047619046712022,
    "BLEU_2": 0.09759000729009006,
    "ROUGE_L": 0.21554770318021202,
    "CIDEr": 0.0,
    "METEOR": 0.11518608111512914,
    "SPICE": 0.0425531914893617,
    "BLEU_4": 2.297185935726835e-09
  },
  "9": {
    "BLEU_1": 0.17391304347069947,
    "BLEU_2": 0.08891084489092392,
    "ROUGE_L": 0.203559510567297,
    "CIDEr": 0.0,
    "METEOR": 0.10947961471126035,
    "SPICE": 0.08,
    "BLEU_4": 2.0828838183001623e-09
  }
}