{
  "0": {
    "BLEU_1": 0.6666666665185187,
    "BLEU_2": 0.40824829037030635,
    "ROUGE_L": 0.31282051282051276,
    "CIDEr": 0.0,
    "METEOR": 0.253813468145777,
    "SPICE": 0.1142857142857143,
    "BLEU_4": 7.936880924121685e-09
  },
  "1": {
    "BLEU_1": 0.6666666665185187,
    "BLEU_2": 0.4999999998854169,
    "ROUGE_L": 0.3713850837138508,
    "CIDEr": 0.0,
    "METEOR": 0.27023778054309516,
    "SPICE": 0.1142857142857143,
    "BLEU_4": 8.783602617539847e-09
  },
  "2": {
    "BLEU_1": 0.5833333332847223,
    "BLEU_2": 0.32566947361109216,
    "ROUGE_L": 0.4166666666666667,
    "CIDEr": 0.0,
    "METEOR": 0.23232140255017183,
    "SPICE": 0.1081081081081081,
    "BLEU_4": 5.859059369587253e-09
  },
  "3": {
    "BLEU_1": 0.5833333332847223,
    "BLEU_2": 0.39886201757398354,
    "ROUGE_L": 0.5,
    "CIDEr": 0.0,
    "METEOR": 0.2611490659508386,
    "SPICE": 0.1081081081081081,
    "BLEU_4": 6.484115070772977e-09
  },
  "4": {
    "BLEU_1": 0.6666666665185187,
    "BLEU_2": 0.40824829037030635,
    "ROUGE_L": 0.4642313546423136,
    "CIDEr": 0.0,
    "METEOR": 0.19323408066165243,
    "SPICE": 0.1142857142857143,
    "BLEU_4": 7.936880924121685e-09
  },
  "5": {
    "BLEU_1": 0.4999999999000002,
    "BLEU_2": 0.33333333326481496,
    "ROUGE_L": 0.44721407624633425,
    "CIDEr": 0.0,
    "METEOR": 0.18747479828108435,
    "SPICE": 0.1142857142857143,
    "BLEU_4": 6.674094717574906e-09
  },
  "6": {
    "BLEU_1": 0.42857142854081637,
    "BLEU_2": 0.18156825978717286,
    "ROUGE_L": 0.31202046035805625,
    "CIDEr": 0.0,
    "METEOR": 0.18000083583371293,
    "SPICE": 0.10526315789473684,
    "BLEU_4": 3.975360175943345e-09
  },
  "7": {
    "BLEU_1": 0.46153846150295863,
    "BLEU_2": 0.2773500980903911,
    "ROUGE_L": 0.3223249669749009,
    "CIDEr": 0.0,
    "METEOR": 0.241963671592095,
    "SPICE": 0.05128205128205129,
    "BLEU_4": 5.142401604576806e-09
  },
  "8": {
    "BLEU_1": 0.4953587997157158,
    "BLEU_2": 0.3783365326387855,
    "ROUGE_L": 0.40197693574958815,
    "CIDEr": 0.0,
    "METEOR": 0.26775181780732493,
    "SPICE": 0.0588235294117647,
    "BLEU_4": 8.563683463576291e-09
  },
  "9": {
    "BLEU_1": 0.555555555432099,
    "BLEU_2": 0.26352313828697443,
    "ROUGE_L": 0.3713850837138508,
    "CIDEr": 0.0,
    "METEOR": 0.1491659750440922,
    "SPICE": 0.0,
    "BLEU_4": 6.376715692219053e-09
  }
}