{
  "0": {
    "BLEU_1": 0.46002220723799137,
    "BLEU_2": 0.19615412824451478,
    "ROUGE_L": 0.25,
    "CIDEr": 0.0,
    "METEOR": 0.16924453073594792,
    "SPICE": 0.11111111111111112,
    "BLEU_4": 4.3615664704852085e-09
  },
  "1": {
    "BLEU_1": 0.46153846146745575,
    "BLEU_2": 0.43852900958464325,
    "ROUGE_L": 0.4834874504623514,
    "CIDEr": 0.0,
    "METEOR": 0.28449386792035,
    "SPICE": 0.2285714285714286,
    "BLEU_4": 0.38058030010480765
  },
  "2": {
    "BLEU_1": 0.42857142854081637,
    "BLEU_2": 0.4059989714404598,
    "ROUGE_L": 0.4680306905370844,
    "CIDEr": 0.0,
    "METEOR": 0.2521888121593189,
    "SPICE": 0.21621621621621623,
    "BLEU_4": 0.3498761148828787
  },
  "3": {
    "BLEU_1": 0.46002220723799137,
    "BLEU_2": 0.43861396482194626,
    "ROUGE_L": 0.5,
    "CIDEr": 0.0,
    "METEOR": 0.2860017859481963,
    "SPICE": 0.23529411764705882,
    "BLEU_4": 0.3838665841478566
  },
  "4": {
    "BLEU_1": 0.42857142854081637,
    "BLEU_2": 0.4059989714404598,
    "ROUGE_L": 0.4680306905370844,
    "CIDEr": 0.0,
    "METEOR": 0.2521888121593189,
    "SPICE": 0.21621621621621623,
    "BLEU_4": 0.3498761148828787
  },
  "5": {
    "BLEU_1": 0.46002220723799137,
    "BLEU_2": 0.43861396482194626,
    "ROUGE_L": 0.5,
    "CIDEr": 0.0,
    "METEOR": 0.2860017859481963,
    "SPICE": 0.23529411764705882,
    "BLEU_4": 0.3838665841478566
  },
  "6": {
    "BLEU_1": 0.42857142854081637,
    "BLEU_2": 0.4059989714404598,
    "ROUGE_L": 0.4680306905370844,
    "CIDEr": 0.0,
    "METEOR": 0.2521888121593189,
    "SPICE": 0.21621621621621623,
    "BLEU_4": 0.3498761148828787
  },
  "7": {
    "BLEU_1": 0.46002220723799137,
    "BLEU_2": 0.43861396482194626,
    "ROUGE_L": 0.5,
    "CIDEr": 0.0,
    "METEOR": 0.2860017859481963,
    "SPICE": 0.23529411764705882,
    "BLEU_4": 0.3838665841478566
  },
  "8": {
    "BLEU_1": 0.42857142854081637,
    "BLEU_2": 0.4059989714404598,
    "ROUGE_L": 0.4680306905370844,
    "CIDEr": 0.0,
    "METEOR": 0.2521888121593189,
    "SPICE": 0.21621621621621623,
    "BLEU_4": 0.3498761148828787
  },
  "9": {
    "BLEU_1": 0.46002220723799137,
    "BLEU_2": 0.43861396482194626,
    "ROUGE_L": 0.5,
    "CIDEr": 0.0,
    "METEOR": 0.2860017859481963,
    "SPICE": 0.23529411764705882,
    "BLEU_4": 0.3838665841478566
  }
}