{
  "0": {
    "BLEU_1": 0.3749999999062502,
    "BLEU_2": 7.319250545218839e-09,
    "ROUGE_L": 0.1930379746835443,
    "CIDEr": 0.0,
    "METEOR": 0.1610738255033557,
    "SPICE": 0.25,
    "BLEU_4": 1.1559871144628244e-12
  },
  "1": {
    "BLEU_1": 0.3999999999600001,
    "BLEU_2": 6.666666665962964e-09,
    "ROUGE_L": 0.2683284457478006,
    "CIDEr": 0.0,
    "METEOR": 0.19565220206989323,
    "SPICE": 0.23076923076923075,
    "BLEU_4": 9.43859526710092e-13
  },
  "2": {
    "BLEU_1": 0.3715190997867868,
    "BLEU_2": 7.326455450859374e-09,
    "ROUGE_L": 0.30148270181219106,
    "CIDEr": 0.0,
    "METEOR": 0.2191419778299252,
    "SPICE": 0.26086956521739124,
    "BLEU_4": 1.1917040716272326e-12
  },
  "3": {
    "BLEU_1": 0.2999999999700001,
    "BLEU_2": 5.773502691286834e-09,
    "ROUGE_L": 0.1788856304985337,
    "CIDEr": 0.0,
    "METEOR": 0.2139243116911175,
    "SPICE": 0.24000000000000005,
    "BLEU_4": 8.783602618662196e-13
  },
  "4": {
    "BLEU_1": 0.4444444443456792,
    "BLEU_2": 7.453559923291195e-09,
    "ROUGE_L": 0.2785388127853881,
    "CIDEr": 0.0,
    "METEOR": 0.22619869211637852,
    "SPICE": 0.25,
    "BLEU_4": 1.0724314733358218e-12
  },
  "5": {
    "BLEU_1": 0.4166666666319445,
    "BLEU_2": 6.154574548430443e-09,
    "ROUGE_L": 0.25,
    "CIDEr": 0.0,
    "METEOR": 0.22150316657173055,
    "SPICE": 0.16,
    "BLEU_4": 8.054496384067745e-13
  },
  "6": {
    "BLEU_1": 0.3999999999600001,
    "BLEU_2": 6.666666665962964e-09,
    "ROUGE_L": 0.21254355400696867,
    "CIDEr": 0.0,
    "METEOR": 0.17505470459518602,
    "SPICE": 0.08695652173913043,
    "BLEU_4": 9.43859526710092e-13
  },
  "7": {
    "BLEU_1": 0.3999999999600001,
    "BLEU_2": 6.666666665962964e-09,
    "ROUGE_L": 0.22676579925650556,
    "CIDEr": 0.0,
    "METEOR": 0.20447284345047922,
    "SPICE": 0.16666666666666666,
    "BLEU_4": 9.43859526710092e-13
  },
  "8": {
    "BLEU_1": 0.2999999999700001,
    "BLEU_2": 5.773502691286834e-09,
    "ROUGE_L": 0.22676579925650556,
    "CIDEr": 0.0,
    "METEOR": 0.20447284345047922,
    "SPICE": 0.16666666666666666,
    "BLEU_4": 8.783602618662196e-13
  },
  "9": {
    "BLEU_1": 0.2999999999700001,
    "BLEU_2": 5.773502691286834e-09,
    "ROUGE_L": 0.22676579925650556,
    "CIDEr": 0.0,
    "METEOR": 0.20447284345047922,
    "SPICE": 0.16666666666666666,
    "BLEU_4": 8.783602618662196e-13
  }
}