{
  "0": {
    "BLEU_1": 0.06295853423721502,
    "BLEU_2": 2.438373545820434e-09,
    "ROUGE_L": 0.15288220551378442,
    "CIDEr": 0.0,
    "METEOR": 0.07207207207207206,
    "SPICE": 0.0,
    "BLEU_4": 1.20680763897879e-10
  },
  "1": {
    "BLEU_1": 0.4999999998750002,
    "BLEU_2": 8.451542545096823e-09,
    "ROUGE_L": 0.28955696202531644,
    "CIDEr": 0.0,
    "METEOR": 0.1309490387694137,
    "SPICE": 0.0588235294117647,
    "BLEU_4": 1.2421889947772103e-12
  },
  "2": {
    "BLEU_1": 0.35826565516747294,
    "BLEU_2": 7.1653131032300366e-09,
    "ROUGE_L": 0.3588235294117647,
    "CIDEr": 0.0,
    "METEOR": 0.1382716049382716,
    "SPICE": 0.0,
    "BLEU_4": 1.2174183989911234e-12
  },
  "3": {
    "BLEU_1": 0.2195246543498009,
    "BLEU_2": 5.488116358607818e-09,
    "ROUGE_L": 0.2717149220489978,
    "CIDEr": 0.0,
    "METEOR": 0.09979209979209981,
    "SPICE": 0.0588235294117647,
    "BLEU_4": 1.108882419297383e-12
  },
  "4": {
    "BLEU_1": 0.32928698152470126,
    "BLEU_2": 6.721542363805207e-09,
    "ROUGE_L": 0.2717149220489978,
    "CIDEr": 0.0,
    "METEOR": 0.1414141414141414,
    "SPICE": 0.05555555555555555,
    "BLEU_4": 1.2271801245099645e-12
  },
  "5": {
    "BLEU_1": 0.4953587997157158,
    "BLEU_2": 0.2675243277994909,
    "ROUGE_L": 0.3667334669338677,
    "CIDEr": 0.0,
    "METEOR": 0.1700186247933564,
    "SPICE": 0.052631578947368425,
    "BLEU_4": 7.201170725888819e-09
  },
  "6": {
    "BLEU_1": 0.47768754022329724,
    "BLEU_2": 8.273790897955628e-09,
    "ROUGE_L": 0.2785388127853881,
    "CIDEr": 0.0,
    "METEOR": 0.08368200836820083,
    "SPICE": 0.0,
    "BLEU_4": 1.3082012060046169e-12
  },
  "7": {
    "BLEU_1": 0.35826565516747294,
    "BLEU_2": 7.1653131032300366e-09,
    "ROUGE_L": 0.13926940639269406,
    "CIDEr": 0.0,
    "METEOR": 0.10025062656641603,
    "SPICE": 0.05555555555555555,
    "BLEU_4": 1.2174183989911234e-12
  },
  "8": {
    "BLEU_1": 0.2195246543498009,
    "BLEU_2": 5.488116358607818e-09,
    "ROUGE_L": 0.1476997578692494,
    "CIDEr": 0.0,
    "METEOR": 0.08080808080808081,
    "SPICE": 0.05714285714285715,
    "BLEU_4": 1.108882419297383e-12
  },
  "9": {
    "BLEU_1": 0.35826565516747294,
    "BLEU_2": 7.1653131032300366e-09,
    "ROUGE_L": 0.23921568627450981,
    "CIDEr": 0.0,
    "METEOR": 0.07901234567901234,
    "SPICE": 0.0588235294117647,
    "BLEU_4": 1.2174183989911234e-12
  }
}