{
  "0": {
    "BLEU_1": 0.20217688650348561,
    "BLEU_2": 4.952302097098729e-09,
    "ROUGE_L": 0.2573839662447257,
    "CIDEr": 0.0,
    "METEOR": 0.07901234567901234,
    "SPICE": 0.06666666666666667,
    "BLEU_4": 9.311821291619466e-13
  },
  "1": {
    "BLEU_1": 0.4444444443456792,
    "BLEU_2": 7.453559923291195e-09,
    "ROUGE_L": 0.31282051282051276,
    "CIDEr": 0.0,
    "METEOR": 0.13145539906103285,
    "SPICE": 0.125,
    "BLEU_4": 1.0724314733358218e-12
  },
  "2": {
    "BLEU_1": 0.33093633838648934,
    "BLEU_2": 6.459215935396237e-09,
    "ROUGE_L": 0.3267857142857143,
    "CIDEr": 0.0,
    "METEOR": 0.13238770685579196,
    "SPICE": 0.13333333333333333,
    "BLEU_4": 1.0201550479411466e-12
  },
  "3": {
    "BLEU_1": 0.33093633838648934,
    "BLEU_2": 6.459215935396237e-09,
    "ROUGE_L": 0.3267857142857143,
    "CIDEr": 0.0,
    "METEOR": 0.13238770685579196,
    "SPICE": 0.125,
    "BLEU_4": 1.0201550479411466e-12
  },
  "4": {
    "BLEU_1": 0.4412484511819858,
    "BLEU_2": 0.2358572181075568,
    "ROUGE_L": 0.43571428571428567,
    "CIDEr": 0.0,
    "METEOR": 0.16634915807119766,
    "SPICE": 0.1875,
    "BLEU_4": 6.164542726677392e-09
  },
  "5": {
    "BLEU_1": 0.4412484511819858,
    "BLEU_2": 0.2358572181075568,
    "ROUGE_L": 0.43571428571428567,
    "CIDEr": 0.0,
    "METEOR": 0.16634915807119766,
    "SPICE": 0.1875,
    "BLEU_4": 6.164542726677392e-09
  },
  "6": {
    "BLEU_1": 0.4412484511819858,
    "BLEU_2": 0.2358572181075568,
    "ROUGE_L": 0.43571428571428567,
    "CIDEr": 0.0,
    "METEOR": 0.16634915807119766,
    "SPICE": 0.1875,
    "BLEU_4": 6.164542726677392e-09
  },
  "7": {
    "BLEU_1": 0.4412484511819858,
    "BLEU_2": 0.2358572181075568,
    "ROUGE_L": 0.43571428571428567,
    "CIDEr": 0.0,
    "METEOR": 0.16634915807119766,
    "SPICE": 0.1875,
    "BLEU_4": 6.164542726677392e-09
  },
  "8": {
    "BLEU_1": 0.4412484511819858,
    "BLEU_2": 0.2358572181075568,
    "ROUGE_L": 0.43571428571428567,
    "CIDEr": 0.0,
    "METEOR": 0.16634915807119766,
    "SPICE": 0.1875,
    "BLEU_4": 6.164542726677392e-09
  },
  "9": {
    "BLEU_1": 0.4412484511819858,
    "BLEU_2": 0.2358572181075568,
    "ROUGE_L": 0.43571428571428567,
    "CIDEr": 0.0,
    "METEOR": 0.16634915807119766,
    "SPICE": 0.1875,
    "BLEU_4": 6.164542726677392e-09
  }
}