{
  "0": {
    "BLEU_1": 0.4953587997157158,
    "BLEU_2": 0.2675243277994909,
    "ROUGE_L": 0.34205607476635513,
    "CIDEr": 0.0,
    "METEOR": 0.16321787980162217,
    "SPICE": 0.060606060606060615,
    "BLEU_4": 7.201170725888819e-09
  },
  "1": {
    "BLEU_1": 0.19999999996000015,
    "BLEU_2": 0.14907119846934372,
    "ROUGE_L": 0.2,
    "CIDEr": 0.0,
    "METEOR": 0.13392491527951797,
    "SPICE": 0.2285714285714286,
    "BLEU_4": 4.46323613687257e-09
  },
  "2": {
    "BLEU_1": 0.46153846150295863,
    "BLEU_2": 0.1961161351224697,
    "ROUGE_L": 0.33841886269070737,
    "CIDEr": 0.0,
    "METEOR": 0.23580252535341575,
    "SPICE": 0.35000000000000003,
    "BLEU_4": 4.324227075083586e-09
  },
  "3": {
    "BLEU_1": 0.4666666666355556,
    "BLEU_2": 0.2581988897293332,
    "ROUGE_L": 0.3164721141374838,
    "CIDEr": 0.0,
    "METEOR": 0.23292102809858786,
    "SPICE": 0.35000000000000003,
    "BLEU_4": 4.546697236652585e-09
  },
  "4": {
    "BLEU_1": 0.4999999999642858,
    "BLEU_2": 0.277350098092042,
    "ROUGE_L": 0.3270777479892761,
    "CIDEr": 0.0,
    "METEOR": 0.2343529196647677,
    "SPICE": 0.35000000000000003,
    "BLEU_4": 4.913270547748174e-09
  },
  "5": {
    "BLEU_1": 0.4374999999726563,
    "BLEU_2": 0.2415229457542257,
    "ROUGE_L": 0.3065326633165829,
    "CIDEr": 0.0,
    "METEOR": 0.22736426400876067,
    "SPICE": 0.33333333333333337,
    "BLEU_4": 4.231178541317022e-09
  },
  "6": {
    "BLEU_1": 0.4999999999642858,
    "BLEU_2": 0.277350098092042,
    "ROUGE_L": 0.3270777479892761,
    "CIDEr": 0.0,
    "METEOR": 0.2343529196647677,
    "SPICE": 0.35000000000000003,
    "BLEU_4": 4.913270547748174e-09
  },
  "7": {
    "BLEU_1": 0.4374999999726563,
    "BLEU_2": 0.2415229457542257,
    "ROUGE_L": 0.3065326633165829,
    "CIDEr": 0.0,
    "METEOR": 0.22736426400876067,
    "SPICE": 0.33333333333333337,
    "BLEU_4": 4.231178541317022e-09
  },
  "8": {
    "BLEU_1": 0.4999999999642858,
    "BLEU_2": 0.277350098092042,
    "ROUGE_L": 0.3270777479892761,
    "CIDEr": 0.0,
    "METEOR": 0.2343529196647677,
    "SPICE": 0.35000000000000003,
    "BLEU_4": 4.913270547748174e-09
  },
  "9": {
    "BLEU_1": 0.4374999999726563,
    "BLEU_2": 0.2415229457542257,
    "ROUGE_L": 0.3065326633165829,
    "CIDEr": 0.0,
    "METEOR": 0.22736426400876067,
    "SPICE": 0.33333333333333337,
    "BLEU_4": 4.231178541317022e-09
  }
}