{
  "0": {
    "BLEU_1": 0.07162619917923453,
    "BLEU_2": 2.615418999812674e-09,
    "ROUGE_L": 0.12298387096774194,
    "CIDEr": 0.0,
    "METEOR": 0.0158102766798419,
    "SPICE": 0.0,
    "BLEU_4": 7.279123483791415e-13
  },
  "1": {
    "BLEU_1": 0.17973158557499613,
    "BLEU_2": 4.493289639262571e-09,
    "ROUGE_L": 0.2341650671785029,
    "CIDEr": 0.0,
    "METEOR": 0.07453416149068325,
    "SPICE": 0.0,
    "BLEU_4": 9.078761382262807e-13
  },
  "2": {
    "BLEU_1": 0.10108844325174288,
    "BLEU_2": 3.5018063953428727e-09,
    "ROUGE_L": 0.12869198312236285,
    "CIDEr": 0.0,
    "METEOR": 0.17317329136761045,
    "SPICE": 0.13793103448275862,
    "BLEU_4": 7.830277143606023e-13
  },
  "3": {
    "BLEU_1": 0.10108844325174288,
    "BLEU_2": 3.5018063953428727e-09,
    "ROUGE_L": 0.12869198312236285,
    "CIDEr": 0.0,
    "METEOR": 0.10350404312668465,
    "SPICE": 0.0,
    "BLEU_4": 7.830277143606023e-13
  },
  "4": {
    "BLEU_1": 0.20217688650348561,
    "BLEU_2": 0.15660554288060333,
    "ROUGE_L": 0.2573839662447257,
    "CIDEr": 0.0,
    "METEOR": 0.1545023165570864,
    "SPICE": 0.14285714285714285,
    "BLEU_4": 5.236421925064999e-09
  },
  "5": {
    "BLEU_1": 0.20217688650348561,
    "BLEU_2": 0.15660554288060333,
    "ROUGE_L": 0.2573839662447257,
    "CIDEr": 0.0,
    "METEOR": 0.18784555117334312,
    "SPICE": 0.14814814814814814,
    "BLEU_4": 5.236421925064999e-09
  },
  "6": {
    "BLEU_1": 0.14325239835846895,
    "BLEU_2": 0.116965093464513,
    "ROUGE_L": 0.28773584905660377,
    "CIDEr": 0.0,
    "METEOR": 0.15966673939464918,
    "SPICE": 0.15384615384615385,
    "BLEU_4": 4.8678432585117065e-09
  },
  "7": {
    "BLEU_1": 0.20217688650348561,
    "BLEU_2": 0.15660554288060333,
    "ROUGE_L": 0.2573839662447257,
    "CIDEr": 0.0,
    "METEOR": 0.18784555117334312,
    "SPICE": 0.14814814814814814,
    "BLEU_4": 5.236421925064999e-09
  },
  "8": {
    "BLEU_1": 0.21487859753770341,
    "BLEU_2": 0.14325239835250014,
    "ROUGE_L": 0.28773584905660377,
    "CIDEr": 0.0,
    "METEOR": 0.16238062165064887,
    "SPICE": 0.15384615384615385,
    "BLEU_4": 5.387154122130005e-09
  },
  "9": {
    "BLEU_1": 0.3032653297552284,
    "BLEU_2": 6.0653065950034785e-09,
    "ROUGE_L": 0.2234432234432234,
    "CIDEr": 0.0,
    "METEOR": 0.17512437810945275,
    "SPICE": 0.06896551724137931,
    "BLEU_4": 1.0305224262915758e-12
  }
}