{
  "0": {
    "BLEU_1": 0.19999999996000015,
    "BLEU_2": 4.714045206941321e-09,
    "ROUGE_L": 0.11338289962825278,
    "CIDEr": 0.0,
    "METEOR": 0.05596707818930041,
    "SPICE": 0.0,
    "BLEU_4": 7.936880924342154e-13
  },
  "1": {
    "BLEU_1": 0.19999999996000015,
    "BLEU_2": 4.714045206941321e-09,
    "ROUGE_L": 0.11338289962825278,
    "CIDEr": 0.0,
    "METEOR": 0.05596707818930041,
    "SPICE": 0.0,
    "BLEU_4": 7.936880924342154e-13
  },
  "2": {
    "BLEU_1": 0.09942659073505752,
    "BLEU_2": 3.3348692347964305e-09,
    "ROUGE_L": 0.10427350427350426,
    "CIDEr": 0.0,
    "METEOR": 0.05633802816901408,
    "SPICE": 0.0,
    "BLEU_4": 6.785777427559989e-13
  },
  "3": {
    "BLEU_1": 0.09942659073505752,
    "BLEU_2": 3.3348692347964305e-09,
    "ROUGE_L": 0.10427350427350426,
    "CIDEr": 0.0,
    "METEOR": 0.05714285714285714,
    "SPICE": 0.0,
    "BLEU_4": 6.785777427559989e-13
  },
  "4": {
    "BLEU_1": 0.09942659073505752,
    "BLEU_2": 3.3348692347964305e-09,
    "ROUGE_L": 0.10427350427350426,
    "CIDEr": 0.0,
    "METEOR": 0.05633802816901408,
    "SPICE": 0.0,
    "BLEU_4": 6.785777427559989e-13
  },
  "5": {
    "BLEU_1": 0.09942659073505752,
    "BLEU_2": 3.3348692347964305e-09,
    "ROUGE_L": 0.10427350427350426,
    "CIDEr": 0.0,
    "METEOR": 0.05633802816901408,
    "SPICE": 0.0,
    "BLEU_4": 6.785777427559989e-13
  },
  "6": {
    "BLEU_1": 0.09999999998000014,
    "BLEU_2": 3.333333332648151e-09,
    "ROUGE_L": 0.1,
    "CIDEr": 0.0,
    "METEOR": 0.05594405594405594,
    "SPICE": 0.0,
    "BLEU_4": 6.674094717574907e-13
  },
  "7": {
    "BLEU_1": 0.09999999998000014,
    "BLEU_2": 3.333333332648151e-09,
    "ROUGE_L": 0.1,
    "CIDEr": 0.0,
    "METEOR": 0.05594405594405594,
    "SPICE": 0.0,
    "BLEU_4": 6.674094717574907e-13
  },
  "8": {
    "BLEU_1": 0.16666666665277785,
    "BLEU_2": 3.892494720468497e-09,
    "ROUGE_L": 0.09242424242424242,
    "CIDEr": 0.0,
    "METEOR": 0.0735632183908046,
    "SPICE": 0.0,
    "BLEU_4": 6.40550520920913e-13
  },
  "9": {
    "BLEU_1": 0.27272727267768604,
    "BLEU_2": 0.1651445647381773,
    "ROUGE_L": 0.18181818181818182,
    "CIDEr": 0.0,
    "METEOR": 0.09634388738290196,
    "SPICE": 0.0,
    "BLEU_4": 4.4116293584506874e-09
  }
}