{
  "0": {
    "BLEU_1": 7.162619917923445e-17,
    "BLEU_2": 8.27068107508754e-17,
    "ROUGE_L": 0.0,
    "CIDEr": 0.0,
    "METEOR": 0.0,
    "SPICE": 0.0,
    "BLEU_4": 1.2944315414357063e-16
  },
  "1": {
    "BLEU_1": 0.4412484511819858,
    "BLEU_2": 0.2358572181075568,
    "ROUGE_L": 0.3267857142857143,
    "CIDEr": 0.0,
    "METEOR": 0.1948528059429478,
    "SPICE": 0.1818181818181818,
    "BLEU_4": 6.164542726677392e-09
  },
  "2": {
    "BLEU_1": 0.16666666663888896,
    "BLEU_2": 3.8924947201441226e-09,
    "ROUGE_L": 0.19551282051282048,
    "CIDEr": 0.0,
    "METEOR": 0.12330827067669173,
    "SPICE": 0.1111111111111111,
    "BLEU_4": 6.405505208675338e-13
  },
  "3": {
    "BLEU_1": 0.11031211279549655,
    "BLEU_2": 3.729230059054939e-09,
    "ROUGE_L": 0.116412213740458,
    "CIDEr": 0.0,
    "METEOR": 0.17185020166370077,
    "SPICE": 0.1818181818181818,
    "BLEU_4": 7.751502103232947e-13
  },
  "4": {
    "BLEU_1": 0.2499999999583334,
    "BLEU_2": 4.7673129454153526e-09,
    "ROUGE_L": 0.09775641025641024,
    "CIDEr": 0.0,
    "METEOR": 0.1620488593634897,
    "SPICE": 0.15789473684210525,
    "BLEU_4": 7.088856800987232e-13
  },
  "5": {
    "BLEU_1": 0.2499999999583334,
    "BLEU_2": 4.7673129454153526e-09,
    "ROUGE_L": 0.09775641025641024,
    "CIDEr": 0.0,
    "METEOR": 0.14752088616285555,
    "SPICE": 0.16216216216216217,
    "BLEU_4": 7.088856800987232e-13
  },
  "6": {
    "BLEU_1": 0.2142857142704082,
    "BLEU_2": 4.059989714404599e-09,
    "ROUGE_L": 0.09050445103857567,
    "CIDEr": 0.0,
    "METEOR": 0.14424870384501032,
    "SPICE": 0.15,
    "BLEU_4": 5.944549994012258e-13
  },
  "7": {
    "BLEU_1": 0.22222222217283966,
    "BLEU_2": 5.270462765739487e-09,
    "ROUGE_L": 0.1111111111111111,
    "CIDEr": 0.0,
    "METEOR": 0.15182597038939805,
    "SPICE": 0.17142857142857143,
    "BLEU_4": 9.018037815333522e-13
  },
  "8": {
    "BLEU_1": 0.22222222217283966,
    "BLEU_2": 5.270462765739487e-09,
    "ROUGE_L": 0.1111111111111111,
    "CIDEr": 0.0,
    "METEOR": 0.15182597038939805,
    "SPICE": 0.16666666666666666,
    "BLEU_4": 9.018037815333522e-13
  },
  "9": {
    "BLEU_1": 0.07692307691715985,
    "BLEU_2": 2.531848417506296e-09,
    "ROUGE_L": 0.09399075500770414,
    "CIDEr": 0.0,
    "METEOR": 0.10839899524016024,
    "SPICE": 0.15,
    "BLEU_4": 4.91327054771308e-13
  }
}