{
  "0": {
    "BLEU_1": 1.2383969992892892e-16,
    "BLEU_2": 1.3376216389974536e-16,
    "ROUGE_L": 0.0,
    "CIDEr": 0.0,
    "METEOR": 0.14117647058823532,
    "SPICE": 0.14285714285714285,
    "BLEU_4": 1.61023072606689e-16
  },
  "1": {
    "BLEU_1": 0.1111111110864199,
    "BLEU_2": 3.726779961645599e-09,
    "ROUGE_L": 0.08367626886145405,
    "CIDEr": 0.0,
    "METEOR": 0.13636363636363635,
    "SPICE": 0.13333333333333333,
    "BLEU_4": 7.583235671536399e-13
  },
  "2": {
    "BLEU_1": 1.2383969992892892e-16,
    "BLEU_2": 1.3376216389974536e-16,
    "ROUGE_L": 0.0,
    "CIDEr": 0.0,
    "METEOR": 0.13872832369942198,
    "SPICE": 0.14285714285714285,
    "BLEU_4": 1.61023072606689e-16
  },
  "3": {
    "BLEU_1": 1.2383969992892892e-16,
    "BLEU_2": 1.3376216389974536e-16,
    "ROUGE_L": 0.0,
    "CIDEr": 0.0,
    "METEOR": 0.17226914479514904,
    "SPICE": 0.15384615384615385,
    "BLEU_4": 1.61023072606689e-16
  },
  "4": {
    "BLEU_1": 1.2383969992892892e-16,
    "BLEU_2": 1.3376216389974536e-16,
    "ROUGE_L": 0.0,
    "CIDEr": 0.0,
    "METEOR": 0.13872832369942198,
    "SPICE": 0.14285714285714285,
    "BLEU_4": 1.61023072606689e-16
  },
  "5": {
    "BLEU_1": 1.111111110864198e-16,
    "BLEU_2": 1.178511301707504e-16,
    "ROUGE_L": 0.0,
    "CIDEr": 0.0,
    "METEOR": 0.1340782122905028,
    "SPICE": 0.13333333333333333,
    "BLEU_4": 1.3485111856165858e-16
  },
  "6": {
    "BLEU_1": 1.111111110864198e-16,
    "BLEU_2": 1.178511301707504e-16,
    "ROUGE_L": 0.0,
    "CIDEr": 0.0,
    "METEOR": 0.1340782122905028,
    "SPICE": 0.13333333333333333,
    "BLEU_4": 1.3485111856165858e-16
  },
  "7": {
    "BLEU_1": 1.111111110864198e-16,
    "BLEU_2": 1.178511301707504e-16,
    "ROUGE_L": 0.0,
    "CIDEr": 0.0,
    "METEOR": 0.1340782122905028,
    "SPICE": 0.13333333333333333,
    "BLEU_4": 1.3485111856165858e-16
  },
  "8": {
    "BLEU_1": 1.111111110864198e-16,
    "BLEU_2": 1.178511301707504e-16,
    "ROUGE_L": 0.0,
    "CIDEr": 0.0,
    "METEOR": 0.1340782122905028,
    "SPICE": 0.13333333333333333,
    "BLEU_4": 1.3485111856165858e-16
  },
  "9": {
    "BLEU_1": 1.111111110864198e-16,
    "BLEU_2": 1.178511301707504e-16,
    "ROUGE_L": 0.0,
    "CIDEr": 0.0,
    "METEOR": 0.1340782122905028,
    "SPICE": 0.13333333333333333,
    "BLEU_4": 1.3485111856165858e-16
  }
}