{
  "0": {
    "BLEU_1": 0.3032653297552284,
    "BLEU_2": 6.0653065950034785e-09,
    "ROUGE_L": 0.2573839662447257,
    "CIDEr": 0.0,
    "METEOR": 0.2169491525423729,
    "SPICE": 0.15384615384615385,
    "BLEU_4": 1.0305224262915758e-12
  },
  "1": {
    "BLEU_1": 0.3999999999200002,
    "BLEU_2": 0.21081851063455723,
    "ROUGE_L": 0.31881533101045295,
    "CIDEr": 0.0,
    "METEOR": 0.2195177180876247,
    "SPICE": 0.13793103448275862,
    "BLEU_4": 5.307712169906119e-09
  },
  "2": {
    "BLEU_1": 0.4444444443456792,
    "BLEU_2": 0.23570226034150096,
    "ROUGE_L": 0.3333333333333333,
    "CIDEr": 0.0,
    "METEOR": 0.22288153575628225,
    "SPICE": 0.20689655172413793,
    "BLEU_4": 6.030725358915047e-09
  },
  "3": {
    "BLEU_1": 0.21470779796016531,
    "BLEU_2": 5.1856859842473975e-09,
    "ROUGE_L": 0.24448897795591182,
    "CIDEr": 0.0,
    "METEOR": 0.21052631578947367,
    "SPICE": 0.20689655172413793,
    "BLEU_4": 9.334768232372482e-13
  },
  "4": {
    "BLEU_1": 0.2695973783624942,
    "BLEU_2": 5.503133441363796e-09,
    "ROUGE_L": 0.2717149220489978,
    "CIDEr": 0.0,
    "METEOR": 0.20133076202442843,
    "SPICE": 0.15384615384615385,
    "BLEU_4": 1.0047301075023746e-12
  },
  "5": {
    "BLEU_1": 0.22062422559099293,
    "BLEU_2": 5.273927726724911e-09,
    "ROUGE_L": 0.232824427480916,
    "CIDEr": 0.0,
    "METEOR": 0.2042370318452119,
    "SPICE": 0.1935483870967742,
    "BLEU_4": 9.218141453123176e-13
  },
  "6": {
    "BLEU_1": 0.4294155959203306,
    "BLEU_2": 0.2319109274149018,
    "ROUGE_L": 0.3667334669338677,
    "CIDEr": 0.0,
    "METEOR": 0.2318435792636678,
    "SPICE": 0.13793103448275862,
    "BLEU_4": 6.2425357546009905e-09
  },
  "7": {
    "BLEU_1": 0.4294155959203306,
    "BLEU_2": 0.2319109274149018,
    "ROUGE_L": 0.3667334669338677,
    "CIDEr": 0.0,
    "METEOR": 0.2318435792636678,
    "SPICE": 0.13793103448275862,
    "BLEU_4": 6.2425357546009905e-09
  },
  "8": {
    "BLEU_1": 0.4294155959203306,
    "BLEU_2": 0.2319109274149018,
    "ROUGE_L": 0.3667334669338677,
    "CIDEr": 0.0,
    "METEOR": 0.2318435792636678,
    "SPICE": 0.13793103448275862,
    "BLEU_4": 6.2425357546009905e-09
  },
  "9": {
    "BLEU_1": 0.4294155959203306,
    "BLEU_2": 0.2319109274149018,
    "ROUGE_L": 0.3667334669338677,
    "CIDEr": 0.0,
    "METEOR": 0.2318435792636678,
    "SPICE": 0.13793103448275862,
    "BLEU_4": 6.2425357546009905e-09
  }
}