{
  "0": {
    "BLEU_1": 0.10976232717490052,
    "BLEU_2": 3.8806842931124116e-09,
    "ROUGE_L": 0.1476997578692494,
    "CIDEr": 0.0,
    "METEOR": 0.1557618463116279,
    "SPICE": 0.1,
    "BLEU_4": 9.324552513250358e-13
  },
  "1": {
    "BLEU_1": 0.3333333332592594,
    "BLEU_2": 0.28867513452865834,
    "ROUGE_L": 0.35672514619883033,
    "CIDEr": 0.0,
    "METEOR": 0.21170976876160924,
    "SPICE": 0.25,
    "BLEU_4": 6.674094717389514e-09
  },
  "2": {
    "BLEU_1": 0.4444444443456792,
    "BLEU_2": 0.3333333332569446,
    "ROUGE_L": 0.35672514619883033,
    "CIDEr": 0.0,
    "METEOR": 0.2429053627661014,
    "SPICE": 0.16666666666666666,
    "BLEU_4": 7.171781505449111e-09
  },
  "3": {
    "BLEU_1": 0.555555555432099,
    "BLEU_2": 0.4564354644830389,
    "ROUGE_L": 0.4756335282651072,
    "CIDEr": 0.0,
    "METEOR": 0.24674071059925035,
    "SPICE": 0.25,
    "BLEU_4": 8.392229810515858e-09
  },
  "4": {
    "BLEU_1": 0.6249999998437503,
    "BLEU_2": 0.5175491693727575,
    "ROUGE_L": 0.5,
    "CIDEr": 0.0,
    "METEOR": 0.24870416452974842,
    "SPICE": 0.26086956521739124,
    "BLEU_4": 9.720654206312743e-09
  },
  "5": {
    "BLEU_1": 0.3715190997867868,
    "BLEU_2": 0.23168286400471463,
    "ROUGE_L": 0.2634989200863931,
    "CIDEr": 0.0,
    "METEOR": 0.2318435792636678,
    "SPICE": 0.18181818181818182,
    "BLEU_4": 6.701444468735928e-09
  },
  "6": {
    "BLEU_1": 0.3715190997867868,
    "BLEU_2": 0.23168286400471463,
    "ROUGE_L": 0.2634989200863931,
    "CIDEr": 0.0,
    "METEOR": 0.22818289117003096,
    "SPICE": 0.18181818181818182,
    "BLEU_4": 6.701444468735928e-09
  },
  "7": {
    "BLEU_1": 0.555555555432099,
    "BLEU_2": 0.4564354644830389,
    "ROUGE_L": 0.4756335282651072,
    "CIDEr": 0.0,
    "METEOR": 0.24674071059925035,
    "SPICE": 0.25,
    "BLEU_4": 8.392229810515858e-09
  },
  "8": {
    "BLEU_1": 0.4444444443456792,
    "BLEU_2": 0.3333333332569446,
    "ROUGE_L": 0.35672514619883033,
    "CIDEr": 0.0,
    "METEOR": 0.2429053627661014,
    "SPICE": 0.16666666666666666,
    "BLEU_4": 7.171781505449111e-09
  },
  "9": {
    "BLEU_1": 0.6249999998437503,
    "BLEU_2": 0.5175491693727575,
    "ROUGE_L": 0.5,
    "CIDEr": 0.0,
    "METEOR": 0.24870416452974842,
    "SPICE": 0.26086956521739124,
    "BLEU_4": 9.720654206312743e-09
  }
}