{
  "0": {
    "BLEU_1": 0.3715190997867868,
    "BLEU_2": 7.326455450859374e-09,
    "ROUGE_L": 0.24448897795591182,
    "CIDEr": 0.0,
    "METEOR": 0.2295251434710312,
    "SPICE": 0.0,
    "BLEU_4": 1.1917040716272326e-12
  },
  "1": {
    "BLEU_1": 0.3749999999062502,
    "BLEU_2": 7.319250545218839e-09,
    "ROUGE_L": 0.232824427480916,
    "CIDEr": 0.0,
    "METEOR": 0.22784977746029375,
    "SPICE": 0.06060606060606061,
    "BLEU_4": 1.1559871144628244e-12
  },
  "2": {
    "BLEU_1": 0.29999999994000015,
    "BLEU_2": 5.773502690709485e-09,
    "ROUGE_L": 0.21254355400696867,
    "CIDEr": 0.0,
    "METEOR": 0.2182896469374842,
    "SPICE": 0.05714285714285715,
    "BLEU_4": 8.783602617783837e-13
  },
  "3": {
    "BLEU_1": 0.36363636360330587,
    "BLEU_2": 6.03022689097966e-09,
    "ROUGE_L": 0.2036727879799666,
    "CIDEr": 0.0,
    "METEOR": 0.21091499670310973,
    "SPICE": 0.0,
    "BLEU_4": 8.430118945584141e-13
  },
  "4": {
    "BLEU_1": 0.3333333332592594,
    "BLEU_2": 6.454972242199766e-09,
    "ROUGE_L": 0.2222222222222222,
    "CIDEr": 0.0,
    "METEOR": 0.21982689797225524,
    "SPICE": 0.05555555555555556,
    "BLEU_4": 9.980099401403394e-13
  },
  "5": {
    "BLEU_1": 0.27272727270247943,
    "BLEU_2": 5.222329678172441e-09,
    "ROUGE_L": 0.2036727879799666,
    "CIDEr": 0.0,
    "METEOR": 0.2067246325302003,
    "SPICE": 0.05555555555555556,
    "BLEU_4": 7.84510965356927e-13
  },
  "6": {
    "BLEU_1": 0.30769230766863914,
    "BLEU_2": 5.063696835012589e-09,
    "ROUGE_L": 0.18798151001540828,
    "CIDEr": 0.0,
    "METEOR": 0.19882432810229453,
    "SPICE": 0.05263157894736841,
    "BLEU_4": 6.948413844184121e-13
  },
  "7": {
    "BLEU_1": 0.36363636360330587,
    "BLEU_2": 6.03022689097966e-09,
    "ROUGE_L": 0.2036727879799666,
    "CIDEr": 0.0,
    "METEOR": 0.21091499670310973,
    "SPICE": 0.05405405405405406,
    "BLEU_4": 8.430118945584141e-13
  },
  "8": {
    "BLEU_1": 0.36363636360330587,
    "BLEU_2": 6.03022689097966e-09,
    "ROUGE_L": 0.2036727879799666,
    "CIDEr": 0.0,
    "METEOR": 0.21091499670310973,
    "SPICE": 0.05405405405405406,
    "BLEU_4": 8.430118945584141e-13
  },
  "9": {
    "BLEU_1": 0.4166666665972223,
    "BLEU_2": 6.1545745479175624e-09,
    "ROUGE_L": 0.19551282051282048,
    "CIDEr": 0.0,
    "METEOR": 0.2067246325302003,
    "SPICE": 0.0,
    "BLEU_4": 8.054496383396537e-13
  }
}