{
  "0": {
    "BLEU_1": 0.32206169694024794,
    "BLEU_2": 6.3511423138542446e-09,
    "ROUGE_L": 0.20098846787479407,
    "CIDEr": 0.0,
    "METEOR": 0.20152244342408648,
    "SPICE": 0.13953488372093023,
    "BLEU_4": 1.0330619227359553e-12
  },
  "1": {
    "BLEU_1": 0.27777777776234575,
    "BLEU_2": 0.12782749813391808,
    "ROUGE_L": 0.15762273901808785,
    "CIDEr": 0.0,
    "METEOR": 0.1291480303412054,
    "SPICE": 0.11764705882352941,
    "BLEU_4": 2.8724953479163113e-09
  },
  "2": {
    "BLEU_1": 0.2857142856734695,
    "BLEU_2": 0.14824986331063453,
    "ROUGE_L": 0.18100890207715134,
    "CIDEr": 0.0,
    "METEOR": 0.08602150537634408,
    "SPICE": 0.0,
    "BLEU_4": 3.592143419796611e-09
  },
  "3": {
    "BLEU_1": 0.35714285709183685,
    "BLEU_2": 0.16574838600881542,
    "ROUGE_L": 0.18100890207715134,
    "CIDEr": 0.0,
    "METEOR": 0.16099906910140113,
    "SPICE": 0.13043478260869565,
    "BLEU_4": 3.798229226250051e-09
  },
  "4": {
    "BLEU_1": 0.3333333332592594,
    "BLEU_2": 0.20412414518515326,
    "ROUGE_L": 0.2222222222222222,
    "CIDEr": 0.0,
    "METEOR": 0.07640449438202247,
    "SPICE": 0.0,
    "BLEU_4": 5.612222322916596e-09
  },
  "5": {
    "BLEU_1": 0.24902746803170303,
    "BLEU_2": 0.15079362035255212,
    "ROUGE_L": 0.2036727879799666,
    "CIDEr": 0.0,
    "METEOR": 0.11786372007366484,
    "SPICE": 0.13333333333333333,
    "BLEU_4": 4.028261927173181e-09
  },
  "6": {
    "BLEU_1": 0.2499999999583334,
    "BLEU_2": 0.15075567226318493,
    "ROUGE_L": 0.19551282051282048,
    "CIDEr": 0.0,
    "METEOR": 0.10608930987821381,
    "SPICE": 0.08695652173913045,
    "BLEU_4": 3.98635712755178e-09
  },
  "7": {
    "BLEU_1": 0.2999999999700001,
    "BLEU_2": 0.18257418581578377,
    "ROUGE_L": 0.21254355400696867,
    "CIDEr": 0.0,
    "METEOR": 0.11985018726591762,
    "SPICE": 0.0909090909090909,
    "BLEU_4": 4.939382736523921e-09
  },
  "8": {
    "BLEU_1": 0.14285714283673479,
    "BLEU_2": 0.10482848365692844,
    "ROUGE_L": 0.18100890207715134,
    "CIDEr": 0.0,
    "METEOR": 0.10484927916120577,
    "SPICE": 0.08333333333333333,
    "BLEU_4": 3.02062052478419e-09
  },
  "9": {
    "BLEU_1": 0.16601831202113534,
    "BLEU_2": 0.12312247544357238,
    "ROUGE_L": 0.2036727879799666,
    "CIDEr": 0.0,
    "METEOR": 0.07608695652173912,
    "SPICE": 0.04444444444444444,
    "BLEU_4": 3.639945548458941e-09
  }
}