{
  "0": {
    "BLEU_1": 0.12383969992892904,
    "BLEU_2": 4.229931026759462e-09,
    "ROUGE_L": 0.13174946004319654,
    "CIDEr": 0.0,
    "METEOR": 0.15145891007931472,
    "SPICE": 0.08333333333333333,
    "BLEU_4": 9.054992803586729e-13
  },
  "1": {
    "BLEU_1": 0.1111111110864199,
    "BLEU_2": 3.726779961645599e-09,
    "ROUGE_L": 0.1189083820662768,
    "CIDEr": 0.0,
    "METEOR": 0.14488960795539263,
    "SPICE": 0.07999999999999999,
    "BLEU_4": 7.583235671536399e-13
  },
  "2": {
    "BLEU_1": 0.3333333332592594,
    "BLEU_2": 6.454972242199766e-09,
    "ROUGE_L": 0.19645732689210954,
    "CIDEr": 0.0,
    "METEOR": 0.1492039387133696,
    "SPICE": 0.08333333333333333,
    "BLEU_4": 9.980099401403394e-13
  },
  "3": {
    "BLEU_1": 0.357142857117347,
    "BLEU_2": 0.16574838602065456,
    "ROUGE_L": 0.332425068119891,
    "CIDEr": 0.0,
    "METEOR": 0.17544498828580832,
    "SPICE": 0.13793103448275862,
    "BLEU_4": 3.7982292265213524e-09
  },
  "4": {
    "BLEU_1": 0.38461538458579886,
    "BLEU_2": 0.25318484175062944,
    "ROUGE_L": 0.34414668547249644,
    "CIDEr": 0.0,
    "METEOR": 0.18765013018503476,
    "SPICE": 0.14814814814814817,
    "BLEU_4": 2.7629350708196858e-05
  },
  "5": {
    "BLEU_1": 0.3999999999733334,
    "BLEU_2": 0.23904572185037326,
    "ROUGE_L": 0.36802413273001505,
    "CIDEr": 0.0,
    "METEOR": 0.1955844536419599,
    "SPICE": 0.14285714285714285,
    "BLEU_4": 2.4601372575092587e-05
  },
  "6": {
    "BLEU_1": 0.28571428569387763,
    "BLEU_2": 0.20965696732883227,
    "ROUGE_L": 0.28683385579937304,
    "CIDEr": 0.0,
    "METEOR": 0.16472440033299576,
    "SPICE": 0.13793103448275862,
    "BLEU_4": 2.4022110862454197e-05
  },
  "7": {
    "BLEU_1": 0.42857142854081637,
    "BLEU_2": 0.2567762954875012,
    "ROUGE_L": 0.40884718498659517,
    "CIDEr": 0.0,
    "METEOR": 0.23286452939408717,
    "SPICE": 0.14285714285714285,
    "BLEU_4": 2.6584835764514756e-05
  },
  "8": {
    "BLEU_1": 0.3157894736675901,
    "BLEU_2": 0.1324532356993396,
    "ROUGE_L": 0.35017221584385766,
    "CIDEr": 0.0,
    "METEOR": 0.15884640594715754,
    "SPICE": 0.12121212121212122,
    "BLEU_4": 2.833929617442683e-09
  },
  "9": {
    "BLEU_1": 0.24999999993750016,
    "BLEU_2": 5.976143045124577e-09,
    "ROUGE_L": 0.25,
    "CIDEr": 0.0,
    "METEOR": 0.19272062936583076,
    "SPICE": 0.1739130434782609,
    "BLEU_4": 1.0445522727757714e-12
  }
}