{
  "0": {
    "BLEU_1": 0.22062422559099293,
    "BLEU_2": 5.273927726724911e-09,
    "ROUGE_L": 0.16486486486486487,
    "CIDEr": 0.0,
    "METEOR": 0.11034482758620692,
    "SPICE": 0.11764705882352941,
    "BLEU_4": 9.218141453123176e-13
  },
  "1": {
    "BLEU_1": 0.24902746803170303,
    "BLEU_2": 4.768512969367871e-09,
    "ROUGE_L": 0.2036727879799666,
    "CIDEr": 0.0,
    "METEOR": 0.09900990099009901,
    "SPICE": 0.0,
    "BLEU_4": 7.163375243335776e-13
  },
  "2": {
    "BLEU_1": 0.2499999999583334,
    "BLEU_2": 4.7673129454153526e-09,
    "ROUGE_L": 0.19551282051282048,
    "CIDEr": 0.0,
    "METEOR": 0.10171611231117751,
    "SPICE": 0.0,
    "BLEU_4": 7.088856800987232e-13
  },
  "3": {
    "BLEU_1": 0.4999999999166667,
    "BLEU_2": 0.3692744728750537,
    "ROUGE_L": 0.2932692307692307,
    "CIDEr": 0.0,
    "METEOR": 0.21836327406734882,
    "SPICE": 0.11764705882352941,
    "BLEU_4": 4.1722614478618695e-05
  },
  "4": {
    "BLEU_1": 0.26666666664888894,
    "BLEU_2": 0.13801311185894144,
    "ROUGE_L": 0.3490701001430615,
    "CIDEr": 0.0,
    "METEOR": 0.0833745179275113,
    "SPICE": 0.0,
    "BLEU_4": 3.324137843193063e-09
  },
  "5": {
    "BLEU_1": 0.6153846152899412,
    "BLEU_2": 0.39223227021476764,
    "ROUGE_L": 0.41780821917808214,
    "CIDEr": 0.0,
    "METEOR": 0.22786992056264394,
    "SPICE": 0.18181818181818182,
    "BLEU_4": 4.089601471370063e-05
  },
  "6": {
    "BLEU_1": 0.44444444441975317,
    "BLEU_2": 0.28005601678958575,
    "ROUGE_L": 0.39102564102564097,
    "CIDEr": 0.0,
    "METEOR": 0.20418047337543838,
    "SPICE": 0.16216216216216214,
    "BLEU_4": 2.8433291813576494e-05
  },
  "7": {
    "BLEU_1": 0.3913043478090738,
    "BLEU_2": 0.2667325346727717,
    "ROUGE_L": 0.3829596412556054,
    "CIDEr": 0.0,
    "METEOR": 0.20771523133440886,
    "SPICE": 0.15,
    "BLEU_4": 2.4125880496004687e-05
  },
  "8": {
    "BLEU_1": 0.33333333332222226,
    "BLEU_2": 0.1516196087106396,
    "ROUGE_L": 0.3782945736434108,
    "CIDEr": 0.0,
    "METEOR": 0.1984248718363783,
    "SPICE": 0.2222222222222222,
    "BLEU_4": 2.34826571218133e-09
  },
  "9": {
    "BLEU_1": 0.33333333331746035,
    "BLEU_2": 0.18257418582614404,
    "ROUGE_L": 0.28638497652582157,
    "CIDEr": 0.0,
    "METEOR": 0.20348590245214865,
    "SPICE": 0.15,
    "BLEU_4": 3.1420504921100437e-09
  }
}