{
  "0": {
    "BLEU_1": 0.4043537730069712,
    "BLEU_2": 7.003612790685742e-09,
    "ROUGE_L": 0.3588235294117647,
    "CIDEr": 0.0,
    "METEOR": 0.24003720122037833,
    "SPICE": 0.16,
    "BLEU_4": 1.1073684133627694e-12
  },
  "1": {
    "BLEU_1": 0.3594631711499922,
    "BLEU_2": 0.28418058893812126,
    "ROUGE_L": 0.5030927835051546,
    "CIDEr": 0.0,
    "METEOR": 0.28935617347946824,
    "SPICE": 0.16666666666666669,
    "BLEU_4": 4.060145520447919e-05
  },
  "2": {
    "BLEU_1": 0.32206169694024794,
    "BLEU_2": 6.3511423138542446e-09,
    "ROUGE_L": 0.17967599410898377,
    "CIDEr": 0.0,
    "METEOR": 0.1940298507462687,
    "SPICE": 0.28571428571428575,
    "BLEU_4": 1.0330619227359553e-12
  },
  "3": {
    "BLEU_1": 0.4294155959203306,
    "BLEU_2": 7.333667449130742e-09,
    "ROUGE_L": 0.2695139911634757,
    "CIDEr": 0.0,
    "METEOR": 0.2530488540928622,
    "SPICE": 0.35714285714285715,
    "BLEU_4": 1.1100972798838728e-12
  },
  "4": {
    "BLEU_1": 0.6065306595104567,
    "BLEU_2": 0.27124875701611145,
    "ROUGE_L": 0.31443298969072164,
    "CIDEr": 0.0,
    "METEOR": 0.2498502969156983,
    "SPICE": 0.14814814814814814,
    "BLEU_4": 6.891518816432708e-09
  },
  "5": {
    "BLEU_1": 0.6065306595104567,
    "BLEU_2": 0.27124875701611145,
    "ROUGE_L": 0.31443298969072164,
    "CIDEr": 0.0,
    "METEOR": 0.2498502969156983,
    "SPICE": 0.14814814814814814,
    "BLEU_4": 6.891518816432708e-09
  },
  "6": {
    "BLEU_1": 0.6065306595104567,
    "BLEU_2": 0.27124875701611145,
    "ROUGE_L": 0.31443298969072164,
    "CIDEr": 0.0,
    "METEOR": 0.2498502969156983,
    "SPICE": 0.14814814814814814,
    "BLEU_4": 6.891518816432708e-09
  },
  "7": {
    "BLEU_1": 0.6065306595104567,
    "BLEU_2": 0.27124875701611145,
    "ROUGE_L": 0.31443298969072164,
    "CIDEr": 0.0,
    "METEOR": 0.2498502969156983,
    "SPICE": 0.14814814814814814,
    "BLEU_4": 6.891518816432708e-09
  },
  "8": {
    "BLEU_1": 0.6065306595104567,
    "BLEU_2": 0.27124875701611145,
    "ROUGE_L": 0.31443298969072164,
    "CIDEr": 0.0,
    "METEOR": 0.2498502969156983,
    "SPICE": 0.14814814814814814,
    "BLEU_4": 6.891518816432708e-09
  },
  "9": {
    "BLEU_1": 0.6065306595104567,
    "BLEU_2": 0.27124875701611145,
    "ROUGE_L": 0.31443298969072164,
    "CIDEr": 0.0,
    "METEOR": 0.2498502969156983,
    "SPICE": 0.14814814814814814,
    "BLEU_4": 6.891518816432708e-09
  }
}