{
  "0": {
    "BLEU_1": 0.2982797722051723,
    "BLEU_2": 5.776162951265759e-09,
    "ROUGE_L": 0.10427350427350426,
    "CIDEr": 0.0,
    "METEOR": 0.148975791433892,
    "SPICE": 0.125,
    "BLEU_4": 8.930585330091313e-13
  },
  "1": {
    "BLEU_1": 0.18181818178512404,
    "BLEU_2": 4.2640143263175525e-09,
    "ROUGE_L": 0.09606299212598425,
    "CIDEr": 0.0,
    "METEOR": 0.13411466840011838,
    "SPICE": 0.125,
    "BLEU_4": 7.088856800859686e-13
  },
  "2": {
    "BLEU_1": 0.29999999994000015,
    "BLEU_2": 5.773502690709485e-09,
    "ROUGE_L": 0.1,
    "CIDEr": 0.0,
    "METEOR": 0.14652014652014653,
    "SPICE": 0.12121212121212122,
    "BLEU_4": 8.783602617783837e-13
  },
  "3": {
    "BLEU_1": 0.2499999999583334,
    "BLEU_2": 4.7673129454153526e-09,
    "ROUGE_L": 0.09242424242424242,
    "CIDEr": 0.0,
    "METEOR": 0.14336917562724014,
    "SPICE": 0.058823529411764705,
    "BLEU_4": 7.088856800987232e-13
  },
  "4": {
    "BLEU_1": 0.5833333332361111,
    "BLEU_2": 0.32566947358395304,
    "ROUGE_L": 0.25,
    "CIDEr": 0.0,
    "METEOR": 0.2675203320174052,
    "SPICE": 0.25,
    "BLEU_4": 5.859059369098998e-09
  },
  "5": {
    "BLEU_1": 0.5999999999600001,
    "BLEU_2": 0.35856858277555986,
    "ROUGE_L": 0.30235439900867406,
    "CIDEr": 0.0,
    "METEOR": 0.2551732397704481,
    "SPICE": 0.23529411764705882,
    "BLEU_4": 3.0130404890538334e-05
  },
  "6": {
    "BLEU_1": 0.388888888867284,
    "BLEU_2": 0.21389631596101674,
    "ROUGE_L": 0.3012345679012346,
    "CIDEr": 0.0,
    "METEOR": 0.25826357312406945,
    "SPICE": 0.15789473684210525,
    "BLEU_4": 3.7157701522892835e-09
  },
  "7": {
    "BLEU_1": 0.49999999997222233,
    "BLEU_2": 0.3429971702654019,
    "ROUGE_L": 0.3012345679012346,
    "CIDEr": 0.0,
    "METEOR": 0.28579022926290587,
    "SPICE": 0.17142857142857143,
    "BLEU_4": 2.646015952198224e-05
  },
  "8": {
    "BLEU_1": 0.4285714285510205,
    "BLEU_2": 0.25354627640617955,
    "ROUGE_L": 0.3446327683615819,
    "CIDEr": 0.0,
    "METEOR": 0.25922469442726404,
    "SPICE": 0.17142857142857143,
    "BLEU_4": 2.0821983208077135e-05
  },
  "9": {
    "BLEU_1": 0.3999999999733334,
    "BLEU_2": 0.23904572185037326,
    "ROUGE_L": 0.2489795918367347,
    "CIDEr": 0.0,
    "METEOR": 0.2746412252579361,
    "SPICE": 0.1875,
    "BLEU_4": 2.4601372575092587e-05
  }
}