{
  "0": {
    "BLEU_1": 9.196986024687569e-17,
    "BLEU_2": 1.0619764713730698e-16,
    "ROUGE_L": 0.0,
    "CIDEr": 0.0,
    "METEOR": 0.07792207792207793,
    "SPICE": 0.07142857142857142,
    "BLEU_4": 1.6620829993657386e-16
  },
  "1": {
    "BLEU_1": 1.194218850558243e-16,
    "BLEU_2": 1.3082012060754779e-16,
    "ROUGE_L": 0.0,
    "CIDEr": 0.0,
    "METEOR": 0.07500000000000001,
    "SPICE": 0.0,
    "BLEU_4": 1.6449759291817379e-16
  },
  "2": {
    "BLEU_1": 0.12383969992892904,
    "BLEU_2": 4.229931026759462e-09,
    "ROUGE_L": 0.11401869158878504,
    "CIDEr": 0.0,
    "METEOR": 0.10714285714285715,
    "SPICE": 0.0,
    "BLEU_4": 9.054992803586729e-13
  },
  "3": {
    "BLEU_1": 0.12383969992892904,
    "BLEU_2": 4.229931026759462e-09,
    "ROUGE_L": 0.11401869158878504,
    "CIDEr": 0.0,
    "METEOR": 0.10714285714285715,
    "SPICE": 0.0,
    "BLEU_4": 9.054992803586729e-13
  },
  "4": {
    "BLEU_1": 1.2383969992892892e-16,
    "BLEU_2": 1.3376216389974536e-16,
    "ROUGE_L": 0.0,
    "CIDEr": 0.0,
    "METEOR": 0.09515418502202644,
    "SPICE": 0.06451612903225806,
    "BLEU_4": 1.61023072606689e-16
  },
  "5": {
    "BLEU_1": 1.2383969992892892e-16,
    "BLEU_2": 1.3376216389974536e-16,
    "ROUGE_L": 0.0,
    "CIDEr": 0.0,
    "METEOR": 0.09515418502202644,
    "SPICE": 0.0,
    "BLEU_4": 1.61023072606689e-16
  },
  "6": {
    "BLEU_1": 0.24767939985785795,
    "BLEU_2": 5.982025825945981e-09,
    "ROUGE_L": 0.22803738317757008,
    "CIDEr": 0.0,
    "METEOR": 0.125,
    "SPICE": 0.0,
    "BLEU_4": 1.0768261868323776e-12
  },
  "7": {
    "BLEU_1": 0.24999999993750016,
    "BLEU_2": 5.976143045124577e-09,
    "ROUGE_L": 0.21785714285714283,
    "CIDEr": 0.0,
    "METEOR": 0.12416851441241686,
    "SPICE": 0.06896551724137931,
    "BLEU_4": 1.0445522727757714e-12
  },
  "8": {
    "BLEU_1": 1.194218850558243e-16,
    "BLEU_2": 1.3082012060754779e-16,
    "ROUGE_L": 0.0,
    "CIDEr": 0.0,
    "METEOR": 0.0736196319018405,
    "SPICE": 0.07142857142857142,
    "BLEU_4": 1.6449759291817379e-16
  },
  "9": {
    "BLEU_1": 1.2383969992892892e-16,
    "BLEU_2": 1.3376216389974536e-16,
    "ROUGE_L": 0.0,
    "CIDEr": 0.0,
    "METEOR": 0.09515418502202644,
    "SPICE": 0.06896551724137931,
    "BLEU_4": 1.61023072606689e-16
  }
}