{
  "0": {
    "BLEU_1": 0.5971094252791215,
    "BLEU_2": 9.250379439723905e-09,
    "ROUGE_L": 0.33516483516483514,
    "CIDEr": 0.0,
    "METEOR": 0.23076923076923075,
    "SPICE": 0.23529411764705882,
    "BLEU_4": 1.3832543620275715e-12
  },
  "1": {
    "BLEU_1": 0.7777777776913581,
    "BLEU_2": 0.3118047821943517,
    "ROUGE_L": 0.35672514619883033,
    "CIDEr": 0.0,
    "METEOR": 0.3271287894634057,
    "SPICE": 0.2702702702702703,
    "BLEU_4": 6.936319082866856e-09
  },
  "2": {
    "BLEU_1": 0.8888888887901236,
    "BLEU_2": 0.4714045207353799,
    "ROUGE_L": 0.4006568144499179,
    "CIDEr": 0.0,
    "METEOR": 0.3271287894634057,
    "SPICE": 0.3243243243243243,
    "BLEU_4": 8.528733594472644e-09
  },
  "3": {
    "BLEU_1": 0.636363636247934,
    "BLEU_2": 0.35675303393985225,
    "ROUGE_L": 0.36363636363636365,
    "CIDEr": 0.0,
    "METEOR": 0.2653689300093547,
    "SPICE": 0.3243243243243243,
    "BLEU_4": 6.48411507011597e-09
  },
  "4": {
    "BLEU_1": 0.545454545355372,
    "BLEU_2": 7.385489457383579e-09,
    "ROUGE_L": 0.25884016973125884,
    "CIDEr": 0.0,
    "METEOR": 0.3016478678558858,
    "SPICE": 0.30769230769230765,
    "BLEU_4": 9.329460217152974e-13
  },
  "5": {
    "BLEU_1": 0.6666666666111113,
    "BLEU_2": 0.3481553118810641,
    "ROUGE_L": 0.3505747126436781,
    "CIDEr": 0.0,
    "METEOR": 0.2731132551770082,
    "SPICE": 0.30769230769230765,
    "BLEU_4": 6.057952803035667e-09
  },
  "6": {
    "BLEU_1": 0.545454545355372,
    "BLEU_2": 0.3302891294763544,
    "ROUGE_L": 0.36363636363636365,
    "CIDEr": 0.0,
    "METEOR": 0.2618695595037368,
    "SPICE": 0.16216216216216214,
    "BLEU_4": 6.2389860708842774e-09
  },
  "7": {
    "BLEU_1": 0.4999999999583334,
    "BLEU_2": 0.30151134455149564,
    "ROUGE_L": 0.2629310344827586,
    "CIDEr": 0.0,
    "METEOR": 0.18951086543033585,
    "SPICE": 0.21052631578947364,
    "BLEU_4": 5.637560314716176e-09
  },
  "8": {
    "BLEU_1": 0.5714285713877553,
    "BLEU_2": 0.29649972664244745,
    "ROUGE_L": 0.3270777479892761,
    "CIDEr": 0.0,
    "METEOR": 0.26278544300644907,
    "SPICE": 0.25,
    "BLEU_4": 5.080057942628497e-09
  },
  "9": {
    "BLEU_1": 0.5384615383786985,
    "BLEU_2": 0.29957234471059097,
    "ROUGE_L": 0.42302357836338417,
    "CIDEr": 0.0,
    "METEOR": 0.2157676348547718,
    "SPICE": 0.15,
    "BLEU_4": 5.344445933910239e-09
  }
}