{
  "0": {
    "BLEU_1": 0.4723665525048317,
    "BLEU_2": 0.4723665524851498,
    "ROUGE_L": 0.5304347826086957,
    "CIDEr": 0.0,
    "METEOR": 0.21023037303012262,
    "SPICE": 0.25,
    "BLEU_4": 0.4723665523768993
  },
  "1": {
    "BLEU_1": 1.340640091535023e-16,
    "BLEU_2": 1.4988811889794536e-16,
    "ROUGE_L": 0.0,
    "CIDEr": 0.0,
    "METEOR": 0.08981288981288982,
    "SPICE": 0.0,
    "BLEU_4": 2.0252884943922996e-16
  },
  "2": {
    "BLEU_1": 1.340640091535023e-16,
    "BLEU_2": 1.4988811889794536e-16,
    "ROUGE_L": 0.0,
    "CIDEr": 0.0,
    "METEOR": 0.08870636550308009,
    "SPICE": 0.0,
    "BLEU_4": 2.0252884943922996e-16
  },
  "3": {
    "BLEU_1": 1.4108028743474226e-16,
    "BLEU_2": 1.5454571169206621e-16,
    "ROUGE_L": 0.0,
    "CIDEr": 0.0,
    "METEOR": 0.08709677419354839,
    "SPICE": 0.0,
    "BLEU_4": 1.943309442852187e-16
  },
  "4": {
    "BLEU_1": 0.1428571428163267,
    "BLEU_2": 4.879500363290437e-09,
    "ROUGE_L": 0.13174946004319654,
    "CIDEr": 0.0,
    "METEOR": 0.08554455445544557,
    "SPICE": 0.07142857142857142,
    "BLEU_4": 1.0445522727244761e-12
  },
  "5": {
    "BLEU_1": 1.4108028743474226e-16,
    "BLEU_2": 1.5454571169206621e-16,
    "ROUGE_L": 0.0,
    "CIDEr": 0.0,
    "METEOR": 0.08709677419354839,
    "SPICE": 0.0,
    "BLEU_4": 1.943309442852187e-16
  },
  "6": {
    "BLEU_1": 1.4108028743474226e-16,
    "BLEU_2": 1.5454571169206621e-16,
    "ROUGE_L": 0.0,
    "CIDEr": 0.0,
    "METEOR": 0.08709677419354839,
    "SPICE": 0.0,
    "BLEU_4": 1.943309442852187e-16
  },
  "7": {
    "BLEU_1": 1.4108028743474226e-16,
    "BLEU_2": 1.5454571169206621e-16,
    "ROUGE_L": 0.0,
    "CIDEr": 0.0,
    "METEOR": 0.08709677419354839,
    "SPICE": 0.0,
    "BLEU_4": 1.943309442852187e-16
  },
  "8": {
    "BLEU_1": 1.4108028743474226e-16,
    "BLEU_2": 1.5454571169206621e-16,
    "ROUGE_L": 0.0,
    "CIDEr": 0.0,
    "METEOR": 0.08709677419354839,
    "SPICE": 0.0,
    "BLEU_4": 1.943309442852187e-16
  },
  "9": {
    "BLEU_1": 1.4108028743474226e-16,
    "BLEU_2": 1.5454571169206621e-16,
    "ROUGE_L": 0.0,
    "CIDEr": 0.0,
    "METEOR": 0.08709677419354839,
    "SPICE": 0.0,
    "BLEU_4": 1.943309442852187e-16
  }
}