{
  "0": {
    "BLEU_1": 0.24767939985785795,
    "BLEU_2": 5.982025825945981e-09,
    "ROUGE_L": 0.2136602451838879,
    "CIDEr": 0.0,
    "METEOR": 0.0973279418542404,
    "SPICE": 0.0,
    "BLEU_4": 1.0768261868323776e-12
  },
  "1": {
    "BLEU_1": 0.22222222219753096,
    "BLEU_2": 5.270462766325093e-09,
    "ROUGE_L": 0.19645732689210954,
    "CIDEr": 0.0,
    "METEOR": 0.0948482490681451,
    "SPICE": 0.06666666666666667,
    "BLEU_4": 9.018037816335524e-13
  },
  "2": {
    "BLEU_1": 0.22222222219753096,
    "BLEU_2": 5.270462766325093e-09,
    "ROUGE_L": 0.19645732689210954,
    "CIDEr": 0.0,
    "METEOR": 0.20703731950497123,
    "SPICE": 0.0,
    "BLEU_4": 9.018037816335524e-13
  },
  "3": {
    "BLEU_1": 0.3619349671419969,
    "BLEU_2": 0.19075647683675923,
    "ROUGE_L": 0.28328173374613,
    "CIDEr": 0.0,
    "METEOR": 0.2647241643049839,
    "SPICE": 0.07142857142857142,
    "BLEU_4": 4.802616575495893e-09
  },
  "4": {
    "BLEU_1": 0.545454545355372,
    "BLEU_2": 0.23354968320493186,
    "ROUGE_L": 0.41049798115746977,
    "CIDEr": 0.0,
    "METEOR": 0.26286679387596074,
    "SPICE": 0.06896551724137931,
    "BLEU_4": 5.246341021824447e-09
  },
  "5": {
    "BLEU_1": 0.636363636247934,
    "BLEU_2": 0.43693144867122347,
    "ROUGE_L": 0.4925975773889637,
    "CIDEr": 0.0,
    "METEOR": 0.2922778210798458,
    "SPICE": 0.0,
    "BLEU_4": 7.175852913353726e-09
  },
  "6": {
    "BLEU_1": 0.545454545355372,
    "BLEU_2": 0.23354968320493186,
    "ROUGE_L": 0.41049798115746977,
    "CIDEr": 0.0,
    "METEOR": 0.268518776995889,
    "SPICE": 0.06896551724137931,
    "BLEU_4": 5.246341021824447e-09
  },
  "7": {
    "BLEU_1": 0.5833333332847223,
    "BLEU_2": 0.39886201757398354,
    "ROUGE_L": 0.4765625000000001,
    "CIDEr": 0.0,
    "METEOR": 0.2902460236624524,
    "SPICE": 0.0,
    "BLEU_4": 6.484115070772977e-09
  },
  "8": {
    "BLEU_1": 0.545454545355372,
    "BLEU_2": 0.23354968320493186,
    "ROUGE_L": 0.41049798115746977,
    "CIDEr": 0.0,
    "METEOR": 0.268518776995889,
    "SPICE": 0.06896551724137931,
    "BLEU_4": 5.246341021824447e-09
  },
  "9": {
    "BLEU_1": 0.6333861924984946,
    "BLEU_2": 0.4370779972037695,
    "ROUGE_L": 0.5097493036211699,
    "CIDEr": 0.0,
    "METEOR": 0.3028789779433007,
    "SPICE": 0.0,
    "BLEU_4": 7.2697209601484576e-09
  }
}