{
  "0": {
    "BLEU_1": 0.4166666665972223,
    "BLEU_2": 0.19462473600720623,
    "ROUGE_L": 0.2932692307692307,
    "CIDEr": 0.0,
    "METEOR": 0.20406815843969472,
    "SPICE": 0.26666666666666666,
    "BLEU_4": 4.529376169980083e-09
  },
  "1": {
    "BLEU_1": 0.35294117644982703,
    "BLEU_2": 0.14852213143749163,
    "ROUGE_L": 0.2443257676902537,
    "CIDEr": 0.0,
    "METEOR": 0.19994366440574843,
    "SPICE": 0.22857142857142854,
    "BLEU_4": 3.2014060613745118e-09
  },
  "2": {
    "BLEU_1": 0.42857142854081637,
    "BLEU_2": 0.18156825978717286,
    "ROUGE_L": 0.271513353115727,
    "CIDEr": 0.0,
    "METEOR": 0.2082151964635687,
    "SPICE": 0.25806451612903225,
    "BLEU_4": 3.975360175943345e-09
  },
  "3": {
    "BLEU_1": 0.36363636360330587,
    "BLEU_2": 0.19069251783091612,
    "ROUGE_L": 0.28818897637795277,
    "CIDEr": 0.0,
    "METEOR": 0.1905703266914544,
    "SPICE": 0.25,
    "BLEU_4": 4.740604259372055e-09
  },
  "4": {
    "BLEU_1": 0.4545454545041323,
    "BLEU_2": 0.3015113445489831,
    "ROUGE_L": 0.28818897637795277,
    "CIDEr": 0.0,
    "METEOR": 0.1910110705088057,
    "SPICE": 0.27586206896551724,
    "BLEU_4": 5.9609942726317346e-09
  },
  "5": {
    "BLEU_1": 0.3076923076449706,
    "BLEU_2": 0.22645540679335416,
    "ROUGE_L": 0.2417437252311757,
    "CIDEr": 0.0,
    "METEOR": 0.1671280792416593,
    "SPICE": 0.2941176470588235,
    "BLEU_4": 4.646684392904646e-09
  },
  "6": {
    "BLEU_1": 0.3999999999200002,
    "BLEU_2": 0.21081851063455723,
    "ROUGE_L": 0.3,
    "CIDEr": 0.0,
    "METEOR": 0.19376424278125534,
    "SPICE": 0.25806451612903225,
    "BLEU_4": 5.307712169906119e-09
  },
  "7": {
    "BLEU_1": 0.4545454545041323,
    "BLEU_2": 0.21320071633525958,
    "ROUGE_L": 0.28818897637795277,
    "CIDEr": 0.0,
    "METEOR": 0.19268777476580393,
    "SPICE": 0.31249999999999994,
    "BLEU_4": 5.01257871520395e-09
  },
  "8": {
    "BLEU_1": 0.32206169694024794,
    "BLEU_2": 0.20084075455651398,
    "ROUGE_L": 0.22803738317757008,
    "CIDEr": 0.0,
    "METEOR": 0.15767126580386942,
    "SPICE": 0.2857142857142857,
    "BLEU_4": 5.809334106350273e-09
  },
  "9": {
    "BLEU_1": 0.36363636360330587,
    "BLEU_2": 0.19069251783091612,
    "ROUGE_L": 0.25884016973125884,
    "CIDEr": 0.0,
    "METEOR": 0.16271840911284874,
    "SPICE": 0.31249999999999994,
    "BLEU_4": 4.740604259372055e-09
  }
}