{
  "0": {
    "BLEU_1": 1.2499999996875005e-16,
    "BLEU_2": 1.3363062092161143e-16,
    "ROUGE_L": 0.0,
    "CIDEr": 0.0,
    "METEOR": 0.09234923492349235,
    "SPICE": 0.07142857142857144,
    "BLEU_4": 1.561969968017105e-16
  },
  "1": {
    "BLEU_1": 0.09090909089256209,
    "BLEU_2": 3.0151134452157307e-09,
    "ROUGE_L": 0.09606299212598425,
    "CIDEr": 0.0,
    "METEOR": 0.10622406639004152,
    "SPICE": 0.12903225806451613,
    "BLEU_4": 5.960994272089826e-13
  },
  "2": {
    "BLEU_1": 0.09090909089256209,
    "BLEU_2": 3.0151134452157307e-09,
    "ROUGE_L": 0.09606299212598425,
    "CIDEr": 0.0,
    "METEOR": 0.10622406639004152,
    "SPICE": 0.12903225806451613,
    "BLEU_4": 5.960994272089826e-13
  },
  "3": {
    "BLEU_1": 0.09090909089256209,
    "BLEU_2": 3.0151134452157307e-09,
    "ROUGE_L": 0.09606299212598425,
    "CIDEr": 0.0,
    "METEOR": 0.10622406639004152,
    "SPICE": 0.12903225806451613,
    "BLEU_4": 5.960994272089826e-13
  },
  "4": {
    "BLEU_1": 0.08333333332638898,
    "BLEU_2": 2.7524094125761097e-09,
    "ROUGE_L": 0.09242424242424242,
    "CIDEr": 0.0,
    "METEOR": 0.11928737412858248,
    "SPICE": 0.125,
    "BLEU_4": 5.386366368312954e-13
  },
  "5": {
    "BLEU_1": 0.06666666666222229,
    "BLEU_2": 2.1821789022092506e-09,
    "ROUGE_L": 0.08299319727891155,
    "CIDEr": 0.0,
    "METEOR": 0.11242927541522174,
    "SPICE": 0.1142857142857143,
    "BLEU_4": 4.179882048905089e-13
  },
  "6": {
    "BLEU_1": 0.35714285709183685,
    "BLEU_2": 5.241424182846418e-09,
    "ROUGE_L": 0.15601023017902813,
    "CIDEr": 0.0,
    "METEOR": 0.19795760748305158,
    "SPICE": 0.18181818181818185,
    "BLEU_4": 6.754312827648534e-13
  },
  "7": {
    "BLEU_1": 0.06249999999609382,
    "BLEU_2": 2.041241452187486e-09,
    "ROUGE_L": 0.08026315789473684,
    "CIDEr": 0.0,
    "METEOR": 0.12459016393442623,
    "SPICE": 0.058823529411764705,
    "BLEU_4": 3.8898185452049755e-13
  },
  "8": {
    "BLEU_1": 0.11764705881660904,
    "BLEU_2": 2.7116307225687105e-09,
    "ROUGE_L": 0.15541401273885352,
    "CIDEr": 0.0,
    "METEOR": 0.12873173830192675,
    "SPICE": 0.11111111111111112,
    "BLEU_4": 4.3257403657294177e-13
  },
  "9": {
    "BLEU_1": 0.14245555053844017,
    "BLEU_2": 3.3154725054661e-09,
    "ROUGE_L": 0.1471652593486128,
    "CIDEr": 0.0,
    "METEOR": 0.10865874363327675,
    "SPICE": 0.12903225806451613,
    "BLEU_4": 5.410294553698739e-13
  }
}