{
  "0": {
    "BLEU_1": 0.47768754022329724,
    "BLEU_2": 0.2616402412150957,
    "ROUGE_L": 0.2785388127853881,
    "CIDEr": 0.0,
    "METEOR": 0.20153470065156243,
    "SPICE": 0.19999999999999998,
    "BLEU_4": 7.356555998002494e-09
  },
  "1": {
    "BLEU_1": 0.6153846153372783,
    "BLEU_2": 7.16114873982052e-09,
    "ROUGE_L": 0.2417437252311757,
    "CIDEr": 0.0,
    "METEOR": 0.23266219239373603,
    "SPICE": 0.22857142857142856,
    "BLEU_4": 8.263103181487166e-13
  },
  "2": {
    "BLEU_1": 0.5384615384201185,
    "BLEU_2": 6.698641270034088e-09,
    "ROUGE_L": 0.2417437252311757,
    "CIDEr": 0.0,
    "METEOR": 0.23266219239373603,
    "SPICE": 0.22857142857142856,
    "BLEU_4": 7.991810714190136e-13
  },
  "3": {
    "BLEU_1": 0.555555555432099,
    "BLEU_2": 0.37267799616455977,
    "ROUGE_L": 0.4756335282651072,
    "CIDEr": 0.0,
    "METEOR": 0.2383446345364981,
    "SPICE": 0.25,
    "BLEU_4": 4.264366796762506e-05
  },
  "4": {
    "BLEU_1": 0.3333333332592594,
    "BLEU_2": 0.20412414518515326,
    "ROUGE_L": 0.2378167641325536,
    "CIDEr": 0.0,
    "METEOR": 0.14785563932750562,
    "SPICE": 0.12903225806451613,
    "BLEU_4": 5.612222322916596e-09
  },
  "5": {
    "BLEU_1": 0.545454545355372,
    "BLEU_2": 0.40451991740255755,
    "ROUGE_L": 0.32504440497335696,
    "CIDEr": 0.0,
    "METEOR": 0.2189633804156863,
    "SPICE": 0.24242424242424243,
    "BLEU_4": 6.904573081909778e-09
  },
  "6": {
    "BLEU_1": 0.5999999998800002,
    "BLEU_2": 0.4472135954080309,
    "ROUGE_L": 0.34014869888475835,
    "CIDEr": 0.0,
    "METEOR": 0.25650256356456325,
    "SPICE": 0.24242424242424243,
    "BLEU_4": 7.73055175524073e-09
  },
  "7": {
    "BLEU_1": 0.5999999998800002,
    "BLEU_2": 0.4472135954080309,
    "ROUGE_L": 0.34014869888475835,
    "CIDEr": 0.0,
    "METEOR": 0.22405555205326042,
    "SPICE": 0.24242424242424243,
    "BLEU_4": 7.73055175524073e-09
  },
  "8": {
    "BLEU_1": 0.545454545355372,
    "BLEU_2": 0.40451991740255755,
    "ROUGE_L": 0.32504440497335696,
    "CIDEr": 0.0,
    "METEOR": 0.2511419027329695,
    "SPICE": 0.24242424242424243,
    "BLEU_4": 6.904573081909778e-09
  },
  "9": {
    "BLEU_1": 0.545454545355372,
    "BLEU_2": 0.40451991740255755,
    "ROUGE_L": 0.32504440497335696,
    "CIDEr": 0.0,
    "METEOR": 0.2404140257120901,
    "SPICE": 0.23529411764705882,
    "BLEU_4": 6.904573081909778e-09
  }
}