{
  "0": {
    "BLEU_1": 0.555555555432099,
    "BLEU_2": 0.26352313828697443,
    "ROUGE_L": 0.20854700854700853,
    "CIDEr": 0.0,
    "METEOR": 0.13053584093785833,
    "SPICE": 0.19999999999999998,
    "BLEU_4": 6.376715692219053e-09
  },
  "1": {
    "BLEU_1": 0.555555555432099,
    "BLEU_2": 0.26352313828697443,
    "ROUGE_L": 0.20854700854700853,
    "CIDEr": 0.0,
    "METEOR": 0.13053584093785833,
    "SPICE": 0.19999999999999998,
    "BLEU_4": 6.376715692219053e-09
  },
  "2": {
    "BLEU_1": 0.24767939985785795,
    "BLEU_2": 0.18916826631939285,
    "ROUGE_L": 0.22803738317757008,
    "CIDEr": 0.0,
    "METEOR": 0.13622096192037297,
    "SPICE": 0.14814814814814814,
    "BLEU_4": 6.055438649029897e-09
  },
  "3": {
    "BLEU_1": 0.4666666666355556,
    "BLEU_2": 0.31622776599500324,
    "ROUGE_L": 0.22676579925650556,
    "CIDEr": 0.0,
    "METEOR": 0.14715984808361146,
    "SPICE": 0.1818181818181818,
    "BLEU_4": 5.03174762615483e-09
  },
  "4": {
    "BLEU_1": 0.4444444443456792,
    "BLEU_2": 0.3333333332569446,
    "ROUGE_L": 0.2785388127853881,
    "CIDEr": 0.0,
    "METEOR": 0.13237741164758157,
    "SPICE": 0.20689655172413793,
    "BLEU_4": 7.171781505449111e-09
  },
  "5": {
    "BLEU_1": 0.4999999999687501,
    "BLEU_2": 0.316227765996415,
    "ROUGE_L": 0.24078947368421053,
    "CIDEr": 0.0,
    "METEOR": 0.14629926417668979,
    "SPICE": 0.1818181818181818,
    "BLEU_4": 4.841524712698698e-09
  },
  "6": {
    "BLEU_1": 0.4545454545041323,
    "BLEU_2": 0.21320071633525958,
    "ROUGE_L": 0.25884016973125884,
    "CIDEr": 0.0,
    "METEOR": 0.15739392934605015,
    "SPICE": 0.1935483870967742,
    "BLEU_4": 5.01257871520395e-09
  },
  "7": {
    "BLEU_1": 0.4545454545041323,
    "BLEU_2": 0.21320071633525958,
    "ROUGE_L": 0.25884016973125884,
    "CIDEr": 0.0,
    "METEOR": 0.15739392934605015,
    "SPICE": 0.1935483870967742,
    "BLEU_4": 5.01257871520395e-09
  },
  "8": {
    "BLEU_1": 0.4545454545041323,
    "BLEU_2": 0.21320071633525958,
    "ROUGE_L": 0.25884016973125884,
    "CIDEr": 0.0,
    "METEOR": 0.15739392934605015,
    "SPICE": 0.1935483870967742,
    "BLEU_4": 5.01257871520395e-09
  },
  "9": {
    "BLEU_1": 0.42857142854081637,
    "BLEU_2": 0.18156825978717286,
    "ROUGE_L": 0.2340153452685422,
    "CIDEr": 0.0,
    "METEOR": 0.15036890805749104,
    "SPICE": 0.1818181818181818,
    "BLEU_4": 3.975360175943345e-09
  }
}