{
  "0": {
    "BLEU_1": 0.4043537730069712,
    "BLEU_2": 0.22147368268455053,
    "ROUGE_L": 0.31443298969072164,
    "CIDEr": 0.0,
    "METEOR": 0.2986034077315769,
    "SPICE": 0.14285714285714285,
    "BLEU_4": 6.227190210443543e-09
  },
  "1": {
    "BLEU_1": 0.4294155959203306,
    "BLEU_2": 0.2319109274149018,
    "ROUGE_L": 0.30148270181219106,
    "CIDEr": 0.0,
    "METEOR": 0.29028318894029453,
    "SPICE": 0.06896551724137932,
    "BLEU_4": 6.2425357546009905e-09
  },
  "2": {
    "BLEU_1": 0.4412484511819858,
    "BLEU_2": 0.2358572181075568,
    "ROUGE_L": 0.3860759493670886,
    "CIDEr": 0.0,
    "METEOR": 0.3301388592810889,
    "SPICE": 0.19999999999999998,
    "BLEU_4": 6.164542726677392e-09
  },
  "3": {
    "BLEU_1": 0.4166666666319445,
    "BLEU_2": 0.19462473602342495,
    "ROUGE_L": 0.3333333333333333,
    "CIDEr": 0.0,
    "METEOR": 0.25900958571192023,
    "SPICE": 0.2222222222222222,
    "BLEU_4": 4.5293761703575315e-09
  },
  "4": {
    "BLEU_1": 0.36363636357024803,
    "BLEU_2": 0.26967994493503844,
    "ROUGE_L": 0.34512022630834516,
    "CIDEr": 0.0,
    "METEOR": 0.3021596767919596,
    "SPICE": 0.1764705882352941,
    "BLEU_4": 5.637560314144947e-09
  },
  "5": {
    "BLEU_1": 0.24999999997916675,
    "BLEU_2": 0.1507556722757479,
    "ROUGE_L": 0.18484848484848485,
    "CIDEr": 0.0,
    "METEOR": 0.17804825183698514,
    "SPICE": 0.11764705882352941,
    "BLEU_4": 3.986357127883976e-09
  },
  "6": {
    "BLEU_1": 0.35294117644982703,
    "BLEU_2": 4.6966821828537125e-09,
    "ROUGE_L": 0.2331210191082802,
    "CIDEr": 0.0,
    "METEOR": 0.23861791884290878,
    "SPICE": 0.15,
    "BLEU_4": 5.692994482116097e-13
  },
  "7": {
    "BLEU_1": 0.6999999998600002,
    "BLEU_2": 0.48304589144035537,
    "ROUGE_L": 0.44721407624633425,
    "CIDEr": 0.0,
    "METEOR": 0.2930807570027287,
    "SPICE": 0.21428571428571425,
    "BLEU_4": 8.03428418768105e-09
  },
  "8": {
    "BLEU_1": 0.555555555432099,
    "BLEU_2": 0.26352313828697443,
    "ROUGE_L": 0.2785388127853881,
    "CIDEr": 0.0,
    "METEOR": 0.2498832813965757,
    "SPICE": 0.18181818181818182,
    "BLEU_4": 6.376715692219053e-09
  },
  "9": {
    "BLEU_1": 0.29999999994000015,
    "BLEU_2": 0.1825741857975264,
    "ROUGE_L": 0.2683284457478006,
    "CIDEr": 0.0,
    "METEOR": 0.2855434642331897,
    "SPICE": 0.23529411764705882,
    "BLEU_4": 4.939382736029984e-09
  }
}