{
  "0": {
    "BLEU_1": 0.3715190997867868,
    "BLEU_2": 7.326455450859374e-09,
    "ROUGE_L": 0.13174946004319654,
    "CIDEr": 0.0,
    "METEOR": 0.09505863920842299,
    "SPICE": 0.0,
    "BLEU_4": 1.1917040716272326e-12
  },
  "1": {
    "BLEU_1": 0.3749999999062502,
    "BLEU_2": 7.319250545218839e-09,
    "ROUGE_L": 0.125,
    "CIDEr": 0.0,
    "METEOR": 0.09297706316736262,
    "SPICE": 0.0,
    "BLEU_4": 1.1559871144628244e-12
  },
  "2": {
    "BLEU_1": 0.36363636357024803,
    "BLEU_2": 6.030226890431458e-09,
    "ROUGE_L": 0.216696269982238,
    "CIDEr": 0.0,
    "METEOR": 0.12435233160621761,
    "SPICE": 0.0,
    "BLEU_4": 8.430118944817767e-13
  },
  "3": {
    "BLEU_1": 0.36363636357024803,
    "BLEU_2": 6.030226890431458e-09,
    "ROUGE_L": 0.14969325153374236,
    "CIDEr": 0.0,
    "METEOR": 0.1259259259259259,
    "SPICE": 0.0,
    "BLEU_4": 8.430118944817767e-13
  },
  "4": {
    "BLEU_1": 0.27272727267768604,
    "BLEU_2": 5.222329677697684e-09,
    "ROUGE_L": 0.14969325153374236,
    "CIDEr": 0.0,
    "METEOR": 0.0365296803652968,
    "SPICE": 0.0,
    "BLEU_4": 7.845109652856079e-13
  },
  "5": {
    "BLEU_1": 0.27272727267768604,
    "BLEU_2": 5.222329677697684e-09,
    "ROUGE_L": 0.14969325153374236,
    "CIDEr": 0.0,
    "METEOR": 0.091324200913242,
    "SPICE": 0.0,
    "BLEU_4": 7.845109652856079e-13
  },
  "6": {
    "BLEU_1": 0.3749999999062502,
    "BLEU_2": 7.319250545218839e-09,
    "ROUGE_L": 0.16486486486486487,
    "CIDEr": 0.0,
    "METEOR": 0.10869470878612247,
    "SPICE": 0.0,
    "BLEU_4": 1.1559871144628244e-12
  },
  "7": {
    "BLEU_1": 0.3333333332962964,
    "BLEU_2": 6.454972242916984e-09,
    "ROUGE_L": 0.15947712418300655,
    "CIDEr": 0.0,
    "METEOR": 0.10636553645499128,
    "SPICE": 0.0,
    "BLEU_4": 9.980099402512292e-13
  },
  "8": {
    "BLEU_1": 0.3333333332962964,
    "BLEU_2": 6.454972242916984e-09,
    "ROUGE_L": 0.15947712418300655,
    "CIDEr": 0.0,
    "METEOR": 0.10636553645499128,
    "SPICE": 0.0,
    "BLEU_4": 9.980099402512292e-13
  },
  "9": {
    "BLEU_1": 1.0976232717490041e-16,
    "BLEU_2": 1.227180124627569e-16,
    "ROUGE_L": 0.0,
    "CIDEr": 0.0,
    "METEOR": 0.06521739130434782,
    "SPICE": 0.0,
    "BLEU_4": 1.6581659742139797e-16
  }
}