{
  "0": {
    "BLEU_1": 0.3333333332592594,
    "BLEU_2": 6.454972242199766e-09,
    "ROUGE_L": 0.20854700854700853,
    "CIDEr": 0.0,
    "METEOR": 0.1340782122905028,
    "SPICE": 0.06451612903225805,
    "BLEU_4": 9.980099401403394e-13
  },
  "1": {
    "BLEU_1": 0.29999999994000015,
    "BLEU_2": 5.773502690709485e-09,
    "ROUGE_L": 0.2,
    "CIDEr": 0.0,
    "METEOR": 0.18614958448753463,
    "SPICE": 0.06451612903225805,
    "BLEU_4": 8.783602617783837e-13
  },
  "2": {
    "BLEU_1": 0.2142857142704082,
    "BLEU_2": 4.059989714404599e-09,
    "ROUGE_L": 0.17183098591549298,
    "CIDEr": 0.0,
    "METEOR": 0.17454545454545456,
    "SPICE": 0.05714285714285715,
    "BLEU_4": 5.944549994012258e-13
  },
  "3": {
    "BLEU_1": 0.23076923075147937,
    "BLEU_2": 4.385290096183762e-09,
    "ROUGE_L": 0.1781021897810219,
    "CIDEr": 0.0,
    "METEOR": 0.17872340425531916,
    "SPICE": 0.11764705882352942,
    "BLEU_4": 6.466227686450042e-13
  },
  "4": {
    "BLEU_1": 0.23076923075147937,
    "BLEU_2": 4.385290096183762e-09,
    "ROUGE_L": 0.1781021897810219,
    "CIDEr": 0.0,
    "METEOR": 0.17872340425531916,
    "SPICE": 0.11764705882352942,
    "BLEU_4": 6.466227686450042e-13
  },
  "5": {
    "BLEU_1": 0.23076923075147937,
    "BLEU_2": 4.385290096183762e-09,
    "ROUGE_L": 0.1781021897810219,
    "CIDEr": 0.0,
    "METEOR": 0.18162162162162163,
    "SPICE": 0.11764705882352942,
    "BLEU_4": 6.466227686450042e-13
  },
  "6": {
    "BLEU_1": 0.16666666663888896,
    "BLEU_2": 3.8924947201441226e-09,
    "ROUGE_L": 0.18484848484848485,
    "CIDEr": 0.0,
    "METEOR": 0.18016085790884717,
    "SPICE": 0.12121212121212123,
    "BLEU_4": 6.405505208675338e-13
  },
  "7": {
    "BLEU_1": 0.14285714284693884,
    "BLEU_2": 3.31496772041309e-09,
    "ROUGE_L": 0.17183098591549298,
    "CIDEr": 0.0,
    "METEOR": 0.17454545454545456,
    "SPICE": 0.1142857142857143,
    "BLEU_4": 5.371507285148366e-13
  },
  "8": {
    "BLEU_1": 0.16666666663888896,
    "BLEU_2": 3.8924947201441226e-09,
    "ROUGE_L": 0.09242424242424242,
    "CIDEr": 0.0,
    "METEOR": 0.13333333333333333,
    "SPICE": 0.060606060606060615,
    "BLEU_4": 6.405505208675338e-13
  },
  "9": {
    "BLEU_1": 0.23076923075147937,
    "BLEU_2": 4.385290096183762e-09,
    "ROUGE_L": 0.1781021897810219,
    "CIDEr": 0.0,
    "METEOR": 0.18612975391498882,
    "SPICE": 0.05882352941176471,
    "BLEU_4": 6.466227686450042e-13
  }
}