{
  "0": {
    "BLEU_1": 0.3715190997867868,
    "BLEU_2": 7.326455450859374e-09,
    "ROUGE_L": 0.14823815309842042,
    "CIDEr": 0.0,
    "METEOR": 0.1283422459893048,
    "SPICE": 0.05263157894736842,
    "BLEU_4": 1.1917040716272326e-12
  },
  "1": {
    "BLEU_1": 0.27272727270247943,
    "BLEU_2": 5.222329678172441e-09,
    "ROUGE_L": 0.1321776814734561,
    "CIDEr": 0.0,
    "METEOR": 0.13266331658291455,
    "SPICE": 0.05,
    "BLEU_4": 7.84510965356927e-13
  },
  "2": {
    "BLEU_1": 0.18181818180165296,
    "BLEU_2": 4.26401432670519e-09,
    "ROUGE_L": 0.1321776814734561,
    "CIDEr": 0.0,
    "METEOR": 0.07236180904522614,
    "SPICE": 0.0,
    "BLEU_4": 7.088856801504128e-13
  },
  "3": {
    "BLEU_1": 0.19999999998666673,
    "BLEU_2": 3.7796447298312975e-09,
    "ROUGE_L": 0.11925708699902247,
    "CIDEr": 0.0,
    "METEOR": 0.1216589861751152,
    "SPICE": 0.0,
    "BLEU_4": 5.501034141770605e-13
  },
  "4": {
    "BLEU_1": 0.26666666664888894,
    "BLEU_2": 4.3643578044184995e-09,
    "ROUGE_L": 0.17453505007153075,
    "CIDEr": 0.0,
    "METEOR": 0.1308411214953271,
    "SPICE": 0.0,
    "BLEU_4": 5.911245882681416e-13
  },
  "5": {
    "BLEU_1": 0.26666666664888894,
    "BLEU_2": 4.3643578044184995e-09,
    "ROUGE_L": 0.1659863945578231,
    "CIDEr": 0.0,
    "METEOR": 0.1290322580645161,
    "SPICE": 0.041666666666666664,
    "BLEU_4": 5.911245882681416e-13
  },
  "6": {
    "BLEU_1": 0.38461538458579886,
    "BLEU_2": 5.661385170269343e-09,
    "ROUGE_L": 0.1781021897810219,
    "CIDEr": 0.0,
    "METEOR": 0.09770992366412214,
    "SPICE": 0.04347826086956522,
    "BLEU_4": 7.347053125332871e-13
  },
  "7": {
    "BLEU_1": 0.4999999999642858,
    "BLEU_2": 0.277350098092042,
    "ROUGE_L": 0.34366197183098596,
    "CIDEr": 0.0,
    "METEOR": 0.21812167942033342,
    "SPICE": 0.04545454545454545,
    "BLEU_4": 2.7629350708394213e-05
  },
  "8": {
    "BLEU_1": 0.23076923075147937,
    "BLEU_2": 4.385290096183762e-09,
    "ROUGE_L": 0.1781021897810219,
    "CIDEr": 0.0,
    "METEOR": 0.07582938388625593,
    "SPICE": 0.04347826086956522,
    "BLEU_4": 6.466227686450042e-13
  },
  "9": {
    "BLEU_1": 0.28571428569387763,
    "BLEU_2": 4.688072309037213e-09,
    "ROUGE_L": 0.17183098591549298,
    "CIDEr": 0.0,
    "METEOR": 0.12814645308924486,
    "SPICE": 0.041666666666666664,
    "BLEU_4": 6.387834681787387e-13
  }
}