{
  "0": {
    "BLEU_1": 0.3333333332962964,
    "BLEU_2": 6.454972242916984e-09,
    "ROUGE_L": 0.2378167641325536,
    "CIDEr": 0.0,
    "METEOR": 0.1595483046824869,
    "SPICE": 0.10256410256410256,
    "BLEU_4": 9.980099402512292e-13
  },
  "1": {
    "BLEU_1": 0.4444444443950618,
    "BLEU_2": 0.23570226036769004,
    "ROUGE_L": 0.35672514619883033,
    "CIDEr": 0.0,
    "METEOR": 0.21205375641048094,
    "SPICE": 0.10526315789473685,
    "BLEU_4": 6.030725359585126e-09
  },
  "2": {
    "BLEU_1": 0.4999999999500001,
    "BLEU_2": 7.453559924212536e-09,
    "ROUGE_L": 0.2683284457478006,
    "CIDEr": 0.0,
    "METEOR": 0.17695816049920768,
    "SPICE": 0.10256410256410256,
    "BLEU_4": 9.98009940267863e-13
  },
  "3": {
    "BLEU_1": 0.4150457800528383,
    "BLEU_2": 6.156123772178614e-09,
    "ROUGE_L": 0.25884016973125884,
    "CIDEr": 0.0,
    "METEOR": 0.17298653096181896,
    "SPICE": 0.05128205128205128,
    "BLEU_4": 8.139165680751944e-13
  },
  "4": {
    "BLEU_1": 0.38461538455621314,
    "BLEU_2": 5.661385169833853e-09,
    "ROUGE_L": 0.2417437252311757,
    "CIDEr": 0.0,
    "METEOR": 0.16796028793145135,
    "SPICE": 0.047619047619047616,
    "BLEU_4": 7.347053124767714e-13
  },
  "5": {
    "BLEU_1": 0.3076923076449706,
    "BLEU_2": 5.063696834623075e-09,
    "ROUGE_L": 0.19902120717781402,
    "CIDEr": 0.0,
    "METEOR": 0.18574801458275061,
    "SPICE": 0.04878048780487805,
    "BLEU_4": 6.94841384364963e-13
  },
  "6": {
    "BLEU_1": 0.4444444443950618,
    "BLEU_2": 0.23570226036769004,
    "ROUGE_L": 0.35672514619883033,
    "CIDEr": 0.0,
    "METEOR": 0.21205375641048094,
    "SPICE": 0.10256410256410256,
    "BLEU_4": 6.030725359585126e-09
  },
  "7": {
    "BLEU_1": 0.3124999999804688,
    "BLEU_2": 0.14433756728808472,
    "ROUGE_L": 0.2659883720930233,
    "CIDEr": 0.0,
    "METEOR": 0.1900666157688412,
    "SPICE": 0.09302325581395349,
    "BLEU_4": 3.2709344706502825e-09
  },
  "8": {
    "BLEU_1": 0.27777777776234575,
    "BLEU_2": 0.12782749813391808,
    "ROUGE_L": 0.2479674796747967,
    "CIDEr": 0.0,
    "METEOR": 0.184952715792998,
    "SPICE": 0.09523809523809523,
    "BLEU_4": 2.8724953479163113e-09
  },
  "9": {
    "BLEU_1": 0.28571428569387763,
    "BLEU_2": 0.20965696732883227,
    "ROUGE_L": 0.3824451410658307,
    "CIDEr": 0.0,
    "METEOR": 0.22321012244033903,
    "SPICE": 0.09302325581395349,
    "BLEU_4": 4.271802513237463e-09
  }
}