{
  "0": {
    "BLEU_1": 4.5111761048796427e-17,
    "BLEU_2": 5.525039797935208e-17,
    "ROUGE_L": 0.0,
    "CIDEr": 0.0,
    "METEOR": 0.0,
    "SPICE": 0.0,
    "BLEU_4": 1.5377056965806874e-14
  },
  "1": {
    "BLEU_1": 0.09090909090082655,
    "BLEU_2": 3.015113445489832e-09,
    "ROUGE_L": 0.1018363939899833,
    "CIDEr": 0.0,
    "METEOR": 0.14694070066093198,
    "SPICE": 0.10256410256410257,
    "BLEU_4": 5.960994272631735e-13
  },
  "2": {
    "BLEU_1": 0.09999999999000012,
    "BLEU_2": 3.333333332981484e-09,
    "ROUGE_L": 0.10627177700348434,
    "CIDEr": 0.0,
    "METEOR": 0.017467248908296946,
    "SPICE": 0.0,
    "BLEU_4": 6.674094718242315e-13
  },
  "3": {
    "BLEU_1": 0.36363636360330587,
    "BLEU_2": 0.19069251783091612,
    "ROUGE_L": 0.2036727879799666,
    "CIDEr": 0.0,
    "METEOR": 0.12147505422993493,
    "SPICE": 0.10526315789473684,
    "BLEU_4": 4.740604259372055e-09
  },
  "4": {
    "BLEU_1": 0.28216057491651136,
    "BLEU_2": 0.14735355445317702,
    "ROUGE_L": 0.19551282051282048,
    "CIDEr": 0.0,
    "METEOR": 0.12068965517241381,
    "SPICE": 0.10526315789473684,
    "BLEU_4": 3.6260056288721903e-09
  },
  "5": {
    "BLEU_1": 0.2999999999700001,
    "BLEU_2": 5.773502691286834e-09,
    "ROUGE_L": 0.21254355400696867,
    "CIDEr": 0.0,
    "METEOR": 0.12227074235807861,
    "SPICE": 0.05714285714285715,
    "BLEU_4": 8.783602618662196e-13
  },
  "6": {
    "BLEU_1": 0.33093633838648934,
    "BLEU_2": 6.459215935396237e-09,
    "ROUGE_L": 0.232824427480916,
    "CIDEr": 0.0,
    "METEOR": 0.1272727272727273,
    "SPICE": 0.11764705882352941,
    "BLEU_4": 1.0201550479411466e-12
  },
  "7": {
    "BLEU_1": 0.21162043118738352,
    "BLEU_2": 4.035443285128542e-09,
    "ROUGE_L": 0.09775641025641024,
    "CIDEr": 0.0,
    "METEOR": 0.19688963333172818,
    "SPICE": 0.15,
    "BLEU_4": 6.000587732402233e-13
  },
  "8": {
    "BLEU_1": 0.22222222217283966,
    "BLEU_2": 5.270462765739487e-09,
    "ROUGE_L": 0.08367626886145405,
    "CIDEr": 0.0,
    "METEOR": 0.18864400542529927,
    "SPICE": 0.16666666666666669,
    "BLEU_4": 9.018037815333522e-13
  },
  "9": {
    "BLEU_1": 0.22222222217283966,
    "BLEU_2": 5.270462765739487e-09,
    "ROUGE_L": 0.1673525377229081,
    "CIDEr": 0.0,
    "METEOR": 0.16076555023923444,
    "SPICE": 0.16666666666666669,
    "BLEU_4": 9.018037815333522e-13
  }
}