{
  "0": {
    "BLEU_1": 0.2195246543498009,
    "BLEU_2": 5.488116358607818e-09,
    "ROUGE_L": 0.1476997578692494,
    "CIDEr": 0.0,
    "METEOR": 0.12527964205816555,
    "SPICE": 0.16,
    "BLEU_4": 1.108882419297383e-12
  },
  "1": {
    "BLEU_1": 0.2195246543498009,
    "BLEU_2": 5.488116358607818e-09,
    "ROUGE_L": 0.20573355817875214,
    "CIDEr": 0.0,
    "METEOR": 0.17897091722595082,
    "SPICE": 0.15384615384615385,
    "BLEU_4": 1.108882419297383e-12
  },
  "2": {
    "BLEU_1": 0.3749999999062502,
    "BLEU_2": 7.319250545218839e-09,
    "ROUGE_L": 0.232824427480916,
    "CIDEr": 0.0,
    "METEOR": 0.18803418803418803,
    "SPICE": 0.13793103448275862,
    "BLEU_4": 1.1559871144628244e-12
  },
  "3": {
    "BLEU_1": 0.27272727267768604,
    "BLEU_2": 5.222329677697684e-09,
    "ROUGE_L": 0.2036727879799666,
    "CIDEr": 0.0,
    "METEOR": 0.1292929292929293,
    "SPICE": 0.06896551724137931,
    "BLEU_4": 7.845109652856079e-13
  },
  "4": {
    "BLEU_1": 0.15384615382248532,
    "BLEU_2": 3.580574369634832e-09,
    "ROUGE_L": 0.18798151001540828,
    "CIDEr": 0.0,
    "METEOR": 0.13872832369942198,
    "SPICE": 0.12121212121212123,
    "BLEU_4": 5.842896292824257e-13
  },
  "5": {
    "BLEU_1": 0.27272727267768604,
    "BLEU_2": 5.222329677697684e-09,
    "ROUGE_L": 0.24629878869448185,
    "CIDEr": 0.0,
    "METEOR": 0.14634146341463414,
    "SPICE": 0.12903225806451613,
    "BLEU_4": 7.845109652856079e-13
  },
  "6": {
    "BLEU_1": 0.27272727267768604,
    "BLEU_2": 5.222329677697684e-09,
    "ROUGE_L": 0.24629878869448185,
    "CIDEr": 0.0,
    "METEOR": 0.14814814814814814,
    "SPICE": 0.07407407407407407,
    "BLEU_4": 7.845109652856079e-13
  },
  "7": {
    "BLEU_1": 0.27272727267768604,
    "BLEU_2": 5.222329677697684e-09,
    "ROUGE_L": 0.24629878869448185,
    "CIDEr": 0.0,
    "METEOR": 0.14634146341463414,
    "SPICE": 0.12903225806451613,
    "BLEU_4": 7.845109652856079e-13
  },
  "8": {
    "BLEU_1": 0.27272727267768604,
    "BLEU_2": 5.222329677697684e-09,
    "ROUGE_L": 0.24629878869448185,
    "CIDEr": 0.0,
    "METEOR": 0.14814814814814814,
    "SPICE": 0.07407407407407407,
    "BLEU_4": 7.845109652856079e-13
  },
  "9": {
    "BLEU_1": 0.27272727267768604,
    "BLEU_2": 5.222329677697684e-09,
    "ROUGE_L": 0.24629878869448185,
    "CIDEr": 0.0,
    "METEOR": 0.14634146341463414,
    "SPICE": 0.12903225806451613,
    "BLEU_4": 7.845109652856079e-13
  }
}