{
  "0": {
    "BLEU_1": 8.986579278749804e-17,
    "BLEU_2": 1.0047301075986612e-16,
    "ROUGE_L": 0.0,
    "CIDEr": 0.0,
    "METEOR": 0.07256235827664399,
    "SPICE": 0.0,
    "BLEU_4": 1.357591476796497e-16
  },
  "1": {
    "BLEU_1": 7.162619917923445e-17,
    "BLEU_2": 8.27068107508754e-17,
    "ROUGE_L": 0.0,
    "CIDEr": 0.0,
    "METEOR": 0.05405405405405405,
    "SPICE": 0.0588235294117647,
    "BLEU_4": 1.2944315414357063e-16
  },
  "2": {
    "BLEU_1": 0.10735389898008273,
    "BLEU_2": 3.666833724565372e-09,
    "ROUGE_L": 0.12224448897795591,
    "CIDEr": 0.0,
    "METEOR": 0.08714596949891068,
    "SPICE": 0.05555555555555555,
    "BLEU_4": 7.849573143826273e-13
  },
  "3": {
    "BLEU_1": 0.10735389898008273,
    "BLEU_2": 3.666833724565372e-09,
    "ROUGE_L": 0.12224448897795591,
    "CIDEr": 0.0,
    "METEOR": 0.06971677559912853,
    "SPICE": 0.0588235294117647,
    "BLEU_4": 7.849573143826273e-13
  },
  "4": {
    "BLEU_1": 0.11031211279549655,
    "BLEU_2": 3.729230059054939e-09,
    "ROUGE_L": 0.116412213740458,
    "CIDEr": 0.0,
    "METEOR": 0.09828175568441196,
    "SPICE": 0.1081081081081081,
    "BLEU_4": 7.751502103232947e-13
  },
  "5": {
    "BLEU_1": 0.11031211279549655,
    "BLEU_2": 3.729230059054939e-09,
    "ROUGE_L": 0.116412213740458,
    "CIDEr": 0.0,
    "METEOR": 0.09828175568441196,
    "SPICE": 0.1081081081081081,
    "BLEU_4": 7.751502103232947e-13
  },
  "6": {
    "BLEU_1": 0.11031211279549655,
    "BLEU_2": 3.729230059054939e-09,
    "ROUGE_L": 0.116412213740458,
    "CIDEr": 0.0,
    "METEOR": 0.08000000000000002,
    "SPICE": 0.052631578947368425,
    "BLEU_4": 7.751502103232947e-13
  },
  "7": {
    "BLEU_1": 0.11031211279549655,
    "BLEU_2": 3.729230059054939e-09,
    "ROUGE_L": 0.116412213740458,
    "CIDEr": 0.0,
    "METEOR": 0.08000000000000002,
    "SPICE": 0.052631578947368425,
    "BLEU_4": 7.751502103232947e-13
  },
  "8": {
    "BLEU_1": 0.10735389898008273,
    "BLEU_2": 3.666833724565372e-09,
    "ROUGE_L": 0.12224448897795591,
    "CIDEr": 0.0,
    "METEOR": 0.060453400503778336,
    "SPICE": 0.0588235294117647,
    "BLEU_4": 7.849573143826273e-13
  },
  "9": {
    "BLEU_1": 0.22222222217283966,
    "BLEU_2": 5.270462765739487e-09,
    "ROUGE_L": 0.2222222222222222,
    "CIDEr": 0.0,
    "METEOR": 0.08602150537634408,
    "SPICE": 0.05405405405405405,
    "BLEU_4": 9.018037815333522e-13
  }
}