{
  "0": {
    "BLEU_1": 0.33093633838648934,
    "BLEU_2": 6.459215935396237e-09,
    "ROUGE_L": 0.116412213740458,
    "CIDEr": 0.0,
    "METEOR": 0.1548387096774194,
    "SPICE": 0.0,
    "BLEU_4": 1.0201550479411466e-12
  },
  "1": {
    "BLEU_1": 0.19999999996000015,
    "BLEU_2": 4.714045206941321e-09,
    "ROUGE_L": 0.10627177700348434,
    "CIDEr": 0.0,
    "METEOR": 0.14672489082969434,
    "SPICE": 0.0,
    "BLEU_4": 7.936880924342154e-13
  },
  "2": {
    "BLEU_1": 0.23076923073372793,
    "BLEU_2": 4.385290095846432e-09,
    "ROUGE_L": 0.18798151001540828,
    "CIDEr": 0.0,
    "METEOR": 0.17154639175257735,
    "SPICE": 0.0,
    "BLEU_4": 6.466227685952641e-13
  },
  "3": {
    "BLEU_1": 0.14999999999250005,
    "BLEU_2": 2.8097574346008976e-09,
    "ROUGE_L": 0.14805825242718446,
    "CIDEr": 0.0,
    "METEOR": 0.1526605504587156,
    "SPICE": 0.04761904761904762,
    "BLEU_4": 4.0077816998107627e-13
  },
  "4": {
    "BLEU_1": 0.23076923073372793,
    "BLEU_2": 0.1386750490345283,
    "ROUGE_L": 0.18798151001540828,
    "CIDEr": 0.0,
    "METEOR": 0.1140529531568228,
    "SPICE": 0.05555555555555555,
    "BLEU_4": 3.636227045901134e-09
  },
  "5": {
    "BLEU_1": 0.38461538455621314,
    "BLEU_2": 0.17902871848174168,
    "ROUGE_L": 0.22564734895191124,
    "CIDEr": 0.0,
    "METEOR": 0.18216281227859615,
    "SPICE": 0.057142857142857134,
    "BLEU_4": 4.131551590425773e-09
  },
  "6": {
    "BLEU_1": 0.3076923076449706,
    "BLEU_2": 5.063696834623075e-09,
    "ROUGE_L": 0.18798151001540828,
    "CIDEr": 0.0,
    "METEOR": 0.19457012709667026,
    "SPICE": 0.1111111111111111,
    "BLEU_4": 6.94841384364963e-13
  },
  "7": {
    "BLEU_1": 0.29411764704152255,
    "BLEU_2": 4.287464628302636e-09,
    "ROUGE_L": 0.1628838451268358,
    "CIDEr": 0.0,
    "METEOR": 0.18658971172747088,
    "SPICE": 0.05128205128205128,
    "BLEU_4": 5.439330543997057e-13
  },
  "8": {
    "BLEU_1": 0.26666666664888894,
    "BLEU_2": 4.3643578044184995e-09,
    "ROUGE_L": 0.17453505007153075,
    "CIDEr": 0.0,
    "METEOR": 0.19576625492718258,
    "SPICE": 0.05555555555555555,
    "BLEU_4": 5.911245882681416e-13
  },
  "9": {
    "BLEU_1": 0.28571428569387763,
    "BLEU_2": 4.688072309037213e-09,
    "ROUGE_L": 0.21428571428571427,
    "CIDEr": 0.0,
    "METEOR": 0.1884010111696477,
    "SPICE": 0.05555555555555555,
    "BLEU_4": 6.387834681787387e-13
  }
}