{
  "0": {
    "BLEU_1": 0.6191984996446447,
    "BLEU_2": 0.2991012912972992,
    "ROUGE_L": 0.34205607476635513,
    "CIDEr": 0.0,
    "METEOR": 0.21614011856213824,
    "SPICE": 0.12903225806451613,
    "BLEU_4": 7.614310988684265e-09
  },
  "1": {
    "BLEU_1": 0.6249999998437503,
    "BLEU_2": 0.29880715225622895,
    "ROUGE_L": 0.3267857142857143,
    "CIDEr": 0.0,
    "METEOR": 0.267754268706068,
    "SPICE": 0.13333333333333333,
    "BLEU_4": 7.386099953835683e-09
  },
  "2": {
    "BLEU_1": 0.5555555554938273,
    "BLEU_2": 0.26352313831625473,
    "ROUGE_L": 0.41709401709401706,
    "CIDEr": 0.0,
    "METEOR": 0.255688089215022,
    "SPICE": 0.12121212121212122,
    "BLEU_4": 6.376715692927575e-09
  },
  "3": {
    "BLEU_1": 0.5454545454049587,
    "BLEU_2": 0.3302891295063807,
    "ROUGE_L": 0.384251968503937,
    "CIDEr": 0.0,
    "METEOR": 0.32384383865920374,
    "SPICE": 0.17142857142857143,
    "BLEU_4": 6.238986071451458e-09
  },
  "4": {
    "BLEU_1": 0.4999999999583334,
    "BLEU_2": 0.21320071633703627,
    "ROUGE_L": 0.3696969696969697,
    "CIDEr": 0.0,
    "METEOR": 0.24771444817921048,
    "SPICE": 0.16666666666666666,
    "BLEU_4": 4.740604259421436e-09
  },
  "5": {
    "BLEU_1": 0.39572488570547687,
    "BLEU_2": 0.16815074285166956,
    "ROUGE_L": 0.3562043795620438,
    "CIDEr": 0.0,
    "METEOR": 0.2953621508171658,
    "SPICE": 0.16216216216216217,
    "BLEU_4": 3.7076092412311588e-09
  },
  "6": {
    "BLEU_1": 0.5454545454049587,
    "BLEU_2": 0.23354968322616365,
    "ROUGE_L": 0.384251968503937,
    "CIDEr": 0.0,
    "METEOR": 0.2524378168944921,
    "SPICE": 0.11428571428571428,
    "BLEU_4": 5.246341022301387e-09
  },
  "7": {
    "BLEU_1": 0.5454545454049587,
    "BLEU_2": 0.23354968322616365,
    "ROUGE_L": 0.384251968503937,
    "CIDEr": 0.0,
    "METEOR": 0.2524378168944921,
    "SPICE": 0.11428571428571428,
    "BLEU_4": 5.246341022301387e-09
  },
  "8": {
    "BLEU_1": 0.5454545454049587,
    "BLEU_2": 0.23354968322616365,
    "ROUGE_L": 0.384251968503937,
    "CIDEr": 0.0,
    "METEOR": 0.2524378168944921,
    "SPICE": 0.11428571428571428,
    "BLEU_4": 5.246341022301387e-09
  },
  "9": {
    "BLEU_1": 0.5454545454049587,
    "BLEU_2": 0.23354968322616365,
    "ROUGE_L": 0.384251968503937,
    "CIDEr": 0.0,
    "METEOR": 0.2524378168944921,
    "SPICE": 0.11428571428571428,
    "BLEU_4": 5.246341022301387e-09
  }
}