{
  "0": {
    "BLEU_1": 0.3749999999062502,
    "BLEU_2": 7.319250545218839e-09,
    "ROUGE_L": 0.125,
    "CIDEr": 0.0,
    "METEOR": 0.13999999999999999,
    "SPICE": 0.09090909090909091,
    "BLEU_4": 1.1559871144628244e-12
  },
  "1": {
    "BLEU_1": 0.3333333332592594,
    "BLEU_2": 6.454972242199766e-09,
    "ROUGE_L": 0.1189083820662768,
    "CIDEr": 0.0,
    "METEOR": 0.15533980582524273,
    "SPICE": 0.08,
    "BLEU_4": 9.980099401403394e-13
  },
  "2": {
    "BLEU_1": 0.545454545355372,
    "BLEU_2": 0.40451991740255755,
    "ROUGE_L": 0.433392539964476,
    "CIDEr": 0.0,
    "METEOR": 0.19734189292745719,
    "SPICE": 0.16,
    "BLEU_4": 3.882726776754759e-05
  },
  "3": {
    "BLEU_1": 0.545454545355372,
    "BLEU_2": 0.40451991740255755,
    "ROUGE_L": 0.433392539964476,
    "CIDEr": 0.0,
    "METEOR": 0.19734189292745719,
    "SPICE": 0.16,
    "BLEU_4": 3.882726776754759e-05
  },
  "4": {
    "BLEU_1": 0.5999999999400001,
    "BLEU_2": 0.36514837163156744,
    "ROUGE_L": 0.4535315985130111,
    "CIDEr": 0.0,
    "METEOR": 0.20168437956889268,
    "SPICE": 0.17391304347826086,
    "BLEU_4": 6.985342055743659e-09
  },
  "5": {
    "BLEU_1": 0.545454545355372,
    "BLEU_2": 0.4670993664098635,
    "ROUGE_L": 0.433392539964476,
    "CIDEr": 0.0,
    "METEOR": 0.18695486744464476,
    "SPICE": 0.16666666666666666,
    "BLEU_4": 0.2790159393034314
  },
  "6": {
    "BLEU_1": 0.4666666666355556,
    "BLEU_2": 0.3651483716448982,
    "ROUGE_L": 0.36802413273001505,
    "CIDEr": 0.0,
    "METEOR": 0.1881627221421534,
    "SPICE": 0.14814814814814814,
    "BLEU_4": 0.20333448188531264
  },
  "7": {
    "BLEU_1": 0.555555555432099,
    "BLEU_2": 0.4564354644830389,
    "ROUGE_L": 0.4756335282651072,
    "CIDEr": 0.0,
    "METEOR": 0.19709097471573997,
    "SPICE": 0.17391304347826086,
    "BLEU_4": 0.3155984538331778
  },
  "8": {
    "BLEU_1": 0.12383969992892904,
    "BLEU_2": 4.229931026759462e-09,
    "ROUGE_L": 0.13174946004319654,
    "CIDEr": 0.0,
    "METEOR": 0.08121827411167513,
    "SPICE": 0.09090909090909091,
    "BLEU_4": 9.054992803586729e-13
  },
  "9": {
    "BLEU_1": 0.22222222217283966,
    "BLEU_2": 5.270462765739487e-09,
    "ROUGE_L": 0.1189083820662768,
    "CIDEr": 0.0,
    "METEOR": 0.13029778215736434,
    "SPICE": 0.16666666666666666,
    "BLEU_4": 9.018037815333522e-13
  }
}