{
  "0": {
    "BLEU_1": 0.5999999998800002,
    "BLEU_2": 0.3651483715950527,
    "ROUGE_L": 0.42508710801393734,
    "CIDEr": 0.0,
    "METEOR": 0.22812012924815156,
    "SPICE": 0.2105263157894737,
    "BLEU_4": 3.9281465081419535e-05
  },
  "1": {
    "BLEU_1": 0.6153846153372783,
    "BLEU_2": 0.3922322702449393,
    "ROUGE_L": 0.37596302003081655,
    "CIDEr": 0.0,
    "METEOR": 0.22430221913521173,
    "SPICE": 0.15,
    "BLEU_4": 3.4389312173559354e-05
  },
  "2": {
    "BLEU_1": 0.6999999998600002,
    "BLEU_2": 0.3944053187922357,
    "ROUGE_L": 0.42508710801393734,
    "CIDEr": 0.0,
    "METEOR": 0.2093735638922651,
    "SPICE": 0.10526315789473685,
    "BLEU_4": 4.082482903741539e-05
  },
  "3": {
    "BLEU_1": 0.6363636363057852,
    "BLEU_2": 0.3567530339722843,
    "ROUGE_L": 0.4073455759599332,
    "CIDEr": 0.0,
    "METEOR": 0.20507136737393092,
    "SPICE": 0.10256410256410256,
    "BLEU_4": 3.646285861547209e-05
  },
  "4": {
    "BLEU_1": 0.6618726767729786,
    "BLEU_2": 0.5003287149469438,
    "ROUGE_L": 0.5820610687022901,
    "CIDEr": 0.0,
    "METEOR": 0.2235471849422144,
    "SPICE": 0.1111111111111111,
    "BLEU_4": 6.004287710782592e-05
  },
  "5": {
    "BLEU_1": 0.6666666665185187,
    "BLEU_2": 0.40824829037030635,
    "ROUGE_L": 0.5555555555555556,
    "CIDEr": 0.0,
    "METEOR": 0.20382928266894595,
    "SPICE": 0.10526315789473685,
    "BLEU_4": 4.463236136748592e-05
  },
  "6": {
    "BLEU_1": 0.6618726767729786,
    "BLEU_2": 0.5003287149469438,
    "ROUGE_L": 0.5820610687022901,
    "CIDEr": 0.0,
    "METEOR": 0.2235471849422144,
    "SPICE": 0.1111111111111111,
    "BLEU_4": 6.004287710782592e-05
  },
  "7": {
    "BLEU_1": 0.6666666665185187,
    "BLEU_2": 0.40824829037030635,
    "ROUGE_L": 0.5555555555555556,
    "CIDEr": 0.0,
    "METEOR": 0.20382928266894595,
    "SPICE": 0.10526315789473685,
    "BLEU_4": 4.463236136748592e-05
  },
  "8": {
    "BLEU_1": 0.6618726767729786,
    "BLEU_2": 0.5003287149469438,
    "ROUGE_L": 0.5820610687022901,
    "CIDEr": 0.0,
    "METEOR": 0.2235471849422144,
    "SPICE": 0.1111111111111111,
    "BLEU_4": 6.004287710782592e-05
  },
  "9": {
    "BLEU_1": 0.6666666665185187,
    "BLEU_2": 0.40824829037030635,
    "ROUGE_L": 0.5555555555555556,
    "CIDEr": 0.0,
    "METEOR": 0.20382928266894595,
    "SPICE": 0.10526315789473685,
    "BLEU_4": 4.463236136748592e-05
  }
}