{
  "0": {
    "BLEU_1": 8.986579278749804e-17,
    "BLEU_2": 1.0047301075986612e-16,
    "ROUGE_L": 0.0,
    "CIDEr": 0.0,
    "METEOR": 0.0,
    "SPICE": 0.0,
    "BLEU_4": 1.357591476796497e-16
  },
  "1": {
    "BLEU_1": 0.27272727267768604,
    "BLEU_2": 5.222329677697684e-09,
    "ROUGE_L": 0.1321776814734561,
    "CIDEr": 0.0,
    "METEOR": 0.02461538461538462,
    "SPICE": 0.0,
    "BLEU_4": 7.845109652856079e-13
  },
  "2": {
    "BLEU_1": 0.11031211279549655,
    "BLEU_2": 3.729230059054939e-09,
    "ROUGE_L": 0.045118343195266274,
    "CIDEr": 0.0,
    "METEOR": 0.017596229379418692,
    "SPICE": 0.0,
    "BLEU_4": 7.751502103232947e-13
  },
  "3": {
    "BLEU_1": 0.27272727267768604,
    "BLEU_2": 5.222329677697684e-09,
    "ROUGE_L": 0.1321776814734561,
    "CIDEr": 0.0,
    "METEOR": 0.03585780525502318,
    "SPICE": 0.0,
    "BLEU_4": 7.845109652856079e-13
  },
  "4": {
    "BLEU_1": 0.11031211279549655,
    "BLEU_2": 3.729230059054939e-09,
    "ROUGE_L": 0.045118343195266274,
    "CIDEr": 0.0,
    "METEOR": 0.006314127861089188,
    "SPICE": 0.0,
    "BLEU_4": 7.751502103232947e-13
  },
  "5": {
    "BLEU_1": 0.1999999999800001,
    "BLEU_2": 4.714045207412725e-09,
    "ROUGE_L": 0.08701854493580599,
    "CIDEr": 0.0,
    "METEOR": 0.024786986831913247,
    "SPICE": 0.0,
    "BLEU_4": 7.93688092513584e-13
  },
  "6": {
    "BLEU_1": 0.10735389898008273,
    "BLEU_2": 3.666833724565372e-09,
    "ROUGE_L": 0.045968349660889224,
    "CIDEr": 0.0,
    "METEOR": 0.006329113924050634,
    "SPICE": 0.0,
    "BLEU_4": 7.849573143826273e-13
  },
  "7": {
    "BLEU_1": 0.22062422559099293,
    "BLEU_2": 5.273927726724911e-09,
    "ROUGE_L": 0.09023668639053255,
    "CIDEr": 0.0,
    "METEOR": 0.025137470542026714,
    "SPICE": 0.0,
    "BLEU_4": 9.218141453123176e-13
  },
  "8": {
    "BLEU_1": 0.11031211279549655,
    "BLEU_2": 3.729230059054939e-09,
    "ROUGE_L": 0.116412213740458,
    "CIDEr": 0.0,
    "METEOR": 0.018181818181818184,
    "SPICE": 0.0,
    "BLEU_4": 7.751502103232947e-13
  },
  "9": {
    "BLEU_1": 0.2499999999583334,
    "BLEU_2": 4.7673129454153526e-09,
    "ROUGE_L": 0.12869198312236285,
    "CIDEr": 0.0,
    "METEOR": 0.03544690603514133,
    "SPICE": 0.0,
    "BLEU_4": 7.088856800987232e-13
  }
}