{
  "0": {
    "BLEU_1": 0.24767939985785795,
    "BLEU_2": 5.982025825945981e-09,
    "ROUGE_L": 0.2634989200863931,
    "CIDEr": 0.0,
    "METEOR": 0.1781850012408401,
    "SPICE": 0.2222222222222222,
    "BLEU_4": 1.0768261868323776e-12
  },
  "1": {
    "BLEU_1": 0.24999999997916675,
    "BLEU_2": 4.767312945812628e-09,
    "ROUGE_L": 0.2074829931972789,
    "CIDEr": 0.0,
    "METEOR": 0.20512820512820518,
    "SPICE": 0.2727272727272727,
    "BLEU_4": 7.08885680157797e-13
  },
  "2": {
    "BLEU_1": 0.23076923075147937,
    "BLEU_2": 4.385290096183762e-09,
    "ROUGE_L": 0.19902120717781402,
    "CIDEr": 0.0,
    "METEOR": 0.19607843137254902,
    "SPICE": 0.2608695652173913,
    "BLEU_4": 6.466227686450042e-13
  },
  "3": {
    "BLEU_1": 0.24999999997916675,
    "BLEU_2": 4.767312945812628e-09,
    "ROUGE_L": 0.2074829931972789,
    "CIDEr": 0.0,
    "METEOR": 0.20512820512820518,
    "SPICE": 0.2727272727272727,
    "BLEU_4": 7.08885680157797e-13
  },
  "4": {
    "BLEU_1": 0.23076923075147937,
    "BLEU_2": 4.385290096183762e-09,
    "ROUGE_L": 0.19902120717781402,
    "CIDEr": 0.0,
    "METEOR": 0.19607843137254902,
    "SPICE": 0.2608695652173913,
    "BLEU_4": 6.466227686450042e-13
  },
  "5": {
    "BLEU_1": 0.24999999997916675,
    "BLEU_2": 4.767312945812628e-09,
    "ROUGE_L": 0.2074829931972789,
    "CIDEr": 0.0,
    "METEOR": 0.20512820512820518,
    "SPICE": 0.2727272727272727,
    "BLEU_4": 7.08885680157797e-13
  },
  "6": {
    "BLEU_1": 0.23076923075147937,
    "BLEU_2": 4.385290096183762e-09,
    "ROUGE_L": 0.19902120717781402,
    "CIDEr": 0.0,
    "METEOR": 0.19607843137254902,
    "SPICE": 0.2608695652173913,
    "BLEU_4": 6.466227686450042e-13
  },
  "7": {
    "BLEU_1": 0.2142857142704082,
    "BLEU_2": 4.059989714404599e-09,
    "ROUGE_L": 0.19122257053291536,
    "CIDEr": 0.0,
    "METEOR": 0.19607843137254902,
    "SPICE": 0.24999999999999994,
    "BLEU_4": 5.944549994012258e-13
  },
  "8": {
    "BLEU_1": 0.24999999997916675,
    "BLEU_2": 4.767312945812628e-09,
    "ROUGE_L": 0.2074829931972789,
    "CIDEr": 0.0,
    "METEOR": 0.20512820512820518,
    "SPICE": 0.2608695652173913,
    "BLEU_4": 7.08885680157797e-13
  },
  "9": {
    "BLEU_1": 0.27272727270247943,
    "BLEU_2": 5.222329678172441e-09,
    "ROUGE_L": 0.216696269982238,
    "CIDEr": 0.0,
    "METEOR": 0.20997375328083995,
    "SPICE": 0.2727272727272727,
    "BLEU_4": 7.84510965356927e-13
  }
}