{
  "0": {
    "BLEU_1": 0.4294155959203306,
    "BLEU_2": 0.3279715788126764,
    "ROUGE_L": 0.32049036777583184,
    "CIDEr": 0.0,
    "METEOR": 0.16722710009501301,
    "SPICE": 0.15789473684210525,
    "BLEU_4": 4.174635264358086e-05
  },
  "1": {
    "BLEU_1": 0.4412484511819858,
    "BLEU_2": 0.3335524766312959,
    "ROUGE_L": 0.3070469798657718,
    "CIDEr": 0.0,
    "METEOR": 0.16329748155492133,
    "SPICE": 0.10256410256410256,
    "BLEU_4": 4.122478183078424e-05
  },
  "2": {
    "BLEU_1": 0.555555555432099,
    "BLEU_2": 0.37267799616455977,
    "ROUGE_L": 0.3333333333333333,
    "CIDEr": 0.0,
    "METEOR": 0.1595483046824869,
    "SPICE": 0.09999999999999999,
    "BLEU_4": 4.264366796762506e-05
  },
  "3": {
    "BLEU_1": 0.4444444443456792,
    "BLEU_2": 0.3333333332569446,
    "ROUGE_L": 0.2946859903381642,
    "CIDEr": 0.0,
    "METEOR": 0.1595483046824869,
    "SPICE": 0.09999999999999999,
    "BLEU_4": 4.032989115749891e-05
  },
  "4": {
    "BLEU_1": 0.30769230766863914,
    "BLEU_2": 0.22645540681077378,
    "ROUGE_L": 0.2819722650231125,
    "CIDEr": 0.0,
    "METEOR": 0.17596982032918157,
    "SPICE": 0.09090909090909091,
    "BLEU_4": 2.6130226594483132e-05
  },
  "5": {
    "BLEU_1": 0.33093633838648934,
    "BLEU_2": 0.28886491825791755,
    "ROUGE_L": 0.3070469798657718,
    "CIDEr": 0.0,
    "METEOR": 0.14779981428134548,
    "SPICE": 0.10256410256410256,
    "BLEU_4": 3.8363982287151757e-05
  },
  "6": {
    "BLEU_1": 0.29999999994000015,
    "BLEU_2": 0.25819888969408705,
    "ROUGE_L": 0.28328173374613,
    "CIDEr": 0.0,
    "METEOR": 0.14257310179202481,
    "SPICE": 0.14634146341463414,
    "BLEU_4": 3.303164317287965e-05
  },
  "7": {
    "BLEU_1": 0.30769230766863914,
    "BLEU_2": 0.22645540681077378,
    "ROUGE_L": 0.2819722650231125,
    "CIDEr": 0.0,
    "METEOR": 0.17596982032918157,
    "SPICE": 0.049999999999999996,
    "BLEU_4": 2.6130226594483132e-05
  },
  "8": {
    "BLEU_1": 0.23076923075147937,
    "BLEU_2": 0.19611613512246967,
    "ROUGE_L": 0.2538141470180305,
    "CIDEr": 0.0,
    "METEOR": 0.17596982032918157,
    "SPICE": 0.049999999999999996,
    "BLEU_4": 2.431691583826491e-05
  },
  "9": {
    "BLEU_1": 0.24999999997916675,
    "BLEU_2": 0.2132007163370362,
    "ROUGE_L": 0.2629310344827586,
    "CIDEr": 0.0,
    "METEOR": 0.17991014330083197,
    "SPICE": 0.09302325581395349,
    "BLEU_4": 2.665837681446064e-05
  }
}