{
  "0": {
    "BLEU_1": 0.07357588820485822,
    "BLEU_2": 2.6013004740088944e-09,
    "ROUGE_L": 0.08701854493580599,
    "CIDEr": 0.0,
    "METEOR": 0.0712166172106825,
    "SPICE": 0.0606060606060606,
    "BLEU_4": 6.250434469943716e-13
  },
  "1": {
    "BLEU_1": 0.17113903962048443,
    "BLEU_2": 4.192033221331537e-09,
    "ROUGE_L": 0.1680440771349862,
    "CIDEr": 0.0,
    "METEOR": 0.12650073206442167,
    "SPICE": 0.1111111111111111,
    "BLEU_4": 7.882286548803192e-13
  },
  "2": {
    "BLEU_1": 0.1947001957191763,
    "BLEU_2": 4.654224883289751e-09,
    "ROUGE_L": 0.15721649484536082,
    "CIDEr": 0.0,
    "METEOR": 0.07627461304731127,
    "SPICE": 0.05714285714285715,
    "BLEU_4": 8.134981279967864e-13
  },
  "3": {
    "BLEU_1": 0.38940039143835253,
    "BLEU_2": 0.20814326443213824,
    "ROUGE_L": 0.23582474226804123,
    "CIDEr": 0.0,
    "METEOR": 0.11309753243315528,
    "SPICE": 0.05714285714285715,
    "BLEU_4": 5.4401898621431946e-09
  },
  "4": {
    "BLEU_1": 0.2567085594307266,
    "BLEU_2": 5.134171188528962e-09,
    "ROUGE_L": 0.25206611570247933,
    "CIDEr": 0.0,
    "METEOR": 0.08822652757078986,
    "SPICE": 0.0606060606060606,
    "BLEU_4": 8.723184009457538e-13
  },
  "5": {
    "BLEU_1": 0.3422780792409688,
    "BLEU_2": 0.18747342493669486,
    "ROUGE_L": 0.25206611570247933,
    "CIDEr": 0.0,
    "METEOR": 0.11690268305707455,
    "SPICE": 0.1212121212121212,
    "BLEU_4": 5.271202710558196e-09
  },
  "6": {
    "BLEU_1": 0.4867504892979407,
    "BLEU_2": 0.23271124416448763,
    "ROUGE_L": 0.31443298969072164,
    "CIDEr": 0.0,
    "METEOR": 0.11309753243315528,
    "SPICE": 0.05714285714285715,
    "BLEU_4": 5.752300427890898e-09
  },
  "7": {
    "BLEU_1": 0.4971329536752872,
    "BLEU_2": 0.2358108650294949,
    "ROUGE_L": 0.22846441947565538,
    "CIDEr": 0.0,
    "METEOR": 0.13179190751445088,
    "SPICE": 0.058823529411764705,
    "BLEU_4": 5.706135913544768e-09
  },
  "8": {
    "BLEU_1": 0.37225088991138877,
    "BLEU_2": 6.357394235768728e-09,
    "ROUGE_L": 0.2436750998668442,
    "CIDEr": 0.0,
    "METEOR": 0.11496863131532148,
    "SPICE": 0.05555555555555555,
    "BLEU_4": 9.62318798504121e-13
  },
  "9": {
    "BLEU_1": 0.37225088991138877,
    "BLEU_2": 6.357394235768728e-09,
    "ROUGE_L": 0.2436750998668442,
    "CIDEr": 0.0,
    "METEOR": 0.12235294117647061,
    "SPICE": 0.1111111111111111,
    "BLEU_4": 9.62318798504121e-13
  }
}