{
  "0": {
    "BLEU_1": 0.23884377011164867,
    "BLEU_2": 5.85045365006396e-09,
    "ROUGE_L": 0.23921568627450981,
    "CIDEr": 0.0,
    "METEOR": 0.15342465753424656,
    "SPICE": 0.08,
    "BLEU_4": 1.1000617045598687e-12
  },
  "1": {
    "BLEU_1": 0.3333333332962964,
    "BLEU_2": 6.454972242916984e-09,
    "ROUGE_L": 0.1673525377229081,
    "CIDEr": 0.0,
    "METEOR": 0.12435233160621761,
    "SPICE": 0.07142857142857142,
    "BLEU_4": 9.980099402512292e-13
  },
  "2": {
    "BLEU_1": 0.2142857142704082,
    "BLEU_2": 4.059989714404599e-09,
    "ROUGE_L": 0.19122257053291536,
    "CIDEr": 0.0,
    "METEOR": 0.1715642486551142,
    "SPICE": 0.0,
    "BLEU_4": 5.944549994012258e-13
  },
  "3": {
    "BLEU_1": 0.16666666665277785,
    "BLEU_2": 3.892494720468497e-09,
    "ROUGE_L": 0.10374149659863945,
    "CIDEr": 0.0,
    "METEOR": 0.10859862506564857,
    "SPICE": 0.0,
    "BLEU_4": 6.40550520920913e-13
  },
  "4": {
    "BLEU_1": 0.19999999998666673,
    "BLEU_2": 3.7796447298312975e-09,
    "ROUGE_L": 0.18401206636500753,
    "CIDEr": 0.0,
    "METEOR": 0.09999074289429953,
    "SPICE": 0.0,
    "BLEU_4": 5.501034141770605e-13
  },
  "5": {
    "BLEU_1": 0.18749999998828132,
    "BLEU_2": 3.535533905704402e-09,
    "ROUGE_L": 0.17732558139534885,
    "CIDEr": 0.0,
    "METEOR": 0.11579105443915053,
    "SPICE": 0.0,
    "BLEU_4": 5.119289102444937e-13
  },
  "6": {
    "BLEU_1": 0.19999999998666673,
    "BLEU_2": 3.7796447298312975e-09,
    "ROUGE_L": 0.18401206636500753,
    "CIDEr": 0.0,
    "METEOR": 0.11647727206105601,
    "SPICE": 0.0,
    "BLEU_4": 5.501034141770605e-13
  },
  "7": {
    "BLEU_1": 0.17647058822491354,
    "BLEU_2": 3.3210558205738968e-09,
    "ROUGE_L": 0.17110799438990182,
    "CIDEr": 0.0,
    "METEOR": 0.0898876404494382,
    "SPICE": 0.0,
    "BLEU_4": 4.787218652070603e-13
  },
  "8": {
    "BLEU_1": 0.2142857142704082,
    "BLEU_2": 4.059989714404599e-09,
    "ROUGE_L": 0.19122257053291536,
    "CIDEr": 0.0,
    "METEOR": 0.14953271028037382,
    "SPICE": 0.057142857142857134,
    "BLEU_4": 5.944549994012258e-13
  },
  "9": {
    "BLEU_1": 0.19999999998666673,
    "BLEU_2": 3.7796447298312975e-09,
    "ROUGE_L": 0.18401206636500753,
    "CIDEr": 0.0,
    "METEOR": 0.148491879350348,
    "SPICE": 0.0625,
    "BLEU_4": 5.501034141770605e-13
  }
}