{
  "0": {
    "BLEU_1": 0.4953587997157158,
    "BLEU_2": 8.459862053518921e-09,
    "ROUGE_L": 0.22803738317757008,
    "CIDEr": 0.0,
    "METEOR": 0.2161148598437132,
    "SPICE": 0.13793103448275862,
    "BLEU_4": 1.2805693630023128e-12
  },
  "1": {
    "BLEU_1": 0.4444444443950618,
    "BLEU_2": 7.453559924119366e-09,
    "ROUGE_L": 0.20854700854700853,
    "CIDEr": 0.0,
    "METEOR": 0.20490429074519204,
    "SPICE": 0.1290322580645161,
    "BLEU_4": 1.0724314734549807e-12
  },
  "2": {
    "BLEU_1": 0.4545454545041323,
    "BLEU_2": 6.741998623988867e-09,
    "ROUGE_L": 0.1921259842519685,
    "CIDEr": 0.0,
    "METEOR": 0.19479942161255245,
    "SPICE": 0.12121212121212123,
    "BLEU_4": 8.913765520446539e-13
  },
  "3": {
    "BLEU_1": 0.4999999999000002,
    "BLEU_2": 7.453559923467182e-09,
    "ROUGE_L": 0.10627177700348434,
    "CIDEr": 0.0,
    "METEOR": 0.1523809523809524,
    "SPICE": 0.12500000000000003,
    "BLEU_4": 9.98009940168062e-13
  },
  "4": {
    "BLEU_1": 0.24767939985785795,
    "BLEU_2": 5.982025825945981e-09,
    "ROUGE_L": 0.12224448897795591,
    "CIDEr": 0.0,
    "METEOR": 0.18700545479063585,
    "SPICE": 0.06896551724137931,
    "BLEU_4": 1.0768261868323776e-12
  },
  "5": {
    "BLEU_1": 0.3999999999200002,
    "BLEU_2": 6.666666665296299e-09,
    "ROUGE_L": 0.10627177700348434,
    "CIDEr": 0.0,
    "METEOR": 0.17480944686950742,
    "SPICE": 0.06250000000000001,
    "BLEU_4": 9.438595266157062e-13
  },
  "6": {
    "BLEU_1": 0.2499999999583334,
    "BLEU_2": 4.7673129454153526e-09,
    "ROUGE_L": 0.09775641025641024,
    "CIDEr": 0.0,
    "METEOR": 0.1856443574114403,
    "SPICE": 0.060606060606060615,
    "BLEU_4": 7.088856800987232e-13
  },
  "7": {
    "BLEU_1": 0.29999999994000015,
    "BLEU_2": 5.773502690709485e-09,
    "ROUGE_L": 0.1788856304985337,
    "CIDEr": 0.0,
    "METEOR": 0.17919185640105498,
    "SPICE": 0.06250000000000001,
    "BLEU_4": 8.783602617783837e-13
  },
  "8": {
    "BLEU_1": 0.3333333332962964,
    "BLEU_2": 6.454972242916984e-09,
    "ROUGE_L": 0.1111111111111111,
    "CIDEr": 0.0,
    "METEOR": 0.18070190013477172,
    "SPICE": 0.0,
    "BLEU_4": 9.980099402512292e-13
  },
  "9": {
    "BLEU_1": 0.33333333327777787,
    "BLEU_2": 0.17407765592602564,
    "ROUGE_L": 0.18484848484848485,
    "CIDEr": 0.0,
    "METEOR": 0.19164902665385888,
    "SPICE": 0.23529411764705885,
    "BLEU_4": 4.283619506777607e-09
  }
}