{
  "0": {
    "BLEU_1": 7.162619917923445e-17,
    "BLEU_2": 8.27068107508754e-17,
    "ROUGE_L": 0.0,
    "CIDEr": 0.0,
    "METEOR": 0.01363636363636364,
    "SPICE": 0.0,
    "BLEU_4": 1.2944315414357063e-16
  },
  "1": {
    "BLEU_1": 0.07162619917923453,
    "BLEU_2": 2.615418999812674e-09,
    "ROUGE_L": 0.13260869565217392,
    "CIDEr": 0.0,
    "METEOR": 0.1846962807333194,
    "SPICE": 0.12903225806451613,
    "BLEU_4": 7.279123483791415e-13
  },
  "2": {
    "BLEU_1": 0.32206169694024794,
    "BLEU_2": 0.20084075455651398,
    "ROUGE_L": 0.2136602451838879,
    "CIDEr": 0.0,
    "METEOR": 0.17982857864369903,
    "SPICE": 0.06666666666666667,
    "BLEU_4": 5.809334106350273e-09
  },
  "3": {
    "BLEU_1": 0.555555555432099,
    "BLEU_2": 0.26352313828697443,
    "ROUGE_L": 0.26406926406926406,
    "CIDEr": 0.0,
    "METEOR": 0.28236088232747125,
    "SPICE": 0.11764705882352941,
    "BLEU_4": 6.376715692219053e-09
  },
  "4": {
    "BLEU_1": 0.4444444443456792,
    "BLEU_2": 0.23570226034150096,
    "ROUGE_L": 0.19645732689210954,
    "CIDEr": 0.0,
    "METEOR": 0.2581585209851166,
    "SPICE": 0.11764705882352941,
    "BLEU_4": 6.030725358915047e-09
  },
  "5": {
    "BLEU_1": 0.4294155959203306,
    "BLEU_2": 7.333667449130742e-09,
    "ROUGE_L": 0.2136602451838879,
    "CIDEr": 0.0,
    "METEOR": 0.20705882352941174,
    "SPICE": 0.0625,
    "BLEU_4": 1.1100972798838728e-12
  },
  "6": {
    "BLEU_1": 0.4294155959203306,
    "BLEU_2": 7.333667449130742e-09,
    "ROUGE_L": 0.2136602451838879,
    "CIDEr": 0.0,
    "METEOR": 0.20705882352941174,
    "SPICE": 0.0625,
    "BLEU_4": 1.1100972798838728e-12
  },
  "7": {
    "BLEU_1": 0.32206169694024794,
    "BLEU_2": 6.3511423138542446e-09,
    "ROUGE_L": 0.10683012259194395,
    "CIDEr": 0.0,
    "METEOR": 0.22429906542056074,
    "SPICE": 0.12121212121212122,
    "BLEU_4": 1.0330619227359553e-12
  },
  "8": {
    "BLEU_1": 0.32206169694024794,
    "BLEU_2": 6.3511423138542446e-09,
    "ROUGE_L": 0.10683012259194395,
    "CIDEr": 0.0,
    "METEOR": 0.22429906542056074,
    "SPICE": 0.12121212121212122,
    "BLEU_4": 1.0330619227359553e-12
  },
  "9": {
    "BLEU_1": 0.4294155959203306,
    "BLEU_2": 7.333667449130742e-09,
    "ROUGE_L": 0.1897356143079316,
    "CIDEr": 0.0,
    "METEOR": 0.22429906542056074,
    "SPICE": 0.125,
    "BLEU_4": 1.1100972798838728e-12
  }
}