{
  "0": {
    "BLEU_1": 0.4953587997157158,
    "BLEU_2": 8.459862053518921e-09,
    "ROUGE_L": 0.24448897795591182,
    "CIDEr": 0.0,
    "METEOR": 0.16722710009501301,
    "SPICE": 0.14285714285714285,
    "BLEU_4": 1.2805693630023128e-12
  },
  "1": {
    "BLEU_1": 0.4999999998750002,
    "BLEU_2": 8.451542545096823e-09,
    "ROUGE_L": 0.232824427480916,
    "CIDEr": 0.0,
    "METEOR": 0.16796312388506196,
    "SPICE": 0.14285714285714285,
    "BLEU_4": 1.2421889947772103e-12
  },
  "2": {
    "BLEU_1": 0.4953587997157158,
    "BLEU_2": 8.459862053518921e-09,
    "ROUGE_L": 0.24448897795591182,
    "CIDEr": 0.0,
    "METEOR": 0.16722710009501301,
    "SPICE": 0.14285714285714285,
    "BLEU_4": 1.2805693630023128e-12
  },
  "3": {
    "BLEU_1": 0.4999999998750002,
    "BLEU_2": 8.451542545096823e-09,
    "ROUGE_L": 0.232824427480916,
    "CIDEr": 0.0,
    "METEOR": 0.16796312388506196,
    "SPICE": 0.14285714285714285,
    "BLEU_4": 1.2421889947772103e-12
  },
  "4": {
    "BLEU_1": 0.3749999999062502,
    "BLEU_2": 7.319250545218839e-09,
    "ROUGE_L": 0.232824427480916,
    "CIDEr": 0.0,
    "METEOR": 0.1880197745154705,
    "SPICE": 0.21428571428571427,
    "BLEU_4": 1.1559871144628244e-12
  },
  "5": {
    "BLEU_1": 0.3333333332592594,
    "BLEU_2": 6.454972242199766e-09,
    "ROUGE_L": 0.2222222222222222,
    "CIDEr": 0.0,
    "METEOR": 0.2015904473603597,
    "SPICE": 0.12903225806451613,
    "BLEU_4": 9.980099401403394e-13
  },
  "6": {
    "BLEU_1": 0.3333333332592594,
    "BLEU_2": 6.454972242199766e-09,
    "ROUGE_L": 0.2222222222222222,
    "CIDEr": 0.0,
    "METEOR": 0.2015904473603597,
    "SPICE": 0.125,
    "BLEU_4": 9.980099401403394e-13
  },
  "7": {
    "BLEU_1": 0.24767939985785795,
    "BLEU_2": 5.982025825945981e-09,
    "ROUGE_L": 0.12224448897795591,
    "CIDEr": 0.0,
    "METEOR": 0.1660377358490566,
    "SPICE": 0.13333333333333333,
    "BLEU_4": 1.0768261868323776e-12
  },
  "8": {
    "BLEU_1": 0.4444444443456792,
    "BLEU_2": 7.453559923291195e-09,
    "ROUGE_L": 0.2222222222222222,
    "CIDEr": 0.0,
    "METEOR": 0.247887323943662,
    "SPICE": 0.13333333333333333,
    "BLEU_4": 1.0724314733358218e-12
  },
  "9": {
    "BLEU_1": 0.3749999999062502,
    "BLEU_2": 7.319250545218839e-09,
    "ROUGE_L": 0.232824427480916,
    "CIDEr": 0.0,
    "METEOR": 0.2272727272727273,
    "SPICE": 0.06666666666666667,
    "BLEU_4": 1.1559871144628244e-12
  }
}