{
  "0": {
    "BLEU_1": 0.32206169694024794,
    "BLEU_2": 0.284031718971068,
    "ROUGE_L": 0.32049036777583184,
    "CIDEr": 0.0,
    "METEOR": 0.18732143608718652,
    "SPICE": 0.20689655172413793,
    "BLEU_4": 3.8849358619906124e-05
  },
  "1": {
    "BLEU_1": 0.33093633838648934,
    "BLEU_2": 0.2042583425470713,
    "ROUGE_L": 0.3070469798657718,
    "CIDEr": 0.0,
    "METEOR": 0.17757854171915746,
    "SPICE": 0.23529411764705882,
    "BLEU_4": 5.736753415588487e-09
  },
  "2": {
    "BLEU_1": 0.21470779796016531,
    "BLEU_2": 5.1856859842473975e-09,
    "ROUGE_L": 0.10683012259194395,
    "CIDEr": 0.0,
    "METEOR": 0.18277089674018543,
    "SPICE": 0.24242424242424246,
    "BLEU_4": 9.334768232372482e-13
  },
  "3": {
    "BLEU_1": 0.21470779796016531,
    "BLEU_2": 5.1856859842473975e-09,
    "ROUGE_L": 0.20098846787479407,
    "CIDEr": 0.0,
    "METEOR": 0.15404663900378046,
    "SPICE": 0.12121212121212123,
    "BLEU_4": 9.334768232372482e-13
  },
  "4": {
    "BLEU_1": 0.45454545446281003,
    "BLEU_2": 0.30151134452157297,
    "ROUGE_L": 0.25884016973125884,
    "CIDEr": 0.0,
    "METEOR": 0.18999478398846012,
    "SPICE": 0.17142857142857146,
    "BLEU_4": 3.3521134184190736e-05
  },
  "5": {
    "BLEU_1": 0.21470779796016531,
    "BLEU_2": 5.1856859842473975e-09,
    "ROUGE_L": 0.2136602451838879,
    "CIDEr": 0.0,
    "METEOR": 0.17001862479335644,
    "SPICE": 0.19999999999999998,
    "BLEU_4": 9.334768232372482e-13
  },
  "6": {
    "BLEU_1": 0.4444444443456792,
    "BLEU_2": 0.23570226034150096,
    "ROUGE_L": 0.3929146537842191,
    "CIDEr": 0.0,
    "METEOR": 0.17757854171915746,
    "SPICE": 0.23529411764705882,
    "BLEU_4": 6.030725358915047e-09
  },
  "7": {
    "BLEU_1": 0.33093633838648934,
    "BLEU_2": 0.2042583425470713,
    "ROUGE_L": 0.3070469798657718,
    "CIDEr": 0.0,
    "METEOR": 0.16516094979926052,
    "SPICE": 0.1764705882352941,
    "BLEU_4": 5.736753415588487e-09
  },
  "8": {
    "BLEU_1": 0.32206169694024794,
    "BLEU_2": 0.284031718971068,
    "ROUGE_L": 0.32049036777583184,
    "CIDEr": 0.0,
    "METEOR": 0.18514327985361453,
    "SPICE": 0.25,
    "BLEU_4": 3.8849358619906124e-05
  },
  "9": {
    "BLEU_1": 0.29999999994000015,
    "BLEU_2": 0.1825741857975264,
    "ROUGE_L": 0.28328173374613,
    "CIDEr": 0.0,
    "METEOR": 0.15968600118713033,
    "SPICE": 0.2285714285714286,
    "BLEU_4": 4.939382736029984e-09
  }
}