{
  "0": {
    "BLEU_1": 0.1428571428163267,
    "BLEU_2": 4.879500363290437e-09,
    "ROUGE_L": 0.13174946004319654,
    "CIDEr": 0.0,
    "METEOR": 0.026143790849673207,
    "SPICE": 0.05555555555555555,
    "BLEU_4": 1.0445522727244761e-12
  },
  "1": {
    "BLEU_1": 0.18181818180165296,
    "BLEU_2": 4.26401432670519e-09,
    "ROUGE_L": 0.216696269982238,
    "CIDEr": 0.0,
    "METEOR": 0.09195402298850575,
    "SPICE": 0.05,
    "BLEU_4": 7.088856801504128e-13
  },
  "2": {
    "BLEU_1": 0.12499999999218755,
    "BLEU_2": 2.8867513457616934e-09,
    "ROUGE_L": 0.17732558139534885,
    "CIDEr": 0.0,
    "METEOR": 0.08142493638676845,
    "SPICE": 0.045454545454545456,
    "BLEU_4": 4.625799890027289e-13
  },
  "3": {
    "BLEU_1": 0.09999999998000014,
    "BLEU_2": 3.333333332648151e-09,
    "ROUGE_L": 0.11338289962825278,
    "CIDEr": 0.0,
    "METEOR": 0.02359882005899705,
    "SPICE": 0.05128205128205129,
    "BLEU_4": 6.674094717574907e-13
  },
  "4": {
    "BLEU_1": 0.07692307691715985,
    "BLEU_2": 2.531848417506296e-09,
    "ROUGE_L": 0.09951060358890701,
    "CIDEr": 0.0,
    "METEOR": 0.028070175438596492,
    "SPICE": 0.04761904761904762,
    "BLEU_4": 4.91327054771308e-13
  },
  "5": {
    "BLEU_1": 0.16666666663888896,
    "BLEU_2": 3.8924947201441226e-09,
    "ROUGE_L": 0.2074829931972789,
    "CIDEr": 0.0,
    "METEOR": 0.0896358543417367,
    "SPICE": 0.05,
    "BLEU_4": 6.405505208675338e-13
  },
  "6": {
    "BLEU_1": 0.1538461538343196,
    "BLEU_2": 3.5805743699102604e-09,
    "ROUGE_L": 0.19902120717781402,
    "CIDEr": 0.0,
    "METEOR": 0.08888888888888889,
    "SPICE": 0.04761904761904762,
    "BLEU_4": 5.84289629327371e-13
  },
  "7": {
    "BLEU_1": 0.10526315788919673,
    "BLEU_2": 2.4182541669025607e-09,
    "ROUGE_L": 0.1598951507208388,
    "CIDEr": 0.0,
    "METEOR": 0.0761904761904762,
    "SPICE": 0.0392156862745098,
    "BLEU_4": 3.829206137800792e-13
  },
  "8": {
    "BLEU_1": 0.16666666663888896,
    "BLEU_2": 3.8924947201441226e-09,
    "ROUGE_L": 0.2074829931972789,
    "CIDEr": 0.0,
    "METEOR": 0.0927536231884058,
    "SPICE": 0.04878048780487805,
    "BLEU_4": 6.405505208675338e-13
  },
  "9": {
    "BLEU_1": 0.1333333333244445,
    "BLEU_2": 3.0860669990287532e-09,
    "ROUGE_L": 0.18401206636500753,
    "CIDEr": 0.0,
    "METEOR": 0.08333333333333333,
    "SPICE": 0.046511627906976744,
    "BLEU_4": 4.970745472430083e-13
  }
}