{
  "0": {
    "BLEU_1": 0.3749999999062502,
    "BLEU_2": 7.319250545218839e-09,
    "ROUGE_L": 0.26676384839650147,
    "CIDEr": 0.0,
    "METEOR": 0.16329748155492133,
    "SPICE": 0.1875,
    "BLEU_4": 1.1559871144628244e-12
  },
  "1": {
    "BLEU_1": 0.36363636357024803,
    "BLEU_2": 6.030226890431458e-09,
    "ROUGE_L": 0.108348134991119,
    "CIDEr": 0.0,
    "METEOR": 0.12307692307692308,
    "SPICE": 0.125,
    "BLEU_4": 8.430118944817767e-13
  },
  "2": {
    "BLEU_1": 0.30769230766863914,
    "BLEU_2": 0.16012815379225645,
    "ROUGE_L": 0.16116248348745044,
    "CIDEr": 0.0,
    "METEOR": 0.20367632405846198,
    "SPICE": 0.2222222222222222,
    "BLEU_4": 3.9073802491094676e-09
  },
  "3": {
    "BLEU_1": 0.30769230766863914,
    "BLEU_2": 5.063696835012589e-09,
    "ROUGE_L": 0.2417437252311757,
    "CIDEr": 0.0,
    "METEOR": 0.18740203551638743,
    "SPICE": 0.2564102564102564,
    "BLEU_4": 6.948413844184121e-13
  },
  "4": {
    "BLEU_1": 0.22222222217283966,
    "BLEU_2": 5.270462765739487e-09,
    "ROUGE_L": 0.09822866344605477,
    "CIDEr": 0.0,
    "METEOR": 0.1421430350807611,
    "SPICE": 0.1935483870967742,
    "BLEU_4": 9.018037815333522e-13
  },
  "5": {
    "BLEU_1": 0.3999999999600001,
    "BLEU_2": 0.2981423969685015,
    "ROUGE_L": 0.1788856304985337,
    "CIDEr": 0.0,
    "METEOR": 0.2093027418501322,
    "SPICE": 0.1875,
    "BLEU_4": 6.311969077470083e-09
  },
  "6": {
    "BLEU_1": 0.2999999999700001,
    "BLEU_2": 0.18257418581578377,
    "ROUGE_L": 0.1788856304985337,
    "CIDEr": 0.0,
    "METEOR": 0.18407603064219258,
    "SPICE": 0.18181818181818182,
    "BLEU_4": 4.939382736523921e-09
  },
  "7": {
    "BLEU_1": 0.3749999999062502,
    "BLEU_2": 0.23145502488320774,
    "ROUGE_L": 0.1930379746835443,
    "CIDEr": 0.0,
    "METEOR": 0.14460794320354886,
    "SPICE": 0.12903225806451613,
    "BLEU_4": 6.500593258499926e-09
  },
  "8": {
    "BLEU_1": 0.4999999999166667,
    "BLEU_2": 0.21320071631926954,
    "ROUGE_L": 0.19551282051282048,
    "CIDEr": 0.0,
    "METEOR": 0.19682448422950186,
    "SPICE": 0.18181818181818182,
    "BLEU_4": 4.7406042590263856e-09
  },
  "9": {
    "BLEU_1": 0.4953587997157158,
    "BLEU_2": 0.2675243277994909,
    "ROUGE_L": 0.3667334669338677,
    "CIDEr": 0.0,
    "METEOR": 0.18547486341093425,
    "SPICE": 0.1935483870967742,
    "BLEU_4": 7.201170725888819e-09
  }
}