{
  "0": {
    "BLEU_1": 0.4999999999000002,
    "BLEU_2": 0.23570226034706615,
    "ROUGE_L": 0.33983286908078,
    "CIDEr": 0.0,
    "METEOR": 0.11910669975186104,
    "SPICE": 0.05405405405405406,
    "BLEU_4": 5.612222323072491e-09
  },
  "1": {
    "BLEU_1": 0.29999999994000015,
    "BLEU_2": 5.773502690709485e-09,
    "ROUGE_L": 0.16991643454039,
    "CIDEr": 0.0,
    "METEOR": 0.11404730962927662,
    "SPICE": 0.05128205128205128,
    "BLEU_4": 8.783602617783837e-13
  },
  "2": {
    "BLEU_1": 0.3999999999733334,
    "BLEU_2": 0.16903085093403225,
    "ROUGE_L": 0.28944246737841045,
    "CIDEr": 0.0,
    "METEOR": 0.12088255639936826,
    "SPICE": 0.046511627906976744,
    "BLEU_4": 3.6787632496533857e-09
  },
  "3": {
    "BLEU_1": 0.46153846146745575,
    "BLEU_2": 0.19611613510738388,
    "ROUGE_L": 0.30769230769230765,
    "CIDEr": 0.0,
    "METEOR": 0.1249725677061138,
    "SPICE": 0.04761904761904761,
    "BLEU_4": 4.324227074750954e-09
  },
  "4": {
    "BLEU_1": 0.42857142854081637,
    "BLEU_2": 0.18156825978717286,
    "ROUGE_L": 0.2982885085574572,
    "CIDEr": 0.0,
    "METEOR": 0.12289354162597513,
    "SPICE": 0.046511627906976744,
    "BLEU_4": 3.975360175943345e-09
  },
  "5": {
    "BLEU_1": 0.5333333332977779,
    "BLEU_2": 0.19518001457623005,
    "ROUGE_L": 0.28944246737841045,
    "CIDEr": 0.0,
    "METEOR": 0.1773801740293531,
    "SPICE": 0.09090909090909091,
    "BLEU_4": 3.95308837437499e-09
  },
  "6": {
    "BLEU_1": 0.3999999999733334,
    "BLEU_2": 5.345224837879414e-09,
    "ROUGE_L": 0.2373540856031128,
    "CIDEr": 0.0,
    "METEOR": 0.1773801740293531,
    "SPICE": 0.09090909090909091,
    "BLEU_4": 6.541868941266492e-13
  },
  "7": {
    "BLEU_1": 0.357142857117347,
    "BLEU_2": 5.241424183220805e-09,
    "ROUGE_L": 0.2237163814180929,
    "CIDEr": 0.0,
    "METEOR": 0.12289354162597513,
    "SPICE": 0.046511627906976744,
    "BLEU_4": 6.754312828130983e-13
  },
  "8": {
    "BLEU_1": 0.3999999999733334,
    "BLEU_2": 5.345224837879414e-09,
    "ROUGE_L": 0.21708185053380782,
    "CIDEr": 0.0,
    "METEOR": 0.12221581988906717,
    "SPICE": 0.045454545454545456,
    "BLEU_4": 6.541868941266492e-13
  },
  "9": {
    "BLEU_1": 0.4374999999726563,
    "BLEU_2": 0.1707825127549637,
    "ROUGE_L": 0.28110599078341014,
    "CIDEr": 0.0,
    "METEOR": 0.12154553202861527,
    "SPICE": 0.04444444444444444,
    "BLEU_4": 3.5579828676919253e-09
  }
}