{
  "0": {
    "BLEU_1": 0.22222222217283966,
    "BLEU_2": 5.270462765739487e-09,
    "ROUGE_L": 0.1111111111111111,
    "CIDEr": 0.0,
    "METEOR": 0.13493975903614458,
    "SPICE": 0.09523809523809525,
    "BLEU_4": 9.018037815333522e-13
  },
  "1": {
    "BLEU_1": 0.06249999999609382,
    "BLEU_2": 2.041241452187486e-09,
    "ROUGE_L": 0.08425414364640883,
    "CIDEr": 0.0,
    "METEOR": 0.12389380530973451,
    "SPICE": 0.14285714285714288,
    "BLEU_4": 3.8898185452049755e-13
  },
  "2": {
    "BLEU_1": 0.28571428569387763,
    "BLEU_2": 0.20965696732883227,
    "ROUGE_L": 0.28683385579937304,
    "CIDEr": 0.0,
    "METEOR": 0.25050574940801684,
    "SPICE": 0.25,
    "BLEU_4": 2.4022110862454197e-05
  },
  "3": {
    "BLEU_1": 0.3999999999733334,
    "BLEU_2": 0.2927700218643449,
    "ROUGE_L": 0.3490701001430615,
    "CIDEr": 0.0,
    "METEOR": 0.2724403325079682,
    "SPICE": 0.2608695652173913,
    "BLEU_4": 2.722589422866631e-05
  },
  "4": {
    "BLEU_1": 0.357142857117347,
    "BLEU_2": 0.2344036154518607,
    "ROUGE_L": 0.3620178041543027,
    "CIDEr": 0.0,
    "METEOR": 0.27440504644432373,
    "SPICE": 0.2608695652173913,
    "BLEU_4": 2.540028971314249e-05
  },
  "5": {
    "BLEU_1": 0.30769230766863914,
    "BLEU_2": 0.22645540681077378,
    "ROUGE_L": 0.37596302003081655,
    "CIDEr": 0.0,
    "METEOR": 0.2596040211782838,
    "SPICE": 0.2608695652173913,
    "BLEU_4": 2.6130226594483132e-05
  },
  "6": {
    "BLEU_1": 0.28571428569387763,
    "BLEU_2": 0.20965696732883227,
    "ROUGE_L": 0.3620178041543027,
    "CIDEr": 0.0,
    "METEOR": 0.303163255248906,
    "SPICE": 0.25,
    "BLEU_4": 2.4022110862454197e-05
  },
  "7": {
    "BLEU_1": 0.22222222220987659,
    "BLEU_2": 0.1616904166816417,
    "ROUGE_L": 0.3152454780361757,
    "CIDEr": 0.0,
    "METEOR": 0.23720455917396285,
    "SPICE": 0.21428571428571427,
    "BLEU_4": 1.8167255735306698e-05
  },
  "8": {
    "BLEU_1": 0.19999999999000004,
    "BLEU_2": 0.1450952500145567,
    "ROUGE_L": 0.23223350253807104,
    "CIDEr": 0.0,
    "METEOR": 0.2281201292481515,
    "SPICE": 0.21428571428571427,
    "BLEU_4": 1.6195570127653763e-05
  },
  "9": {
    "BLEU_1": 0.19047619046712022,
    "BLEU_2": 0.13801311186173454,
    "ROUGE_L": 0.2250922509225092,
    "CIDEr": 0.0,
    "METEOR": 0.2704754623996582,
    "SPICE": 0.20689655172413793,
    "BLEU_4": 1.5362208232455113e-05
  }
}