{
  "0": {
    "BLEU_1": 0.32928698152470126,
    "BLEU_2": 6.721542363805207e-09,
    "ROUGE_L": 0.1476997578692494,
    "CIDEr": 0.0,
    "METEOR": 0.13043478260869565,
    "SPICE": 0.14285714285714285,
    "BLEU_4": 1.2271801245099645e-12
  },
  "1": {
    "BLEU_1": 0.47768754022329724,
    "BLEU_2": 0.2616402412150957,
    "ROUGE_L": 0.4178082191780822,
    "CIDEr": 0.0,
    "METEOR": 0.16857934079658995,
    "SPICE": 0.14285714285714285,
    "BLEU_4": 7.356555998002494e-09
  },
  "2": {
    "BLEU_1": 0.12591706847442996,
    "BLEU_2": 3.44838093863103e-09,
    "ROUGE_L": 0.1680440771349862,
    "CIDEr": 0.0,
    "METEOR": 0.0802675585284281,
    "SPICE": 0.0,
    "BLEU_4": 1.435144230713212e-10
  },
  "3": {
    "BLEU_1": 0.27590958074062716,
    "BLEU_2": 5.816684689107698e-09,
    "ROUGE_L": 0.31443298969072164,
    "CIDEr": 0.0,
    "METEOR": 0.1771754544916002,
    "SPICE": 0.07692307692307691,
    "BLEU_4": 1.2300790474695449e-12
  },
  "4": {
    "BLEU_1": 0.4390493086996017,
    "BLEU_2": 7.76136858622482e-09,
    "ROUGE_L": 0.2717149220489978,
    "CIDEr": 0.0,
    "METEOR": 0.0898876404494382,
    "SPICE": 0.07407407407407408,
    "BLEU_4": 1.3186908627298783e-12
  },
  "5": {
    "BLEU_1": 0.3999999999200002,
    "BLEU_2": 0.21081851063455723,
    "ROUGE_L": 0.34014869888475835,
    "CIDEr": 0.0,
    "METEOR": 0.16077875433299452,
    "SPICE": 0.13793103448275862,
    "BLEU_4": 5.307712169906119e-09
  },
  "6": {
    "BLEU_1": 0.6666666665185187,
    "BLEU_2": 0.40824829037030635,
    "ROUGE_L": 0.4756335282651072,
    "CIDEr": 0.0,
    "METEOR": 0.2011240682199265,
    "SPICE": 0.13793103448275862,
    "BLEU_4": 4.463236136748592e-05
  },
  "7": {
    "BLEU_1": 0.35826565516747294,
    "BLEU_2": 7.1653131032300366e-09,
    "ROUGE_L": 0.2785388127853881,
    "CIDEr": 0.0,
    "METEOR": 0.08767123287671232,
    "SPICE": 0.07407407407407408,
    "BLEU_4": 1.2174183989911234e-12
  },
  "8": {
    "BLEU_1": 0.5454545454049587,
    "BLEU_2": 0.3302891295063807,
    "ROUGE_L": 0.433392539964476,
    "CIDEr": 0.0,
    "METEOR": 0.19202800483309568,
    "SPICE": 0.06666666666666667,
    "BLEU_4": 3.508439695264144e-05
  },
  "9": {
    "BLEU_1": 0.42857142854081637,
    "BLEU_2": 0.2567762954875012,
    "ROUGE_L": 0.3824451410658307,
    "CIDEr": 0.0,
    "METEOR": 0.19829065202806995,
    "SPICE": 0.0625,
    "BLEU_4": 2.6584835764514756e-05
  }
}