{
  "0": {
    "BLEU_1": 0.6191984996446447,
    "BLEU_2": 9.458413315969635e-09,
    "ROUGE_L": 0.2634989200863931,
    "CIDEr": 0.0,
    "METEOR": 0.17263429594402344,
    "SPICE": 0.14285714285714288,
    "BLEU_4": 1.3540372452810337e-12
  },
  "1": {
    "BLEU_1": 0.7499999998125003,
    "BLEU_2": 0.32732683526923456,
    "ROUGE_L": 0.375,
    "CIDEr": 0.0,
    "METEOR": 0.23980516202892088,
    "SPICE": 0.13793103448275862,
    "BLEU_4": 7.730551754746834e-09
  },
  "2": {
    "BLEU_1": 0.555555555432099,
    "BLEU_2": 8.333333331423613e-09,
    "ROUGE_L": 0.2378167641325536,
    "CIDEr": 0.0,
    "METEOR": 0.1680712749058554,
    "SPICE": 0.13793103448275862,
    "BLEU_4": 1.1339582219145234e-12
  },
  "3": {
    "BLEU_1": 0.45454545446281003,
    "BLEU_2": 6.741998623375958e-09,
    "ROUGE_L": 0.2036727879799666,
    "CIDEr": 0.0,
    "METEOR": 0.12277896230243007,
    "SPICE": 0.13333333333333333,
    "BLEU_4": 8.913765519636197e-13
  },
  "4": {
    "BLEU_1": 0.42857142854081637,
    "BLEU_2": 0.18156825978717286,
    "ROUGE_L": 0.18100890207715134,
    "CIDEr": 0.0,
    "METEOR": 0.17681799579757107,
    "SPICE": 0.11764705882352942,
    "BLEU_4": 3.975360175943345e-09
  },
  "5": {
    "BLEU_1": 0.4374999999726563,
    "BLEU_2": 0.1707825127549637,
    "ROUGE_L": 0.2527624309392265,
    "CIDEr": 0.0,
    "METEOR": 0.21037714425250073,
    "SPICE": 0.1111111111111111,
    "BLEU_4": 3.5579828676919253e-09
  },
  "6": {
    "BLEU_1": 0.4999999999166667,
    "BLEU_2": 6.741998623483217e-09,
    "ROUGE_L": 0.2074829931972789,
    "CIDEr": 0.0,
    "METEOR": 0.17475511720646794,
    "SPICE": 0.12121212121212123,
    "BLEU_4": 8.430118944969443e-13
  },
  "7": {
    "BLEU_1": 0.47058823526643606,
    "BLEU_2": 0.2425356250216204,
    "ROUGE_L": 0.34221598877980364,
    "CIDEr": 0.0,
    "METEOR": 0.19803148140694365,
    "SPICE": 0.1142857142857143,
    "BLEU_4": 4.091032653614925e-09
  },
  "8": {
    "BLEU_1": 0.33333333327777787,
    "BLEU_2": 5.5048188246934825e-09,
    "ROUGE_L": 0.2074829931972789,
    "CIDEr": 0.0,
    "METEOR": 0.0847457627118644,
    "SPICE": 0.06451612903225805,
    "BLEU_4": 7.617472369343701e-13
  },
  "9": {
    "BLEU_1": 0.3999999999600001,
    "BLEU_2": 6.666666665962964e-09,
    "ROUGE_L": 0.22676579925650556,
    "CIDEr": 0.0,
    "METEOR": 0.08583690987124465,
    "SPICE": 0.06896551724137931,
    "BLEU_4": 9.43859526710092e-13
  }
}