{
  "0": {
    "BLEU_1": 0.4043537730069712,
    "BLEU_2": 0.22147368268455053,
    "ROUGE_L": 0.2798165137614679,
    "CIDEr": 0.0,
    "METEOR": 0.20025288370580085,
    "SPICE": 0.06896551724137931,
    "BLEU_4": 6.227190210443543e-09
  },
  "1": {
    "BLEU_1": 0.29999999994000015,
    "BLEU_2": 5.773502690709485e-09,
    "ROUGE_L": 0.24270557029177717,
    "CIDEr": 0.0,
    "METEOR": 0.19106786480893023,
    "SPICE": 0.05714285714285715,
    "BLEU_4": 8.783602617783837e-13
  },
  "2": {
    "BLEU_1": 0.2499999999583334,
    "BLEU_2": 4.7673129454153526e-09,
    "ROUGE_L": 0.22761194029850743,
    "CIDEr": 0.0,
    "METEOR": 0.18732143608718652,
    "SPICE": 0.11764705882352941,
    "BLEU_4": 7.088856800987232e-13
  },
  "3": {
    "BLEU_1": 0.36363636360330587,
    "BLEU_2": 6.03022689097966e-09,
    "ROUGE_L": 0.2349165596919127,
    "CIDEr": 0.0,
    "METEOR": 0.1694915254237288,
    "SPICE": 0.05714285714285715,
    "BLEU_4": 8.430118945584141e-13
  },
  "4": {
    "BLEU_1": 0.33093633838648934,
    "BLEU_2": 6.459215935396237e-09,
    "ROUGE_L": 0.1732954545454545,
    "CIDEr": 0.0,
    "METEOR": 0.15964523281596454,
    "SPICE": 0.060606060606060615,
    "BLEU_4": 1.0201550479411466e-12
  },
  "5": {
    "BLEU_1": 0.2499999999583334,
    "BLEU_2": 4.7673129454153526e-09,
    "ROUGE_L": 0.1517412935323383,
    "CIDEr": 0.0,
    "METEOR": 0.14784394250513347,
    "SPICE": 0.05405405405405406,
    "BLEU_4": 7.088856800987232e-13
  },
  "6": {
    "BLEU_1": 0.21428571425510212,
    "BLEU_2": 4.0599897141146e-09,
    "ROUGE_L": 0.14285714285714285,
    "CIDEr": 0.0,
    "METEOR": 0.1425742574257426,
    "SPICE": 0.05263157894736842,
    "BLEU_4": 5.944549993587648e-13
  },
  "7": {
    "BLEU_1": 0.26666666664888894,
    "BLEU_2": 4.3643578044184995e-09,
    "ROUGE_L": 0.13879408418657563,
    "CIDEr": 0.0,
    "METEOR": 0.17505372832978555,
    "SPICE": 0.05,
    "BLEU_4": 5.911245882681416e-13
  },
  "8": {
    "BLEU_1": 0.26666666664888894,
    "BLEU_2": 4.3643578044184995e-09,
    "ROUGE_L": 0.13879408418657563,
    "CIDEr": 0.0,
    "METEOR": 0.17505372832978555,
    "SPICE": 0.05,
    "BLEU_4": 5.911245882681416e-13
  },
  "9": {
    "BLEU_1": 0.33333333327777787,
    "BLEU_2": 5.5048188246934825e-09,
    "ROUGE_L": 0.1517412935323383,
    "CIDEr": 0.0,
    "METEOR": 0.18285315186923143,
    "SPICE": 0.05555555555555555,
    "BLEU_4": 7.617472369343701e-13
  }
}