{
  "0": {
    "BLEU_1": 0.10108844325174288,
    "BLEU_2": 3.5018063953428727e-09,
    "ROUGE_L": 0.11960784313725491,
    "CIDEr": 0.0,
    "METEOR": 0.10786516853932585,
    "SPICE": 0.08333333333333333,
    "BLEU_4": 7.830277143606023e-13
  },
  "1": {
    "BLEU_1": 0.19999999996000015,
    "BLEU_2": 4.714045206941321e-09,
    "ROUGE_L": 0.10627177700348434,
    "CIDEr": 0.0,
    "METEOR": 0.08333333333333333,
    "SPICE": 0.07142857142857142,
    "BLEU_4": 7.936880924342154e-13
  },
  "2": {
    "BLEU_1": 0.18181818178512404,
    "BLEU_2": 4.2640143263175525e-09,
    "ROUGE_L": 0.18181818181818182,
    "CIDEr": 0.0,
    "METEOR": 0.09213051823416507,
    "SPICE": 0.07142857142857142,
    "BLEU_4": 7.088856800859686e-13
  },
  "3": {
    "BLEU_1": 0.18181818178512404,
    "BLEU_2": 4.2640143263175525e-09,
    "ROUGE_L": 0.18181818181818182,
    "CIDEr": 0.0,
    "METEOR": 0.09320388349514563,
    "SPICE": 0.07142857142857142,
    "BLEU_4": 7.088856800859686e-13
  },
  "4": {
    "BLEU_1": 0.18181818178512404,
    "BLEU_2": 4.2640143263175525e-09,
    "ROUGE_L": 0.18181818181818182,
    "CIDEr": 0.0,
    "METEOR": 0.09213051823416507,
    "SPICE": 0.07142857142857142,
    "BLEU_4": 7.088856800859686e-13
  },
  "5": {
    "BLEU_1": 0.18181818178512404,
    "BLEU_2": 4.2640143263175525e-09,
    "ROUGE_L": 0.18181818181818182,
    "CIDEr": 0.0,
    "METEOR": 0.09320388349514563,
    "SPICE": 0.07142857142857142,
    "BLEU_4": 7.088856800859686e-13
  },
  "6": {
    "BLEU_1": 0.18181818178512404,
    "BLEU_2": 4.2640143263175525e-09,
    "ROUGE_L": 0.18181818181818182,
    "CIDEr": 0.0,
    "METEOR": 0.09213051823416507,
    "SPICE": 0.07142857142857142,
    "BLEU_4": 7.088856800859686e-13
  },
  "7": {
    "BLEU_1": 0.18181818178512404,
    "BLEU_2": 4.2640143263175525e-09,
    "ROUGE_L": 0.18181818181818182,
    "CIDEr": 0.0,
    "METEOR": 0.09320388349514563,
    "SPICE": 0.07142857142857142,
    "BLEU_4": 7.088856800859686e-13
  },
  "8": {
    "BLEU_1": 0.16666666665277785,
    "BLEU_2": 3.892494720468497e-09,
    "ROUGE_L": 0.17528735632183906,
    "CIDEr": 0.0,
    "METEOR": 0.09160305343511452,
    "SPICE": 0.06896551724137931,
    "BLEU_4": 6.40550520920913e-13
  },
  "9": {
    "BLEU_1": 0.18181818178512404,
    "BLEU_2": 4.2640143263175525e-09,
    "ROUGE_L": 0.18181818181818182,
    "CIDEr": 0.0,
    "METEOR": 0.09213051823416507,
    "SPICE": 0.07142857142857142,
    "BLEU_4": 7.088856800859686e-13
  }
}