{
  "0": {
    "BLEU_1": 0.20217688650348561,
    "BLEU_2": 4.952302097098729e-09,
    "ROUGE_L": 0.12869198312236285,
    "CIDEr": 0.0,
    "METEOR": 0.1797210788377439,
    "SPICE": 0.0,
    "BLEU_4": 9.311821291619466e-13
  },
  "1": {
    "BLEU_1": 0.1333333333244445,
    "BLEU_2": 3.0860669990287532e-09,
    "ROUGE_L": 0.08726752503576538,
    "CIDEr": 0.0,
    "METEOR": 0.199332180792211,
    "SPICE": 0.0,
    "BLEU_4": 4.970745472430083e-13
  },
  "2": {
    "BLEU_1": 0.18181818180165296,
    "BLEU_2": 4.26401432670519e-09,
    "ROUGE_L": 0.1018363939899833,
    "CIDEr": 0.0,
    "METEOR": 0.19900497512437815,
    "SPICE": 0.1111111111111111,
    "BLEU_4": 7.088856801504128e-13
  },
  "3": {
    "BLEU_1": 0.12499999999218755,
    "BLEU_2": 2.8867513457616934e-09,
    "ROUGE_L": 0.08425414364640883,
    "CIDEr": 0.0,
    "METEOR": 0.17777777777777778,
    "SPICE": 0.09999999999999999,
    "BLEU_4": 4.625799890027289e-13
  },
  "4": {
    "BLEU_1": 0.12499999999218755,
    "BLEU_2": 2.8867513457616934e-09,
    "ROUGE_L": 0.16850828729281767,
    "CIDEr": 0.0,
    "METEOR": 0.15286624203821655,
    "SPICE": 0.15384615384615383,
    "BLEU_4": 4.625799890027289e-13
  },
  "5": {
    "BLEU_1": 0.14245555053844017,
    "BLEU_2": 3.3154725054661e-09,
    "ROUGE_L": 0.18798151001540828,
    "CIDEr": 0.0,
    "METEOR": 0.1643835616438356,
    "SPICE": 0.16666666666666669,
    "BLEU_4": 5.410294553698739e-13
  },
  "6": {
    "BLEU_1": 0.3999999999733334,
    "BLEU_2": 5.345224837879414e-09,
    "ROUGE_L": 0.2489795918367347,
    "CIDEr": 0.0,
    "METEOR": 0.26572904084593346,
    "SPICE": 0.2162162162162162,
    "BLEU_4": 6.541868941266492e-13
  },
  "7": {
    "BLEU_1": 0.35294117644982703,
    "BLEU_2": 0.21004201259146,
    "ROUGE_L": 0.3257676902536716,
    "CIDEr": 0.0,
    "METEOR": 0.28644920571414556,
    "SPICE": 0.2105263157894737,
    "BLEU_4": 3.8071348661994064e-09
  },
  "8": {
    "BLEU_1": 0.33333333331481485,
    "BLEU_2": 0.1980295085840097,
    "ROUGE_L": 0.3152454780361757,
    "CIDEr": 0.0,
    "METEOR": 0.28068177204204875,
    "SPICE": 0.20512820512820512,
    "BLEU_4": 3.575297164232122e-09
  },
  "9": {
    "BLEU_1": 0.3199999999872001,
    "BLEU_2": 0.2309401076664203,
    "ROUGE_L": 0.321390937829294,
    "CIDEr": 0.0,
    "METEOR": 0.31643747095359903,
    "SPICE": 0.18604651162790697,
    "BLEU_4": 1.801822694784617e-05
  }
}