{
  "0": {
    "BLEU_1": 0.3715190997867868,
    "BLEU_2": 0.23168286400471463,
    "ROUGE_L": 0.3667334669338677,
    "CIDEr": 0.0,
    "METEOR": 0.1383081278981311,
    "SPICE": 0.08695652173913045,
    "BLEU_4": 6.701444468735928e-09
  },
  "1": {
    "BLEU_1": 0.692307692254438,
    "BLEU_2": 0.48038446137676916,
    "ROUGE_L": 0.34414668547249644,
    "CIDEr": 0.0,
    "METEOR": 0.25688073980195925,
    "SPICE": 0.07407407407407408,
    "BLEU_4": 3.8058030013408304e-05
  },
  "2": {
    "BLEU_1": 0.5833333332847223,
    "BLEU_2": 0.23028309321585674,
    "ROUGE_L": 0.3112244897959184,
    "CIDEr": 0.0,
    "METEOR": 0.21739130434782614,
    "SPICE": 0.13333333333333333,
    "BLEU_4": 4.926862020644611e-09
  },
  "3": {
    "BLEU_1": 0.2857142857006803,
    "BLEU_2": 0.11952286092760558,
    "ROUGE_L": 0.15006150061500614,
    "CIDEr": 0.0,
    "METEOR": 0.15897994282618452,
    "SPICE": 0.10256410256410256,
    "BLEU_4": 2.5422541412587532e-09
  },
  "4": {
    "BLEU_1": 0.2608695652060492,
    "BLEU_2": 0.10889310129125214,
    "ROUGE_L": 0.14136732329084586,
    "CIDEr": 0.0,
    "METEOR": 0.15530646532827524,
    "SPICE": 0.0975609756097561,
    "BLEU_4": 2.3050898625491595e-09
  },
  "5": {
    "BLEU_1": 0.29999999998500004,
    "BLEU_2": 0.1256561724810606,
    "ROUGE_L": 0.1548223350253807,
    "CIDEr": 0.0,
    "METEOR": 0.16143497757847536,
    "SPICE": 0.10256410256410256,
    "BLEU_4": 2.680165156210373e-09
  },
  "6": {
    "BLEU_1": 0.2857142857006803,
    "BLEU_2": 0.11952286092760558,
    "ROUGE_L": 0.15006150061500614,
    "CIDEr": 0.0,
    "METEOR": 0.15824175824175826,
    "SPICE": 0.10000000000000002,
    "BLEU_4": 2.5422541412587532e-09
  },
  "7": {
    "BLEU_1": 0.3157894736675901,
    "BLEU_2": 0.1324532356993396,
    "ROUGE_L": 0.1598951507208388,
    "CIDEr": 0.0,
    "METEOR": 0.16475972540045766,
    "SPICE": 0.10256410256410256,
    "BLEU_4": 2.833929617442683e-09
  },
  "8": {
    "BLEU_1": 0.29999999998500004,
    "BLEU_2": 0.1256561724810606,
    "ROUGE_L": 0.1548223350253807,
    "CIDEr": 0.0,
    "METEOR": 0.16143497757847536,
    "SPICE": 0.10000000000000002,
    "BLEU_4": 2.680165156210373e-09
  },
  "9": {
    "BLEU_1": 0.2857142857006803,
    "BLEU_2": 0.11952286092760558,
    "ROUGE_L": 0.15006150061500614,
    "CIDEr": 0.0,
    "METEOR": 0.15824175824175826,
    "SPICE": 0.04878048780487805,
    "BLEU_4": 2.5422541412587532e-09
  }
}