{
  "0": {
    "BLEU_1": 0.2195246543498009,
    "BLEU_2": 5.488116358607818e-09,
    "ROUGE_L": 0.1476997578692494,
    "CIDEr": 0.0,
    "METEOR": 0.19565217391304346,
    "SPICE": 0.06896551724137931,
    "BLEU_4": 1.108882419297383e-12
  },
  "1": {
    "BLEU_1": 0.6249999998437503,
    "BLEU_2": 9.44911182278404e-09,
    "ROUGE_L": 0.375,
    "CIDEr": 0.0,
    "METEOR": 0.22976501305483032,
    "SPICE": 0.26666666666666666,
    "BLEU_4": 1.313454946839543e-12
  },
  "2": {
    "BLEU_1": 0.4999999999500001,
    "BLEU_2": 7.453559924212536e-09,
    "ROUGE_L": 0.34014869888475835,
    "CIDEr": 0.0,
    "METEOR": 0.21945137157107233,
    "SPICE": 0.25,
    "BLEU_4": 9.98009940267863e-13
  },
  "3": {
    "BLEU_1": 0.545454545355372,
    "BLEU_2": 0.23354968320493186,
    "ROUGE_L": 0.32504440497335696,
    "CIDEr": 0.0,
    "METEOR": 0.21463414634146344,
    "SPICE": 0.25,
    "BLEU_4": 5.246341021824447e-09
  },
  "4": {
    "BLEU_1": 0.36363636357024803,
    "BLEU_2": 6.030226890431458e-09,
    "ROUGE_L": 0.2036727879799666,
    "CIDEr": 0.0,
    "METEOR": 0.13658536585365852,
    "SPICE": 0.12121212121212122,
    "BLEU_4": 8.430118944817767e-13
  },
  "5": {
    "BLEU_1": 0.22222222217283966,
    "BLEU_2": 5.270462765739487e-09,
    "ROUGE_L": 0.1856925418569254,
    "CIDEr": 0.0,
    "METEOR": 0.14285714285714285,
    "SPICE": 0.06060606060606061,
    "BLEU_4": 9.018037815333522e-13
  },
  "6": {
    "BLEU_1": 0.2999999999700001,
    "BLEU_2": 5.773502691286834e-09,
    "ROUGE_L": 0.1788856304985337,
    "CIDEr": 0.0,
    "METEOR": 0.1396508728179551,
    "SPICE": 0.17647058823529413,
    "BLEU_4": 8.783602618662196e-13
  },
  "7": {
    "BLEU_1": 0.36363636357024803,
    "BLEU_2": 6.030226890431458e-09,
    "ROUGE_L": 0.2036727879799666,
    "CIDEr": 0.0,
    "METEOR": 0.1386138613861386,
    "SPICE": 0.17647058823529413,
    "BLEU_4": 8.430118944817767e-13
  },
  "8": {
    "BLEU_1": 0.4999999999500001,
    "BLEU_2": 7.453559924212536e-09,
    "ROUGE_L": 0.34014869888475835,
    "CIDEr": 0.0,
    "METEOR": 0.21945137157107233,
    "SPICE": 0.25,
    "BLEU_4": 9.98009940267863e-13
  },
  "9": {
    "BLEU_1": 0.27272727267768604,
    "BLEU_2": 5.222329677697684e-09,
    "ROUGE_L": 0.216696269982238,
    "CIDEr": 0.0,
    "METEOR": 0.17955112219451372,
    "SPICE": 0.1142857142857143,
    "BLEU_4": 7.845109652856079e-13
  }
}