{
  "0": {
    "BLEU_1": 0.24767939985785795,
    "BLEU_2": 5.982025825945981e-09,
    "ROUGE_L": 0.24448897795591182,
    "CIDEr": 0.0,
    "METEOR": 0.11594202898550726,
    "SPICE": 0.07142857142857142,
    "BLEU_4": 1.0768261868323776e-12
  },
  "1": {
    "BLEU_1": 0.46153846150295863,
    "BLEU_2": 6.20173672896349e-09,
    "ROUGE_L": 0.18798151001540828,
    "CIDEr": 0.0,
    "METEOR": 0.15112766648298345,
    "SPICE": 0.1176470588235294,
    "BLEU_4": 7.689683971953974e-13
  },
  "2": {
    "BLEU_1": 0.4999999999166667,
    "BLEU_2": 6.741998623483217e-09,
    "ROUGE_L": 0.19551282051282048,
    "CIDEr": 0.0,
    "METEOR": 0.15415021981264312,
    "SPICE": 0.1714285714285714,
    "BLEU_4": 8.430118944969443e-13
  },
  "3": {
    "BLEU_1": 0.46153846150295863,
    "BLEU_2": 6.20173672896349e-09,
    "ROUGE_L": 0.18798151001540828,
    "CIDEr": 0.0,
    "METEOR": 0.15112766648298345,
    "SPICE": 0.1764705882352941,
    "BLEU_4": 7.689683971953974e-13
  },
  "4": {
    "BLEU_1": 0.4999999999166667,
    "BLEU_2": 6.741998623483217e-09,
    "ROUGE_L": 0.19551282051282048,
    "CIDEr": 0.0,
    "METEOR": 0.15623333089119235,
    "SPICE": 0.125,
    "BLEU_4": 8.430118944969443e-13
  },
  "5": {
    "BLEU_1": 0.4999999999500001,
    "BLEU_2": 7.453559924212536e-09,
    "ROUGE_L": 0.1788856304985337,
    "CIDEr": 0.0,
    "METEOR": 0.15023474178403756,
    "SPICE": 0.13793103448275862,
    "BLEU_4": 9.98009940267863e-13
  },
  "6": {
    "BLEU_1": 0.4166666665972223,
    "BLEU_2": 6.1545745479175624e-09,
    "ROUGE_L": 0.16666666666666666,
    "CIDEr": 0.0,
    "METEOR": 0.13333333333333333,
    "SPICE": 0.1176470588235294,
    "BLEU_4": 8.054496383396537e-13
  },
  "7": {
    "BLEU_1": 0.23884377011164867,
    "BLEU_2": 5.85045365006396e-09,
    "ROUGE_L": 0.20962199312714777,
    "CIDEr": 0.0,
    "METEOR": 0.14759063599082856,
    "SPICE": 0.14814814814814817,
    "BLEU_4": 1.1000617045598687e-12
  },
  "8": {
    "BLEU_1": 0.4999999999500001,
    "BLEU_2": 0.23570226037063632,
    "ROUGE_L": 0.1788856304985337,
    "CIDEr": 0.0,
    "METEOR": 0.13873519783137883,
    "SPICE": 0.12121212121212122,
    "BLEU_4": 5.612222323633712e-09
  },
  "9": {
    "BLEU_1": 0.3333333332592594,
    "BLEU_2": 6.454972242199766e-09,
    "ROUGE_L": 0.1856925418569254,
    "CIDEr": 0.0,
    "METEOR": 0.08911392405063293,
    "SPICE": 0.0,
    "BLEU_4": 9.980099401403394e-13
  }
}