{
  "0": {
    "BLEU_1": 0.2791881674335416,
    "BLEU_2": 0.17410441149419253,
    "ROUGE_L": 0.34205607476635513,
    "CIDEr": 0.0,
    "METEOR": 0.29203590581911826,
    "SPICE": 0.20512820512820512,
    "BLEU_4": 5.035983349060022e-09
  },
  "1": {
    "BLEU_1": 0.3422780792409688,
    "BLEU_2": 0.18747342493669486,
    "ROUGE_L": 0.3588235294117647,
    "CIDEr": 0.0,
    "METEOR": 0.29419913475111176,
    "SPICE": 0.15789473684210525,
    "BLEU_4": 5.271202710558196e-09
  },
  "2": {
    "BLEU_1": 0.2567085594307266,
    "BLEU_2": 0.1623567485296528,
    "ROUGE_L": 0.3588235294117647,
    "CIDEr": 0.0,
    "METEOR": 0.33973940236586847,
    "SPICE": 0.15789473684210525,
    "BLEU_4": 4.905406855757615e-09
  },
  "3": {
    "BLEU_1": 0.3422780792409688,
    "BLEU_2": 0.18747342493669486,
    "ROUGE_L": 0.3588235294117647,
    "CIDEr": 0.0,
    "METEOR": 0.29419913475111176,
    "SPICE": 0.15789473684210525,
    "BLEU_4": 5.271202710558196e-09
  },
  "4": {
    "BLEU_1": 0.38940039143835253,
    "BLEU_2": 0.20814326443213824,
    "ROUGE_L": 0.43571428571428567,
    "CIDEr": 0.0,
    "METEOR": 0.3379557470342985,
    "SPICE": 0.25,
    "BLEU_4": 5.4401898621431946e-09
  },
  "5": {
    "BLEU_1": 0.38940039143835253,
    "BLEU_2": 0.20814326443213824,
    "ROUGE_L": 0.3267857142857143,
    "CIDEr": 0.0,
    "METEOR": 0.28573297260000063,
    "SPICE": 0.2,
    "BLEU_4": 5.4401898621431946e-09
  },
  "6": {
    "BLEU_1": 0.38940039143835253,
    "BLEU_2": 0.20814326443213824,
    "ROUGE_L": 0.3267857142857143,
    "CIDEr": 0.0,
    "METEOR": 0.3428756389856692,
    "SPICE": 0.35,
    "BLEU_4": 5.4401898621431946e-09
  },
  "7": {
    "BLEU_1": 0.4867504892979407,
    "BLEU_2": 7.3589756869134795e-09,
    "ROUGE_L": 0.43571428571428567,
    "CIDEr": 0.0,
    "METEOR": 0.2978235020739755,
    "SPICE": 0.3,
    "BLEU_4": 1.0229197411276467e-12
  },
  "8": {
    "BLEU_1": 0.38940039143835253,
    "BLEU_2": 6.5820679522827e-09,
    "ROUGE_L": 0.43571428571428567,
    "CIDEr": 0.0,
    "METEOR": 0.3428756389856692,
    "SPICE": 0.3,
    "BLEU_4": 9.674177618551726e-13
  },
  "9": {
    "BLEU_1": 0.4867504892979407,
    "BLEU_2": 7.3589756869134795e-09,
    "ROUGE_L": 0.43571428571428567,
    "CIDEr": 0.0,
    "METEOR": 0.2978235020739755,
    "SPICE": 0.3,
    "BLEU_4": 1.0229197411276467e-12
  }
}