{
  "0": {
    "BLEU_1": 0.2195246543498009,
    "BLEU_2": 5.488116358607818e-09,
    "ROUGE_L": 0.2515463917525773,
    "CIDEr": 0.0,
    "METEOR": 0.1414141414141414,
    "SPICE": 0.08333333333333334,
    "BLEU_4": 1.108882419297383e-12
  },
  "1": {
    "BLEU_1": 0.24999999993750016,
    "BLEU_2": 5.976143045124577e-09,
    "ROUGE_L": 0.25,
    "CIDEr": 0.0,
    "METEOR": 0.1536945812807882,
    "SPICE": 0.15384615384615383,
    "BLEU_4": 1.0445522727757714e-12
  },
  "2": {
    "BLEU_1": 0.6249999998437503,
    "BLEU_2": 0.29880715225622895,
    "ROUGE_L": 0.25,
    "CIDEr": 0.0,
    "METEOR": 0.1884927501614042,
    "SPICE": 0.16666666666666669,
    "BLEU_4": 7.386099953835683e-09
  },
  "3": {
    "BLEU_1": 0.5555555554938273,
    "BLEU_2": 0.26352313831625473,
    "ROUGE_L": 0.2378167641325536,
    "CIDEr": 0.0,
    "METEOR": 0.18251938836051465,
    "SPICE": 0.14814814814814817,
    "BLEU_4": 6.376715692927575e-09
  },
  "4": {
    "BLEU_1": 0.6249999998437503,
    "BLEU_2": 0.29880715225622895,
    "ROUGE_L": 0.25,
    "CIDEr": 0.0,
    "METEOR": 0.18251938836051465,
    "SPICE": 0.15384615384615383,
    "BLEU_4": 7.386099953835683e-09
  },
  "5": {
    "BLEU_1": 0.4953587997157158,
    "BLEU_2": 0.2675243277994909,
    "ROUGE_L": 0.2634989200863931,
    "CIDEr": 0.0,
    "METEOR": 0.167945583876302,
    "SPICE": 0.16000000000000003,
    "BLEU_4": 7.201170725888819e-09
  },
  "6": {
    "BLEU_1": 0.6249999998437503,
    "BLEU_2": 0.29880715225622895,
    "ROUGE_L": 0.25,
    "CIDEr": 0.0,
    "METEOR": 0.16244918294944125,
    "SPICE": 0.16000000000000003,
    "BLEU_4": 7.386099953835683e-09
  },
  "7": {
    "BLEU_1": 0.6249999998437503,
    "BLEU_2": 0.29880715225622895,
    "ROUGE_L": 0.25,
    "CIDEr": 0.0,
    "METEOR": 0.16244918294944125,
    "SPICE": 0.16000000000000003,
    "BLEU_4": 7.386099953835683e-09
  },
  "8": {
    "BLEU_1": 0.5555555554938273,
    "BLEU_2": 0.26352313831625473,
    "ROUGE_L": 0.2378167641325536,
    "CIDEr": 0.0,
    "METEOR": 0.15730114546160684,
    "SPICE": 0.07407407407407408,
    "BLEU_4": 6.376715692927575e-09
  },
  "9": {
    "BLEU_1": 0.6249999998437503,
    "BLEU_2": 0.29880715225622895,
    "ROUGE_L": 0.25,
    "CIDEr": 0.0,
    "METEOR": 0.16244918294944125,
    "SPICE": 0.08333333333333334,
    "BLEU_4": 7.386099953835683e-09
  }
}