{
  "0": {
    "BLEU_1": 0.35826565516747294,
    "BLEU_2": 7.1653131032300366e-09,
    "ROUGE_L": 0.23921568627450981,
    "CIDEr": 0.0,
    "METEOR": 0.16840274530151875,
    "SPICE": 0.0,
    "BLEU_4": 1.2174183989911234e-12
  },
  "1": {
    "BLEU_1": 0.24767939985785795,
    "BLEU_2": 5.982025825945981e-09,
    "ROUGE_L": 0.22803738317757008,
    "CIDEr": 0.0,
    "METEOR": 0.14980079681274902,
    "SPICE": 0.1142857142857143,
    "BLEU_4": 1.0768261868323776e-12
  },
  "2": {
    "BLEU_1": 0.4999999998750002,
    "BLEU_2": 8.451542545096823e-09,
    "ROUGE_L": 0.3070469798657718,
    "CIDEr": 0.0,
    "METEOR": 0.16774193548387098,
    "SPICE": 0.0588235294117647,
    "BLEU_4": 1.2421889947772103e-12
  },
  "3": {
    "BLEU_1": 0.4999999999000002,
    "BLEU_2": 0.23570226034706615,
    "ROUGE_L": 0.3,
    "CIDEr": 0.0,
    "METEOR": 0.1510541519433846,
    "SPICE": 0.12121212121212122,
    "BLEU_4": 5.612222323072491e-09
  },
  "4": {
    "BLEU_1": 0.3999999999200002,
    "BLEU_2": 6.666666665296299e-09,
    "ROUGE_L": 0.2,
    "CIDEr": 0.0,
    "METEOR": 0.16281800391389434,
    "SPICE": 0.15000000000000002,
    "BLEU_4": 9.438595266157062e-13
  },
  "5": {
    "BLEU_1": 0.3999999999200002,
    "BLEU_2": 6.666666665296299e-09,
    "ROUGE_L": 0.2,
    "CIDEr": 0.0,
    "METEOR": 0.16281800391389434,
    "SPICE": 0.15000000000000002,
    "BLEU_4": 9.438595266157062e-13
  },
  "6": {
    "BLEU_1": 0.24767939985785795,
    "BLEU_2": 5.982025825945981e-09,
    "ROUGE_L": 0.22803738317757008,
    "CIDEr": 0.0,
    "METEOR": 0.14461538461538465,
    "SPICE": 0.0588235294117647,
    "BLEU_4": 1.0768261868323776e-12
  },
  "7": {
    "BLEU_1": 0.35826565516747294,
    "BLEU_2": 7.1653131032300366e-09,
    "ROUGE_L": 0.23921568627450981,
    "CIDEr": 0.0,
    "METEOR": 0.1553719008264463,
    "SPICE": 0.0588235294117647,
    "BLEU_4": 1.2174183989911234e-12
  },
  "8": {
    "BLEU_1": 0.24767939985785795,
    "BLEU_2": 5.982025825945981e-09,
    "ROUGE_L": 0.22803738317757008,
    "CIDEr": 0.0,
    "METEOR": 0.14980079681274902,
    "SPICE": 0.1142857142857143,
    "BLEU_4": 1.0768261868323776e-12
  },
  "9": {
    "BLEU_1": 0.22222222219753096,
    "BLEU_2": 5.270462766325093e-09,
    "ROUGE_L": 0.20854700854700853,
    "CIDEr": 0.0,
    "METEOR": 0.14461538461538465,
    "SPICE": 0.1081081081081081,
    "BLEU_4": 9.018037816335524e-13
  }
}