{
  "0": {
    "BLEU_1": 0.4166666665972223,
    "BLEU_2": 6.1545745479175624e-09,
    "ROUGE_L": 0.25,
    "CIDEr": 0.0,
    "METEOR": 0.251893515615632,
    "SPICE": 0.35714285714285715,
    "BLEU_4": 8.054496383396537e-13
  },
  "1": {
    "BLEU_1": 0.3124999999804688,
    "BLEU_2": 4.564354645581603e-09,
    "ROUGE_L": 0.21995192307692307,
    "CIDEr": 0.0,
    "METEOR": 0.24111732243421455,
    "SPICE": 0.37500000000000006,
    "BLEU_4": 5.816635420743959e-13
  },
  "2": {
    "BLEU_1": 0.29411764704152255,
    "BLEU_2": 4.287464628302636e-09,
    "ROUGE_L": 0.21353558926487748,
    "CIDEr": 0.0,
    "METEOR": 0.23731020681683224,
    "SPICE": 0.3125,
    "BLEU_4": 5.439330543997057e-13
  },
  "3": {
    "BLEU_1": 0.357142857117347,
    "BLEU_2": 5.241424183220805e-09,
    "ROUGE_L": 0.2340153452685422,
    "CIDEr": 0.0,
    "METEOR": 0.2554926612098899,
    "SPICE": 0.33333333333333337,
    "BLEU_4": 6.754312828130983e-13
  },
  "4": {
    "BLEU_1": 0.4666666666355556,
    "BLEU_2": 5.773502691497612e-09,
    "ROUGE_L": 0.28944246737841045,
    "CIDEr": 0.0,
    "METEOR": 0.25687370262183523,
    "SPICE": 0.4000000000000001,
    "BLEU_4": 6.798898171410334e-13
  },
  "5": {
    "BLEU_1": 0.42857142854081637,
    "BLEU_2": 5.7416925172062516e-09,
    "ROUGE_L": 0.2577464788732394,
    "CIDEr": 0.0,
    "METEOR": 0.2554926612098899,
    "SPICE": 0.4000000000000001,
    "BLEU_4": 7.069301148368759e-13
  },
  "6": {
    "BLEU_1": 0.3124999999804688,
    "BLEU_2": 4.564354645581603e-09,
    "ROUGE_L": 0.21995192307692307,
    "CIDEr": 0.0,
    "METEOR": 0.2527746541757422,
    "SPICE": 0.3125,
    "BLEU_4": 5.816635420743959e-13
  },
  "7": {
    "BLEU_1": 0.357142857117347,
    "BLEU_2": 5.241424183220805e-09,
    "ROUGE_L": 0.2340153452685422,
    "CIDEr": 0.0,
    "METEOR": 0.25826975535347574,
    "SPICE": 0.33333333333333337,
    "BLEU_4": 6.754312828130983e-13
  },
  "8": {
    "BLEU_1": 0.33333333331111115,
    "BLEU_2": 4.879500364405748e-09,
    "ROUGE_L": 0.22676579925650556,
    "CIDEr": 0.0,
    "METEOR": 0.254126390294329,
    "SPICE": 0.3225806451612903,
    "BLEU_4": 6.250381527478681e-13
  },
  "9": {
    "BLEU_1": 0.357142857117347,
    "BLEU_2": 5.241424183220805e-09,
    "ROUGE_L": 0.2340153452685422,
    "CIDEr": 0.0,
    "METEOR": 0.25826975535347574,
    "SPICE": 0.33333333333333337,
    "BLEU_4": 6.754312828130983e-13
  }
}