{
  "0": {
    "BLEU_1": 0.2195246543498009,
    "BLEU_2": 5.488116358607818e-09,
    "ROUGE_L": 0.20573355817875214,
    "CIDEr": 0.0,
    "METEOR": 0.17073170731707318,
    "SPICE": 0.0,
    "BLEU_4": 1.108882419297383e-12
  },
  "1": {
    "BLEU_1": 0.09090909089256209,
    "BLEU_2": 3.0151134452157307e-09,
    "ROUGE_L": 0.09090909090909091,
    "CIDEr": 0.0,
    "METEOR": 0.06486486486486485,
    "SPICE": 0.0,
    "BLEU_4": 5.960994272089826e-13
  },
  "2": {
    "BLEU_1": 0.08333333332638898,
    "BLEU_2": 2.7524094125761097e-09,
    "ROUGE_L": 0.08764367816091953,
    "CIDEr": 0.0,
    "METEOR": 0.06233766233766234,
    "SPICE": 0.0,
    "BLEU_4": 5.386366368312954e-13
  },
  "3": {
    "BLEU_1": 1.111111110864198e-16,
    "BLEU_2": 1.178511301707504e-16,
    "ROUGE_L": 0.0,
    "CIDEr": 0.0,
    "METEOR": 0.06818181818181818,
    "SPICE": 0.0,
    "BLEU_4": 1.3485111856165858e-16
  },
  "4": {
    "BLEU_1": 0.07692307691124271,
    "BLEU_2": 2.5318484173115386e-09,
    "ROUGE_L": 0.08460471567267684,
    "CIDEr": 0.0,
    "METEOR": 0.08311688311688313,
    "SPICE": 0.05555555555555555,
    "BLEU_4": 4.913270547335137e-13
  },
  "5": {
    "BLEU_1": 0.06249999999609382,
    "BLEU_2": 2.041241452187486e-09,
    "ROUGE_L": 0.07663316582914573,
    "CIDEr": 0.0,
    "METEOR": 0.07766990291262137,
    "SPICE": 0.052631578947368425,
    "BLEU_4": 3.8898185452049755e-13
  },
  "6": {
    "BLEU_1": 0.23809523808390026,
    "BLEU_2": 0.1091089451126707,
    "ROUGE_L": 0.18429003021148035,
    "CIDEr": 0.0,
    "METEOR": 0.11667390936980584,
    "SPICE": 0.052631578947368425,
    "BLEU_4": 2.4289783952173777e-09
  },
  "7": {
    "BLEU_1": 0.21739130433837434,
    "BLEU_2": 0.09940534655652287,
    "ROUGE_L": 0.1754554170661553,
    "CIDEr": 0.0,
    "METEOR": 0.12694578627601596,
    "SPICE": 0.05128205128205128,
    "BLEU_4": 2.202381494555949e-09
  },
  "8": {
    "BLEU_1": 0.21739130433837434,
    "BLEU_2": 0.09940534655652287,
    "ROUGE_L": 0.1754554170661553,
    "CIDEr": 0.0,
    "METEOR": 0.12694578627601596,
    "SPICE": 0.05128205128205128,
    "BLEU_4": 2.202381494555949e-09
  },
  "9": {
    "BLEU_1": 0.23809523808390026,
    "BLEU_2": 0.1091089451126707,
    "ROUGE_L": 0.18429003021148035,
    "CIDEr": 0.0,
    "METEOR": 0.13091974132465645,
    "SPICE": 0.05405405405405405,
    "BLEU_4": 2.4289783952173777e-09
  }
}