{
  "0": {
    "BLEU_1": 0.33333333330555565,
    "BLEU_2": 0.17407765594053212,
    "ROUGE_L": 0.2932692307692307,
    "CIDEr": 0.0,
    "METEOR": 0.17380329315404108,
    "SPICE": 0.1111111111111111,
    "BLEU_4": 4.283619507134575e-09
  },
  "1": {
    "BLEU_1": 0.46153846150295863,
    "BLEU_2": 0.2773500980903911,
    "ROUGE_L": 0.33841886269070737,
    "CIDEr": 0.0,
    "METEOR": 0.19570143404746285,
    "SPICE": 0.1111111111111111,
    "BLEU_4": 2.891784932978699e-05
  },
  "2": {
    "BLEU_1": 0.388888888867284,
    "BLEU_2": 0.21389631596101674,
    "ROUGE_L": 0.28841607565011823,
    "CIDEr": 0.0,
    "METEOR": 0.1796902707150207,
    "SPICE": 0.1,
    "BLEU_4": 2.0895311115411017e-05
  },
  "3": {
    "BLEU_1": 0.5333333332977779,
    "BLEU_2": 0.2760262237178828,
    "ROUGE_L": 0.39559014267185466,
    "CIDEr": 0.0,
    "METEOR": 0.2708624903421616,
    "SPICE": 0.2105263157894737,
    "BLEU_4": 2.6435895250782795e-05
  },
  "4": {
    "BLEU_1": 0.33333333331111115,
    "BLEU_2": 0.21821789022092503,
    "ROUGE_L": 0.3164721141374838,
    "CIDEr": 0.0,
    "METEOR": 0.1773955080509185,
    "SPICE": 0.10526315789473685,
    "BLEU_4": 2.3505204105206395e-05
  },
  "5": {
    "BLEU_1": 0.3749999999765626,
    "BLEU_2": 0.22360679773553777,
    "ROUGE_L": 0.3065326633165829,
    "CIDEr": 0.0,
    "METEOR": 0.19931925049719362,
    "SPICE": 0.10526315789473685,
    "BLEU_4": 2.2894156859081535e-05
  },
  "6": {
    "BLEU_1": 0.4374999999726563,
    "BLEU_2": 0.2415229457542257,
    "ROUGE_L": 0.3065326633165829,
    "CIDEr": 0.0,
    "METEOR": 0.20191503608506403,
    "SPICE": 0.10526315789473685,
    "BLEU_4": 2.379366548041183e-05
  },
  "7": {
    "BLEU_1": 0.4374999999726563,
    "BLEU_2": 0.2415229457542257,
    "ROUGE_L": 0.3065326633165829,
    "CIDEr": 0.0,
    "METEOR": 0.2045793249683731,
    "SPICE": 0.10526315789473685,
    "BLEU_4": 2.379366548041183e-05
  },
  "8": {
    "BLEU_1": 0.3749999999765626,
    "BLEU_2": 0.22360679773553777,
    "ROUGE_L": 0.3065326633165829,
    "CIDEr": 0.0,
    "METEOR": 0.18144768970690395,
    "SPICE": 0.10526315789473685,
    "BLEU_4": 2.2894156859081535e-05
  },
  "9": {
    "BLEU_1": 0.4374999999726563,
    "BLEU_2": 0.2415229457542257,
    "ROUGE_L": 0.3065326633165829,
    "CIDEr": 0.0,
    "METEOR": 0.2398592501653458,
    "SPICE": 0.10526315789473685,
    "BLEU_4": 2.379366548041183e-05
  }
}