{
  "0": {
    "BLEU_1": 0.47768754022329724,
    "BLEU_2": 8.273790897955628e-09,
    "ROUGE_L": 0.3588235294117647,
    "CIDEr": 0.0,
    "METEOR": 0.15841158406227152,
    "SPICE": 0.06060606060606061,
    "BLEU_4": 1.3082012060046169e-12
  },
  "1": {
    "BLEU_1": 0.6999999998600002,
    "BLEU_2": 0.3944053187922357,
    "ROUGE_L": 0.37770897832817335,
    "CIDEr": 0.0,
    "METEOR": 0.1898677597155154,
    "SPICE": 0.16216216216216214,
    "BLEU_4": 4.082482903741539e-05
  },
  "2": {
    "BLEU_1": 0.6666666665925927,
    "BLEU_2": 9.128709290675074e-09,
    "ROUGE_L": 0.31282051282051276,
    "CIDEr": 0.0,
    "METEOR": 0.1333333333333333,
    "SPICE": 0.05405405405405405,
    "BLEU_4": 1.1868405217902023e-12
  },
  "3": {
    "BLEU_1": 0.5999999998800002,
    "BLEU_2": 8.16496580759891e-09,
    "ROUGE_L": 0.3,
    "CIDEr": 0.0,
    "METEOR": 0.13053613053613053,
    "SPICE": 0.05128205128205128,
    "BLEU_4": 1.0445522728425065e-12
  },
  "4": {
    "BLEU_1": 0.6666666665925927,
    "BLEU_2": 9.128709290675074e-09,
    "ROUGE_L": 0.31282051282051276,
    "CIDEr": 0.0,
    "METEOR": 0.1333333333333333,
    "SPICE": 0.052631578947368425,
    "BLEU_4": 1.1868405217902023e-12
  },
  "5": {
    "BLEU_1": 0.5999999998800002,
    "BLEU_2": 8.16496580759891e-09,
    "ROUGE_L": 0.3,
    "CIDEr": 0.0,
    "METEOR": 0.12962962962962962,
    "SPICE": 0.05128205128205128,
    "BLEU_4": 1.0445522728425065e-12
  },
  "6": {
    "BLEU_1": 0.5999999998800002,
    "BLEU_2": 8.16496580759891e-09,
    "ROUGE_L": 0.3,
    "CIDEr": 0.0,
    "METEOR": 0.13053613053613053,
    "SPICE": 0.05128205128205128,
    "BLEU_4": 1.0445522728425065e-12
  },
  "7": {
    "BLEU_1": 0.5555555554938273,
    "BLEU_2": 8.333333332349538e-09,
    "ROUGE_L": 0.31282051282051276,
    "CIDEr": 0.0,
    "METEOR": 0.13053613053613053,
    "SPICE": 0.052631578947368425,
    "BLEU_4": 1.1339582220405185e-12
  },
  "8": {
    "BLEU_1": 0.5555555554938273,
    "BLEU_2": 8.333333332349538e-09,
    "ROUGE_L": 0.31282051282051276,
    "CIDEr": 0.0,
    "METEOR": 0.12873563218390802,
    "SPICE": 0.05128205128205128,
    "BLEU_4": 1.1339582220405185e-12
  },
  "9": {
    "BLEU_1": 0.545454545355372,
    "BLEU_2": 0.23354968320493186,
    "ROUGE_L": 0.2727272727272727,
    "CIDEr": 0.0,
    "METEOR": 0.16803130829339627,
    "SPICE": 0.14285714285714285,
    "BLEU_4": 5.246341021824447e-09
  }
}