{
  "0": {
    "BLEU_1": 0.33093633838648934,
    "BLEU_2": 6.459215935396237e-09,
    "ROUGE_L": 0.20469798657718125,
    "CIDEr": 0.0,
    "METEOR": 0.15922322067410846,
    "SPICE": 0.12121212121212122,
    "BLEU_4": 1.0201550479411466e-12
  },
  "1": {
    "BLEU_1": 0.19999999996000015,
    "BLEU_2": 4.714045206941321e-09,
    "ROUGE_L": 0.18885448916408668,
    "CIDEr": 0.0,
    "METEOR": 0.14698162729658795,
    "SPICE": 0.11428571428571428,
    "BLEU_4": 7.936880924342154e-13
  },
  "2": {
    "BLEU_1": 0.33333333331111115,
    "BLEU_2": 4.879500364405748e-09,
    "ROUGE_L": 0.17453505007153075,
    "CIDEr": 0.0,
    "METEOR": 0.15458937198067632,
    "SPICE": 0.10256410256410256,
    "BLEU_4": 6.250381527478681e-13
  },
  "3": {
    "BLEU_1": 0.38461538458579886,
    "BLEU_2": 5.661385170269343e-09,
    "ROUGE_L": 0.18798151001540828,
    "CIDEr": 0.0,
    "METEOR": 0.1457302498228769,
    "SPICE": 0.16216216216216217,
    "BLEU_4": 7.347053125332871e-13
  },
  "4": {
    "BLEU_1": 0.23076923075147937,
    "BLEU_2": 4.385290096183762e-09,
    "ROUGE_L": 0.18798151001540828,
    "CIDEr": 0.0,
    "METEOR": 0.19607843137254902,
    "SPICE": 0.1111111111111111,
    "BLEU_4": 6.466227686450042e-13
  },
  "5": {
    "BLEU_1": 0.3124999999804688,
    "BLEU_2": 4.564354645581603e-09,
    "ROUGE_L": 0.15326633165829145,
    "CIDEr": 0.0,
    "METEOR": 0.14314115308151096,
    "SPICE": 0.10526315789473685,
    "BLEU_4": 5.816635420743959e-13
  },
  "6": {
    "BLEU_1": 0.26666666664888894,
    "BLEU_2": 4.3643578044184995e-09,
    "ROUGE_L": 0.17453505007153075,
    "CIDEr": 0.0,
    "METEOR": 0.14663951120162935,
    "SPICE": 0.05405405405405406,
    "BLEU_4": 5.911245882681416e-13
  },
  "7": {
    "BLEU_1": 0.30769230766863914,
    "BLEU_2": 0.16012815379225645,
    "ROUGE_L": 0.18798151001540828,
    "CIDEr": 0.0,
    "METEOR": 0.13617021276595745,
    "SPICE": 0.10810810810810811,
    "BLEU_4": 3.9073802491094676e-09
  },
  "8": {
    "BLEU_1": 0.19999999998666673,
    "BLEU_2": 3.7796447298312975e-09,
    "ROUGE_L": 0.1582360570687419,
    "CIDEr": 0.0,
    "METEOR": 0.13278008298755187,
    "SPICE": 0.05555555555555555,
    "BLEU_4": 5.501034141770605e-13
  },
  "9": {
    "BLEU_1": 0.19999999998666673,
    "BLEU_2": 3.7796447298312975e-09,
    "ROUGE_L": 0.1582360570687419,
    "CIDEr": 0.0,
    "METEOR": 0.13278008298755187,
    "SPICE": 0.05555555555555555,
    "BLEU_4": 5.501034141770605e-13
  }
}