{
  "0": {
    "BLEU_1": 0.10976232717490052,
    "BLEU_2": 3.8806842931124116e-09,
    "ROUGE_L": 0.1476997578692494,
    "CIDEr": 0.0,
    "METEOR": 0.15730337078651685,
    "SPICE": 0.16,
    "BLEU_4": 9.324552513250358e-13
  },
  "1": {
    "BLEU_1": 0.3333333332962964,
    "BLEU_2": 6.454972242916984e-09,
    "ROUGE_L": 0.1189083820662768,
    "CIDEr": 0.0,
    "METEOR": 0.19940312282421369,
    "SPICE": 0.14285714285714285,
    "BLEU_4": 9.980099402512292e-13
  },
  "2": {
    "BLEU_1": 0.11111111109876555,
    "BLEU_2": 3.726779962059685e-09,
    "ROUGE_L": 0.1189083820662768,
    "CIDEr": 0.0,
    "METEOR": 0.14507772020725387,
    "SPICE": 0.13793103448275862,
    "BLEU_4": 7.583235672378979e-13
  },
  "3": {
    "BLEU_1": 0.09999999998000014,
    "BLEU_2": 3.333333332648151e-09,
    "ROUGE_L": 0.11338289962825278,
    "CIDEr": 0.0,
    "METEOR": 0.14177215189873418,
    "SPICE": 0.06896551724137931,
    "BLEU_4": 6.674094717574907e-13
  },
  "4": {
    "BLEU_1": 0.09090909090082655,
    "BLEU_2": 3.015113445489832e-09,
    "ROUGE_L": 0.108348134991119,
    "CIDEr": 0.0,
    "METEOR": 0.1386138613861386,
    "SPICE": 0.13333333333333333,
    "BLEU_4": 5.960994272631735e-13
  },
  "5": {
    "BLEU_1": 0.09999999998000014,
    "BLEU_2": 3.333333332648151e-09,
    "ROUGE_L": 0.11338289962825278,
    "CIDEr": 0.0,
    "METEOR": 0.14177215189873418,
    "SPICE": 0.06896551724137931,
    "BLEU_4": 6.674094717574907e-13
  },
  "6": {
    "BLEU_1": 0.09090909090082655,
    "BLEU_2": 3.015113445489832e-09,
    "ROUGE_L": 0.108348134991119,
    "CIDEr": 0.0,
    "METEOR": 0.1386138613861386,
    "SPICE": 0.13333333333333333,
    "BLEU_4": 5.960994272631735e-13
  },
  "7": {
    "BLEU_1": 1.2499999996875005e-16,
    "BLEU_2": 1.3363062092161143e-16,
    "ROUGE_L": 0.0,
    "CIDEr": 0.0,
    "METEOR": 0.06266318537859007,
    "SPICE": 0.13793103448275862,
    "BLEU_4": 1.561969968017105e-16
  },
  "8": {
    "BLEU_1": 1.2499999996875005e-16,
    "BLEU_2": 1.3363062092161143e-16,
    "ROUGE_L": 0.0,
    "CIDEr": 0.0,
    "METEOR": 0.06266318537859007,
    "SPICE": 0.13793103448275862,
    "BLEU_4": 1.561969968017105e-16
  },
  "9": {
    "BLEU_1": 1.2383969992892892e-16,
    "BLEU_2": 1.3376216389974536e-16,
    "ROUGE_L": 0.0,
    "CIDEr": 0.0,
    "METEOR": 0.06315789473684211,
    "SPICE": 0.14285714285714285,
    "BLEU_4": 1.61023072606689e-16
  }
}