{
  "0": {
    "BLEU_1": 9.196986024687569e-17,
    "BLEU_2": 1.0619764713730698e-16,
    "ROUGE_L": 0.0,
    "CIDEr": 0.0,
    "METEOR": 0.040111420612813364,
    "SPICE": 0.0,
    "BLEU_4": 1.6620829993657386e-16
  },
  "1": {
    "BLEU_1": 0.0919698602468758,
    "BLEU_2": 3.3582644710475053e-09,
    "ROUGE_L": 0.15721649484536082,
    "CIDEr": 0.0,
    "METEOR": 0.1468025194358973,
    "SPICE": 0.1111111111111111,
    "BLEU_4": 9.346579564396796e-13
  },
  "2": {
    "BLEU_1": 0.10976232717490052,
    "BLEU_2": 3.8806842931124116e-09,
    "ROUGE_L": 0.1476997578692494,
    "CIDEr": 0.0,
    "METEOR": 0.08839779005524862,
    "SPICE": 0.0,
    "BLEU_4": 9.324552513250358e-13
  },
  "3": {
    "BLEU_1": 9.196986024687569e-17,
    "BLEU_2": 1.0619764713730698e-16,
    "ROUGE_L": 0.0,
    "CIDEr": 0.0,
    "METEOR": 0.06685236768802227,
    "SPICE": 0.0,
    "BLEU_4": 1.6620829993657386e-16
  },
  "4": {
    "BLEU_1": 0.10976232717490052,
    "BLEU_2": 3.8806842931124116e-09,
    "ROUGE_L": 0.11708253358925146,
    "CIDEr": 0.0,
    "METEOR": 0.15436447166921902,
    "SPICE": 0.10526315789473685,
    "BLEU_4": 9.324552513250358e-13
  },
  "5": {
    "BLEU_1": 1.2383969992892892e-16,
    "BLEU_2": 1.3376216389974536e-16,
    "ROUGE_L": 0.0,
    "CIDEr": 0.0,
    "METEOR": 0.06217616580310881,
    "SPICE": 0.09523809523809522,
    "BLEU_4": 1.61023072606689e-16
  },
  "6": {
    "BLEU_1": 1.2383969992892892e-16,
    "BLEU_2": 1.3376216389974536e-16,
    "ROUGE_L": 0.0,
    "CIDEr": 0.0,
    "METEOR": 0.08226221079691516,
    "SPICE": 0.09523809523809522,
    "BLEU_4": 1.61023072606689e-16
  },
  "7": {
    "BLEU_1": 1.194218850558243e-16,
    "BLEU_2": 1.3082012060754779e-16,
    "ROUGE_L": 0.0,
    "CIDEr": 0.0,
    "METEOR": 0.08421052631578946,
    "SPICE": 0.1,
    "BLEU_4": 1.6449759291817379e-16
  },
  "8": {
    "BLEU_1": 1.194218850558243e-16,
    "BLEU_2": 1.3082012060754779e-16,
    "ROUGE_L": 0.0,
    "CIDEr": 0.0,
    "METEOR": 0.08421052631578946,
    "SPICE": 0.1,
    "BLEU_4": 1.6449759291817379e-16
  },
  "9": {
    "BLEU_1": 1.194218850558243e-16,
    "BLEU_2": 1.3082012060754779e-16,
    "ROUGE_L": 0.0,
    "CIDEr": 0.0,
    "METEOR": 0.08421052631578946,
    "SPICE": 0.1,
    "BLEU_4": 1.6449759291817379e-16
  }
}