{
  "0": {
    "BLEU_1": 0.3715190997867868,
    "BLEU_2": 7.326455450859374e-09,
    "ROUGE_L": 0.34205607476635513,
    "CIDEr": 0.0,
    "METEOR": 0.23027178220314273,
    "SPICE": 0.2,
    "BLEU_4": 1.1917040716272326e-12
  },
  "1": {
    "BLEU_1": 0.18181818180165296,
    "BLEU_2": 4.26401432670519e-09,
    "ROUGE_L": 0.1921259842519685,
    "CIDEr": 0.0,
    "METEOR": 0.19382123226442635,
    "SPICE": 0.19999999999999998,
    "BLEU_4": 7.088856801504128e-13
  },
  "2": {
    "BLEU_1": 0.3333333332592594,
    "BLEU_2": 0.20412414518515326,
    "ROUGE_L": 0.31282051282051276,
    "CIDEr": 0.0,
    "METEOR": 0.16752571991661128,
    "SPICE": 0.16,
    "BLEU_4": 5.612222322916596e-09
  },
  "3": {
    "BLEU_1": 0.18181818180165296,
    "BLEU_2": 4.26401432670519e-09,
    "ROUGE_L": 0.1921259842519685,
    "CIDEr": 0.0,
    "METEOR": 0.1586042318737148,
    "SPICE": 0.13793103448275862,
    "BLEU_4": 7.088856801504128e-13
  },
  "4": {
    "BLEU_1": 0.30769230766863914,
    "BLEU_2": 0.16012815379225645,
    "ROUGE_L": 0.2671532846715329,
    "CIDEr": 0.0,
    "METEOR": 0.19781143650806896,
    "SPICE": 0.13793103448275862,
    "BLEU_4": 3.9073802491094676e-09
  },
  "5": {
    "BLEU_1": 0.3124999999804688,
    "BLEU_2": 0.14433756728808472,
    "ROUGE_L": 0.32105263157894737,
    "CIDEr": 0.0,
    "METEOR": 0.20658277600506977,
    "SPICE": 0.0,
    "BLEU_4": 3.2709344706502825e-09
  },
  "6": {
    "BLEU_1": 0.23076923075147937,
    "BLEU_2": 4.385290096183762e-09,
    "ROUGE_L": 0.2671532846715329,
    "CIDEr": 0.0,
    "METEOR": 0.1868062051209794,
    "SPICE": 0.0,
    "BLEU_4": 6.466227686450042e-13
  },
  "7": {
    "BLEU_1": 0.22222222217283966,
    "BLEU_2": 5.270462765739487e-09,
    "ROUGE_L": 0.20854700854700853,
    "CIDEr": 0.0,
    "METEOR": 0.16752571991661128,
    "SPICE": 0.09090909090909091,
    "BLEU_4": 9.018037815333522e-13
  },
  "8": {
    "BLEU_1": 0.24999999993750016,
    "BLEU_2": 5.976143045124577e-09,
    "ROUGE_L": 0.21785714285714283,
    "CIDEr": 0.0,
    "METEOR": 0.21257812570937082,
    "SPICE": 0.2,
    "BLEU_4": 1.0445522727757714e-12
  },
  "9": {
    "BLEU_1": 0.16666666665277785,
    "BLEU_2": 3.892494720468497e-09,
    "ROUGE_L": 0.18484848484848485,
    "CIDEr": 0.0,
    "METEOR": 0.19268777476580393,
    "SPICE": 0.16666666666666666,
    "BLEU_4": 6.40550520920913e-13
  }
}