{
  "0": {
    "BLEU_1": 7.162619917923445e-17,
    "BLEU_2": 8.27068107508754e-17,
    "ROUGE_L": 0.0,
    "CIDEr": 0.0,
    "METEOR": 0.01363636363636364,
    "SPICE": 0.0,
    "BLEU_4": 1.2944315414357063e-16
  },
  "1": {
    "BLEU_1": 0.17973158557499613,
    "BLEU_2": 4.493289639262571e-09,
    "ROUGE_L": 0.12577319587628866,
    "CIDEr": 0.0,
    "METEOR": 0.1308618418203832,
    "SPICE": 0.125,
    "BLEU_4": 9.078761382262807e-13
  },
  "2": {
    "BLEU_1": 0.32206169694024794,
    "BLEU_2": 6.3511423138542446e-09,
    "ROUGE_L": 0.17967599410898377,
    "CIDEr": 0.0,
    "METEOR": 0.12701296411978372,
    "SPICE": 0.17647058823529413,
    "BLEU_4": 1.0330619227359553e-12
  },
  "3": {
    "BLEU_1": 0.6249999999609376,
    "BLEU_2": 0.2041241452187486,
    "ROUGE_L": 0.24078947368421053,
    "CIDEr": 0.0,
    "METEOR": 0.1901855375815723,
    "SPICE": 0.3414634146341463,
    "BLEU_4": 3.889818545204975e-09
  },
  "4": {
    "BLEU_1": 0.545454545355372,
    "BLEU_2": 0.23354968320493186,
    "ROUGE_L": 0.2349165596919127,
    "CIDEr": 0.0,
    "METEOR": 0.15284001383828172,
    "SPICE": 0.21621621621621623,
    "BLEU_4": 5.246341021824447e-09
  },
  "5": {
    "BLEU_1": 0.6428571427653064,
    "BLEU_2": 0.2223747949659518,
    "ROUGE_L": 0.271513353115727,
    "CIDEr": 0.0,
    "METEOR": 0.22373286277392299,
    "SPICE": 0.21621621621621623,
    "BLEU_4": 4.399459230698943e-09
  },
  "6": {
    "BLEU_1": 0.4285714285102042,
    "BLEU_2": 0.2567762954691601,
    "ROUGE_L": 0.271513353115727,
    "CIDEr": 0.0,
    "METEOR": 0.21761715809673146,
    "SPICE": 0.2631578947368421,
    "BLEU_4": 4.727526605592614e-09
  },
  "7": {
    "BLEU_1": 0.3032653297552284,
    "BLEU_2": 6.0653065950034785e-09,
    "ROUGE_L": 0.18654434250764526,
    "CIDEr": 0.0,
    "METEOR": 0.11157247580083515,
    "SPICE": 0.18181818181818182,
    "BLEU_4": 1.0305224262915758e-12
  },
  "8": {
    "BLEU_1": 0.17973158557499613,
    "BLEU_2": 4.493289639262571e-09,
    "ROUGE_L": 0.12577319587628866,
    "CIDEr": 0.0,
    "METEOR": 0.11407036705010759,
    "SPICE": 0.12903225806451613,
    "BLEU_4": 9.078761382262807e-13
  },
  "9": {
    "BLEU_1": 0.21470779796016531,
    "BLEU_2": 5.1856859842473975e-09,
    "ROUGE_L": 0.17967599410898377,
    "CIDEr": 0.0,
    "METEOR": 0.11239286165231188,
    "SPICE": 0.11764705882352941,
    "BLEU_4": 9.334768232372482e-13
  }
}