{
  "0": {
    "BLEU_1": 0.22062422559099293,
    "BLEU_2": 5.273927726724911e-09,
    "ROUGE_L": 0.116412213740458,
    "CIDEr": 0.0,
    "METEOR": 0.09263157894736844,
    "SPICE": 0.13793103448275862,
    "BLEU_4": 9.218141453123176e-13
  },
  "1": {
    "BLEU_1": 0.4412484511819858,
    "BLEU_2": 7.458460118109875e-09,
    "ROUGE_L": 0.232824427480916,
    "CIDEr": 0.0,
    "METEOR": 0.14919656949815713,
    "SPICE": 0.13333333333333333,
    "BLEU_4": 1.0962279403155601e-12
  },
  "2": {
    "BLEU_1": 0.3333333332592594,
    "BLEU_2": 6.454972242199766e-09,
    "ROUGE_L": 0.2222222222222222,
    "CIDEr": 0.0,
    "METEOR": 0.09456264775413711,
    "SPICE": 0.06666666666666667,
    "BLEU_4": 9.980099401403394e-13
  },
  "3": {
    "BLEU_1": 0.545454545355372,
    "BLEU_2": 0.23354968320493186,
    "ROUGE_L": 0.28818897637795277,
    "CIDEr": 0.0,
    "METEOR": 0.15787351434196575,
    "SPICE": 0.18181818181818182,
    "BLEU_4": 5.246341021824447e-09
  },
  "4": {
    "BLEU_1": 0.545454545355372,
    "BLEU_2": 0.23354968320493186,
    "ROUGE_L": 0.28818897637795277,
    "CIDEr": 0.0,
    "METEOR": 0.15787351434196575,
    "SPICE": 0.12121212121212122,
    "BLEU_4": 5.246341021824447e-09
  },
  "5": {
    "BLEU_1": 0.5367694949004131,
    "BLEU_2": 0.36668337245653715,
    "ROUGE_L": 0.34205607476635513,
    "CIDEr": 0.0,
    "METEOR": 0.17637251645721203,
    "SPICE": 0.20689655172413793,
    "BLEU_4": 4.4141393638778416e-05
  },
  "6": {
    "BLEU_1": 0.5999999998800002,
    "BLEU_2": 0.3651483715950527,
    "ROUGE_L": 0.4,
    "CIDEr": 0.0,
    "METEOR": 0.22980676938927985,
    "SPICE": 0.18750000000000003,
    "BLEU_4": 3.9281465081419535e-05
  },
  "7": {
    "BLEU_1": 0.4412484511819858,
    "BLEU_2": 0.3335524766312959,
    "ROUGE_L": 0.3267857142857143,
    "CIDEr": 0.0,
    "METEOR": 0.17219527264638332,
    "SPICE": 0.2,
    "BLEU_4": 4.122478183078424e-05
  },
  "8": {
    "BLEU_1": 0.555555555432099,
    "BLEU_2": 0.37267799616455977,
    "ROUGE_L": 0.31282051282051276,
    "CIDEr": 0.0,
    "METEOR": 0.16821132032294514,
    "SPICE": 0.19354838709677416,
    "BLEU_4": 4.264366796762506e-05
  },
  "9": {
    "BLEU_1": 0.5367694949004131,
    "BLEU_2": 0.36668337245653715,
    "ROUGE_L": 0.34205607476635513,
    "CIDEr": 0.0,
    "METEOR": 0.17637251645721203,
    "SPICE": 0.20689655172413793,
    "BLEU_4": 4.4141393638778416e-05
  }
}