{
  "0": {
    "BLEU_1": 0.5999999998800002,
    "BLEU_2": 0.3651483715950527,
    "ROUGE_L": 0.31881533101045295,
    "CIDEr": 0.0,
    "METEOR": 0.3136908237947198,
    "SPICE": 0.1875,
    "BLEU_4": 6.985342055045127e-09
  },
  "1": {
    "BLEU_1": 0.3999999999200002,
    "BLEU_2": 6.666666665296299e-09,
    "ROUGE_L": 0.25487465181058494,
    "CIDEr": 0.0,
    "METEOR": 0.20171287572868327,
    "SPICE": 0.24242424242424243,
    "BLEU_4": 9.438595266157062e-13
  },
  "2": {
    "BLEU_1": 0.42857142854081637,
    "BLEU_2": 5.7416925172062516e-09,
    "ROUGE_L": 0.2982885085574572,
    "CIDEr": 0.0,
    "METEOR": 0.18580645161290324,
    "SPICE": 0.2222222222222222,
    "BLEU_4": 7.069301148368759e-13
  },
  "3": {
    "BLEU_1": 0.7272727271404961,
    "BLEU_2": 0.38138503562716075,
    "ROUGE_L": 0.4925975773889637,
    "CIDEr": 0.0,
    "METEOR": 0.30644211650040326,
    "SPICE": 0.30303030303030304,
    "BLEU_4": 6.704226836838146e-09
  },
  "4": {
    "BLEU_1": 0.4999999999642858,
    "BLEU_2": 0.277350098092042,
    "ROUGE_L": 0.4474327628361858,
    "CIDEr": 0.0,
    "METEOR": 0.27482364116352975,
    "SPICE": 0.2702702702702703,
    "BLEU_4": 4.913270547748174e-09
  },
  "5": {
    "BLEU_1": 0.6153846152899412,
    "BLEU_2": 0.45291081358670826,
    "ROUGE_L": 0.5384615384615383,
    "CIDEr": 0.0,
    "METEOR": 0.3243135367451929,
    "SPICE": 0.28571428571428575,
    "BLEU_4": 0.247124425411831
  },
  "6": {
    "BLEU_1": 0.6923076922011837,
    "BLEU_2": 0.4803844613398166,
    "ROUGE_L": 0.5384615384615383,
    "CIDEr": 0.0,
    "METEOR": 0.3277698088952305,
    "SPICE": 0.35294117647058826,
    "BLEU_4": 0.25450938596010736
  },
  "7": {
    "BLEU_1": 0.388888888867284,
    "BLEU_2": 0.2619684159828101,
    "ROUGE_L": 0.3986928104575163,
    "CIDEr": 0.0,
    "METEOR": 0.3113421857963026,
    "SPICE": 0.2105263157894737,
    "BLEU_4": 2.312446301793853e-05
  },
  "8": {
    "BLEU_1": 0.5999999998800002,
    "BLEU_2": 0.5773502690709484,
    "ROUGE_L": 0.5313588850174217,
    "CIDEr": 0.0,
    "METEOR": 0.4455474998414554,
    "SPICE": 0.3225806451612903,
    "BLEU_4": 0.51697315384357
  },
  "9": {
    "BLEU_1": 0.33333333330555565,
    "BLEU_2": 0.3015113445514957,
    "ROUGE_L": 0.3333333333333333,
    "CIDEr": 0.0,
    "METEOR": 0.25344812204629896,
    "SPICE": 0.17647058823529413,
    "BLEU_4": 0.21200626756982763
  }
}