{
  "0": {
    "BLEU_1": 0.0919698602468758,
    "BLEU_2": 3.3582644710475053e-09,
    "ROUGE_L": 0.15721649484536082,
    "CIDEr": 0.0,
    "METEOR": 0.022662889518413595,
    "SPICE": 0.0,
    "BLEU_4": 9.346579564396796e-13
  },
  "1": {
    "BLEU_1": 0.35826565516747294,
    "BLEU_2": 0.2265870955445612,
    "ROUGE_L": 0.18654434250764526,
    "CIDEr": 0.0,
    "METEOR": 0.17827298050139273,
    "SPICE": 0.12903225806451613,
    "BLEU_4": 6.846046757997816e-09
  },
  "2": {
    "BLEU_1": 0.7499999998125003,
    "BLEU_2": 0.5669467093670424,
    "ROUGE_L": 0.4093959731543625,
    "CIDEr": 0.0,
    "METEOR": 0.24234782163609112,
    "SPICE": 0.1764705882352941,
    "BLEU_4": 5.721248422925795e-05
  },
  "3": {
    "BLEU_1": 0.4999999999000002,
    "BLEU_2": 0.23570226034706615,
    "ROUGE_L": 0.28328173374613,
    "CIDEr": 0.0,
    "METEOR": 0.19950124688279303,
    "SPICE": 0.05555555555555555,
    "BLEU_4": 5.612222323072491e-09
  },
  "4": {
    "BLEU_1": 0.555555555432099,
    "BLEU_2": 0.37267799616455977,
    "ROUGE_L": 0.2946859903381642,
    "CIDEr": 0.0,
    "METEOR": 0.20408163265306123,
    "SPICE": 0.1764705882352941,
    "BLEU_4": 7.583235671536399e-09
  },
  "5": {
    "BLEU_1": 0.6249999998437503,
    "BLEU_2": 0.5175491693727575,
    "ROUGE_L": 0.3070469798657718,
    "CIDEr": 0.0,
    "METEOR": 0.16634915807119766,
    "SPICE": 0.125,
    "BLEU_4": 9.720654206312743e-09
  },
  "6": {
    "BLEU_1": 0.7499999998125003,
    "BLEU_2": 0.5669467093670424,
    "ROUGE_L": 0.3070469798657718,
    "CIDEr": 0.0,
    "METEOR": 0.2095977410460251,
    "SPICE": 0.18181818181818182,
    "BLEU_4": 1.0173978270206596e-08
  },
  "7": {
    "BLEU_1": 0.23884377011164867,
    "BLEU_2": 0.1850075887944782,
    "ROUGE_L": 0.2234432234432234,
    "CIDEr": 0.0,
    "METEOR": 0.1382716049382716,
    "SPICE": 0.06666666666666668,
    "BLEU_4": 6.1861015673335086e-09
  },
  "8": {
    "BLEU_1": 0.4953587997157158,
    "BLEU_2": 0.2675243277994909,
    "ROUGE_L": 0.32049036777583184,
    "CIDEr": 0.0,
    "METEOR": 0.18947368421052632,
    "SPICE": 0.12903225806451613,
    "BLEU_4": 7.201170725888819e-09
  },
  "9": {
    "BLEU_1": 0.06295853423721502,
    "BLEU_2": 2.438373545820434e-09,
    "ROUGE_L": 0.1680440771349862,
    "CIDEr": 0.0,
    "METEOR": 0.17099236641221374,
    "SPICE": 0.0,
    "BLEU_4": 1.20680763897879e-10
  }
}