{
  "0": {
    "BLEU_1": 0.4412484511819858,
    "BLEU_2": 7.458460118109875e-09,
    "ROUGE_L": 0.21785714285714283,
    "CIDEr": 0.0,
    "METEOR": 0.15754923413566743,
    "SPICE": 0.06451612903225806,
    "BLEU_4": 1.0962279403155601e-12
  },
  "1": {
    "BLEU_1": 0.4999999999000002,
    "BLEU_2": 0.23570226034706615,
    "ROUGE_L": 0.3,
    "CIDEr": 0.0,
    "METEOR": 0.18727753486957185,
    "SPICE": 0.125,
    "BLEU_4": 5.612222323072491e-09
  },
  "2": {
    "BLEU_1": 0.4412484511819858,
    "BLEU_2": 7.458460118109875e-09,
    "ROUGE_L": 0.232824427480916,
    "CIDEr": 0.0,
    "METEOR": 0.15754923413566743,
    "SPICE": 0.0,
    "BLEU_4": 1.0962279403155601e-12
  },
  "3": {
    "BLEU_1": 0.5515605639774822,
    "BLEU_2": 0.26369638633624565,
    "ROUGE_L": 0.232824427480916,
    "CIDEr": 0.0,
    "METEOR": 0.17738359201773837,
    "SPICE": 0.06666666666666667,
    "BLEU_4": 6.518210331440214e-09
  },
  "4": {
    "BLEU_1": 0.2695973783624942,
    "BLEU_2": 0.17402435942550276,
    "ROUGE_L": 0.2717149220489978,
    "CIDEr": 0.0,
    "METEOR": 0.1674418604651163,
    "SPICE": 0.07142857142857142,
    "BLEU_4": 5.650012601115274e-09
  },
  "5": {
    "BLEU_1": 0.4294155959203306,
    "BLEU_2": 0.2319109274149018,
    "ROUGE_L": 0.24448897795591182,
    "CIDEr": 0.0,
    "METEOR": 0.16071428571428573,
    "SPICE": 0.06666666666666667,
    "BLEU_4": 6.2425357546009905e-09
  },
  "6": {
    "BLEU_1": 0.4043537730069712,
    "BLEU_2": 0.22147368268455053,
    "ROUGE_L": 0.2573839662447257,
    "CIDEr": 0.0,
    "METEOR": 0.1640091116173121,
    "SPICE": 0.06896551724137931,
    "BLEU_4": 6.227190210443543e-09
  },
  "7": {
    "BLEU_1": 0.17973158557499613,
    "BLEU_2": 4.493289639262571e-09,
    "ROUGE_L": 0.1358574610244989,
    "CIDEr": 0.0,
    "METEOR": 0.05581395348837209,
    "SPICE": 0.0,
    "BLEU_4": 9.078761382262807e-13
  },
  "8": {
    "BLEU_1": 0.3032653297552284,
    "BLEU_2": 6.0653065950034785e-09,
    "ROUGE_L": 0.12869198312236285,
    "CIDEr": 0.0,
    "METEOR": 0.10933940774487472,
    "SPICE": 0.06896551724137931,
    "BLEU_4": 1.0305224262915758e-12
  },
  "9": {
    "BLEU_1": 0.3032653297552284,
    "BLEU_2": 6.0653065950034785e-09,
    "ROUGE_L": 0.12869198312236285,
    "CIDEr": 0.0,
    "METEOR": 0.10933940774487472,
    "SPICE": 0.06896551724137931,
    "BLEU_4": 1.0305224262915758e-12
  }
}