{
  "0": {
    "BLEU_1": 0.555555555432099,
    "BLEU_2": 0.37267799616455977,
    "ROUGE_L": 0.2785388127853881,
    "CIDEr": 0.0,
    "METEOR": 0.1852082635868398,
    "SPICE": 0.12121212121212122,
    "BLEU_4": 7.583235671536399e-09
  },
  "1": {
    "BLEU_1": 0.5384615383786985,
    "BLEU_2": 0.29957234471059097,
    "ROUGE_L": 0.2417437252311757,
    "CIDEr": 0.0,
    "METEOR": 0.21323878430117585,
    "SPICE": 0.1111111111111111,
    "BLEU_4": 5.344445933910239e-09
  },
  "2": {
    "BLEU_1": 0.4999999999500001,
    "BLEU_2": 0.23570226037063632,
    "ROUGE_L": 0.3577712609970674,
    "CIDEr": 0.0,
    "METEOR": 0.2543331758028028,
    "SPICE": 0.23529411764705882,
    "BLEU_4": 5.612222323633712e-09
  },
  "3": {
    "BLEU_1": 0.3833518393649928,
    "BLEU_2": 0.31014690884871604,
    "ROUGE_L": 0.25,
    "CIDEr": 0.0,
    "METEOR": 0.19176927938421845,
    "SPICE": 0.1111111111111111,
    "BLEU_4": 5.48437948577231e-09
  },
  "4": {
    "BLEU_1": 0.3999999999600001,
    "BLEU_2": 0.21081851065563903,
    "ROUGE_L": 0.22676579925650556,
    "CIDEr": 0.0,
    "METEOR": 0.20057501160084074,
    "SPICE": 0.11764705882352941,
    "BLEU_4": 5.3077121704368895e-09
  },
  "5": {
    "BLEU_1": 0.3157894736675901,
    "BLEU_2": 0.18731716230620618,
    "ROUGE_L": 0.2587486744432662,
    "CIDEr": 0.0,
    "METEOR": 0.12859135779663122,
    "SPICE": 0.05714285714285714,
    "BLEU_4": 3.3701292644797776e-09
  },
  "6": {
    "BLEU_1": 0.3999999999600001,
    "BLEU_2": 6.666666665962964e-09,
    "ROUGE_L": 0.24864130434782605,
    "CIDEr": 0.0,
    "METEOR": 0.21194801374589675,
    "SPICE": 0.11428571428571428,
    "BLEU_4": 9.43859526710092e-13
  },
  "7": {
    "BLEU_1": 0.29411764704152255,
    "BLEU_2": 0.13558153612843557,
    "ROUGE_L": 0.21353558926487748,
    "CIDEr": 0.0,
    "METEOR": 0.13113492311568548,
    "SPICE": 0.09756097560975609,
    "BLEU_4": 3.058760346259648e-09
  },
  "8": {
    "BLEU_1": 0.30668147149199426,
    "BLEU_2": 0.16015917504650504,
    "ROUGE_L": 0.23828125000000006,
    "CIDEr": 0.0,
    "METEOR": 0.11909459085356668,
    "SPICE": 0.1111111111111111,
    "BLEU_4": 3.941120201607954e-09
  },
  "9": {
    "BLEU_1": 0.4444444443456792,
    "BLEU_2": 0.23570226034150096,
    "ROUGE_L": 0.26406926406926406,
    "CIDEr": 0.0,
    "METEOR": 0.12587845995282046,
    "SPICE": 0.12121212121212122,
    "BLEU_4": 6.030725358915047e-09
  }
}