{
  "0": {
    "BLEU_1": 0.2195246543498009,
    "BLEU_2": 5.488116358607818e-09,
    "ROUGE_L": 0.1476997578692494,
    "CIDEr": 0.0,
    "METEOR": 0.12997813932580288,
    "SPICE": 0.06060606060606061,
    "BLEU_4": 1.108882419297383e-12
  },
  "1": {
    "BLEU_1": 0.1999999999800001,
    "BLEU_2": 4.714045207412725e-09,
    "ROUGE_L": 0.11338289962825278,
    "CIDEr": 0.0,
    "METEOR": 0.11272440401706796,
    "SPICE": 0.05263157894736841,
    "BLEU_4": 7.93688092513584e-13
  },
  "2": {
    "BLEU_1": 0.30769230766863914,
    "BLEU_2": 5.063696835012589e-09,
    "ROUGE_L": 0.19902120717781402,
    "CIDEr": 0.0,
    "METEOR": 0.17531428687708392,
    "SPICE": 0.09523809523809523,
    "BLEU_4": 6.948413844184121e-13
  },
  "3": {
    "BLEU_1": 0.38461538458579886,
    "BLEU_2": 0.17902871849551308,
    "ROUGE_L": 0.18798151001540828,
    "CIDEr": 0.0,
    "METEOR": 0.14474326419372832,
    "SPICE": 0.047619047619047616,
    "BLEU_4": 4.131551590743584e-09
  },
  "4": {
    "BLEU_1": 0.38461538458579886,
    "BLEU_2": 0.17902871849551308,
    "ROUGE_L": 0.18798151001540828,
    "CIDEr": 0.0,
    "METEOR": 0.17676316528102676,
    "SPICE": 0.11764705882352941,
    "BLEU_4": 4.131551590743584e-09
  },
  "5": {
    "BLEU_1": 0.38461538458579886,
    "BLEU_2": 0.17902871849551308,
    "ROUGE_L": 0.18798151001540828,
    "CIDEr": 0.0,
    "METEOR": 0.14724362768267946,
    "SPICE": 0.05,
    "BLEU_4": 4.131551590743584e-09
  },
  "6": {
    "BLEU_1": 0.33333333331111115,
    "BLEU_2": 0.1543033499514377,
    "ROUGE_L": 0.17453505007153075,
    "CIDEr": 0.0,
    "METEOR": 0.1782902884089807,
    "SPICE": 0.09523809523809523,
    "BLEU_4": 3.514847831107641e-09
  },
  "7": {
    "BLEU_1": 0.4150457800528383,
    "BLEU_2": 0.19467372677991937,
    "ROUGE_L": 0.2036727879799666,
    "CIDEr": 0.0,
    "METEOR": 0.1507149902213674,
    "SPICE": 0.05263157894736841,
    "BLEU_4": 4.57698921485786e-09
  },
  "8": {
    "BLEU_1": 0.33333333331111115,
    "BLEU_2": 4.879500364405748e-09,
    "ROUGE_L": 0.17453505007153075,
    "CIDEr": 0.0,
    "METEOR": 0.14392857415136212,
    "SPICE": 0.047619047619047616,
    "BLEU_4": 6.250381527478681e-13
  },
  "9": {
    "BLEU_1": 0.24902746803170303,
    "BLEU_2": 4.768512969367871e-09,
    "ROUGE_L": 0.108348134991119,
    "CIDEr": 0.0,
    "METEOR": 0.10536208799786871,
    "SPICE": 0.05405405405405406,
    "BLEU_4": 7.163375243335776e-13
  }
}