{
  "0": {
    "BLEU_1": 3.3546262723158953e-19,
    "BLEU_2": 1.0608259724462612e-14,
    "ROUGE_L": 0.0,
    "CIDEr": 0.0,
    "METEOR": 0.0,
    "SPICE": 0.0,
    "BLEU_4": 1.886444984907315e-12
  },
  "1": {
    "BLEU_1": 3.3546262723158953e-19,
    "BLEU_2": 1.0608259724462612e-14,
    "ROUGE_L": 0.0,
    "CIDEr": 0.0,
    "METEOR": 0.0,
    "SPICE": 0.0,
    "BLEU_4": 1.886444984907315e-12
  },
  "2": {
    "BLEU_1": 3.3546262723158953e-19,
    "BLEU_2": 1.0608259724462612e-14,
    "ROUGE_L": 0.0,
    "CIDEr": 0.0,
    "METEOR": 0.0,
    "SPICE": 0.0,
    "BLEU_4": 1.886444984907315e-12
  },
  "3": {
    "BLEU_1": 3.3546262723158953e-19,
    "BLEU_2": 1.0608259724462612e-14,
    "ROUGE_L": 0.0,
    "CIDEr": 0.0,
    "METEOR": 0.0,
    "SPICE": 0.0,
    "BLEU_4": 1.886444984907315e-12
  },
  "4": {
    "BLEU_1": 3.3546262723158953e-19,
    "BLEU_2": 1.0608259724462612e-14,
    "ROUGE_L": 0.0,
    "CIDEr": 0.0,
    "METEOR": 0.0,
    "SPICE": 0.0,
    "BLEU_4": 1.886444984907315e-12
  },
  "5": {
    "BLEU_1": 3.3546262723158953e-19,
    "BLEU_2": 1.0608259724462612e-14,
    "ROUGE_L": 0.0,
    "CIDEr": 0.0,
    "METEOR": 0.0,
    "SPICE": 0.0,
    "BLEU_4": 1.886444984907315e-12
  },
  "6": {
    "BLEU_1": 3.3546262723158953e-19,
    "BLEU_2": 1.0608259724462612e-14,
    "ROUGE_L": 0.0,
    "CIDEr": 0.0,
    "METEOR": 0.0,
    "SPICE": 0.0,
    "BLEU_4": 1.886444984907315e-12
  },
  "7": {
    "BLEU_1": 3.3546262723158953e-19,
    "BLEU_2": 1.0608259724462612e-14,
    "ROUGE_L": 0.0,
    "CIDEr": 0.0,
    "METEOR": 0.0,
    "SPICE": 0.0,
    "BLEU_4": 1.886444984907315e-12
  },
  "8": {
    "BLEU_1": 3.3546262723158953e-19,
    "BLEU_2": 1.0608259724462612e-14,
    "ROUGE_L": 0.0,
    "CIDEr": 0.0,
    "METEOR": 0.0,
    "SPICE": 0.0,
    "BLEU_4": 1.886444984907315e-12
  },
  "9": {
    "BLEU_1": 3.3546262723158953e-19,
    "BLEU_2": 1.0608259724462612e-14,
    "ROUGE_L": 0.0,
    "CIDEr": 0.0,
    "METEOR": 0.0,
    "SPICE": 0.0,
    "BLEU_4": 1.886444984907315e-12
  }
}