{
  "0": {
    "BLEU_1": 1.0108844325174277e-16,
    "BLEU_2": 1.107368413422752e-16,
    "ROUGE_L": 0.0,
    "CIDEr": 0.0,
    "METEOR": 0.01170731707317073,
    "SPICE": 0.0,
    "BLEU_4": 1.392442061937298e-16
  },
  "1": {
    "BLEU_1": 0.1111111110864199,
    "BLEU_2": 3.726779961645599e-09,
    "ROUGE_L": 0.1111111111111111,
    "CIDEr": 0.0,
    "METEOR": 0.019047619047619046,
    "SPICE": 0.0,
    "BLEU_4": 7.583235671536399e-13
  },
  "2": {
    "BLEU_1": 0.07692307691124271,
    "BLEU_2": 2.5318484173115386e-09,
    "ROUGE_L": 0.09399075500770414,
    "CIDEr": 0.0,
    "METEOR": 0.035794183445190156,
    "SPICE": 0.0,
    "BLEU_4": 4.913270547335137e-13
  },
  "3": {
    "BLEU_1": 0.07142857142346946,
    "BLEU_2": 2.344036154518608e-09,
    "ROUGE_L": 0.09050445103857567,
    "CIDEr": 0.0,
    "METEOR": 0.03508771929824561,
    "SPICE": 0.0,
    "BLEU_4": 4.516881220590475e-13
  },
  "4": {
    "BLEU_1": 7.692307691124263e-17,
    "BLEU_2": 8.006407688996943e-17,
    "ROUGE_L": 0.0,
    "CIDEr": 0.0,
    "METEOR": 0.017660044150110375,
    "SPICE": 0.0,
    "BLEU_4": 8.73716785027674e-17
  },
  "5": {
    "BLEU_1": 7.692307691124263e-17,
    "BLEU_2": 8.006407688996943e-17,
    "ROUGE_L": 0.0,
    "CIDEr": 0.0,
    "METEOR": 0.017660044150110375,
    "SPICE": 0.0,
    "BLEU_4": 8.73716785027674e-17
  },
  "6": {
    "BLEU_1": 7.692307691124263e-17,
    "BLEU_2": 8.006407688996943e-17,
    "ROUGE_L": 0.0,
    "CIDEr": 0.0,
    "METEOR": 0.017660044150110375,
    "SPICE": 0.0,
    "BLEU_4": 8.73716785027674e-17
  },
  "7": {
    "BLEU_1": 8.333333331944446e-17,
    "BLEU_2": 8.703882796301277e-17,
    "ROUGE_L": 0.0,
    "CIDEr": 0.0,
    "METEOR": 0.018018018018018014,
    "SPICE": 0.0,
    "BLEU_4": 9.578464406898846e-17
  },
  "8": {
    "BLEU_1": 8.333333331944446e-17,
    "BLEU_2": 8.703882796301277e-17,
    "ROUGE_L": 0.0,
    "CIDEr": 0.0,
    "METEOR": 0.018018018018018014,
    "SPICE": 0.0,
    "BLEU_4": 9.578464406898846e-17
  },
  "9": {
    "BLEU_1": 8.333333331944446e-17,
    "BLEU_2": 8.703882796301277e-17,
    "ROUGE_L": 0.0,
    "CIDEr": 0.0,
    "METEOR": 0.018018018018018014,
    "SPICE": 0.0,
    "BLEU_4": 9.578464406898846e-17
  }
}