{
  "0": {
    "BLEU_1": 0.19999999996000015,
    "BLEU_2": 4.714045206941321e-09,
    "ROUGE_L": 0.11338289962825278,
    "CIDEr": 0.0,
    "METEOR": 0.13177094124753808,
    "SPICE": 0.1142857142857143,
    "BLEU_4": 7.936880924342154e-13
  },
  "1": {
    "BLEU_1": 0.19999999996000015,
    "BLEU_2": 4.714045206941321e-09,
    "ROUGE_L": 0.11338289962825278,
    "CIDEr": 0.0,
    "METEOR": 0.12997813932580285,
    "SPICE": 0.1142857142857143,
    "BLEU_4": 7.936880924342154e-13
  },
  "2": {
    "BLEU_1": 0.36363636360330587,
    "BLEU_2": 0.19069251783091612,
    "ROUGE_L": 0.24629878869448185,
    "CIDEr": 0.0,
    "METEOR": 0.2292814377707163,
    "SPICE": 0.21621621621621623,
    "BLEU_4": 4.740604259372055e-09
  },
  "3": {
    "BLEU_1": 0.36363636360330587,
    "BLEU_2": 0.19069251783091612,
    "ROUGE_L": 0.24629878869448185,
    "CIDEr": 0.0,
    "METEOR": 0.24906072235409757,
    "SPICE": 0.16216216216216214,
    "BLEU_4": 4.740604259372055e-09
  },
  "4": {
    "BLEU_1": 0.4545454545041323,
    "BLEU_2": 0.21320071633525958,
    "ROUGE_L": 0.3283983849259758,
    "CIDEr": 0.0,
    "METEOR": 0.2754131384633228,
    "SPICE": 0.27027027027027023,
    "BLEU_4": 5.01257871520395e-09
  },
  "5": {
    "BLEU_1": 0.4545454545041323,
    "BLEU_2": 0.21320071633525958,
    "ROUGE_L": 0.3283983849259758,
    "CIDEr": 0.0,
    "METEOR": 0.2754131384633228,
    "SPICE": 0.27027027027027023,
    "BLEU_4": 5.01257871520395e-09
  },
  "6": {
    "BLEU_1": 0.36363636360330587,
    "BLEU_2": 0.19069251783091612,
    "ROUGE_L": 0.24629878869448185,
    "CIDEr": 0.0,
    "METEOR": 0.263269394098542,
    "SPICE": 0.27027027027027023,
    "BLEU_4": 4.740604259372055e-09
  },
  "7": {
    "BLEU_1": 0.36363636360330587,
    "BLEU_2": 0.19069251783091612,
    "ROUGE_L": 0.24629878869448185,
    "CIDEr": 0.0,
    "METEOR": 0.263269394098542,
    "SPICE": 0.2285714285714286,
    "BLEU_4": 4.740604259372055e-09
  },
  "8": {
    "BLEU_1": 0.30769230766863914,
    "BLEU_2": 0.16012815379225645,
    "ROUGE_L": 0.23076923076923084,
    "CIDEr": 0.0,
    "METEOR": 0.25212571604146083,
    "SPICE": 0.2564102564102564,
    "BLEU_4": 3.9073802491094676e-09
  },
  "9": {
    "BLEU_1": 0.33333333327777787,
    "BLEU_2": 0.17407765592602564,
    "ROUGE_L": 0.23828125000000006,
    "CIDEr": 0.0,
    "METEOR": 0.2561922598485812,
    "SPICE": 0.27027027027027023,
    "BLEU_4": 4.283619506777607e-09
  }
}