{
  "0": {
    "BLEU_1": 0.2195246543498009,
    "BLEU_2": 5.488116358607818e-09,
    "ROUGE_L": 0.1358574610244989,
    "CIDEr": 0.0,
    "METEOR": 0.1838804735760166,
    "SPICE": 0.23076923076923073,
    "BLEU_4": 1.108882419297383e-12
  },
  "1": {
    "BLEU_1": 0.4999999998750002,
    "BLEU_2": 8.451542545096823e-09,
    "ROUGE_L": 0.125,
    "CIDEr": 0.0,
    "METEOR": 0.16115107913669066,
    "SPICE": 0.13793103448275862,
    "BLEU_4": 1.2421889947772103e-12
  },
  "2": {
    "BLEU_1": 0.4999999998750002,
    "BLEU_2": 8.451542545096823e-09,
    "ROUGE_L": 0.116412213740458,
    "CIDEr": 0.0,
    "METEOR": 0.1876288063066046,
    "SPICE": 0.13793103448275862,
    "BLEU_4": 1.2421889947772103e-12
  },
  "3": {
    "BLEU_1": 0.4999999998750002,
    "BLEU_2": 8.451542545096823e-09,
    "ROUGE_L": 0.116412213740458,
    "CIDEr": 0.0,
    "METEOR": 0.1876288063066046,
    "SPICE": 0.13793103448275862,
    "BLEU_4": 1.2421889947772103e-12
  },
  "4": {
    "BLEU_1": 0.24767939985785795,
    "BLEU_2": 0.18916826631939285,
    "ROUGE_L": 0.24448897795591182,
    "CIDEr": 0.0,
    "METEOR": 0.10881612090680103,
    "SPICE": 0.07407407407407407,
    "BLEU_4": 6.055438649029897e-09
  },
  "5": {
    "BLEU_1": 0.4953587997157158,
    "BLEU_2": 8.459862053518921e-09,
    "ROUGE_L": 0.12224448897795591,
    "CIDEr": 0.0,
    "METEOR": 0.1919476279351454,
    "SPICE": 0.16666666666666666,
    "BLEU_4": 1.2805693630023128e-12
  },
  "6": {
    "BLEU_1": 0.4999999998750002,
    "BLEU_2": 8.451542545096823e-09,
    "ROUGE_L": 0.116412213740458,
    "CIDEr": 0.0,
    "METEOR": 0.1876288063066046,
    "SPICE": 0.21428571428571427,
    "BLEU_4": 1.2421889947772103e-12
  },
  "7": {
    "BLEU_1": 0.24767939985785795,
    "BLEU_2": 5.982025825945981e-09,
    "ROUGE_L": 0.12224448897795591,
    "CIDEr": 0.0,
    "METEOR": 0.1443837769337004,
    "SPICE": 0.08333333333333333,
    "BLEU_4": 1.0768261868323776e-12
  },
  "8": {
    "BLEU_1": 0.3749999999062502,
    "BLEU_2": 7.319250545218839e-09,
    "ROUGE_L": 0.116412213740458,
    "CIDEr": 0.0,
    "METEOR": 0.14330089860669765,
    "SPICE": 0.08,
    "BLEU_4": 1.1559871144628244e-12
  },
  "9": {
    "BLEU_1": 0.6249999998437503,
    "BLEU_2": 9.44911182278404e-09,
    "ROUGE_L": 0.125,
    "CIDEr": 0.0,
    "METEOR": 0.26219482412257117,
    "SPICE": 0.13793103448275862,
    "BLEU_4": 1.313454946839543e-12
  }
}