{
  "0": {
    "BLEU_1": 0.5454545454049587,
    "BLEU_2": 0.3302891295063807,
    "ROUGE_L": 0.32504440497335696,
    "CIDEr": 0.0,
    "METEOR": 0.16415468618250625,
    "SPICE": 0.1935483870967742,
    "BLEU_4": 6.238986071451458e-09
  },
  "1": {
    "BLEU_1": 0.4999999999583334,
    "BLEU_2": 0.30151134455149564,
    "ROUGE_L": 0.3112244897959184,
    "CIDEr": 0.0,
    "METEOR": 0.1628722276967054,
    "SPICE": 0.25000000000000006,
    "BLEU_4": 5.637560314716176e-09
  },
  "2": {
    "BLEU_1": 0.42857142854081637,
    "BLEU_2": 0.2567762954875012,
    "ROUGE_L": 0.28683385579937304,
    "CIDEr": 0.0,
    "METEOR": 0.15557944138192756,
    "SPICE": 0.23529411764705885,
    "BLEU_4": 4.727526605930294e-09
  },
  "3": {
    "BLEU_1": 0.42857142854081637,
    "BLEU_2": 0.2567762954875012,
    "ROUGE_L": 0.28683385579937304,
    "CIDEr": 0.0,
    "METEOR": 0.15557944138192756,
    "SPICE": 0.23529411764705885,
    "BLEU_4": 4.727526605930294e-09
  },
  "4": {
    "BLEU_1": 0.42857142854081637,
    "BLEU_2": 0.2567762954875012,
    "ROUGE_L": 0.28683385579937304,
    "CIDEr": 0.0,
    "METEOR": 0.15557944138192756,
    "SPICE": 0.23529411764705885,
    "BLEU_4": 4.727526605930294e-09
  },
  "5": {
    "BLEU_1": 0.3999999999733334,
    "BLEU_2": 0.16903085093403225,
    "ROUGE_L": 0.2760180995475113,
    "CIDEr": 0.0,
    "METEOR": 0.15217259230057148,
    "SPICE": 0.2285714285714286,
    "BLEU_4": 3.6787632496533857e-09
  },
  "6": {
    "BLEU_1": 0.42857142854081637,
    "BLEU_2": 0.18156825978717286,
    "ROUGE_L": 0.28683385579937304,
    "CIDEr": 0.0,
    "METEOR": 0.15557944138192756,
    "SPICE": 0.1764705882352941,
    "BLEU_4": 3.975360175943345e-09
  },
  "7": {
    "BLEU_1": 0.42857142854081637,
    "BLEU_2": 0.2567762954875012,
    "ROUGE_L": 0.28683385579937304,
    "CIDEr": 0.0,
    "METEOR": 0.15557944138192756,
    "SPICE": 0.1764705882352941,
    "BLEU_4": 4.727526605930294e-09
  },
  "8": {
    "BLEU_1": 0.4999999999583334,
    "BLEU_2": 0.30151134455149564,
    "ROUGE_L": 0.3112244897959184,
    "CIDEr": 0.0,
    "METEOR": 0.1603665011167561,
    "SPICE": 0.1818181818181818,
    "BLEU_4": 5.637560314716176e-09
  },
  "9": {
    "BLEU_1": 0.36842105261218844,
    "BLEU_2": 0.20232565954468354,
    "ROUGE_L": 0.2398427260812582,
    "CIDEr": 0.0,
    "METEOR": 0.1447753135081826,
    "SPICE": 0.2105263157894737,
    "BLEU_4": 3.502541230863007e-09
  }
}