{
  "0": {
    "BLEU_1": 0.47768754022329724,
    "BLEU_2": 8.273790897955628e-09,
    "ROUGE_L": 0.28773584905660377,
    "CIDEr": 0.0,
    "METEOR": 0.13559322033898305,
    "SPICE": 0.1935483870967742,
    "BLEU_4": 1.3082012060046169e-12
  },
  "1": {
    "BLEU_1": 0.4999999998750002,
    "BLEU_2": 8.451542545096823e-09,
    "ROUGE_L": 0.26676384839650147,
    "CIDEr": 0.0,
    "METEOR": 0.1290322580645161,
    "SPICE": 0.1764705882352941,
    "BLEU_4": 1.2421889947772103e-12
  },
  "2": {
    "BLEU_1": 0.3749999999062502,
    "BLEU_2": 7.319250545218839e-09,
    "ROUGE_L": 0.25994318181818177,
    "CIDEr": 0.0,
    "METEOR": 0.1050328227571116,
    "SPICE": 0.18181818181818182,
    "BLEU_4": 1.1559871144628244e-12
  },
  "3": {
    "BLEU_1": 0.3333333332592594,
    "BLEU_2": 6.454972242199766e-09,
    "ROUGE_L": 0.1189083820662768,
    "CIDEr": 0.0,
    "METEOR": 0.13008130081300814,
    "SPICE": 0.17142857142857146,
    "BLEU_4": 9.980099401403394e-13
  },
  "4": {
    "BLEU_1": 0.3333333332592594,
    "BLEU_2": 0.20412414518515326,
    "ROUGE_L": 0.2573839662447257,
    "CIDEr": 0.0,
    "METEOR": 0.12941716215613697,
    "SPICE": 0.17142857142857146,
    "BLEU_4": 5.612222322916596e-09
  },
  "5": {
    "BLEU_1": 9.118819637307602e-19,
    "BLEU_2": 2.883623964058067e-14,
    "ROUGE_L": 0.0,
    "CIDEr": 0.0,
    "METEOR": 0.04013377926421405,
    "SPICE": 0.0,
    "BLEU_4": 5.127889122861252e-12
  },
  "6": {
    "BLEU_1": 0.24999999993750016,
    "BLEU_2": 5.976143045124577e-09,
    "ROUGE_L": 0.125,
    "CIDEr": 0.0,
    "METEOR": 0.1680712749058554,
    "SPICE": 0.12121212121212123,
    "BLEU_4": 1.0445522727757714e-12
  },
  "7": {
    "BLEU_1": 0.24999999997916675,
    "BLEU_2": 4.767312945812628e-09,
    "ROUGE_L": 0.10374149659863945,
    "CIDEr": 0.0,
    "METEOR": 0.16418291476217667,
    "SPICE": 0.10810810810810811,
    "BLEU_4": 7.08885680157797e-13
  },
  "8": {
    "BLEU_1": 0.24999999997916675,
    "BLEU_2": 4.767312945812628e-09,
    "ROUGE_L": 0.10374149659863945,
    "CIDEr": 0.0,
    "METEOR": 0.12036447553990154,
    "SPICE": 0.1111111111111111,
    "BLEU_4": 7.08885680157797e-13
  },
  "9": {
    "BLEU_1": 0.2849111010768803,
    "BLEU_2": 4.688786182905264e-09,
    "ROUGE_L": 0.1781021897810219,
    "CIDEr": 0.0,
    "METEOR": 0.190679681205899,
    "SPICE": 0.2222222222222222,
    "BLEU_4": 6.433960777519012e-13
  }
}