{
  "0": {
    "BLEU_1": 0.32206169694024794,
    "BLEU_2": 0.20084075455651398,
    "ROUGE_L": 0.32049036777583184,
    "CIDEr": 0.0,
    "METEOR": 0.1961682390235423,
    "SPICE": 0.19999999999999998,
    "BLEU_4": 5.809334106350273e-09
  },
  "1": {
    "BLEU_1": 0.32206169694024794,
    "BLEU_2": 6.3511423138542446e-09,
    "ROUGE_L": 0.2136602451838879,
    "CIDEr": 0.0,
    "METEOR": 0.1938212322644263,
    "SPICE": 0.1875,
    "BLEU_4": 1.0330619227359553e-12
  },
  "2": {
    "BLEU_1": 0.20217688650348561,
    "BLEU_2": 4.952302097098729e-09,
    "ROUGE_L": 0.2234432234432234,
    "CIDEr": 0.0,
    "METEOR": 0.1661412098346558,
    "SPICE": 0.19999999999999998,
    "BLEU_4": 9.311821291619466e-13
  },
  "3": {
    "BLEU_1": 0.32206169694024794,
    "BLEU_2": 6.3511423138542446e-09,
    "ROUGE_L": 0.2136602451838879,
    "CIDEr": 0.0,
    "METEOR": 0.1938212322644263,
    "SPICE": 0.1875,
    "BLEU_4": 1.0330619227359553e-12
  },
  "4": {
    "BLEU_1": 0.17973158557499613,
    "BLEU_2": 4.493289639262571e-09,
    "ROUGE_L": 0.2341650671785029,
    "CIDEr": 0.0,
    "METEOR": 0.1671774335966183,
    "SPICE": 0.13333333333333333,
    "BLEU_4": 9.078761382262807e-13
  },
  "5": {
    "BLEU_1": 0.3032653297552284,
    "BLEU_2": 6.0653065950034785e-09,
    "ROUGE_L": 0.2234432234432234,
    "CIDEr": 0.0,
    "METEOR": 0.19496810346125723,
    "SPICE": 0.19999999999999998,
    "BLEU_4": 1.0305224262915758e-12
  },
  "6": {
    "BLEU_1": 0.21470779796016531,
    "BLEU_2": 5.1856859842473975e-09,
    "ROUGE_L": 0.2136602451838879,
    "CIDEr": 0.0,
    "METEOR": 0.16310820600400286,
    "SPICE": 0.12903225806451613,
    "BLEU_4": 9.334768232372482e-13
  },
  "7": {
    "BLEU_1": 0.32206169694024794,
    "BLEU_2": 6.3511423138542446e-09,
    "ROUGE_L": 0.2136602451838879,
    "CIDEr": 0.0,
    "METEOR": 0.1938212322644263,
    "SPICE": 0.1875,
    "BLEU_4": 1.0330619227359553e-12
  },
  "8": {
    "BLEU_1": 0.17973158557499613,
    "BLEU_2": 4.493289639262571e-09,
    "ROUGE_L": 0.2341650671785029,
    "CIDEr": 0.0,
    "METEOR": 0.1671774335966183,
    "SPICE": 0.13333333333333333,
    "BLEU_4": 9.078761382262807e-13
  },
  "9": {
    "BLEU_1": 0.3032653297552284,
    "BLEU_2": 6.0653065950034785e-09,
    "ROUGE_L": 0.2234432234432234,
    "CIDEr": 0.0,
    "METEOR": 0.19496810346125723,
    "SPICE": 0.19999999999999998,
    "BLEU_4": 1.0305224262915758e-12
  }
}