{
  "0": {
    "BLEU_1": 0.19999999996000015,
    "BLEU_2": 4.714045206941321e-09,
    "ROUGE_L": 0.10627177700348434,
    "CIDEr": 0.0,
    "METEOR": 0.12192348059318404,
    "SPICE": 0.18181818181818182,
    "BLEU_4": 7.936880924342154e-13
  },
  "1": {
    "BLEU_1": 1.111111110864198e-16,
    "BLEU_2": 1.178511301707504e-16,
    "ROUGE_L": 0.0,
    "CIDEr": 0.0,
    "METEOR": 0.1358733949554082,
    "SPICE": 0.058823529411764705,
    "BLEU_4": 1.3485111856165858e-16
  },
  "2": {
    "BLEU_1": 0.22222222217283966,
    "BLEU_2": 5.270462765739487e-09,
    "ROUGE_L": 0.1111111111111111,
    "CIDEr": 0.0,
    "METEOR": 0.12595178942335533,
    "SPICE": 0.1764705882352941,
    "BLEU_4": 9.018037815333522e-13
  },
  "3": {
    "BLEU_1": 0.33333333327777787,
    "BLEU_2": 5.5048188246934825e-09,
    "ROUGE_L": 0.09775641025641024,
    "CIDEr": 0.0,
    "METEOR": 0.1866257011077966,
    "SPICE": 0.2222222222222222,
    "BLEU_4": 7.617472369343701e-13
  },
  "4": {
    "BLEU_1": 0.2499999999583334,
    "BLEU_2": 4.7673129454153526e-09,
    "ROUGE_L": 0.09775641025641024,
    "CIDEr": 0.0,
    "METEOR": 0.1589403973509934,
    "SPICE": 0.15789473684210525,
    "BLEU_4": 7.088856800987232e-13
  },
  "5": {
    "BLEU_1": 0.1538461538343196,
    "BLEU_2": 3.5805743699102604e-09,
    "ROUGE_L": 0.09399075500770414,
    "CIDEr": 0.0,
    "METEOR": 0.12258307500693555,
    "SPICE": 0.15789473684210525,
    "BLEU_4": 5.84289629327371e-13
  },
  "6": {
    "BLEU_1": 0.1166897758568344,
    "BLEU_2": 2.700843498148846e-09,
    "ROUGE_L": 0.08726752503576538,
    "CIDEr": 0.0,
    "METEOR": 0.1106036990294068,
    "SPICE": 0.14634146341463417,
    "BLEU_4": 4.350263812934322e-13
  },
  "7": {
    "BLEU_1": 0.1111111110864199,
    "BLEU_2": 3.726779961645599e-09,
    "ROUGE_L": 0.10427350427350426,
    "CIDEr": 0.0,
    "METEOR": 0.06476190476190476,
    "SPICE": 0.06451612903225806,
    "BLEU_4": 7.583235671536399e-13
  },
  "8": {
    "BLEU_1": 0.29999999994000015,
    "BLEU_2": 5.773502690709485e-09,
    "ROUGE_L": 0.10627177700348434,
    "CIDEr": 0.0,
    "METEOR": 0.17378876060966966,
    "SPICE": 0.2222222222222222,
    "BLEU_4": 8.783602617783837e-13
  },
  "9": {
    "BLEU_1": 0.19999999996000015,
    "BLEU_2": 4.714045206941321e-09,
    "ROUGE_L": 0.10627177700348434,
    "CIDEr": 0.0,
    "METEOR": 0.1103448275862069,
    "SPICE": 0.1111111111111111,
    "BLEU_4": 7.936880924342154e-13
  }
}