{
  "0": {
    "BLEU_1": 0.36363636360330587,
    "BLEU_2": 6.03022689097966e-09,
    "ROUGE_L": 0.28818897637795277,
    "CIDEr": 0.0,
    "METEOR": 0.07437844679336438,
    "SPICE": 0.1142857142857143,
    "BLEU_4": 8.430118945584141e-13
  },
  "1": {
    "BLEU_1": 0.357142857117347,
    "BLEU_2": 0.16574838602065456,
    "ROUGE_L": 0.2577464788732394,
    "CIDEr": 0.0,
    "METEOR": 0.15295002664414384,
    "SPICE": 0.21621621621621623,
    "BLEU_4": 3.7982292265213524e-09
  },
  "2": {
    "BLEU_1": 0.23076923075147937,
    "BLEU_2": 4.385290096183762e-09,
    "ROUGE_L": 0.1781021897810219,
    "CIDEr": 0.0,
    "METEOR": 0.09332810352213088,
    "SPICE": 0.16216216216216214,
    "BLEU_4": 6.466227686450042e-13
  },
  "3": {
    "BLEU_1": 0.29999999994000015,
    "BLEU_2": 5.773502690709485e-09,
    "ROUGE_L": 0.2,
    "CIDEr": 0.0,
    "METEOR": 0.09708133425623451,
    "SPICE": 0.17142857142857146,
    "BLEU_4": 8.783602617783837e-13
  },
  "4": {
    "BLEU_1": 0.36363636360330587,
    "BLEU_2": 6.03022689097966e-09,
    "ROUGE_L": 0.1921259842519685,
    "CIDEr": 0.0,
    "METEOR": 0.11016934890441263,
    "SPICE": 0.16666666666666669,
    "BLEU_4": 8.430118945584141e-13
  },
  "5": {
    "BLEU_1": 0.3999999999200002,
    "BLEU_2": 6.666666665296299e-09,
    "ROUGE_L": 0.2,
    "CIDEr": 0.0,
    "METEOR": 0.11206646304161243,
    "SPICE": 0.17142857142857146,
    "BLEU_4": 9.438595266157062e-13
  },
  "6": {
    "BLEU_1": 0.3999999999200002,
    "BLEU_2": 6.666666665296299e-09,
    "ROUGE_L": 0.2,
    "CIDEr": 0.0,
    "METEOR": 0.11079454306230578,
    "SPICE": 0.17142857142857146,
    "BLEU_4": 9.438595266157062e-13
  },
  "7": {
    "BLEU_1": 0.36363636360330587,
    "BLEU_2": 6.03022689097966e-09,
    "ROUGE_L": 0.1921259842519685,
    "CIDEr": 0.0,
    "METEOR": 0.11016934890441263,
    "SPICE": 0.16666666666666669,
    "BLEU_4": 8.430118945584141e-13
  },
  "8": {
    "BLEU_1": 0.36363636360330587,
    "BLEU_2": 6.03022689097966e-09,
    "ROUGE_L": 0.1921259842519685,
    "CIDEr": 0.0,
    "METEOR": 0.11016934890441263,
    "SPICE": 0.16666666666666669,
    "BLEU_4": 8.430118945584141e-13
  },
  "9": {
    "BLEU_1": 0.36363636360330587,
    "BLEU_2": 6.03022689097966e-09,
    "ROUGE_L": 0.1921259842519685,
    "CIDEr": 0.0,
    "METEOR": 0.11016934890441263,
    "SPICE": 0.16666666666666669,
    "BLEU_4": 8.430118945584141e-13
  }
}