{
  "0": {
    "BLEU_1": 0.2791881674335416,
    "BLEU_2": 5.505664910048476e-09,
    "ROUGE_L": 0.32049036777583184,
    "CIDEr": 0.0,
    "METEOR": 0.19607843137254902,
    "SPICE": 0.27272727272727276,
    "BLEU_4": 8.955385498932293e-13
  },
  "1": {
    "BLEU_1": 0.1947001957191763,
    "BLEU_2": 4.654224883289751e-09,
    "ROUGE_L": 0.21785714285714283,
    "CIDEr": 0.0,
    "METEOR": 0.18433179723502305,
    "SPICE": 0.26086956521739135,
    "BLEU_4": 8.134981279967864e-13
  },
  "2": {
    "BLEU_1": 0.22222222220987659,
    "BLEU_2": 3.6155076301041677e-09,
    "ROUGE_L": 0.21631205673758863,
    "CIDEr": 0.0,
    "METEOR": 0.16563146997929606,
    "SPICE": 0.19354838709677422,
    "BLEU_4": 4.830942081791594e-13
  },
  "3": {
    "BLEU_1": 0.19999999999000004,
    "BLEU_2": 3.244428422448761e-09,
    "ROUGE_L": 0.20424107142857142,
    "CIDEr": 0.0,
    "METEOR": 0.1596806387225549,
    "SPICE": 0.1818181818181818,
    "BLEU_4": 4.30664170792929e-13
  },
  "4": {
    "BLEU_1": 0.19999999999000004,
    "BLEU_2": 3.244428422448761e-09,
    "ROUGE_L": 0.20424107142857142,
    "CIDEr": 0.0,
    "METEOR": 0.1596806387225549,
    "SPICE": 0.1212121212121212,
    "BLEU_4": 4.30664170792929e-13
  },
  "5": {
    "BLEU_1": 0.2105263157783934,
    "BLEU_2": 3.4199278400988515e-09,
    "ROUGE_L": 0.21010332950631458,
    "CIDEr": 0.0,
    "METEOR": 0.16260162601626016,
    "SPICE": 0.18750000000000003,
    "BLEU_4": 4.553719183884792e-13
  },
  "6": {
    "BLEU_1": 0.2105263157783934,
    "BLEU_2": 3.4199278400988515e-09,
    "ROUGE_L": 0.21010332950631458,
    "CIDEr": 0.0,
    "METEOR": 0.16260162601626016,
    "SPICE": 0.17647058823529413,
    "BLEU_4": 4.553719183884792e-13
  },
  "7": {
    "BLEU_1": 0.18749999998828132,
    "BLEU_2": 3.535533905704402e-09,
    "ROUGE_L": 0.22989949748743718,
    "CIDEr": 0.0,
    "METEOR": 0.1698513800424628,
    "SPICE": 0.20689655172413796,
    "BLEU_4": 5.119289102444937e-13
  },
  "8": {
    "BLEU_1": 0.18749999998828132,
    "BLEU_2": 3.535533905704402e-09,
    "ROUGE_L": 0.22989949748743718,
    "CIDEr": 0.0,
    "METEOR": 0.1698513800424628,
    "SPICE": 0.20689655172413796,
    "BLEU_4": 5.119289102444937e-13
  },
  "9": {
    "BLEU_1": 0.23076923075147937,
    "BLEU_2": 4.385290096183762e-09,
    "ROUGE_L": 0.2538141470180305,
    "CIDEr": 0.0,
    "METEOR": 0.18018018018018017,
    "SPICE": 0.15384615384615383,
    "BLEU_4": 6.466227686450042e-13
  }
}