{
  "0": {
    "BLEU_1": 0.08986579278749814,
    "BLEU_2": 3.1772355737578207e-09,
    "ROUGE_L": 0.1358574610244989,
    "CIDEr": 0.0,
    "METEOR": 0.05660377358490566,
    "SPICE": 0.1111111111111111,
    "BLEU_4": 7.634297901288654e-13
  },
  "1": {
    "BLEU_1": 0.3999999999200002,
    "BLEU_2": 6.666666665296299e-09,
    "ROUGE_L": 0.21254355400696867,
    "CIDEr": 0.0,
    "METEOR": 0.14395886889460152,
    "SPICE": 0.17391304347826086,
    "BLEU_4": 9.438595266157062e-13
  },
  "2": {
    "BLEU_1": 0.1111111110864199,
    "BLEU_2": 3.726779961645599e-09,
    "ROUGE_L": 0.1111111111111111,
    "CIDEr": 0.0,
    "METEOR": 0.025157232704402517,
    "SPICE": 0.0,
    "BLEU_4": 7.583235671536399e-13
  },
  "3": {
    "BLEU_1": 0.22062422559099293,
    "BLEU_2": 5.273927726724911e-09,
    "ROUGE_L": 0.116412213740458,
    "CIDEr": 0.0,
    "METEOR": 0.05393258426966292,
    "SPICE": 0.09523809523809523,
    "BLEU_4": 9.218141453123176e-13
  },
  "4": {
    "BLEU_1": 0.11031211279549655,
    "BLEU_2": 3.729230059054939e-09,
    "ROUGE_L": 0.116412213740458,
    "CIDEr": 0.0,
    "METEOR": 0.052173913043478265,
    "SPICE": 0.1,
    "BLEU_4": 7.751502103232947e-13
  },
  "5": {
    "BLEU_1": 1.111111110864198e-16,
    "BLEU_2": 1.178511301707504e-16,
    "ROUGE_L": 0.0,
    "CIDEr": 0.0,
    "METEOR": 0.05150214592274678,
    "SPICE": 0.08,
    "BLEU_4": 1.3485111856165858e-16
  },
  "6": {
    "BLEU_1": 0.22062422559099293,
    "BLEU_2": 5.273927726724911e-09,
    "ROUGE_L": 0.116412213740458,
    "CIDEr": 0.0,
    "METEOR": 0.0835509138381201,
    "SPICE": 0.16666666666666666,
    "BLEU_4": 9.218141453123176e-13
  },
  "7": {
    "BLEU_1": 1.0735389898008262e-16,
    "BLEU_2": 1.1595546370745083e-16,
    "ROUGE_L": 0.0,
    "CIDEr": 0.0,
    "METEOR": 0.053571428571428575,
    "SPICE": 0.08695652173913043,
    "BLEU_4": 1.3958734299260755e-16
  },
  "8": {
    "BLEU_1": 0.11031211279549655,
    "BLEU_2": 3.729230059054939e-09,
    "ROUGE_L": 0.10892857142857142,
    "CIDEr": 0.0,
    "METEOR": 0.1050328227571116,
    "SPICE": 0.08333333333333333,
    "BLEU_4": 7.751502103232947e-13
  },
  "9": {
    "BLEU_1": 0.11031211279549655,
    "BLEU_2": 3.729230059054939e-09,
    "ROUGE_L": 0.10892857142857142,
    "CIDEr": 0.0,
    "METEOR": 0.1050328227571116,
    "SPICE": 0.08333333333333333,
    "BLEU_4": 7.751502103232947e-13
  }
}