{
  "0": {
    "BLEU_1": 0.3333333332592594,
    "BLEU_2": 0.28867513452865834,
    "ROUGE_L": 0.35672514619883033,
    "CIDEr": 0.0,
    "METEOR": 0.24370901123588037,
    "SPICE": 0.13793103448275862,
    "BLEU_4": 3.753119267822728e-05
  },
  "1": {
    "BLEU_1": 0.22222222217283966,
    "BLEU_2": 5.270462765739487e-09,
    "ROUGE_L": 0.1189083820662768,
    "CIDEr": 0.0,
    "METEOR": 0.19133516846603318,
    "SPICE": 0.1290322580645161,
    "BLEU_4": 9.018037815333522e-13
  },
  "2": {
    "BLEU_1": 0.22222222217283966,
    "BLEU_2": 5.270462765739487e-09,
    "ROUGE_L": 0.1189083820662768,
    "CIDEr": 0.0,
    "METEOR": 0.11970074812967582,
    "SPICE": 0.0,
    "BLEU_4": 9.018037815333522e-13
  },
  "3": {
    "BLEU_1": 0.33333333327777787,
    "BLEU_2": 0.17407765592602564,
    "ROUGE_L": 0.3034825870646766,
    "CIDEr": 0.0,
    "METEOR": 0.1331664202569954,
    "SPICE": 0.11764705882352942,
    "BLEU_4": 4.283619506777607e-09
  },
  "4": {
    "BLEU_1": 0.36363636360330587,
    "BLEU_2": 6.03022689097966e-09,
    "ROUGE_L": 0.32317880794701986,
    "CIDEr": 0.0,
    "METEOR": 0.13772893772893774,
    "SPICE": 0.06451612903225805,
    "BLEU_4": 8.430118945584141e-13
  },
  "5": {
    "BLEU_1": 0.27272727270247943,
    "BLEU_2": 5.222329678172441e-09,
    "ROUGE_L": 0.2349165596919127,
    "CIDEr": 0.0,
    "METEOR": 0.06652806652806652,
    "SPICE": 0.0,
    "BLEU_4": 7.84510965356927e-13
  },
  "6": {
    "BLEU_1": 0.19999999998666673,
    "BLEU_2": 3.7796447298312975e-09,
    "ROUGE_L": 0.2081911262798635,
    "CIDEr": 0.0,
    "METEOR": 0.17596982032918157,
    "SPICE": 0.1142857142857143,
    "BLEU_4": 5.501034141770605e-13
  },
  "7": {
    "BLEU_1": 0.2857142856734695,
    "BLEU_2": 0.2096569673138568,
    "ROUGE_L": 0.2939759036144578,
    "CIDEr": 0.0,
    "METEOR": 0.22051227476519603,
    "SPICE": 0.12121212121212123,
    "BLEU_4": 2.4022110860738336e-05
  },
  "8": {
    "BLEU_1": 0.23076923075147937,
    "BLEU_2": 0.19611613512246967,
    "ROUGE_L": 0.2671532846715329,
    "CIDEr": 0.0,
    "METEOR": 0.22596923050020074,
    "SPICE": 0.12121212121212123,
    "BLEU_4": 2.431691583826491e-05
  },
  "9": {
    "BLEU_1": 0.21428571425510212,
    "BLEU_2": 0.18156825977420368,
    "ROUGE_L": 0.2577464788732394,
    "CIDEr": 0.0,
    "METEOR": 0.23550427489619605,
    "SPICE": 0.12121212121212123,
    "BLEU_4": 2.2355093092892416e-05
  }
}