{
  "0": {
    "BLEU_1": 0.2567085594307266,
    "BLEU_2": 5.134171188528962e-09,
    "ROUGE_L": 0.20962199312714777,
    "CIDEr": 0.0,
    "METEOR": 0.1640091116173121,
    "SPICE": 0.05128205128205128,
    "BLEU_4": 8.723184009457538e-13
  },
  "1": {
    "BLEU_1": 0.3422780792409688,
    "BLEU_2": 0.18747342493669486,
    "ROUGE_L": 0.23921568627450981,
    "CIDEr": 0.0,
    "METEOR": 0.18475750577367206,
    "SPICE": 0.10256410256410256,
    "BLEU_4": 5.271202710558196e-09
  },
  "2": {
    "BLEU_1": 0.695986135145402,
    "BLEU_2": 0.5580303564944905,
    "ROUGE_L": 0.31282051282051276,
    "CIDEr": 0.0,
    "METEOR": 0.24257117815979912,
    "SPICE": 0.15384615384615385,
    "BLEU_4": 8.777869472859588e-09
  },
  "3": {
    "BLEU_1": 0.636363636247934,
    "BLEU_2": 0.43693144867122347,
    "ROUGE_L": 0.2727272727272727,
    "CIDEr": 0.0,
    "METEOR": 0.2012911437040089,
    "SPICE": 0.14634146341463414,
    "BLEU_4": 7.175852913353726e-09
  },
  "4": {
    "BLEU_1": 0.6666666665555557,
    "BLEU_2": 0.5504818824693483,
    "ROUGE_L": 0.31282051282051276,
    "CIDEr": 0.0,
    "METEOR": 0.2286065261122201,
    "SPICE": 0.0975609756097561,
    "BLEU_4": 7.6174723693437e-09
  },
  "5": {
    "BLEU_1": 0.6153846153372783,
    "BLEU_2": 0.5063696835012589,
    "ROUGE_L": 0.30310559006211174,
    "CIDEr": 0.0,
    "METEOR": 0.22430221913521173,
    "SPICE": 0.13953488372093023,
    "BLEU_4": 6.948413844184121e-09
  },
  "6": {
    "BLEU_1": 0.695986135145402,
    "BLEU_2": 0.5580303564944905,
    "ROUGE_L": 0.31282051282051276,
    "CIDEr": 0.0,
    "METEOR": 0.24257117815979912,
    "SPICE": 0.15384615384615385,
    "BLEU_4": 8.777869472859588e-09
  },
  "7": {
    "BLEU_1": 0.7999999998400004,
    "BLEU_2": 0.6666666665296299,
    "ROUGE_L": 0.3342465753424658,
    "CIDEr": 0.0,
    "METEOR": 0.23773051163332862,
    "SPICE": 0.15789473684210525,
    "BLEU_4": 9.438595266157063e-09
  },
  "8": {
    "BLEU_1": 0.7272727271404961,
    "BLEU_2": 0.6030226890431458,
    "ROUGE_L": 0.32317880794701986,
    "CIDEr": 0.0,
    "METEOR": 0.23307926249267655,
    "SPICE": 0.15384615384615385,
    "BLEU_4": 8.430118944817767e-09
  },
  "9": {
    "BLEU_1": 0.695986135145402,
    "BLEU_2": 0.5580303564944905,
    "ROUGE_L": 0.31282051282051276,
    "CIDEr": 0.0,
    "METEOR": 0.24257117815979912,
    "SPICE": 0.15384615384615385,
    "BLEU_4": 8.777869472859588e-09
  }
}