{
  "0": {
    "BLEU_1": 0.20217688650348561,
    "BLEU_2": 4.952302097098729e-09,
    "ROUGE_L": 0.23921568627450981,
    "CIDEr": 0.0,
    "METEOR": 0.08625336927223719,
    "SPICE": 0.06896551724137931,
    "BLEU_4": 9.311821291619466e-13
  },
  "1": {
    "BLEU_1": 0.4444444443456792,
    "BLEU_2": 7.453559923291195e-09,
    "ROUGE_L": 0.3333333333333333,
    "CIDEr": 0.0,
    "METEOR": 0.16326530612244897,
    "SPICE": 0.06896551724137931,
    "BLEU_4": 1.0724314733358218e-12
  },
  "2": {
    "BLEU_1": 0.4444444443456792,
    "BLEU_2": 7.453559923291195e-09,
    "ROUGE_L": 0.3333333333333333,
    "CIDEr": 0.0,
    "METEOR": 0.16326530612244897,
    "SPICE": 0.06896551724137931,
    "BLEU_4": 1.0724314733358218e-12
  },
  "3": {
    "BLEU_1": 0.3999999999600001,
    "BLEU_2": 6.666666665962964e-09,
    "ROUGE_L": 0.31881533101045295,
    "CIDEr": 0.0,
    "METEOR": 0.16202531645569618,
    "SPICE": 0.06666666666666667,
    "BLEU_4": 9.43859526710092e-13
  },
  "4": {
    "BLEU_1": 0.3999999999600001,
    "BLEU_2": 6.666666665962964e-09,
    "ROUGE_L": 0.31881533101045295,
    "CIDEr": 0.0,
    "METEOR": 0.16202531645569618,
    "SPICE": 0.06666666666666667,
    "BLEU_4": 9.43859526710092e-13
  },
  "5": {
    "BLEU_1": 0.3999999999600001,
    "BLEU_2": 6.666666665962964e-09,
    "ROUGE_L": 0.31881533101045295,
    "CIDEr": 0.0,
    "METEOR": 0.16202531645569618,
    "SPICE": 0.06666666666666667,
    "BLEU_4": 9.43859526710092e-13
  },
  "6": {
    "BLEU_1": 0.3999999999600001,
    "BLEU_2": 6.666666665962964e-09,
    "ROUGE_L": 0.31881533101045295,
    "CIDEr": 0.0,
    "METEOR": 0.16202531645569618,
    "SPICE": 0.06666666666666667,
    "BLEU_4": 9.43859526710092e-13
  },
  "7": {
    "BLEU_1": 0.4412484511819858,
    "BLEU_2": 7.458460118109875e-09,
    "ROUGE_L": 0.34923664122137404,
    "CIDEr": 0.0,
    "METEOR": 0.1671018276762402,
    "SPICE": 0.13333333333333333,
    "BLEU_4": 1.0962279403155601e-12
  },
  "8": {
    "BLEU_1": 0.5515605639774822,
    "BLEU_2": 0.26369638633624565,
    "ROUGE_L": 0.465648854961832,
    "CIDEr": 0.0,
    "METEOR": 0.21880347809993925,
    "SPICE": 0.13333333333333333,
    "BLEU_4": 6.518210331440214e-09
  },
  "9": {
    "BLEU_1": 0.33093633838648934,
    "BLEU_2": 6.459215935396237e-09,
    "ROUGE_L": 0.232824427480916,
    "CIDEr": 0.0,
    "METEOR": 0.14621409921671016,
    "SPICE": 0.07142857142857142,
    "BLEU_4": 1.0201550479411466e-12
  }
}