{
  "0": {
    "BLEU_1": 0.3032653297552284,
    "BLEU_2": 0.1918018354745145,
    "ROUGE_L": 0.26521739130434785,
    "CIDEr": 0.0,
    "METEOR": 0.14648501362397823,
    "SPICE": 0.1935483870967742,
    "BLEU_4": 5.795053468391787e-09
  },
  "1": {
    "BLEU_1": 0.27272727267768604,
    "BLEU_2": 5.222329677697684e-09,
    "ROUGE_L": 0.15661103979460847,
    "CIDEr": 0.0,
    "METEOR": 0.1706666666666667,
    "SPICE": 0.16666666666666666,
    "BLEU_4": 7.845109652856079e-13
  },
  "2": {
    "BLEU_1": 0.2142857142704082,
    "BLEU_2": 4.059989714404599e-09,
    "ROUGE_L": 0.14285714285714285,
    "CIDEr": 0.0,
    "METEOR": 0.1568627450980392,
    "SPICE": 0.15384615384615383,
    "BLEU_4": 5.944549994012258e-13
  },
  "3": {
    "BLEU_1": 0.24999999997916675,
    "BLEU_2": 4.767312945812628e-09,
    "ROUGE_L": 0.1517412935323383,
    "CIDEr": 0.0,
    "METEOR": 0.1641025641025641,
    "SPICE": 0.16666666666666666,
    "BLEU_4": 7.08885680157797e-13
  },
  "4": {
    "BLEU_1": 0.24999999997916675,
    "BLEU_2": 4.767312945812628e-09,
    "ROUGE_L": 0.1517412935323383,
    "CIDEr": 0.0,
    "METEOR": 0.16161616161616163,
    "SPICE": 0.16216216216216217,
    "BLEU_4": 7.08885680157797e-13
  },
  "5": {
    "BLEU_1": 0.24999999997916675,
    "BLEU_2": 4.767312945812628e-09,
    "ROUGE_L": 0.1517412935323383,
    "CIDEr": 0.0,
    "METEOR": 0.1641025641025641,
    "SPICE": 0.16216216216216217,
    "BLEU_4": 7.08885680157797e-13
  },
  "6": {
    "BLEU_1": 0.24999999997916675,
    "BLEU_2": 4.767312945812628e-09,
    "ROUGE_L": 0.1517412935323383,
    "CIDEr": 0.0,
    "METEOR": 0.1641025641025641,
    "SPICE": 0.16216216216216217,
    "BLEU_4": 7.08885680157797e-13
  },
  "7": {
    "BLEU_1": 0.24999999997916675,
    "BLEU_2": 4.767312945812628e-09,
    "ROUGE_L": 0.1517412935323383,
    "CIDEr": 0.0,
    "METEOR": 0.1641025641025641,
    "SPICE": 0.16216216216216217,
    "BLEU_4": 7.08885680157797e-13
  },
  "8": {
    "BLEU_1": 0.24999999997916675,
    "BLEU_2": 4.767312945812628e-09,
    "ROUGE_L": 0.1517412935323383,
    "CIDEr": 0.0,
    "METEOR": 0.1641025641025641,
    "SPICE": 0.16216216216216217,
    "BLEU_4": 7.08885680157797e-13
  },
  "9": {
    "BLEU_1": 0.24999999997916675,
    "BLEU_2": 4.767312945812628e-09,
    "ROUGE_L": 0.1517412935323383,
    "CIDEr": 0.0,
    "METEOR": 0.1641025641025641,
    "SPICE": 0.16216216216216217,
    "BLEU_4": 7.08885680157797e-13
  }
}