{
  "0": {
    "BLEU_1": 0.1861254449556944,
    "BLEU_2": 4.495356574788337e-09,
    "ROUGE_L": 0.11401869158878504,
    "CIDEr": 0.0,
    "METEOR": 0.17569654509602384,
    "SPICE": 0.19047619047619044,
    "BLEU_4": 8.092104279933771e-13
  },
  "1": {
    "BLEU_1": 0.27272727267768604,
    "BLEU_2": 5.222329677697684e-09,
    "ROUGE_L": 0.18181818181818182,
    "CIDEr": 0.0,
    "METEOR": 0.16458041922000125,
    "SPICE": 0.16,
    "BLEU_4": 7.845109652856079e-13
  },
  "2": {
    "BLEU_1": 0.33333333327777787,
    "BLEU_2": 5.5048188246934825e-09,
    "ROUGE_L": 0.18484848484848485,
    "CIDEr": 0.0,
    "METEOR": 0.18981504627459517,
    "SPICE": 0.15384615384615383,
    "BLEU_4": 7.617472369343701e-13
  },
  "3": {
    "BLEU_1": 0.3124999999804688,
    "BLEU_2": 4.564354645581603e-09,
    "ROUGE_L": 0.22989949748743718,
    "CIDEr": 0.0,
    "METEOR": 0.19556880688566855,
    "SPICE": 0.1379310344827586,
    "BLEU_4": 5.816635420743959e-13
  },
  "4": {
    "BLEU_1": 0.28571428569387763,
    "BLEU_2": 4.688072309037213e-09,
    "ROUGE_L": 0.2577464788732394,
    "CIDEr": 0.0,
    "METEOR": 0.23799499367953017,
    "SPICE": 0.22222222222222224,
    "BLEU_4": 6.387834681787387e-13
  },
  "5": {
    "BLEU_1": 0.27272727267768604,
    "BLEU_2": 5.222329677697684e-09,
    "ROUGE_L": 0.09606299212598425,
    "CIDEr": 0.0,
    "METEOR": 0.18238634503207787,
    "SPICE": 0.16666666666666669,
    "BLEU_4": 7.845109652856079e-13
  },
  "6": {
    "BLEU_1": 0.36363636357024803,
    "BLEU_2": 6.030226890431458e-09,
    "ROUGE_L": 0.1921259842519685,
    "CIDEr": 0.0,
    "METEOR": 0.23558958817728487,
    "SPICE": 0.24,
    "BLEU_4": 8.430118944817767e-13
  },
  "7": {
    "BLEU_1": 0.28571428569387763,
    "BLEU_2": 4.688072309037213e-09,
    "ROUGE_L": 0.17183098591549298,
    "CIDEr": 0.0,
    "METEOR": 0.22247429151586898,
    "SPICE": 0.21428571428571427,
    "BLEU_4": 6.387834681787387e-13
  },
  "8": {
    "BLEU_1": 0.33333333327777787,
    "BLEU_2": 5.5048188246934825e-09,
    "ROUGE_L": 0.18484848484848485,
    "CIDEr": 0.0,
    "METEOR": 0.20414280468232623,
    "SPICE": 0.15384615384615383,
    "BLEU_4": 7.617472369343701e-13
  },
  "9": {
    "BLEU_1": 0.3124999999804688,
    "BLEU_2": 4.564354645581603e-09,
    "ROUGE_L": 0.24078947368421053,
    "CIDEr": 0.0,
    "METEOR": 0.20952364168260126,
    "SPICE": 0.1379310344827586,
    "BLEU_4": 5.816635420743959e-13
  }
}