{
  "0": {
    "BLEU_1": 0.0919698602468758,
    "BLEU_2": 3.3582644710475053e-09,
    "ROUGE_L": 0.14386792452830188,
    "CIDEr": 0.0,
    "METEOR": 0.022662889518413595,
    "SPICE": 0.0,
    "BLEU_4": 9.346579564396796e-13
  },
  "1": {
    "BLEU_1": 0.35826565516747294,
    "BLEU_2": 0.2265870955445612,
    "ROUGE_L": 0.3860759493670886,
    "CIDEr": 0.0,
    "METEOR": 0.2460856408487171,
    "SPICE": 0.26666666666666666,
    "BLEU_4": 6.846046757997816e-09
  },
  "2": {
    "BLEU_1": 0.3715190997867868,
    "BLEU_2": 7.326455450859374e-09,
    "ROUGE_L": 0.24448897795591182,
    "CIDEr": 0.0,
    "METEOR": 0.2685175389399879,
    "SPICE": 0.21428571428571427,
    "BLEU_4": 1.1917040716272326e-12
  },
  "3": {
    "BLEU_1": 0.4953587997157158,
    "BLEU_2": 8.459862053518921e-09,
    "ROUGE_L": 0.3667334669338677,
    "CIDEr": 0.0,
    "METEOR": 0.24480801573815966,
    "SPICE": 0.25806451612903225,
    "BLEU_4": 1.2805693630023128e-12
  },
  "4": {
    "BLEU_1": 0.06295853423721502,
    "BLEU_2": 2.438373545820434e-09,
    "ROUGE_L": 0.15288220551378442,
    "CIDEr": 0.0,
    "METEOR": 0.11108596791216871,
    "SPICE": 0.07407407407407407,
    "BLEU_4": 1.20680763897879e-10
  },
  "5": {
    "BLEU_1": 0.32928698152470126,
    "BLEU_2": 6.721542363805207e-09,
    "ROUGE_L": 0.2717149220489978,
    "CIDEr": 0.0,
    "METEOR": 0.17568240290880582,
    "SPICE": 0.13793103448275862,
    "BLEU_4": 1.2271801245099645e-12
  },
  "6": {
    "BLEU_1": 0.35826565516747294,
    "BLEU_2": 7.1653131032300366e-09,
    "ROUGE_L": 0.3860759493670886,
    "CIDEr": 0.0,
    "METEOR": 0.19004821620736823,
    "SPICE": 0.13793103448275862,
    "BLEU_4": 1.2174183989911234e-12
  },
  "7": {
    "BLEU_1": 0.4953587997157158,
    "BLEU_2": 0.3783365326387855,
    "ROUGE_L": 0.48897795591182364,
    "CIDEr": 0.0,
    "METEOR": 0.2695716053714938,
    "SPICE": 0.2,
    "BLEU_4": 8.563683463576291e-09
  },
  "8": {
    "BLEU_1": 0.35826565516747294,
    "BLEU_2": 0.2265870955445612,
    "ROUGE_L": 0.3860759493670886,
    "CIDEr": 0.0,
    "METEOR": 0.2575038609284774,
    "SPICE": 0.2,
    "BLEU_4": 6.846046757997816e-09
  },
  "9": {
    "BLEU_1": 0.35826565516747294,
    "BLEU_2": 0.2265870955445612,
    "ROUGE_L": 0.3860759493670886,
    "CIDEr": 0.0,
    "METEOR": 0.2575038609284774,
    "SPICE": 0.2,
    "BLEU_4": 6.846046757997816e-09
  }
}