{
  "0": {
    "BLEU_1": 0.22222222217283966,
    "BLEU_2": 5.270462765739487e-09,
    "ROUGE_L": 0.1856925418569254,
    "CIDEr": 0.0,
    "METEOR": 0.0819672131147541,
    "SPICE": 0.05714285714285715,
    "BLEU_4": 9.018037815333522e-13
  },
  "1": {
    "BLEU_1": 0.2142857142704082,
    "BLEU_2": 4.059989714404599e-09,
    "ROUGE_L": 0.15601023017902813,
    "CIDEr": 0.0,
    "METEOR": 0.11194444656217056,
    "SPICE": 0.05128205128205129,
    "BLEU_4": 5.944549994012258e-13
  },
  "2": {
    "BLEU_1": 0.1333333333244445,
    "BLEU_2": 3.0860669990287532e-09,
    "ROUGE_L": 0.15117719950433703,
    "CIDEr": 0.0,
    "METEOR": 0.08905380333951762,
    "SPICE": 0.05,
    "BLEU_4": 4.970745472430083e-13
  },
  "3": {
    "BLEU_1": 0.16666666665740745,
    "BLEU_2": 3.1311214552466808e-09,
    "ROUGE_L": 0.07881136950904392,
    "CIDEr": 0.0,
    "METEOR": 0.09073724007561437,
    "SPICE": 0.04545454545454546,
    "BLEU_4": 4.49569817535607e-13
  },
  "4": {
    "BLEU_1": 0.12903225806035382,
    "BLEU_2": 2.0739033893928354e-09,
    "ROUGE_L": 0.10107705053852528,
    "CIDEr": 0.0,
    "METEOR": 0.08960000000000001,
    "SPICE": 0.03773584905660377,
    "BLEU_4": 2.6977720653831257e-13
  },
  "5": {
    "BLEU_1": 0.14999999999250005,
    "BLEU_2": 2.8097574346008976e-09,
    "ROUGE_L": 0.13090128755364808,
    "CIDEr": 0.0,
    "METEOR": 0.10789582281670324,
    "SPICE": 0.043478260869565216,
    "BLEU_4": 4.0077816998107627e-13
  },
  "6": {
    "BLEU_1": 0.23529411763321803,
    "BLEU_2": 3.834824944004226e-09,
    "ROUGE_L": 0.15541401273885352,
    "CIDEr": 0.0,
    "METEOR": 0.1095890410958904,
    "SPICE": 0.04878048780487805,
    "BLEU_4": 5.144201220579896e-13
  },
  "7": {
    "BLEU_1": 0.19999999998666673,
    "BLEU_2": 3.7796447298312975e-09,
    "ROUGE_L": 0.15117719950433703,
    "CIDEr": 0.0,
    "METEOR": 0.11069831172103323,
    "SPICE": 0.05,
    "BLEU_4": 5.501034141770605e-13
  },
  "8": {
    "BLEU_1": 0.2105263157783934,
    "BLEU_2": 3.4199278400988515e-09,
    "ROUGE_L": 0.14610778443113773,
    "CIDEr": 0.0,
    "METEOR": 0.10526315789473684,
    "SPICE": 0.04761904761904762,
    "BLEU_4": 4.553719183884792e-13
  },
  "9": {
    "BLEU_1": 0.14285714284693884,
    "BLEU_2": 3.31496772041309e-09,
    "ROUGE_L": 0.15601023017902813,
    "CIDEr": 0.0,
    "METEOR": 0.09652263299956781,
    "SPICE": 0.05,
    "BLEU_4": 5.371507285148366e-13
  }
}