{
  "0": {
    "BLEU_1": 0.4999999998750002,
    "BLEU_2": 0.37796447291136165,
    "ROUGE_L": 0.34923664122137404,
    "CIDEr": 0.0,
    "METEOR": 0.34978951517555856,
    "SPICE": 0.07407407407407407,
    "BLEU_4": 4.6713797759570566e-05
  },
  "1": {
    "BLEU_1": 0.22222222220987659,
    "BLEU_2": 3.6155076301041677e-09,
    "ROUGE_L": 0.2074829931972789,
    "CIDEr": 0.0,
    "METEOR": 0.2571147262038314,
    "SPICE": 0.05405405405405405,
    "BLEU_4": 4.830942081791594e-13
  },
  "2": {
    "BLEU_1": 0.2105263157783934,
    "BLEU_2": 0.108147614081325,
    "ROUGE_L": 0.2398427260812582,
    "CIDEr": 0.0,
    "METEOR": 0.3049554102665864,
    "SPICE": 0.10526315789473684,
    "BLEU_4": 2.5607444804104893e-09
  },
  "3": {
    "BLEU_1": 0.19999999999000004,
    "BLEU_2": 3.244428422448761e-09,
    "ROUGE_L": 0.1963519313304721,
    "CIDEr": 0.0,
    "METEOR": 0.22247429151586898,
    "SPICE": 0.1,
    "BLEU_4": 4.30664170792929e-13
  },
  "4": {
    "BLEU_1": 0.15384615382248532,
    "BLEU_2": 3.580574369634832e-09,
    "ROUGE_L": 0.19902120717781402,
    "CIDEr": 0.0,
    "METEOR": 0.29324564383145163,
    "SPICE": 0.18749999999999997,
    "BLEU_4": 5.842896292824257e-13
  },
  "5": {
    "BLEU_1": 0.15384615382248532,
    "BLEU_2": 3.580574369634832e-09,
    "ROUGE_L": 0.19902120717781402,
    "CIDEr": 0.0,
    "METEOR": 0.25798192716817586,
    "SPICE": 0.25806451612903225,
    "BLEU_4": 5.842896292824257e-13
  },
  "6": {
    "BLEU_1": 0.23076923073372793,
    "BLEU_2": 4.385290095846432e-09,
    "ROUGE_L": 0.19902120717781402,
    "CIDEr": 0.0,
    "METEOR": 0.24522734405726465,
    "SPICE": 0.057142857142857134,
    "BLEU_4": 6.466227685952641e-13
  },
  "7": {
    "BLEU_1": 0.2300111036189957,
    "BLEU_2": 4.386139648219463e-09,
    "ROUGE_L": 0.2074829931972789,
    "CIDEr": 0.0,
    "METEOR": 0.252102877068216,
    "SPICE": 0.058823529411764705,
    "BLEU_4": 6.522063105855395e-13
  },
  "8": {
    "BLEU_1": 0.23076923073372793,
    "BLEU_2": 4.385290095846432e-09,
    "ROUGE_L": 0.19902120717781402,
    "CIDEr": 0.0,
    "METEOR": 0.2503481006617087,
    "SPICE": 0.060606060606060615,
    "BLEU_4": 6.466227685952641e-13
  },
  "9": {
    "BLEU_1": 0.28571428569387763,
    "BLEU_2": 0.20965696732883227,
    "ROUGE_L": 0.3620178041543027,
    "CIDEr": 0.0,
    "METEOR": 0.32874625787603634,
    "SPICE": 0.06666666666666667,
    "BLEU_4": 4.271802513237463e-09
  }
}