{
  "0": {
    "BLEU_1": 0.09306272247784726,
    "BLEU_2": 3.1786971178843654e-09,
    "ROUGE_L": 0.11401869158878504,
    "CIDEr": 0.0,
    "METEOR": 0.10489381253010639,
    "SPICE": 0.1081081081081081,
    "BLEU_4": 6.804621480855548e-13
  },
  "1": {
    "BLEU_1": 0.1947001957191763,
    "BLEU_2": 4.654224883289751e-09,
    "ROUGE_L": 0.21785714285714283,
    "CIDEr": 0.0,
    "METEOR": 0.12678960620444193,
    "SPICE": 0.1081081081081081,
    "BLEU_4": 8.134981279967864e-13
  },
  "2": {
    "BLEU_1": 0.29999999994000015,
    "BLEU_2": 0.1825741857975264,
    "ROUGE_L": 0.28328173374613,
    "CIDEr": 0.0,
    "METEOR": 0.1729832520903895,
    "SPICE": 0.19999999999999998,
    "BLEU_4": 4.939382736029984e-09
  },
  "3": {
    "BLEU_1": 0.5384615384201185,
    "BLEU_2": 0.36689969282327245,
    "ROUGE_L": 0.33841886269070737,
    "CIDEr": 0.0,
    "METEOR": 0.2669610885553915,
    "SPICE": 0.19047619047619047,
    "BLEU_4": 5.914601686329329e-09
  },
  "4": {
    "BLEU_1": 0.357142857117347,
    "BLEU_2": 0.2344036154518607,
    "ROUGE_L": 0.3270777479892761,
    "CIDEr": 0.0,
    "METEOR": 0.22552630179435806,
    "SPICE": 0.18181818181818182,
    "BLEU_4": 4.516881220590474e-09
  },
  "5": {
    "BLEU_1": 0.4374999999726563,
    "BLEU_2": 0.2415229457542257,
    "ROUGE_L": 0.24078947368421053,
    "CIDEr": 0.0,
    "METEOR": 0.264875556345835,
    "SPICE": 0.13636363636363635,
    "BLEU_4": 4.231178541317022e-09
  },
  "6": {
    "BLEU_1": 0.3999999999733334,
    "BLEU_2": 0.16903085093403225,
    "ROUGE_L": 0.2489795918367347,
    "CIDEr": 0.0,
    "METEOR": 0.1740722071894995,
    "SPICE": 0.18181818181818182,
    "BLEU_4": 3.6787632496533857e-09
  },
  "7": {
    "BLEU_1": 0.30769230766863914,
    "BLEU_2": 0.16012815379225645,
    "ROUGE_L": 0.2538141470180305,
    "CIDEr": 0.0,
    "METEOR": 0.21570444592753915,
    "SPICE": 0.19047619047619047,
    "BLEU_4": 3.9073802491094676e-09
  },
  "8": {
    "BLEU_1": 0.29411764704152255,
    "BLEU_2": 0.13558153612843557,
    "ROUGE_L": 0.22289890377588306,
    "CIDEr": 0.0,
    "METEOR": 0.23020989506385084,
    "SPICE": 0.17777777777777778,
    "BLEU_4": 3.058760346259648e-09
  },
  "9": {
    "BLEU_1": 0.4117647058581315,
    "BLEU_2": 0.22687130322949517,
    "ROUGE_L": 0.2971985383678441,
    "CIDEr": 0.0,
    "METEOR": 0.2513809474848802,
    "SPICE": 0.17777777777777778,
    "BLEU_4": 3.95671672919582e-09
  }
}