{
  "0": {
    "BLEU_1": 0.0919698602468758,
    "BLEU_2": 3.3582644710475053e-09,
    "ROUGE_L": 0.15721649484536082,
    "CIDEr": 0.0,
    "METEOR": 0.13913043478260867,
    "SPICE": 0.06451612903225806,
    "BLEU_4": 9.346579564396796e-13
  },
  "1": {
    "BLEU_1": 0.3749999999062502,
    "BLEU_2": 0.23145502488320774,
    "ROUGE_L": 0.25,
    "CIDEr": 0.0,
    "METEOR": 0.09899889368338351,
    "SPICE": 0.06060606060606061,
    "BLEU_4": 6.500593258499926e-09
  },
  "2": {
    "BLEU_1": 0.36363636360330587,
    "BLEU_2": 0.19069251783091612,
    "ROUGE_L": 0.216696269982238,
    "CIDEr": 0.0,
    "METEOR": 0.10773067331670823,
    "SPICE": 0.05714285714285714,
    "BLEU_4": 4.740604259372055e-09
  },
  "3": {
    "BLEU_1": 0.33333333331111115,
    "BLEU_2": 0.1543033499514377,
    "ROUGE_L": 0.26180257510729615,
    "CIDEr": 0.0,
    "METEOR": 0.11987488291881811,
    "SPICE": 0.05128205128205128,
    "BLEU_4": 3.514847831107641e-09
  },
  "4": {
    "BLEU_1": 0.35714285709183685,
    "BLEU_2": 0.16574838600881542,
    "ROUGE_L": 0.2340153452685422,
    "CIDEr": 0.0,
    "METEOR": 0.10586143438648422,
    "SPICE": 0.05263157894736842,
    "BLEU_4": 3.798229226250051e-09
  },
  "5": {
    "BLEU_1": 0.22222222217283966,
    "BLEU_2": 5.270462765739487e-09,
    "ROUGE_L": 0.1189083820662768,
    "CIDEr": 0.0,
    "METEOR": 0.12698412698412698,
    "SPICE": 0.11428571428571428,
    "BLEU_4": 9.018037815333522e-13
  },
  "6": {
    "BLEU_1": 0.29999999994000015,
    "BLEU_2": 5.773502690709485e-09,
    "ROUGE_L": 0.16180371352785147,
    "CIDEr": 0.0,
    "METEOR": 0.12598425196850394,
    "SPICE": 0.1111111111111111,
    "BLEU_4": 8.783602617783837e-13
  },
  "7": {
    "BLEU_1": 0.12499999996875016,
    "BLEU_2": 4.225771272548414e-09,
    "ROUGE_L": 0.125,
    "CIDEr": 0.0,
    "METEOR": 0.12799999999999997,
    "SPICE": 0.11764705882352941,
    "BLEU_4": 8.783602617222665e-13
  },
  "8": {
    "BLEU_1": 0.27272727270247943,
    "BLEU_2": 5.222329678172441e-09,
    "ROUGE_L": 0.15661103979460847,
    "CIDEr": 0.0,
    "METEOR": 0.12307692307692307,
    "SPICE": 0.10810810810810811,
    "BLEU_4": 7.84510965356927e-13
  },
  "9": {
    "BLEU_1": 0.12499999996875016,
    "BLEU_2": 4.225771272548414e-09,
    "ROUGE_L": 0.125,
    "CIDEr": 0.0,
    "METEOR": 0.14490183660544648,
    "SPICE": 0.11764705882352941,
    "BLEU_4": 8.783602617222665e-13
  }
}