{
  "0": {
    "BLEU_1": 0.38461538458579886,
    "BLEU_2": 0.17902871849551308,
    "ROUGE_L": 0.39804241435562804,
    "CIDEr": 0.0,
    "METEOR": 0.1781850012408401,
    "SPICE": 0.21428571428571427,
    "BLEU_4": 4.131551590743584e-09
  },
  "1": {
    "BLEU_1": 0.34999999998250003,
    "BLEU_2": 0.13572417850069451,
    "ROUGE_L": 0.3096446700507614,
    "CIDEr": 0.0,
    "METEOR": 0.17699115044247787,
    "SPICE": 0.17142857142857143,
    "BLEU_4": 2.785468517213771e-09
  },
  "2": {
    "BLEU_1": 0.2692307692204142,
    "BLEU_2": 0.10377490432848306,
    "ROUGE_L": 0.2601279317697228,
    "CIDEr": 0.0,
    "METEOR": 0.16000000000000003,
    "SPICE": 0.1951219512195122,
    "BLEU_4": 2.1016548840702265e-09
  },
  "3": {
    "BLEU_1": 0.3181818181673554,
    "BLEU_2": 0.12309149097360453,
    "ROUGE_L": 0.2911694510739857,
    "CIDEr": 0.0,
    "METEOR": 0.17375565610859728,
    "SPICE": 0.2222222222222222,
    "BLEU_4": 2.512858979910361e-09
  },
  "4": {
    "BLEU_1": 0.2608695652060492,
    "BLEU_2": 0.10889310129125214,
    "ROUGE_L": 0.28273464658169173,
    "CIDEr": 0.0,
    "METEOR": 0.16471061319449087,
    "SPICE": 0.16216216216216214,
    "BLEU_4": 2.3050898625491595e-09
  },
  "5": {
    "BLEU_1": 0.3181818181673554,
    "BLEU_2": 0.12309149097360453,
    "ROUGE_L": 0.2911694510739857,
    "CIDEr": 0.0,
    "METEOR": 0.1700186247933564,
    "SPICE": 0.16216216216216214,
    "BLEU_4": 2.512858979910361e-09
  },
  "6": {
    "BLEU_1": 0.37499999998437505,
    "BLEU_2": 0.18057877962096616,
    "ROUGE_L": 0.27477477477477474,
    "CIDEr": 0.0,
    "METEOR": 0.1858016076485486,
    "SPICE": 0.14634146341463414,
    "BLEU_4": 2.8984970515985937e-09
  },
  "7": {
    "BLEU_1": 0.4090909090723141,
    "BLEU_2": 0.19738550847874506,
    "ROUGE_L": 0.2911694510739857,
    "CIDEr": 0.0,
    "METEOR": 0.19089693234809427,
    "SPICE": 0.2105263157894737,
    "BLEU_4": 3.182084683852089e-09
  },
  "8": {
    "BLEU_1": 0.29629629628532245,
    "BLEU_2": 0.15097027121358048,
    "ROUGE_L": 0.2533748701973001,
    "CIDEr": 0.0,
    "METEOR": 0.1752752978608179,
    "SPICE": 0.13636363636363638,
    "BLEU_4": 2.4826065965290047e-09
  },
  "9": {
    "BLEU_1": 0.34782608694139894,
    "BLEU_2": 0.17782168978184779,
    "ROUGE_L": 0.28273464658169173,
    "CIDEr": 0.0,
    "METEOR": 0.1870497671750113,
    "SPICE": 0.20512820512820512,
    "BLEU_4": 2.9456425446875464e-09
  }
}