{
  "0": {
    "BLEU_1": 0.2791881674335416,
    "BLEU_2": 0.17410441149419253,
    "ROUGE_L": 0.2136602451838879,
    "CIDEr": 0.0,
    "METEOR": 0.14968450238487618,
    "SPICE": 0.12903225806451613,
    "BLEU_4": 5.035983349060022e-09
  },
  "1": {
    "BLEU_1": 0.2142857142704082,
    "BLEU_2": 0.12838814774375065,
    "ROUGE_L": 0.17183098591549298,
    "CIDEr": 0.0,
    "METEOR": 0.1748433838617166,
    "SPICE": 0.0,
    "BLEU_4": 3.342866121293135e-09
  },
  "2": {
    "BLEU_1": 0.33333333327777787,
    "BLEU_2": 5.5048188246934825e-09,
    "ROUGE_L": 0.09242424242424242,
    "CIDEr": 0.0,
    "METEOR": 0.10084033613445378,
    "SPICE": 0.05555555555555555,
    "BLEU_4": 7.617472369343701e-13
  },
  "3": {
    "BLEU_1": 0.28571428569387763,
    "BLEU_2": 0.14824986332122378,
    "ROUGE_L": 0.16353887399463804,
    "CIDEr": 0.0,
    "METEOR": 0.14471738814680196,
    "SPICE": 0.052631578947368425,
    "BLEU_4": 3.592143420053192e-09
  },
  "4": {
    "BLEU_1": 0.23076923075147937,
    "BLEU_2": 0.1386750490451956,
    "ROUGE_L": 0.16920943134535368,
    "CIDEr": 0.0,
    "METEOR": 0.1521072122223833,
    "SPICE": 0.058823529411764705,
    "BLEU_4": 3.636227046180843e-09
  },
  "5": {
    "BLEU_1": 0.30769230766863914,
    "BLEU_2": 0.16012815379225645,
    "ROUGE_L": 0.16920943134535368,
    "CIDEr": 0.0,
    "METEOR": 0.14924924790087715,
    "SPICE": 0.0,
    "BLEU_4": 3.9073802491094676e-09
  },
  "6": {
    "BLEU_1": 0.30769230766863914,
    "BLEU_2": 5.063696835012589e-09,
    "ROUGE_L": 0.1781021897810219,
    "CIDEr": 0.0,
    "METEOR": 0.07722007722007723,
    "SPICE": 0.05405405405405406,
    "BLEU_4": 6.948413844184121e-13
  },
  "7": {
    "BLEU_1": 0.18181818178512404,
    "BLEU_2": 4.2640143263175525e-09,
    "ROUGE_L": 0.18181818181818182,
    "CIDEr": 0.0,
    "METEOR": 0.08565310492505354,
    "SPICE": 0.0,
    "BLEU_4": 7.088856800859686e-13
  },
  "8": {
    "BLEU_1": 0.1988531814701149,
    "BLEU_2": 4.716217300589896e-09,
    "ROUGE_L": 0.19645732689210954,
    "CIDEr": 0.0,
    "METEOR": 0.0879120879120879,
    "SPICE": 0.06451612903225806,
    "BLEU_4": 8.0696947976792e-13
  },
  "9": {
    "BLEU_1": 0.2982797722051723,
    "BLEU_2": 5.776162951265759e-09,
    "ROUGE_L": 0.19645732689210954,
    "CIDEr": 0.0,
    "METEOR": 0.0879120879120879,
    "SPICE": 0.11764705882352941,
    "BLEU_4": 8.930585330091313e-13
  }
}