{
  "0": {
    "BLEU_1": 0.3999999999200002,
    "BLEU_2": 6.666666665296299e-09,
    "ROUGE_L": 0.18885448916408668,
    "CIDEr": 0.0,
    "METEOR": 0.2038613969406757,
    "SPICE": 0.16216216216216214,
    "BLEU_4": 9.438595266157062e-13
  },
  "1": {
    "BLEU_1": 0.35714285709183685,
    "BLEU_2": 0.16574838600881542,
    "ROUGE_L": 0.3270777479892761,
    "CIDEr": 0.0,
    "METEOR": 0.2314032535834483,
    "SPICE": 0.04878048780487805,
    "BLEU_4": 3.798229226250051e-09
  },
  "2": {
    "BLEU_1": 0.16666666663888896,
    "BLEU_2": 3.8924947201441226e-09,
    "ROUGE_L": 0.17528735632183906,
    "CIDEr": 0.0,
    "METEOR": 0.11984239650068294,
    "SPICE": 0.05128205128205127,
    "BLEU_4": 6.405505208675338e-13
  },
  "3": {
    "BLEU_1": 0.4999999999166667,
    "BLEU_2": 0.3015113445263697,
    "ROUGE_L": 0.363095238095238,
    "CIDEr": 0.0,
    "METEOR": 0.2296470377437884,
    "SPICE": 0.3,
    "BLEU_4": 5.63756031424638e-09
  },
  "4": {
    "BLEU_1": 0.39999999994666674,
    "BLEU_2": 0.16903085092276351,
    "ROUGE_L": 0.3164721141374838,
    "CIDEr": 0.0,
    "METEOR": 0.2928559419518431,
    "SPICE": 0.3902439024390244,
    "BLEU_4": 3.678763249408135e-09
  },
  "5": {
    "BLEU_1": 0.3124999999804688,
    "BLEU_2": 0.14433756728808472,
    "ROUGE_L": 0.22989949748743718,
    "CIDEr": 0.0,
    "METEOR": 0.2727939283201269,
    "SPICE": 0.32558139534883723,
    "BLEU_4": 3.2709344706502825e-09
  },
  "6": {
    "BLEU_1": 0.35294117644982703,
    "BLEU_2": 0.21004201259146,
    "ROUGE_L": 0.25603357817418676,
    "CIDEr": 0.0,
    "METEOR": 0.26679845736803626,
    "SPICE": 0.3404255319148936,
    "BLEU_4": 3.8071348661994064e-09
  },
  "7": {
    "BLEU_1": 0.33333333331481485,
    "BLEU_2": 0.1980295085840097,
    "ROUGE_L": 0.2494887525562372,
    "CIDEr": 0.0,
    "METEOR": 0.287822341491936,
    "SPICE": 0.35555555555555557,
    "BLEU_4": 3.575297164232122e-09
  },
  "8": {
    "BLEU_1": 0.29999999998500004,
    "BLEU_2": 0.1777046633186087,
    "ROUGE_L": 0.2373540856031128,
    "CIDEr": 0.0,
    "METEOR": 0.27878080196862903,
    "SPICE": 0.32653061224489793,
    "BLEU_4": 3.1872714731477548e-09
  },
  "9": {
    "BLEU_1": 0.29999999998500004,
    "BLEU_2": 0.1777046633186087,
    "ROUGE_L": 0.2373540856031128,
    "CIDEr": 0.0,
    "METEOR": 0.27878080196862903,
    "SPICE": 0.30769230769230765,
    "BLEU_4": 3.1872714731477548e-09
  }
}