{
  "0": {
    "BLEU_1": 0.07162619917923453,
    "BLEU_2": 2.615418999812674e-09,
    "ROUGE_L": 0.08155080213903743,
    "CIDEr": 0.0,
    "METEOR": 0.011834319526627217,
    "SPICE": 0.0,
    "BLEU_4": 7.279123483791415e-13
  },
  "1": {
    "BLEU_1": 0.21487859753770341,
    "BLEU_2": 0.14325239835250014,
    "ROUGE_L": 0.24596774193548387,
    "CIDEr": 0.0,
    "METEOR": 0.1679790026246719,
    "SPICE": 0.14285714285714285,
    "BLEU_4": 5.387154122130005e-09
  },
  "2": {
    "BLEU_1": 0.4294155959203306,
    "BLEU_2": 7.333667449130742e-09,
    "ROUGE_L": 0.32049036777583184,
    "CIDEr": 0.0,
    "METEOR": 0.16161616161616163,
    "SPICE": 0.13333333333333333,
    "BLEU_4": 1.1100972798838728e-12
  },
  "3": {
    "BLEU_1": 0.14325239835846895,
    "BLEU_2": 3.6987610208233575e-09,
    "ROUGE_L": 0.24596774193548387,
    "CIDEr": 0.0,
    "METEOR": 0.12403100775193798,
    "SPICE": 0.13793103448275865,
    "BLEU_4": 8.656385437908143e-13
  },
  "4": {
    "BLEU_1": 0.22062422559099293,
    "BLEU_2": 5.273927726724911e-09,
    "ROUGE_L": 0.20469798657718125,
    "CIDEr": 0.0,
    "METEOR": 0.20047353009988267,
    "SPICE": 0.12121212121212122,
    "BLEU_4": 9.218141453123176e-13
  },
  "5": {
    "BLEU_1": 0.22062422559099293,
    "BLEU_2": 5.273927726724911e-09,
    "ROUGE_L": 0.20469798657718125,
    "CIDEr": 0.0,
    "METEOR": 0.20047353009988267,
    "SPICE": 0.12121212121212122,
    "BLEU_4": 9.218141453123176e-13
  },
  "6": {
    "BLEU_1": 0.33093633838648934,
    "BLEU_2": 6.459215935396237e-09,
    "ROUGE_L": 0.20469798657718125,
    "CIDEr": 0.0,
    "METEOR": 0.20374069975600856,
    "SPICE": 0.06896551724137932,
    "BLEU_4": 1.0201550479411466e-12
  },
  "7": {
    "BLEU_1": 0.36363636357024803,
    "BLEU_2": 6.030226890431458e-09,
    "ROUGE_L": 0.2727272727272727,
    "CIDEr": 0.0,
    "METEOR": 0.18981975914103677,
    "SPICE": 0.1111111111111111,
    "BLEU_4": 8.430118944817767e-13
  },
  "8": {
    "BLEU_1": 0.4444444443456792,
    "BLEU_2": 7.453559923291195e-09,
    "ROUGE_L": 0.2946859903381642,
    "CIDEr": 0.0,
    "METEOR": 0.19887892677423932,
    "SPICE": 0.11764705882352941,
    "BLEU_4": 1.0724314733358218e-12
  },
  "9": {
    "BLEU_1": 0.33333333331111115,
    "BLEU_2": 4.879500364405748e-09,
    "ROUGE_L": 0.2373540856031128,
    "CIDEr": 0.0,
    "METEOR": 0.18422530705907286,
    "SPICE": 0.10810810810810811,
    "BLEU_4": 6.250381527478681e-13
  }
}