{
  "0": {
    "BLEU_1": 0.555555555432099,
    "BLEU_2": 0.37267799616455977,
    "ROUGE_L": 0.3347050754458162,
    "CIDEr": 0.0,
    "METEOR": 0.18398855242874734,
    "SPICE": 0.17142857142857146,
    "BLEU_4": 7.583235671536399e-09
  },
  "1": {
    "BLEU_1": 0.545454545355372,
    "BLEU_2": 0.40451991740255755,
    "ROUGE_L": 0.34512022630834516,
    "CIDEr": 0.0,
    "METEOR": 0.23244761137481026,
    "SPICE": 0.2222222222222222,
    "BLEU_4": 6.904573081909778e-09
  },
  "2": {
    "BLEU_1": 0.24999999997916675,
    "BLEU_2": 4.767312945812628e-09,
    "ROUGE_L": 0.17528735632183906,
    "CIDEr": 0.0,
    "METEOR": 0.16312364425162693,
    "SPICE": 0.17142857142857146,
    "BLEU_4": 7.08885680157797e-13
  },
  "3": {
    "BLEU_1": 0.22222222217283966,
    "BLEU_2": 5.270462765739487e-09,
    "ROUGE_L": 0.19645732689210954,
    "CIDEr": 0.0,
    "METEOR": 0.16860986547085205,
    "SPICE": 0.11764705882352941,
    "BLEU_4": 9.018037815333522e-13
  },
  "4": {
    "BLEU_1": 0.45454545446281003,
    "BLEU_2": 6.741998623375958e-09,
    "ROUGE_L": 0.2036727879799666,
    "CIDEr": 0.0,
    "METEOR": 0.21088610544106237,
    "SPICE": 0.15789473684210525,
    "BLEU_4": 8.913765519636197e-13
  },
  "5": {
    "BLEU_1": 0.42736665161532034,
    "BLEU_2": 0.18159590800319536,
    "ROUGE_L": 0.2819722650231125,
    "CIDEr": 0.0,
    "METEOR": 0.21451017108284826,
    "SPICE": 0.16216216216216214,
    "BLEU_4": 4.004065966430701e-09
  },
  "6": {
    "BLEU_1": 0.4666666666355556,
    "BLEU_2": 0.18257418582244916,
    "ROUGE_L": 0.3164721141374838,
    "CIDEr": 0.0,
    "METEOR": 0.22244078993077016,
    "SPICE": 0.15,
    "BLEU_4": 3.8233014075451295e-09
  },
  "7": {
    "BLEU_1": 0.3999999999733334,
    "BLEU_2": 0.23904572185037326,
    "ROUGE_L": 0.26180257510729615,
    "CIDEr": 0.0,
    "METEOR": 0.20670504096780928,
    "SPICE": 0.20512820512820515,
    "BLEU_4": 4.374811430898337e-09
  },
  "8": {
    "BLEU_1": 0.2849111010768803,
    "BLEU_2": 0.14827243799507492,
    "ROUGE_L": 0.22564734895191124,
    "CIDEr": 0.0,
    "METEOR": 0.2162765907918156,
    "SPICE": 0.21621621621621623,
    "BLEU_4": 3.6180820298527707e-09
  },
  "9": {
    "BLEU_1": 0.45454545446281003,
    "BLEU_2": 0.30151134452157297,
    "ROUGE_L": 0.3055091819699499,
    "CIDEr": 0.0,
    "METEOR": 0.23244761137481026,
    "SPICE": 0.21621621621621623,
    "BLEU_4": 5.960994272089826e-09
  }
}