{
  "0": {
    "BLEU_1": 0.3999999999200002,
    "BLEU_2": 0.21081851063455723,
    "ROUGE_L": 0.2683284457478006,
    "CIDEr": 0.0,
    "METEOR": 0.15638467856760777,
    "SPICE": 0.13333333333333333,
    "BLEU_4": 5.307712169906119e-09
  },
  "1": {
    "BLEU_1": 0.5515605639774822,
    "BLEU_2": 0.3729230059054938,
    "ROUGE_L": 0.4093959731543625,
    "CIDEr": 0.0,
    "METEOR": 0.21970586218571972,
    "SPICE": 0.2857142857142857,
    "BLEU_4": 7.751502103232945e-09
  },
  "2": {
    "BLEU_1": 0.5515605639774822,
    "BLEU_2": 0.3729230059054938,
    "ROUGE_L": 0.4093959731543625,
    "CIDEr": 0.0,
    "METEOR": 0.21970586218571972,
    "SPICE": 0.2857142857142857,
    "BLEU_4": 7.751502103232945e-09
  },
  "3": {
    "BLEU_1": 0.4999999999166667,
    "BLEU_2": 0.3015113445263697,
    "ROUGE_L": 0.3505747126436781,
    "CIDEr": 0.0,
    "METEOR": 0.2213859539862428,
    "SPICE": 0.24242424242424246,
    "BLEU_4": 5.63756031424638e-09
  },
  "4": {
    "BLEU_1": 0.4043537730069712,
    "BLEU_2": 0.22147368268455053,
    "ROUGE_L": 0.33516483516483514,
    "CIDEr": 0.0,
    "METEOR": 0.27166047129231785,
    "SPICE": 0.2962962962962963,
    "BLEU_4": 6.227190210443543e-09
  },
  "5": {
    "BLEU_1": 0.36363636357024803,
    "BLEU_2": 0.19069251781358043,
    "ROUGE_L": 0.2727272727272727,
    "CIDEr": 0.0,
    "METEOR": 0.20581595282677081,
    "SPICE": 0.18749999999999997,
    "BLEU_4": 4.740604258941092e-09
  },
  "6": {
    "BLEU_1": 0.36363636357024803,
    "BLEU_2": 0.19069251781358043,
    "ROUGE_L": 0.2727272727272727,
    "CIDEr": 0.0,
    "METEOR": 0.20581595282677081,
    "SPICE": 0.12903225806451613,
    "BLEU_4": 4.740604258941092e-09
  },
  "7": {
    "BLEU_1": 0.5384615384201185,
    "BLEU_2": 0.36689969282327245,
    "ROUGE_L": 0.42302357836338417,
    "CIDEr": 0.0,
    "METEOR": 0.24316459096775564,
    "SPICE": 0.18749999999999997,
    "BLEU_4": 5.914601686329329e-09
  },
  "8": {
    "BLEU_1": 0.4999999999166667,
    "BLEU_2": 0.3692744728750537,
    "ROUGE_L": 0.4166666666666667,
    "CIDEr": 0.0,
    "METEOR": 0.2549073389943342,
    "SPICE": 0.25,
    "BLEU_4": 3.50843969500832e-05
  },
  "9": {
    "BLEU_1": 0.5384615384201185,
    "BLEU_2": 0.36689969282327245,
    "ROUGE_L": 0.42302357836338417,
    "CIDEr": 0.0,
    "METEOR": 0.24316459096775564,
    "SPICE": 0.18749999999999997,
    "BLEU_4": 5.914601686329329e-09
  }
}