{
  "0": {
    "BLEU_1": 0.5841005871575288,
    "BLEU_2": 0.4415385412148088,
    "ROUGE_L": 0.346590909090909,
    "CIDEr": 0.0,
    "METEOR": 0.2586723121123364,
    "SPICE": 0.25,
    "BLEU_4": 4.455712751920649e-05
  },
  "1": {
    "BLEU_1": 0.6923076922011837,
    "BLEU_2": 0.5883484053221515,
    "ROUGE_L": 0.3719512195121951,
    "CIDEr": 0.0,
    "METEOR": 0.30884511545025206,
    "SPICE": 0.2285714285714286,
    "BLEU_4": 0.33495318891459325
  },
  "2": {
    "BLEU_1": 0.7999999998400004,
    "BLEU_2": 0.516397779388174,
    "ROUGE_L": 0.48541114058355433,
    "CIDEr": 0.0,
    "METEOR": 0.36486466808471385,
    "SPICE": 0.3888888888888889,
    "BLEU_4": 4.671379776255505e-05
  },
  "3": {
    "BLEU_1": 0.5999999998800002,
    "BLEU_2": 0.3651483715950527,
    "ROUGE_L": 0.24270557029177717,
    "CIDEr": 0.0,
    "METEOR": 0.2674737718666573,
    "SPICE": 0.1111111111111111,
    "BLEU_4": 6.985342055045127e-09
  },
  "4": {
    "BLEU_1": 0.636363636247934,
    "BLEU_2": 0.43693144867122347,
    "ROUGE_L": 0.2727272727272727,
    "CIDEr": 0.0,
    "METEOR": 0.2956562704973775,
    "SPICE": 0.23529411764705882,
    "BLEU_4": 4.035278636666363e-05
  },
  "5": {
    "BLEU_1": 0.4867504892979407,
    "BLEU_2": 0.23271124416448763,
    "ROUGE_L": 0.20469798657718125,
    "CIDEr": 0.0,
    "METEOR": 0.2706329109044524,
    "SPICE": 0.1764705882352941,
    "BLEU_4": 5.752300427890898e-09
  },
  "6": {
    "BLEU_1": 0.5999999998800002,
    "BLEU_2": 0.2581988896940871,
    "ROUGE_L": 0.28328173374613,
    "CIDEr": 0.0,
    "METEOR": 0.3092782521537438,
    "SPICE": 0.2777777777777778,
    "BLEU_4": 5.873949093408464e-09
  },
  "7": {
    "BLEU_1": 0.5841005871575288,
    "BLEU_2": 0.3605147092497073,
    "ROUGE_L": 0.25994318181818177,
    "CIDEr": 0.0,
    "METEOR": 0.2738675672100834,
    "SPICE": 0.11764705882352941,
    "BLEU_4": 7.159692503094259e-09
  },
  "8": {
    "BLEU_1": 0.5965595444103445,
    "BLEU_2": 0.3653166212455994,
    "ROUGE_L": 0.2946859903381642,
    "CIDEr": 0.0,
    "METEOR": 0.25766673197090656,
    "SPICE": 0.1875,
    "BLEU_4": 3.9938791753893164e-05
  },
  "9": {
    "BLEU_1": 0.4653136123892359,
    "BLEU_2": 0.3178697117884365,
    "ROUGE_L": 0.32049036777583184,
    "CIDEr": 0.0,
    "METEOR": 0.2639385388342958,
    "SPICE": 0.25,
    "BLEU_4": 3.8265198609630255e-05
  }
}