{
  "0": {
    "BLEU_1": 0.27272727267768604,
    "BLEU_2": 5.222329677697684e-09,
    "ROUGE_L": 0.09606299212598425,
    "CIDEr": 0.0,
    "METEOR": 0.11650479561520136,
    "SPICE": 0.1142857142857143,
    "BLEU_4": 7.845109652856079e-13
  },
  "1": {
    "BLEU_1": 0.2631578947229917,
    "BLEU_2": 0.20942695413451914,
    "ROUGE_L": 0.29221556886227545,
    "CIDEr": 0.0,
    "METEOR": 0.2633232481474543,
    "SPICE": 0.26666666666666666,
    "BLEU_4": 0.1340082578100999
  },
  "2": {
    "BLEU_1": 0.3157894736675901,
    "BLEU_2": 0.2294157338581519,
    "ROUGE_L": 0.3652694610778443,
    "CIDEr": 0.0,
    "METEOR": 0.29726455222587045,
    "SPICE": 0.3111111111111111,
    "BLEU_4": 0.14025775159276713
  },
  "3": {
    "BLEU_1": 0.3157894736675901,
    "BLEU_2": 0.2294157338581519,
    "ROUGE_L": 0.3652694610778443,
    "CIDEr": 0.0,
    "METEOR": 0.29726455222587045,
    "SPICE": 0.3111111111111111,
    "BLEU_4": 0.14025775159276713
  },
  "4": {
    "BLEU_1": 0.35294117644982703,
    "BLEU_2": 0.2572478776981582,
    "ROUGE_L": 0.3885350318471337,
    "CIDEr": 0.0,
    "METEOR": 0.3037978390879774,
    "SPICE": 0.3255813953488372,
    "BLEU_4": 0.15844501336241348
  },
  "5": {
    "BLEU_1": 0.33333333331111115,
    "BLEU_2": 0.26726124189397066,
    "ROUGE_L": 0.3319727891156462,
    "CIDEr": 0.0,
    "METEOR": 0.2782847963376505,
    "SPICE": 0.29268292682926833,
    "BLEU_4": 0.17395797374344726
  },
  "6": {
    "BLEU_1": 0.2142857142704082,
    "BLEU_2": 4.059989714404599e-09,
    "ROUGE_L": 0.17183098591549298,
    "CIDEr": 0.0,
    "METEOR": 0.15316637249518744,
    "SPICE": 0.2,
    "BLEU_4": 5.944549994012258e-13
  },
  "7": {
    "BLEU_1": 0.24999999997916675,
    "BLEU_2": 4.767312945812628e-09,
    "ROUGE_L": 0.18484848484848485,
    "CIDEr": 0.0,
    "METEOR": 0.15674921161788188,
    "SPICE": 0.15789473684210525,
    "BLEU_4": 7.08885680157797e-13
  },
  "8": {
    "BLEU_1": 0.357142857117347,
    "BLEU_2": 5.241424183220805e-09,
    "ROUGE_L": 0.17183098591549298,
    "CIDEr": 0.0,
    "METEOR": 0.15316637249518744,
    "SPICE": 0.2,
    "BLEU_4": 6.754312828130983e-13
  },
  "9": {
    "BLEU_1": 0.29411764704152255,
    "BLEU_2": 4.287464628302636e-09,
    "ROUGE_L": 0.15541401273885352,
    "CIDEr": 0.0,
    "METEOR": 0.14727535816844947,
    "SPICE": 0.186046511627907,
    "BLEU_4": 5.439330543997057e-13
  }
}