{
  "0": {
    "BLEU_1": 0.07162619917923453,
    "BLEU_2": 2.615418999812674e-09,
    "ROUGE_L": 0.14386792452830188,
    "CIDEr": 0.0,
    "METEOR": 0.06798866855524079,
    "SPICE": 0.08695652173913043,
    "BLEU_4": 7.279123483791415e-13
  },
  "1": {
    "BLEU_1": 0.4545454545041323,
    "BLEU_2": 0.36927447290274934,
    "ROUGE_L": 0.5091819699499166,
    "CIDEr": 0.0,
    "METEOR": 0.2514208987754082,
    "SPICE": 0.08,
    "BLEU_4": 3.709723313286475e-05
  },
  "2": {
    "BLEU_1": 0.555555555432099,
    "BLEU_2": 0.4564354644830389,
    "ROUGE_L": 0.4444444444444444,
    "CIDEr": 0.0,
    "METEOR": 0.2591768133905879,
    "SPICE": 0.08333333333333333,
    "BLEU_4": 4.7192976329474405e-05
  },
  "3": {
    "BLEU_1": 0.4999999999000002,
    "BLEU_2": 0.4082482903799455,
    "ROUGE_L": 0.5313588850174217,
    "CIDEr": 0.0,
    "METEOR": 0.25331603117823787,
    "SPICE": 0.08,
    "BLEU_4": 4.153509236293698e-05
  },
  "4": {
    "BLEU_1": 0.4444444443456792,
    "BLEU_2": 0.4082482903703063,
    "ROUGE_L": 0.4444444444444444,
    "CIDEr": 0.0,
    "METEOR": 0.2591768133905879,
    "SPICE": 0.08333333333333333,
    "BLEU_4": 4.463236136748592e-05
  },
  "5": {
    "BLEU_1": 0.4545454545041323,
    "BLEU_2": 0.36927447290274934,
    "ROUGE_L": 0.5091819699499166,
    "CIDEr": 0.0,
    "METEOR": 0.2514208987754082,
    "SPICE": 0.08,
    "BLEU_4": 3.709723313286475e-05
  },
  "6": {
    "BLEU_1": 0.3999999999200002,
    "BLEU_2": 0.36514837159505265,
    "ROUGE_L": 0.42508710801393734,
    "CIDEr": 0.0,
    "METEOR": 0.25719331736974155,
    "SPICE": 0.08333333333333333,
    "BLEU_4": 3.9281465081419535e-05
  },
  "7": {
    "BLEU_1": 0.5454545454049587,
    "BLEU_2": 0.3302891295063807,
    "ROUGE_L": 0.5091819699499166,
    "CIDEr": 0.0,
    "METEOR": 0.24411569106280553,
    "SPICE": 0.21428571428571427,
    "BLEU_4": 3.508439695264144e-05
  },
  "8": {
    "BLEU_1": 0.6363636363057852,
    "BLEU_2": 0.43693144871094447,
    "ROUGE_L": 0.4073455759599332,
    "CIDEr": 0.0,
    "METEOR": 0.2557561597927677,
    "SPICE": 0.22222222222222218,
    "BLEU_4": 4.035278637033206e-05
  },
  "9": {
    "BLEU_1": 0.6363636363057852,
    "BLEU_2": 0.43693144871094447,
    "ROUGE_L": 0.4073455759599332,
    "CIDEr": 0.0,
    "METEOR": 0.2557561597927677,
    "SPICE": 0.22222222222222218,
    "BLEU_4": 4.035278637033206e-05
  }
}