{
  "0": {
    "BLEU_1": 0.3999999999733334,
    "BLEU_2": 0.33806170186806433,
    "ROUGE_L": 0.3164721141374838,
    "CIDEr": 0.0,
    "METEOR": 0.19010010770679295,
    "SPICE": 0.125,
    "BLEU_4": 2.925612730513292e-05
  },
  "1": {
    "BLEU_1": 0.692307692254438,
    "BLEU_2": 0.33968311021616066,
    "ROUGE_L": 0.37596302003081655,
    "CIDEr": 0.0,
    "METEOR": 0.26400742325771376,
    "SPICE": 0.21428571428571427,
    "BLEU_4": 5.6910028796230735e-09
  },
  "2": {
    "BLEU_1": 0.22062422559099293,
    "BLEU_2": 5.273927726724911e-09,
    "ROUGE_L": 0.232824427480916,
    "CIDEr": 0.0,
    "METEOR": 0.044444444444444446,
    "SPICE": 0.0,
    "BLEU_4": 9.218141453123176e-13
  },
  "3": {
    "BLEU_1": 0.555555555432099,
    "BLEU_2": 8.333333331423613e-09,
    "ROUGE_L": 0.2222222222222222,
    "CIDEr": 0.0,
    "METEOR": 0.20952380952380956,
    "SPICE": 0.20689655172413796,
    "BLEU_4": 1.1339582219145234e-12
  },
  "4": {
    "BLEU_1": 0.33093633838648934,
    "BLEU_2": 6.459215935396237e-09,
    "ROUGE_L": 0.232824427480916,
    "CIDEr": 0.0,
    "METEOR": 0.044444444444444446,
    "SPICE": 0.0,
    "BLEU_4": 1.0201550479411466e-12
  },
  "5": {
    "BLEU_1": 0.32206169694024794,
    "BLEU_2": 6.3511423138542446e-09,
    "ROUGE_L": 0.2136602451838879,
    "CIDEr": 0.0,
    "METEOR": 0.19323671497584538,
    "SPICE": 0.21428571428571427,
    "BLEU_4": 1.0330619227359553e-12
  },
  "6": {
    "BLEU_1": 0.3333333332592594,
    "BLEU_2": 6.454972242199766e-09,
    "ROUGE_L": 0.3333333333333333,
    "CIDEr": 0.0,
    "METEOR": 0.06504065040650407,
    "SPICE": 0.0,
    "BLEU_4": 9.980099401403394e-13
  },
  "7": {
    "BLEU_1": 0.5515605639774822,
    "BLEU_2": 8.338811915782395e-09,
    "ROUGE_L": 0.232824427480916,
    "CIDEr": 0.0,
    "METEOR": 0.15571776155717762,
    "SPICE": 0.21428571428571427,
    "BLEU_4": 1.1591199222703112e-12
  },
  "8": {
    "BLEU_1": 0.555555555432099,
    "BLEU_2": 0.26352313828697443,
    "ROUGE_L": 0.2222222222222222,
    "CIDEr": 0.0,
    "METEOR": 0.18779342723004694,
    "SPICE": 0.2,
    "BLEU_4": 6.376715692219053e-09
  },
  "9": {
    "BLEU_1": 0.29999999994000015,
    "BLEU_2": 5.773502690709485e-09,
    "ROUGE_L": 0.21254355400696867,
    "CIDEr": 0.0,
    "METEOR": 0.04301075268817204,
    "SPICE": 0.0,
    "BLEU_4": 8.783602617783837e-13
  }
}