{
  "0": {
    "BLEU_1": 0.4232408623042269,
    "BLEU_2": 8.464817245943457e-09,
    "ROUGE_L": 0.2785388127853881,
    "CIDEr": 0.0,
    "METEOR": 0.1504159101383715,
    "SPICE": 0.08,
    "BLEU_4": 1.438209902462387e-12
  },
  "1": {
    "BLEU_1": 0.4285714284489797,
    "BLEU_2": 8.451542544769827e-09,
    "ROUGE_L": 0.2634989200863931,
    "CIDEr": 0.0,
    "METEOR": 0.14599191278136056,
    "SPICE": 0.07692307692307693,
    "BLEU_4": 1.3747081013031475e-12
  },
  "2": {
    "BLEU_1": 0.4285714284489797,
    "BLEU_2": 8.451542544769827e-09,
    "ROUGE_L": 0.2634989200863931,
    "CIDEr": 0.0,
    "METEOR": 0.14599191278136056,
    "SPICE": 0.07692307692307693,
    "BLEU_4": 1.3747081013031475e-12
  },
  "3": {
    "BLEU_1": 0.4285714284489797,
    "BLEU_2": 8.451542544769827e-09,
    "ROUGE_L": 0.2634989200863931,
    "CIDEr": 0.0,
    "METEOR": 0.14599191278136056,
    "SPICE": 0.07692307692307693,
    "BLEU_4": 1.3747081013031475e-12
  },
  "4": {
    "BLEU_1": 0.4285714284489797,
    "BLEU_2": 8.451542544769827e-09,
    "ROUGE_L": 0.2634989200863931,
    "CIDEr": 0.0,
    "METEOR": 0.14599191278136056,
    "SPICE": 0.07692307692307693,
    "BLEU_4": 1.3747081013031475e-12
  },
  "5": {
    "BLEU_1": 0.4285714284489797,
    "BLEU_2": 8.451542544769827e-09,
    "ROUGE_L": 0.2634989200863931,
    "CIDEr": 0.0,
    "METEOR": 0.14599191278136056,
    "SPICE": 0.07692307692307693,
    "BLEU_4": 1.3747081013031475e-12
  },
  "6": {
    "BLEU_1": 0.4285714284489797,
    "BLEU_2": 8.451542544769827e-09,
    "ROUGE_L": 0.2634989200863931,
    "CIDEr": 0.0,
    "METEOR": 0.14599191278136056,
    "SPICE": 0.07692307692307693,
    "BLEU_4": 1.3747081013031475e-12
  },
  "7": {
    "BLEU_1": 0.4285714284489797,
    "BLEU_2": 8.451542544769827e-09,
    "ROUGE_L": 0.2634989200863931,
    "CIDEr": 0.0,
    "METEOR": 0.14599191278136056,
    "SPICE": 0.07692307692307693,
    "BLEU_4": 1.3747081013031475e-12
  },
  "8": {
    "BLEU_1": 0.4285714284489797,
    "BLEU_2": 8.451542544769827e-09,
    "ROUGE_L": 0.2634989200863931,
    "CIDEr": 0.0,
    "METEOR": 0.14599191278136056,
    "SPICE": 0.07692307692307693,
    "BLEU_4": 1.3747081013031475e-12
  },
  "9": {
    "BLEU_1": 0.4285714284489797,
    "BLEU_2": 8.451542544769827e-09,
    "ROUGE_L": 0.2634989200863931,
    "CIDEr": 0.0,
    "METEOR": 0.14599191278136056,
    "SPICE": 0.07692307692307693,
    "BLEU_4": 1.3747081013031475e-12
  }
}