{
  "0": {
    "BLEU_1": 0.33093633838648934,
    "BLEU_2": 6.459215935396237e-09,
    "ROUGE_L": 0.20469798657718125,
    "CIDEr": 0.0,
    "METEOR": 0.1272727272727273,
    "SPICE": 0.07407407407407407,
    "BLEU_4": 1.0201550479411466e-12
  },
  "1": {
    "BLEU_1": 0.4444444443456792,
    "BLEU_2": 7.453559923291195e-09,
    "ROUGE_L": 0.19645732689210954,
    "CIDEr": 0.0,
    "METEOR": 0.18461538461538463,
    "SPICE": 0.14285714285714285,
    "BLEU_4": 1.0724314733358218e-12
  },
  "2": {
    "BLEU_1": 0.2142857142704082,
    "BLEU_2": 4.059989714404599e-09,
    "ROUGE_L": 0.09050445103857567,
    "CIDEr": 0.0,
    "METEOR": 0.10881612090680103,
    "SPICE": 0.06060606060606061,
    "BLEU_4": 5.944549994012258e-13
  },
  "3": {
    "BLEU_1": 0.2142857142704082,
    "BLEU_2": 0.12838814774375065,
    "ROUGE_L": 0.18100890207715134,
    "CIDEr": 0.0,
    "METEOR": 0.20376732181483767,
    "SPICE": 0.12903225806451615,
    "BLEU_4": 3.342866121293135e-09
  },
  "4": {
    "BLEU_1": 0.19999999999000004,
    "BLEU_2": 0.1025978352032506,
    "ROUGE_L": 0.14805825242718446,
    "CIDEr": 0.0,
    "METEOR": 0.17953068001307282,
    "SPICE": 0.10256410256410256,
    "BLEU_4": 2.421802605156986e-09
  },
  "5": {
    "BLEU_1": 0.33333333331111115,
    "BLEU_2": 0.1543033499514377,
    "ROUGE_L": 0.17453505007153075,
    "CIDEr": 0.0,
    "METEOR": 0.17590677662044438,
    "SPICE": 0.12121212121212122,
    "BLEU_4": 3.514847831107641e-09
  },
  "6": {
    "BLEU_1": 0.23529411763321803,
    "BLEU_2": 0.12126781251081024,
    "ROUGE_L": 0.1628838451268358,
    "CIDEr": 0.0,
    "METEOR": 0.1936031561186106,
    "SPICE": 0.1111111111111111,
    "BLEU_4": 2.8927969314267103e-09
  },
  "7": {
    "BLEU_1": 0.3157894736675901,
    "BLEU_2": 0.1324532356993396,
    "ROUGE_L": 0.2290362953692115,
    "CIDEr": 0.0,
    "METEOR": 0.14149985392654948,
    "SPICE": 0.1111111111111111,
    "BLEU_4": 2.833929617442683e-09
  },
  "8": {
    "BLEU_1": 0.3157894736675901,
    "BLEU_2": 0.1324532356993396,
    "ROUGE_L": 0.2290362953692115,
    "CIDEr": 0.0,
    "METEOR": 0.14149985392654948,
    "SPICE": 0.1111111111111111,
    "BLEU_4": 2.833929617442683e-09
  },
  "9": {
    "BLEU_1": 0.3157894736675901,
    "BLEU_2": 0.1324532356993396,
    "ROUGE_L": 0.2290362953692115,
    "CIDEr": 0.0,
    "METEOR": 0.18440481612202506,
    "SPICE": 0.1111111111111111,
    "BLEU_4": 2.833929617442683e-09
  }
}