{
  "0": {
    "BLEU_1": 0.2195246543498009,
    "BLEU_2": 5.488116358607818e-09,
    "ROUGE_L": 0.1358574610244989,
    "CIDEr": 0.0,
    "METEOR": 0.20306147868680155,
    "SPICE": 0.22222222222222218,
    "BLEU_4": 1.108882419297383e-12
  },
  "1": {
    "BLEU_1": 0.4999999999166667,
    "BLEU_2": 0.3015113445263697,
    "ROUGE_L": 0.39102564102564097,
    "CIDEr": 0.0,
    "METEOR": 0.2513766589565132,
    "SPICE": 0.30303030303030304,
    "BLEU_4": 3.170233137953831e-05
  },
  "2": {
    "BLEU_1": 0.636363636247934,
    "BLEU_2": 0.35675303393985225,
    "ROUGE_L": 0.4073455759599332,
    "CIDEr": 0.0,
    "METEOR": 0.2566502951583981,
    "SPICE": 0.3125,
    "BLEU_4": 3.646285861215728e-05
  },
  "3": {
    "BLEU_1": 0.5999999999400001,
    "BLEU_2": 0.36514837163156744,
    "ROUGE_L": 0.42508710801393734,
    "CIDEr": 0.0,
    "METEOR": 0.24004709621175876,
    "SPICE": 0.3225806451612903,
    "BLEU_4": 3.9281465085347674e-05
  },
  "4": {
    "BLEU_1": 0.545454545355372,
    "BLEU_2": 0.40451991740255755,
    "ROUGE_L": 0.5091819699499166,
    "CIDEr": 0.0,
    "METEOR": 0.2566502951583981,
    "SPICE": 0.3125,
    "BLEU_4": 3.882726776754759e-05
  },
  "5": {
    "BLEU_1": 0.545454545355372,
    "BLEU_2": 0.40451991740255755,
    "ROUGE_L": 0.5091819699499166,
    "CIDEr": 0.0,
    "METEOR": 0.2548680014420203,
    "SPICE": 0.3125,
    "BLEU_4": 3.882726776754759e-05
  },
  "6": {
    "BLEU_1": 0.24999999998437505,
    "BLEU_2": 0.12909944486524297,
    "ROUGE_L": 0.2527624309392265,
    "CIDEr": 0.0,
    "METEOR": 0.1478743068391867,
    "SPICE": 0.11428571428571427,
    "BLEU_4": 3.0934588292167494e-09
  },
  "7": {
    "BLEU_1": 0.388888888867284,
    "BLEU_2": 0.2619684159828101,
    "ROUGE_L": 0.3940568475452197,
    "CIDEr": 0.0,
    "METEOR": 0.2352627705618649,
    "SPICE": 0.27027027027027023,
    "BLEU_4": 2.312446301793853e-05
  },
  "8": {
    "BLEU_1": 0.45454545446281003,
    "BLEU_2": 0.30151134452157297,
    "ROUGE_L": 0.36363636363636365,
    "CIDEr": 0.0,
    "METEOR": 0.21154886865581646,
    "SPICE": 0.13333333333333333,
    "BLEU_4": 3.3521134184190736e-05
  },
  "9": {
    "BLEU_1": 0.27272727267768604,
    "BLEU_2": 0.1651445647381773,
    "ROUGE_L": 0.2036727879799666,
    "CIDEr": 0.0,
    "METEOR": 0.12934903894874036,
    "SPICE": 0.06451612903225806,
    "BLEU_4": 4.4116293584506874e-09
  }
}