{
  "0": {
    "BLEU_1": 0.47768754022329724,
    "BLEU_2": 0.2616402412150957,
    "ROUGE_L": 0.2785388127853881,
    "CIDEr": 0.0,
    "METEOR": 0.23508349858690367,
    "SPICE": 0.18750000000000003,
    "BLEU_4": 7.356555998002494e-09
  },
  "1": {
    "BLEU_1": 0.6249999998437503,
    "BLEU_2": 0.42257712725484126,
    "ROUGE_L": 0.25,
    "CIDEr": 0.0,
    "METEOR": 0.21677374661152943,
    "SPICE": 0.1818181818181818,
    "BLEU_4": 8.783602617222663e-09
  },
  "2": {
    "BLEU_1": 0.3999999999200002,
    "BLEU_2": 0.21081851063455723,
    "ROUGE_L": 0.22676579925650556,
    "CIDEr": 0.0,
    "METEOR": 0.23947691308536503,
    "SPICE": 0.22857142857142856,
    "BLEU_4": 5.307712169906119e-09
  },
  "3": {
    "BLEU_1": 0.4166666666319445,
    "BLEU_2": 0.19462473602342495,
    "ROUGE_L": 0.2074829931972789,
    "CIDEr": 0.0,
    "METEOR": 0.234464605602183,
    "SPICE": 0.2631578947368421,
    "BLEU_4": 4.5293761703575315e-09
  },
  "4": {
    "BLEU_1": 0.555555555432099,
    "BLEU_2": 0.26352313828697443,
    "ROUGE_L": 0.2378167641325536,
    "CIDEr": 0.0,
    "METEOR": 0.1551933881775059,
    "SPICE": 0.11764705882352941,
    "BLEU_4": 6.376715692219053e-09
  },
  "5": {
    "BLEU_1": 0.4953587997157158,
    "BLEU_2": 0.2675243277994909,
    "ROUGE_L": 0.2634989200863931,
    "CIDEr": 0.0,
    "METEOR": 0.15995635661262114,
    "SPICE": 0.125,
    "BLEU_4": 7.201170725888819e-09
  },
  "6": {
    "BLEU_1": 0.6666666666111113,
    "BLEU_2": 0.4264014326740724,
    "ROUGE_L": 0.39102564102564097,
    "CIDEr": 0.0,
    "METEOR": 0.23778250096447806,
    "SPICE": 0.10526315789473684,
    "BLEU_4": 6.704226837517456e-09
  },
  "7": {
    "BLEU_1": 0.5454545454049587,
    "BLEU_2": 0.4045199174393321,
    "ROUGE_L": 0.4073455759599332,
    "CIDEr": 0.0,
    "METEOR": 0.29230382467342353,
    "SPICE": 0.10810810810810811,
    "BLEU_4": 3.882726777107734e-05
  },
  "8": {
    "BLEU_1": 0.4999999999000002,
    "BLEU_2": 0.23570226034706615,
    "ROUGE_L": 0.4,
    "CIDEr": 0.0,
    "METEOR": 0.26411108742487116,
    "SPICE": 0.05555555555555555,
    "BLEU_4": 5.612222323072491e-09
  },
  "9": {
    "BLEU_1": 0.4999999999000002,
    "BLEU_2": 0.23570226034706615,
    "ROUGE_L": 0.4,
    "CIDEr": 0.0,
    "METEOR": 0.20743899197275545,
    "SPICE": 0.10810810810810811,
    "BLEU_4": 5.612222323072491e-09
  }
}