{
  "0": {
    "BLEU_1": 0.5054422162587139,
    "BLEU_2": 0.35018063953428713,
    "ROUGE_L": 0.4468864468864468,
    "CIDEr": 0.0,
    "METEOR": 0.22940557758320426,
    "SPICE": 0.25806451612903225,
    "BLEU_4": 4.403288425543113e-05
  },
  "1": {
    "BLEU_1": 0.24999999997916675,
    "BLEU_2": 0.1507556722757479,
    "ROUGE_L": 0.17528735632183906,
    "CIDEr": 0.0,
    "METEOR": 0.15626368125637416,
    "SPICE": 0.10526315789473685,
    "BLEU_4": 3.986357127883976e-09
  },
  "2": {
    "BLEU_1": 0.24999999997916675,
    "BLEU_2": 0.1507556722757479,
    "ROUGE_L": 0.17528735632183906,
    "CIDEr": 0.0,
    "METEOR": 0.15626368125637416,
    "SPICE": 0.10526315789473685,
    "BLEU_4": 3.986357127883976e-09
  },
  "3": {
    "BLEU_1": 0.24999999997916675,
    "BLEU_2": 0.1507556722757479,
    "ROUGE_L": 0.17528735632183906,
    "CIDEr": 0.0,
    "METEOR": 0.15626368125637416,
    "SPICE": 0.10526315789473685,
    "BLEU_4": 3.986357127883976e-09
  },
  "4": {
    "BLEU_1": 0.24999999997916675,
    "BLEU_2": 0.1507556722757479,
    "ROUGE_L": 0.17528735632183906,
    "CIDEr": 0.0,
    "METEOR": 0.15626368125637416,
    "SPICE": 0.10526315789473685,
    "BLEU_4": 3.986357127883976e-09
  },
  "5": {
    "BLEU_1": 0.2999999999700001,
    "BLEU_2": 0.18257418581578377,
    "ROUGE_L": 0.18885448916408668,
    "CIDEr": 0.0,
    "METEOR": 0.1364092270904899,
    "SPICE": 0.10526315789473685,
    "BLEU_4": 4.939382736523921e-09
  },
  "6": {
    "BLEU_1": 0.27272727267768604,
    "BLEU_2": 0.1651445647381773,
    "ROUGE_L": 0.18181818181818182,
    "CIDEr": 0.0,
    "METEOR": 0.14205789205124925,
    "SPICE": 0.0,
    "BLEU_4": 4.4116293584506874e-09
  },
  "7": {
    "BLEU_1": 0.4444444443456792,
    "BLEU_2": 0.3333333332569446,
    "ROUGE_L": 0.2946859903381642,
    "CIDEr": 0.0,
    "METEOR": 0.14869094537659938,
    "SPICE": 0.11764705882352941,
    "BLEU_4": 4.032989115749891e-05
  },
  "8": {
    "BLEU_1": 0.33333333330555565,
    "BLEU_2": 0.2461829819372178,
    "ROUGE_L": 0.2629310344827586,
    "CIDEr": 0.0,
    "METEOR": 0.14127014033931995,
    "SPICE": 0.1111111111111111,
    "BLEU_4": 2.8646290156041263e-05
  },
  "9": {
    "BLEU_1": 0.36363636357024803,
    "BLEU_2": 0.26967994493503844,
    "ROUGE_L": 0.2727272727272727,
    "CIDEr": 0.0,
    "METEOR": 0.1452987565086922,
    "SPICE": 0.11428571428571428,
    "BLEU_4": 3.170233137896791e-05
  }
}