{
  "0": {
    "BLEU_1": 0.19999999996000015,
    "BLEU_2": 4.714045206941321e-09,
    "ROUGE_L": 0.09442724458204334,
    "CIDEr": 0.0,
    "METEOR": 0.1412996408706235,
    "SPICE": 0.12121212121212122,
    "BLEU_4": 7.936880924342154e-13
  },
  "1": {
    "BLEU_1": 0.14285714284693884,
    "BLEU_2": 3.31496772041309e-09,
    "ROUGE_L": 0.08176943699731902,
    "CIDEr": 0.0,
    "METEOR": 0.13048436006691877,
    "SPICE": 0.1081081081081081,
    "BLEU_4": 5.371507285148366e-13
  },
  "2": {
    "BLEU_1": 0.14999999999250005,
    "BLEU_2": 2.8097574346008976e-09,
    "ROUGE_L": 0.1361607142857143,
    "CIDEr": 0.0,
    "METEOR": 0.13530655391120505,
    "SPICE": 0.14634146341463414,
    "BLEU_4": 4.0077816998107627e-13
  },
  "3": {
    "BLEU_1": 0.19999999999000004,
    "BLEU_2": 3.244428422448761e-09,
    "ROUGE_L": 0.20424107142857142,
    "CIDEr": 0.0,
    "METEOR": 0.16743060318308317,
    "SPICE": 0.14285714285714288,
    "BLEU_4": 4.30664170792929e-13
  },
  "4": {
    "BLEU_1": 0.24999999998750005,
    "BLEU_2": 3.627381250363917e-09,
    "ROUGE_L": 0.20424107142857142,
    "CIDEr": 0.0,
    "METEOR": 0.1871476171322517,
    "SPICE": 0.14634146341463414,
    "BLEU_4": 4.553719183899022e-13
  },
  "5": {
    "BLEU_1": 0.24999999998437505,
    "BLEU_2": 4.0824829043749705e-09,
    "ROUGE_L": 0.17732558139534885,
    "CIDEr": 0.0,
    "METEOR": 0.12556053811659193,
    "SPICE": 0.1111111111111111,
    "BLEU_4": 5.501034141799257e-13
  },
  "6": {
    "BLEU_1": 0.24999999998437505,
    "BLEU_2": 4.0824829043749705e-09,
    "ROUGE_L": 0.15326633165829145,
    "CIDEr": 0.0,
    "METEOR": 0.17190221305637315,
    "SPICE": 0.1081081081081081,
    "BLEU_4": 5.501034141799257e-13
  },
  "7": {
    "BLEU_1": 0.23809523808390026,
    "BLEU_2": 3.450327796543363e-09,
    "ROUGE_L": 0.26492942453854507,
    "CIDEr": 0.0,
    "METEOR": 0.18144768970690395,
    "SPICE": 0.14285714285714288,
    "BLEU_4": 4.319402267644447e-13
  },
  "8": {
    "BLEU_1": 0.29411764704152255,
    "BLEU_2": 4.287464628302636e-09,
    "ROUGE_L": 0.22289890377588306,
    "CIDEr": 0.0,
    "METEOR": 0.16469960636406702,
    "SPICE": 0.10256410256410256,
    "BLEU_4": 5.439330543997057e-13
  },
  "9": {
    "BLEU_1": 0.19999999996000015,
    "BLEU_2": 4.714045206941321e-09,
    "ROUGE_L": 0.18885448916408668,
    "CIDEr": 0.0,
    "METEOR": 0.14272691792682538,
    "SPICE": 0.13333333333333333,
    "BLEU_4": 7.936880924342154e-13
  }
}