{
  "0": {
    "BLEU_1": 0.17113903962048443,
    "BLEU_2": 0.13256373006500413,
    "ROUGE_L": 0.23921568627450981,
    "CIDEr": 0.0,
    "METEOR": 0.17196613462592564,
    "SPICE": 0.0,
    "BLEU_4": 4.43253546338405e-09
  },
  "1": {
    "BLEU_1": 0.2982797722051723,
    "BLEU_2": 0.18265831062279975,
    "ROUGE_L": 0.20854700854700853,
    "CIDEr": 0.0,
    "METEOR": 0.1638142411109269,
    "SPICE": 0.0,
    "BLEU_4": 5.022037189249042e-09
  },
  "2": {
    "BLEU_1": 0.1988531814701149,
    "BLEU_2": 0.14913988610155055,
    "ROUGE_L": 0.20854700854700853,
    "CIDEr": 0.0,
    "METEOR": 0.1616251866640103,
    "SPICE": 0.0,
    "BLEU_4": 4.537922866408588e-09
  },
  "3": {
    "BLEU_1": 0.1988531814701149,
    "BLEU_2": 0.14913988610155055,
    "ROUGE_L": 0.20854700854700853,
    "CIDEr": 0.0,
    "METEOR": 0.1616251866640103,
    "SPICE": 0.0,
    "BLEU_4": 4.537922866408588e-09
  },
  "4": {
    "BLEU_1": 0.1988531814701149,
    "BLEU_2": 0.14913988610155055,
    "ROUGE_L": 0.20854700854700853,
    "CIDEr": 0.0,
    "METEOR": 0.1616251866640103,
    "SPICE": 0.0,
    "BLEU_4": 4.537922866408588e-09
  },
  "5": {
    "BLEU_1": 0.1988531814701149,
    "BLEU_2": 0.14913988610155055,
    "ROUGE_L": 0.20854700854700853,
    "CIDEr": 0.0,
    "METEOR": 0.1616251866640103,
    "SPICE": 0.0,
    "BLEU_4": 4.537922866408588e-09
  },
  "6": {
    "BLEU_1": 0.1988531814701149,
    "BLEU_2": 0.14913988610155055,
    "ROUGE_L": 0.20854700854700853,
    "CIDEr": 0.0,
    "METEOR": 0.1616251866640103,
    "SPICE": 0.0,
    "BLEU_4": 4.537922866408588e-09
  },
  "7": {
    "BLEU_1": 0.1988531814701149,
    "BLEU_2": 0.14913988610155055,
    "ROUGE_L": 0.20854700854700853,
    "CIDEr": 0.0,
    "METEOR": 0.1616251866640103,
    "SPICE": 0.0,
    "BLEU_4": 4.537922866408588e-09
  },
  "8": {
    "BLEU_1": 0.1988531814701149,
    "BLEU_2": 0.14913988610155055,
    "ROUGE_L": 0.20854700854700853,
    "CIDEr": 0.0,
    "METEOR": 0.1616251866640103,
    "SPICE": 0.0,
    "BLEU_4": 4.537922866408588e-09
  },
  "9": {
    "BLEU_1": 0.1988531814701149,
    "BLEU_2": 0.14913988610155055,
    "ROUGE_L": 0.20854700854700853,
    "CIDEr": 0.0,
    "METEOR": 0.1616251866640103,
    "SPICE": 0.0,
    "BLEU_4": 4.537922866408588e-09
  }
}