{
  "0": {
    "BLEU_1": 0.1947001957191763,
    "BLEU_2": 0.14717951373826968,
    "ROUGE_L": 0.20469798657718125,
    "CIDEr": 0.0,
    "METEOR": 0.14574483013801678,
    "SPICE": 0.11764705882352941,
    "BLEU_4": 4.574636153375811e-09
  },
  "1": {
    "BLEU_1": 0.29999999994000015,
    "BLEU_2": 0.1825741857975264,
    "ROUGE_L": 0.28328173374613,
    "CIDEr": 0.0,
    "METEOR": 0.1427456714580576,
    "SPICE": 0.1111111111111111,
    "BLEU_4": 4.939382736029984e-09
  },
  "2": {
    "BLEU_1": 0.29999999994000015,
    "BLEU_2": 0.1825741857975264,
    "ROUGE_L": 0.28328173374613,
    "CIDEr": 0.0,
    "METEOR": 0.1427456714580576,
    "SPICE": 0.1111111111111111,
    "BLEU_4": 4.939382736029984e-09
  },
  "3": {
    "BLEU_1": 0.28571428569387763,
    "BLEU_2": 0.14824986332122378,
    "ROUGE_L": 0.24530831099195713,
    "CIDEr": 0.0,
    "METEOR": 0.15047988005865498,
    "SPICE": 0.1,
    "BLEU_4": 3.592143420053192e-09
  },
  "4": {
    "BLEU_1": 0.33333333327777787,
    "BLEU_2": 0.17407765592602564,
    "ROUGE_L": 0.2629310344827586,
    "CIDEr": 0.0,
    "METEOR": 0.15354867714981354,
    "SPICE": 0.10526315789473684,
    "BLEU_4": 4.283619506777607e-09
  },
  "5": {
    "BLEU_1": 0.3157894736675901,
    "BLEU_2": 0.2294157338581519,
    "ROUGE_L": 0.2801377726750861,
    "CIDEr": 0.0,
    "METEOR": 0.19119625851761676,
    "SPICE": 0.1,
    "BLEU_4": 2.0973425790107298e-05
  },
  "6": {
    "BLEU_1": 0.38461538455621314,
    "BLEU_2": 0.25318484173115374,
    "ROUGE_L": 0.2538141470180305,
    "CIDEr": 0.0,
    "METEOR": 0.20304779287140817,
    "SPICE": 0.10810810810810811,
    "BLEU_4": 2.7629350706071527e-05
  },
  "7": {
    "BLEU_1": 0.35294117644982703,
    "BLEU_2": 0.21004201259146,
    "ROUGE_L": 0.2971985383678441,
    "CIDEr": 0.0,
    "METEOR": 0.21621350328502145,
    "SPICE": 0.10526315789473684,
    "BLEU_4": 2.140909265836957e-05
  },
  "8": {
    "BLEU_1": 0.38461538455621314,
    "BLEU_2": 0.25318484173115374,
    "ROUGE_L": 0.33841886269070737,
    "CIDEr": 0.0,
    "METEOR": 0.19615332128673443,
    "SPICE": 0.1111111111111111,
    "BLEU_4": 2.7629350706071527e-05
  },
  "9": {
    "BLEU_1": 0.2631578947229917,
    "BLEU_2": 0.1709963920049426,
    "ROUGE_L": 0.2801377726750861,
    "CIDEr": 0.0,
    "METEOR": 0.17881567937057594,
    "SPICE": 0.0975609756097561,
    "BLEU_4": 1.8107197869842796e-05
  }
}