{
  "0": {
    "BLEU_1": 0.33333333327777787,
    "BLEU_2": 5.5048188246934825e-09,
    "ROUGE_L": 0.2629310344827586,
    "CIDEr": 0.0,
    "METEOR": 0.20982197697039429,
    "SPICE": 0.19999999999999998,
    "BLEU_4": 7.617472369343701e-13
  },
  "1": {
    "BLEU_1": 0.2499999999583334,
    "BLEU_2": 4.7673129454153526e-09,
    "ROUGE_L": 0.17528735632183906,
    "CIDEr": 0.0,
    "METEOR": 0.19355285595240915,
    "SPICE": 0.1935483870967742,
    "BLEU_4": 7.088856800987232e-13
  },
  "2": {
    "BLEU_1": 0.27272727267768604,
    "BLEU_2": 5.222329677697684e-09,
    "ROUGE_L": 0.18181818181818182,
    "CIDEr": 0.0,
    "METEOR": 0.1974325345795176,
    "SPICE": 0.1818181818181818,
    "BLEU_4": 7.845109652856079e-13
  },
  "3": {
    "BLEU_1": 0.27272727267768604,
    "BLEU_2": 5.222329677697684e-09,
    "ROUGE_L": 0.18181818181818182,
    "CIDEr": 0.0,
    "METEOR": 0.19482902862901844,
    "SPICE": 0.1818181818181818,
    "BLEU_4": 7.845109652856079e-13
  },
  "4": {
    "BLEU_1": 0.2499999999583334,
    "BLEU_2": 4.7673129454153526e-09,
    "ROUGE_L": 0.17528735632183906,
    "CIDEr": 0.0,
    "METEOR": 0.19355285595240915,
    "SPICE": 0.1935483870967742,
    "BLEU_4": 7.088856800987232e-13
  },
  "5": {
    "BLEU_1": 0.27272727267768604,
    "BLEU_2": 5.222329677697684e-09,
    "ROUGE_L": 0.18181818181818182,
    "CIDEr": 0.0,
    "METEOR": 0.19482902862901844,
    "SPICE": 0.1818181818181818,
    "BLEU_4": 7.845109652856079e-13
  },
  "6": {
    "BLEU_1": 0.27272727267768604,
    "BLEU_2": 5.222329677697684e-09,
    "ROUGE_L": 0.18181818181818182,
    "CIDEr": 0.0,
    "METEOR": 0.19482902862901844,
    "SPICE": 0.1818181818181818,
    "BLEU_4": 7.845109652856079e-13
  },
  "7": {
    "BLEU_1": 0.2499999999583334,
    "BLEU_2": 4.7673129454153526e-09,
    "ROUGE_L": 0.17528735632183906,
    "CIDEr": 0.0,
    "METEOR": 0.19355285595240915,
    "SPICE": 0.1935483870967742,
    "BLEU_4": 7.088856800987232e-13
  },
  "8": {
    "BLEU_1": 0.27272727267768604,
    "BLEU_2": 5.222329677697684e-09,
    "ROUGE_L": 0.18181818181818182,
    "CIDEr": 0.0,
    "METEOR": 0.19482902862901844,
    "SPICE": 0.1818181818181818,
    "BLEU_4": 7.845109652856079e-13
  },
  "9": {
    "BLEU_1": 0.2499999999583334,
    "BLEU_2": 4.7673129454153526e-09,
    "ROUGE_L": 0.17528735632183906,
    "CIDEr": 0.0,
    "METEOR": 0.19355285595240915,
    "SPICE": 0.1935483870967742,
    "BLEU_4": 7.088856800987232e-13
  }
}