{
  "0": {
    "BLEU_1": 0.22062422559099293,
    "BLEU_2": 5.273927726724911e-09,
    "ROUGE_L": 0.116412213740458,
    "CIDEr": 0.0,
    "METEOR": 0.1486626619968023,
    "SPICE": 0.18181818181818182,
    "BLEU_4": 9.218141453123176e-13
  },
  "1": {
    "BLEU_1": 0.1999999999800001,
    "BLEU_2": 4.714045207412725e-09,
    "ROUGE_L": 0.10627177700348434,
    "CIDEr": 0.0,
    "METEOR": 0.14280540889749113,
    "SPICE": 0.09090909090909091,
    "BLEU_4": 7.93688092513584e-13
  },
  "2": {
    "BLEU_1": 0.1538461538343196,
    "BLEU_2": 3.5805743699102604e-09,
    "ROUGE_L": 0.09399075500770414,
    "CIDEr": 0.0,
    "METEOR": 0.136529655501996,
    "SPICE": 0.09523809523809522,
    "BLEU_4": 5.84289629327371e-13
  },
  "3": {
    "BLEU_1": 0.2142857142704082,
    "BLEU_2": 4.059989714404599e-09,
    "ROUGE_L": 0.09050445103857567,
    "CIDEr": 0.0,
    "METEOR": 0.1674418604651163,
    "SPICE": 0.07407407407407407,
    "BLEU_4": 5.944549994012258e-13
  },
  "4": {
    "BLEU_1": 0.23076923075147937,
    "BLEU_2": 4.385290096183762e-09,
    "ROUGE_L": 0.09399075500770414,
    "CIDEr": 0.0,
    "METEOR": 0.19161676646706588,
    "SPICE": 0.14814814814814814,
    "BLEU_4": 6.466227686450042e-13
  },
  "5": {
    "BLEU_1": 0.16666666665277785,
    "BLEU_2": 3.892494720468497e-09,
    "ROUGE_L": 0.09775641025641024,
    "CIDEr": 0.0,
    "METEOR": 0.12068965517241381,
    "SPICE": 0.0,
    "BLEU_4": 6.40550520920913e-13
  },
  "6": {
    "BLEU_1": 0.22222222217283966,
    "BLEU_2": 5.270462765739487e-09,
    "ROUGE_L": 0.1111111111111111,
    "CIDEr": 0.0,
    "METEOR": 0.14545454545454548,
    "SPICE": 0.16666666666666669,
    "BLEU_4": 9.018037815333522e-13
  },
  "7": {
    "BLEU_1": 0.21470779796016531,
    "BLEU_2": 5.1856859842473975e-09,
    "ROUGE_L": 0.12224448897795591,
    "CIDEr": 0.0,
    "METEOR": 0.15165876777251186,
    "SPICE": 0.18181818181818182,
    "BLEU_4": 9.334768232372482e-13
  },
  "8": {
    "BLEU_1": 0.3333333332592594,
    "BLEU_2": 6.454972242199766e-09,
    "ROUGE_L": 0.2222222222222222,
    "CIDEr": 0.0,
    "METEOR": 0.21091128757779581,
    "SPICE": 0.1739130434782609,
    "BLEU_4": 9.980099401403394e-13
  },
  "9": {
    "BLEU_1": 0.20217688650348561,
    "BLEU_2": 4.952302097098729e-09,
    "ROUGE_L": 0.12869198312236285,
    "CIDEr": 0.0,
    "METEOR": 0.22099451062348469,
    "SPICE": 0.19047619047619044,
    "BLEU_4": 9.311821291619466e-13
  }
}