{
  "0": {
    "BLEU_1": 0.5515605639774822,
    "BLEU_2": 0.3729230059054938,
    "ROUGE_L": 0.3652694610778443,
    "CIDEr": 0.0,
    "METEOR": 0.22867618075149865,
    "SPICE": 0.16666666666666666,
    "BLEU_4": 7.751502103232945e-09
  },
  "1": {
    "BLEU_1": 0.3833518393649928,
    "BLEU_2": 0.17906340131213663,
    "ROUGE_L": 0.31770833333333337,
    "CIDEr": 0.0,
    "METEOR": 0.20242823212274205,
    "SPICE": 0.15384615384615383,
    "BLEU_4": 4.167227246945333e-09
  },
  "2": {
    "BLEU_1": 0.571428571346939,
    "BLEU_2": 0.36313651954840737,
    "ROUGE_L": 0.3620178041543027,
    "CIDEr": 0.0,
    "METEOR": 0.22476307655724279,
    "SPICE": 0.3333333333333333,
    "BLEU_4": 3.161487584008155e-05
  },
  "3": {
    "BLEU_1": 0.388888888867284,
    "BLEU_2": 0.21389631596101674,
    "ROUGE_L": 0.3152454780361757,
    "CIDEr": 0.0,
    "METEOR": 0.18145708870662977,
    "SPICE": 0.25,
    "BLEU_4": 2.0895311115411017e-05
  },
  "4": {
    "BLEU_1": 0.3124999999804688,
    "BLEU_2": 4.564354645581603e-09,
    "ROUGE_L": 0.21082949308755758,
    "CIDEr": 0.0,
    "METEOR": 0.13142932932342916,
    "SPICE": 0.09090909090909091,
    "BLEU_4": 5.816635420743959e-13
  },
  "5": {
    "BLEU_1": 0.3749999999765626,
    "BLEU_2": 0.27386127873489624,
    "ROUGE_L": 0.33701657458563533,
    "CIDEr": 0.0,
    "METEOR": 0.16123870448010988,
    "SPICE": 0.18181818181818182,
    "BLEU_4": 2.5336549462728635e-05
  },
  "6": {
    "BLEU_1": 0.4117647058581315,
    "BLEU_2": 0.27785946509625026,
    "ROUGE_L": 0.3257676902536716,
    "CIDEr": 0.0,
    "METEOR": 0.17933377831283584,
    "SPICE": 0.1951219512195122,
    "BLEU_4": 2.4623953023675646e-05
  },
  "7": {
    "BLEU_1": 0.4374999999726563,
    "BLEU_2": 0.3415650255099273,
    "ROUGE_L": 0.33701657458563533,
    "CIDEr": 0.0,
    "METEOR": 0.17240490106052686,
    "SPICE": 0.19047619047619047,
    "BLEU_4": 2.8295596281300383e-05
  },
  "8": {
    "BLEU_1": 0.4999999999687501,
    "BLEU_2": 0.3651483716465283,
    "ROUGE_L": 0.33701657458563533,
    "CIDEr": 0.0,
    "METEOR": 0.21459875918733348,
    "SPICE": 0.19047619047619047,
    "BLEU_4": 2.925612730528529e-05
  },
  "9": {
    "BLEU_1": 0.4999999999687501,
    "BLEU_2": 0.3651483716465283,
    "ROUGE_L": 0.33701657458563533,
    "CIDEr": 0.0,
    "METEOR": 0.21459875918733348,
    "SPICE": 0.1951219512195122,
    "BLEU_4": 2.925612730528529e-05
  }
}