{
  "0": {
    "BLEU_1": 0.22062422559099293,
    "BLEU_2": 0.16677623831564797,
    "ROUGE_L": 0.232824427480916,
    "CIDEr": 0.0,
    "METEOR": 0.2546412908910133,
    "SPICE": 0.13333333333333333,
    "BLEU_4": 5.1837418805413775e-09
  },
  "1": {
    "BLEU_1": 0.29999999994000015,
    "BLEU_2": 0.1825741857975264,
    "ROUGE_L": 0.21254355400696867,
    "CIDEr": 0.0,
    "METEOR": 0.25573136781309974,
    "SPICE": 0.12500000000000003,
    "BLEU_4": 4.939382736029984e-09
  },
  "2": {
    "BLEU_1": 0.29999999994000015,
    "BLEU_2": 0.1825741857975264,
    "ROUGE_L": 0.21254355400696867,
    "CIDEr": 0.0,
    "METEOR": 0.25573136781309974,
    "SPICE": 0.12500000000000003,
    "BLEU_4": 4.939382736029984e-09
  },
  "3": {
    "BLEU_1": 0.29999999994000015,
    "BLEU_2": 0.1825741857975264,
    "ROUGE_L": 0.21254355400696867,
    "CIDEr": 0.0,
    "METEOR": 0.25573136781309974,
    "SPICE": 0.12500000000000003,
    "BLEU_4": 4.939382736029984e-09
  },
  "4": {
    "BLEU_1": 0.29999999994000015,
    "BLEU_2": 0.1825741857975264,
    "ROUGE_L": 0.21254355400696867,
    "CIDEr": 0.0,
    "METEOR": 0.25573136781309974,
    "SPICE": 0.12500000000000003,
    "BLEU_4": 4.939382736029984e-09
  },
  "5": {
    "BLEU_1": 0.3333333332592594,
    "BLEU_2": 0.20412414518515326,
    "ROUGE_L": 0.2222222222222222,
    "CIDEr": 0.0,
    "METEOR": 0.26020915440904896,
    "SPICE": 0.1290322580645161,
    "BLEU_4": 5.612222322916596e-09
  },
  "6": {
    "BLEU_1": 0.3333333332592594,
    "BLEU_2": 0.20412414518515326,
    "ROUGE_L": 0.2222222222222222,
    "CIDEr": 0.0,
    "METEOR": 0.26020915440904896,
    "SPICE": 0.1290322580645161,
    "BLEU_4": 5.612222322916596e-09
  },
  "7": {
    "BLEU_1": 0.3333333332592594,
    "BLEU_2": 0.20412414518515326,
    "ROUGE_L": 0.2222222222222222,
    "CIDEr": 0.0,
    "METEOR": 0.26020915440904896,
    "SPICE": 0.1290322580645161,
    "BLEU_4": 5.612222322916596e-09
  },
  "8": {
    "BLEU_1": 0.3333333332592594,
    "BLEU_2": 0.20412414518515326,
    "ROUGE_L": 0.2222222222222222,
    "CIDEr": 0.0,
    "METEOR": 0.26020915440904896,
    "SPICE": 0.1290322580645161,
    "BLEU_4": 5.612222322916596e-09
  },
  "9": {
    "BLEU_1": 0.3333333332592594,
    "BLEU_2": 0.20412414518515326,
    "ROUGE_L": 0.2222222222222222,
    "CIDEr": 0.0,
    "METEOR": 0.26020915440904896,
    "SPICE": 0.1290322580645161,
    "BLEU_4": 5.612222322916596e-09
  }
}