{
  "0": {
    "BLEU_1": 0.7777777776049386,
    "BLEU_2": 0.3118047821597068,
    "ROUGE_L": 0.23921568627450981,
    "CIDEr": 0.0,
    "METEOR": 0.25629491520425673,
    "SPICE": 0.2857142857142857,
    "BLEU_4": 6.9363190820961554e-09
  },
  "1": {
    "BLEU_1": 0.5714285713877553,
    "BLEU_2": 0.20965696732883235,
    "ROUGE_L": 0.2237163814180929,
    "CIDEr": 0.0,
    "METEOR": 0.24747106812917288,
    "SPICE": 0.24390243902439024,
    "BLEU_4": 4.271802513237464e-09
  },
  "2": {
    "BLEU_1": 0.7777777776049386,
    "BLEU_2": 0.3118047821597068,
    "ROUGE_L": 0.23921568627450981,
    "CIDEr": 0.0,
    "METEOR": 0.25629491520425673,
    "SPICE": 0.2222222222222222,
    "BLEU_4": 6.9363190820961554e-09
  },
  "3": {
    "BLEU_1": 0.5714285713877553,
    "BLEU_2": 0.3631365195743456,
    "ROUGE_L": 0.34269662921348315,
    "CIDEr": 0.0,
    "METEOR": 0.30260574772811694,
    "SPICE": 0.2631578947368421,
    "BLEU_4": 5.622008276136972e-09
  },
  "4": {
    "BLEU_1": 0.545454545355372,
    "BLEU_2": 0.23354968320493186,
    "ROUGE_L": 0.3038605230386052,
    "CIDEr": 0.0,
    "METEOR": 0.2668581798187394,
    "SPICE": 0.21052631578947367,
    "BLEU_4": 5.246341021824447e-09
  },
  "5": {
    "BLEU_1": 0.42857142854081637,
    "BLEU_2": 0.18156825978717286,
    "ROUGE_L": 0.2982885085574572,
    "CIDEr": 0.0,
    "METEOR": 0.24477240098553402,
    "SPICE": 0.2564102564102564,
    "BLEU_4": 3.975360175943345e-09
  },
  "6": {
    "BLEU_1": 0.42857142854081637,
    "BLEU_2": 0.18156825978717286,
    "ROUGE_L": 0.2982885085574572,
    "CIDEr": 0.0,
    "METEOR": 0.24477240098553402,
    "SPICE": 0.2,
    "BLEU_4": 3.975360175943345e-09
  },
  "7": {
    "BLEU_1": 0.39999999994666674,
    "BLEU_2": 0.16903085092276351,
    "ROUGE_L": 0.28944246737841045,
    "CIDEr": 0.0,
    "METEOR": 0.24083298255946656,
    "SPICE": 0.1951219512195122,
    "BLEU_4": 3.678763249408135e-09
  },
  "8": {
    "BLEU_1": 0.4666666666044445,
    "BLEU_2": 0.2581988897121199,
    "ROUGE_L": 0.36180308422301305,
    "CIDEr": 0.0,
    "METEOR": 0.24083298255946656,
    "SPICE": 0.2564102564102564,
    "BLEU_4": 4.546697236349472e-09
  },
  "9": {
    "BLEU_1": 0.5333333332622223,
    "BLEU_2": 0.2760262236994811,
    "ROUGE_L": 0.36180308422301305,
    "CIDEr": 0.0,
    "METEOR": 0.24344501940489693,
    "SPICE": 0.24390243902439024,
    "BLEU_4": 4.701040820727875e-09
  }
}