{
  "0": {
    "BLEU_1": 0.23884377011164867,
    "BLEU_2": 5.85045365006396e-09,
    "ROUGE_L": 0.12869198312236285,
    "CIDEr": 0.0,
    "METEOR": 0.07582938388625593,
    "SPICE": 0.1176470588235294,
    "BLEU_4": 1.1000617045598687e-12
  },
  "1": {
    "BLEU_1": 0.1538461538343196,
    "BLEU_2": 3.5805743699102604e-09,
    "ROUGE_L": 0.09399075500770414,
    "CIDEr": 0.0,
    "METEOR": 0.06852248394004283,
    "SPICE": 0.1,
    "BLEU_4": 5.84289629327371e-13
  },
  "2": {
    "BLEU_1": 0.09090909089256209,
    "BLEU_2": 3.0151134452157307e-09,
    "ROUGE_L": 0.1018363939899833,
    "CIDEr": 0.0,
    "METEOR": 0.05348189415041783,
    "SPICE": 0.05128205128205129,
    "BLEU_4": 5.960994272089826e-13
  },
  "3": {
    "BLEU_1": 0.23076923075147937,
    "BLEU_2": 4.385290096183762e-09,
    "ROUGE_L": 0.16920943134535368,
    "CIDEr": 0.0,
    "METEOR": 0.08775137111517367,
    "SPICE": 0.05263157894736842,
    "BLEU_4": 6.466227686450042e-13
  },
  "4": {
    "BLEU_1": 0.23076923075147937,
    "BLEU_2": 4.385290096183762e-09,
    "ROUGE_L": 0.16920943134535368,
    "CIDEr": 0.0,
    "METEOR": 0.10294117647058826,
    "SPICE": 0.10256410256410257,
    "BLEU_4": 6.466227686450042e-13
  },
  "5": {
    "BLEU_1": 0.3124999999804688,
    "BLEU_2": 4.564354645581603e-09,
    "ROUGE_L": 0.16850828729281767,
    "CIDEr": 0.0,
    "METEOR": 0.11327433628318584,
    "SPICE": 0.0975609756097561,
    "BLEU_4": 5.816635420743959e-13
  },
  "6": {
    "BLEU_1": 0.23076923075147937,
    "BLEU_2": 4.385290096183762e-09,
    "ROUGE_L": 0.16116248348745044,
    "CIDEr": 0.0,
    "METEOR": 0.11368421052631582,
    "SPICE": 0.10256410256410257,
    "BLEU_4": 6.466227686450042e-13
  },
  "7": {
    "BLEU_1": 0.24999999997916675,
    "BLEU_2": 4.767312945812628e-09,
    "ROUGE_L": 0.17528735632183906,
    "CIDEr": 0.0,
    "METEOR": 0.10237659963436929,
    "SPICE": 0.10256410256410257,
    "BLEU_4": 7.08885680157797e-13
  },
  "8": {
    "BLEU_1": 0.357142857117347,
    "BLEU_2": 5.241424183220805e-09,
    "ROUGE_L": 0.24530831099195713,
    "CIDEr": 0.0,
    "METEOR": 0.11700182815356491,
    "SPICE": 0.05128205128205129,
    "BLEU_4": 6.754312828130983e-13
  },
  "9": {
    "BLEU_1": 0.3333333332592594,
    "BLEU_2": 6.454972242199766e-09,
    "ROUGE_L": 0.1856925418569254,
    "CIDEr": 0.0,
    "METEOR": 0.10894941634241247,
    "SPICE": 0.1111111111111111,
    "BLEU_4": 9.980099401403394e-13
  }
}