{
  "0": {
    "BLEU_1": 0.12499999996875016,
    "BLEU_2": 4.225771272548414e-09,
    "ROUGE_L": 0.10892857142857142,
    "CIDEr": 0.0,
    "METEOR": 0.13614788666238886,
    "SPICE": 0.10526315789473684,
    "BLEU_4": 8.783602617222665e-13
  },
  "1": {
    "BLEU_1": 0.19999999996000015,
    "BLEU_2": 4.714045206941321e-09,
    "ROUGE_L": 0.2,
    "CIDEr": 0.0,
    "METEOR": 0.2656132295402695,
    "SPICE": 0.1,
    "BLEU_4": 7.936880924342154e-13
  },
  "2": {
    "BLEU_1": 0.27272727270247943,
    "BLEU_2": 5.222329678172441e-09,
    "ROUGE_L": 0.1921259842519685,
    "CIDEr": 0.0,
    "METEOR": 0.2375602702592103,
    "SPICE": 0.13953488372093023,
    "BLEU_4": 7.84510965356927e-13
  },
  "3": {
    "BLEU_1": 0.131908295235159,
    "BLEU_2": 3.069998497370332e-09,
    "ROUGE_L": 0.1781021897810219,
    "CIDEr": 0.0,
    "METEOR": 0.22639555781882967,
    "SPICE": 0.13333333333333333,
    "BLEU_4": 5.009722180715532e-13
  },
  "4": {
    "BLEU_1": 0.13300896851014493,
    "BLEU_2": 3.0864430601764595e-09,
    "ROUGE_L": 0.17183098591549298,
    "CIDEr": 0.0,
    "METEOR": 0.21623316370227375,
    "SPICE": 0.17391304347826086,
    "BLEU_4": 5.001210503753419e-13
  },
  "5": {
    "BLEU_1": 0.18181818180165296,
    "BLEU_2": 4.26401432670519e-09,
    "ROUGE_L": 0.2036727879799666,
    "CIDEr": 0.0,
    "METEOR": 0.2167448667384728,
    "SPICE": 0.09302325581395349,
    "BLEU_4": 7.088856801504128e-13
  },
  "6": {
    "BLEU_1": 0.09999999998000014,
    "BLEU_2": 3.333333332648151e-09,
    "ROUGE_L": 0.10627177700348434,
    "CIDEr": 0.0,
    "METEOR": 0.1764219236492101,
    "SPICE": 0.09523809523809523,
    "BLEU_4": 6.674094717574907e-13
  },
  "7": {
    "BLEU_1": 0.09999999998000014,
    "BLEU_2": 3.333333332648151e-09,
    "ROUGE_L": 0.10627177700348434,
    "CIDEr": 0.0,
    "METEOR": 0.1764219236492101,
    "SPICE": 0.09523809523809523,
    "BLEU_4": 6.674094717574907e-13
  },
  "8": {
    "BLEU_1": 0.33333333330555565,
    "BLEU_2": 0.17407765594053212,
    "ROUGE_L": 0.21785714285714283,
    "CIDEr": 0.0,
    "METEOR": 0.25688073980195925,
    "SPICE": 0.09302325581395349,
    "BLEU_4": 4.283619507134575e-09
  },
  "9": {
    "BLEU_1": 0.3325224212753622,
    "BLEU_2": 0.15432215300882304,
    "ROUGE_L": 0.2634989200863931,
    "CIDEr": 0.0,
    "METEOR": 0.2429053627661014,
    "SPICE": 0.13636363636363635,
    "BLEU_4": 3.5363898613454322e-09
  }
}