{
  "0": {
    "BLEU_1": 0.23884377011164867,
    "BLEU_2": 5.85045365006396e-09,
    "ROUGE_L": 0.11960784313725491,
    "CIDEr": 0.0,
    "METEOR": 0.11851851851851852,
    "SPICE": 0.16,
    "BLEU_4": 1.1000617045598687e-12
  },
  "1": {
    "BLEU_1": 0.1194218850558244,
    "BLEU_2": 4.136895448977816e-09,
    "ROUGE_L": 0.12869198312236285,
    "CIDEr": 0.0,
    "METEOR": 0.13559322033898305,
    "SPICE": 0.16,
    "BLEU_4": 9.250379439222845e-13
  },
  "2": {
    "BLEU_1": 0.23884377011164867,
    "BLEU_2": 5.85045365006396e-09,
    "ROUGE_L": 0.12869198312236285,
    "CIDEr": 0.0,
    "METEOR": 0.1522198731501057,
    "SPICE": 0.08695652173913043,
    "BLEU_4": 1.1000617045598687e-12
  },
  "3": {
    "BLEU_1": 0.3749999999062502,
    "BLEU_2": 7.319250545218839e-09,
    "ROUGE_L": 0.116412213740458,
    "CIDEr": 0.0,
    "METEOR": 0.14845360824742268,
    "SPICE": 0.14814814814814814,
    "BLEU_4": 1.1559871144628244e-12
  },
  "4": {
    "BLEU_1": 0.27272727267768604,
    "BLEU_2": 5.222329677697684e-09,
    "ROUGE_L": 0.1921259842519685,
    "CIDEr": 0.0,
    "METEOR": 0.15810276679841895,
    "SPICE": 0.13333333333333333,
    "BLEU_4": 7.845109652856079e-13
  },
  "5": {
    "BLEU_1": 0.27272727267768604,
    "BLEU_2": 5.222329677697684e-09,
    "ROUGE_L": 0.1018363939899833,
    "CIDEr": 0.0,
    "METEOR": 0.15810276679841895,
    "SPICE": 0.13333333333333333,
    "BLEU_4": 7.845109652856079e-13
  },
  "6": {
    "BLEU_1": 0.29999999994000015,
    "BLEU_2": 5.773502690709485e-09,
    "ROUGE_L": 0.10627177700348434,
    "CIDEr": 0.0,
    "METEOR": 0.1609657947686117,
    "SPICE": 0.13793103448275862,
    "BLEU_4": 8.783602617783837e-13
  },
  "7": {
    "BLEU_1": 0.27272727267768604,
    "BLEU_2": 5.222329677697684e-09,
    "ROUGE_L": 0.1018363939899833,
    "CIDEr": 0.0,
    "METEOR": 0.12598425196850394,
    "SPICE": 0.13333333333333333,
    "BLEU_4": 7.845109652856079e-13
  },
  "8": {
    "BLEU_1": 0.24999999998437505,
    "BLEU_2": 4.0824829043749705e-09,
    "ROUGE_L": 0.15326633165829145,
    "CIDEr": 0.0,
    "METEOR": 0.14842300556586271,
    "SPICE": 0.06896551724137931,
    "BLEU_4": 5.501034141799257e-13
  },
  "9": {
    "BLEU_1": 0.24999999998437505,
    "BLEU_2": 4.0824829043749705e-09,
    "ROUGE_L": 0.15326633165829145,
    "CIDEr": 0.0,
    "METEOR": 0.14842300556586271,
    "SPICE": 0.1111111111111111,
    "BLEU_4": 5.501034141799257e-13
  }
}