{
  "0": {
    "BLEU_1": 0.3977063629402297,
    "BLEU_2": 0.21091564961559142,
    "ROUGE_L": 0.3713850837138508,
    "CIDEr": 0.0,
    "METEOR": 0.2688527477571699,
    "SPICE": 0.25806451612903225,
    "BLEU_4": 5.396530160066635e-09
  },
  "1": {
    "BLEU_1": 0.27272727267768604,
    "BLEU_2": 5.222329677697684e-09,
    "ROUGE_L": 0.2727272727272727,
    "CIDEr": 0.0,
    "METEOR": 0.20050125313283212,
    "SPICE": 0.0588235294117647,
    "BLEU_4": 7.845109652856079e-13
  },
  "2": {
    "BLEU_1": 0.2499999999583334,
    "BLEU_2": 0.15075567226318493,
    "ROUGE_L": 0.18484848484848485,
    "CIDEr": 0.0,
    "METEOR": 0.11594202898550726,
    "SPICE": 0.06060606060606061,
    "BLEU_4": 3.98635712755178e-09
  },
  "3": {
    "BLEU_1": 0.4166666665972223,
    "BLEU_2": 0.27524094123467413,
    "ROUGE_L": 0.3696969696969697,
    "CIDEr": 0.0,
    "METEOR": 0.2545954050730775,
    "SPICE": 0.125,
    "BLEU_4": 3.0289764012654195e-05
  },
  "4": {
    "BLEU_1": 0.33333333327777787,
    "BLEU_2": 5.5048188246934825e-09,
    "ROUGE_L": 0.2772727272727273,
    "CIDEr": 0.0,
    "METEOR": 0.19607843137254902,
    "SPICE": 0.11428571428571427,
    "BLEU_4": 7.617472369343701e-13
  },
  "5": {
    "BLEU_1": 0.23529411763321803,
    "BLEU_2": 3.834824944004226e-09,
    "ROUGE_L": 0.2331210191082802,
    "CIDEr": 0.0,
    "METEOR": 0.18140589569160998,
    "SPICE": 0.1081081081081081,
    "BLEU_4": 5.144201220579896e-13
  },
  "6": {
    "BLEU_1": 0.29411764704152255,
    "BLEU_2": 4.287464628302636e-09,
    "ROUGE_L": 0.2331210191082802,
    "CIDEr": 0.0,
    "METEOR": 0.19819819819819823,
    "SPICE": 0.16666666666666669,
    "BLEU_4": 5.439330543997057e-13
  },
  "7": {
    "BLEU_1": 0.2631578947229917,
    "BLEU_2": 3.823595564302531e-09,
    "ROUGE_L": 0.21916167664670658,
    "CIDEr": 0.0,
    "METEOR": 0.18683651804670917,
    "SPICE": 0.24390243902439024,
    "BLEU_4": 4.814971806817797e-13
  },
  "8": {
    "BLEU_1": 0.33333333327777787,
    "BLEU_2": 0.17407765592602564,
    "ROUGE_L": 0.2772727272727273,
    "CIDEr": 0.0,
    "METEOR": 0.17517070433254903,
    "SPICE": 0.125,
    "BLEU_4": 4.283619506777607e-09
  },
  "9": {
    "BLEU_1": 0.38940039143835253,
    "BLEU_2": 0.20814326443213824,
    "ROUGE_L": 0.3860759493670886,
    "CIDEr": 0.0,
    "METEOR": 0.18952895878603665,
    "SPICE": 0.26666666666666666,
    "BLEU_4": 5.4401898621431946e-09
  }
}