{
  "0": {
    "BLEU_1": 0.0919698602468758,
    "BLEU_2": 3.3582644710475053e-09,
    "ROUGE_L": 0.12298387096774194,
    "CIDEr": 0.0,
    "METEOR": 0.021621621621621623,
    "SPICE": 0.07142857142857142,
    "BLEU_4": 9.346579564396796e-13
  },
  "1": {
    "BLEU_1": 0.0919698602468758,
    "BLEU_2": 3.3582644710475053e-09,
    "ROUGE_L": 0.12298387096774194,
    "CIDEr": 0.0,
    "METEOR": 0.04363636363636364,
    "SPICE": 0.0,
    "BLEU_4": 9.346579564396796e-13
  },
  "2": {
    "BLEU_1": 0.1333333333244445,
    "BLEU_2": 0.09759000728811504,
    "ROUGE_L": 0.1582360570687419,
    "CIDEr": 0.0,
    "METEOR": 0.09971769042655432,
    "SPICE": 0.15789473684210525,
    "BLEU_4": 2.7952555961502613e-09
  },
  "3": {
    "BLEU_1": 0.18181818178512404,
    "BLEU_2": 0.13483997246751928,
    "ROUGE_L": 0.18181818181818182,
    "CIDEr": 0.0,
    "METEOR": 0.10389191932813102,
    "SPICE": 0.17142857142857143,
    "BLEU_4": 3.986357127480056e-09
  },
  "4": {
    "BLEU_1": 0.12499999996875016,
    "BLEU_2": 4.225771272548414e-09,
    "ROUGE_L": 0.10234899328859062,
    "CIDEr": 0.0,
    "METEOR": 0.045527159552709646,
    "SPICE": 0.06451612903225806,
    "BLEU_4": 8.783602617222665e-13
  },
  "5": {
    "BLEU_1": 0.23884377011164867,
    "BLEU_2": 5.85045365006396e-09,
    "ROUGE_L": 0.13926940639269406,
    "CIDEr": 0.0,
    "METEOR": 0.11809934248675596,
    "SPICE": 0.06896551724137932,
    "BLEU_4": 1.1000617045598687e-12
  },
  "6": {
    "BLEU_1": 0.1194218850558244,
    "BLEU_2": 4.136895448977816e-09,
    "ROUGE_L": 0.1117216117216117,
    "CIDEr": 0.0,
    "METEOR": 0.08206074586697423,
    "SPICE": 0.06666666666666667,
    "BLEU_4": 9.250379439222845e-13
  },
  "7": {
    "BLEU_1": 0.4999999998750002,
    "BLEU_2": 0.4629100497664153,
    "ROUGE_L": 0.3070469798657718,
    "CIDEr": 0.0,
    "METEOR": 0.1517842669735035,
    "SPICE": 0.1935483870967742,
    "BLEU_4": 5.169731538105413e-05
  },
  "8": {
    "BLEU_1": 1.0976232717490041e-16,
    "BLEU_2": 1.227180124627569e-16,
    "ROUGE_L": 0.0,
    "CIDEr": 0.0,
    "METEOR": 0.02094240837696335,
    "SPICE": 0.06666666666666667,
    "BLEU_4": 1.6581659742139797e-16
  },
  "9": {
    "BLEU_1": 0.1194218850558244,
    "BLEU_2": 4.136895448977816e-09,
    "ROUGE_L": 0.1117216117216117,
    "CIDEr": 0.0,
    "METEOR": 0.11787209844616449,
    "SPICE": 0.12903225806451613,
    "BLEU_4": 9.250379439222845e-13
  }
}