{
  "0": {
    "BLEU_1": 0.09306272247784726,
    "BLEU_2": 3.1786971178843654e-09,
    "ROUGE_L": 0.11401869158878504,
    "CIDEr": 0.0,
    "METEOR": 0.1227621483375959,
    "SPICE": 0.16,
    "BLEU_4": 6.804621480855548e-13
  },
  "1": {
    "BLEU_1": 0.1988531814701149,
    "BLEU_2": 4.716217300589896e-09,
    "ROUGE_L": 0.20854700854700853,
    "CIDEr": 0.0,
    "METEOR": 0.13691931540342298,
    "SPICE": 0.14814814814814814,
    "BLEU_4": 8.0696947976792e-13
  },
  "2": {
    "BLEU_1": 0.28571428569387763,
    "BLEU_2": 4.688072309037213e-09,
    "ROUGE_L": 0.24530831099195713,
    "CIDEr": 0.0,
    "METEOR": 0.16400911161731208,
    "SPICE": 0.13793103448275862,
    "BLEU_4": 6.387834681787387e-13
  },
  "3": {
    "BLEU_1": 0.14285714284693884,
    "BLEU_2": 3.31496772041309e-09,
    "ROUGE_L": 0.17183098591549298,
    "CIDEr": 0.0,
    "METEOR": 0.1258426966292135,
    "SPICE": 0.12903225806451615,
    "BLEU_4": 5.371507285148366e-13
  },
  "4": {
    "BLEU_1": 0.1538461538343196,
    "BLEU_2": 3.5805743699102604e-09,
    "ROUGE_L": 0.1781021897810219,
    "CIDEr": 0.0,
    "METEOR": 0.12844036697247704,
    "SPICE": 0.13333333333333333,
    "BLEU_4": 5.84289629327371e-13
  },
  "5": {
    "BLEU_1": 0.14285714284693884,
    "BLEU_2": 3.31496772041309e-09,
    "ROUGE_L": 0.17183098591549298,
    "CIDEr": 0.0,
    "METEOR": 0.1258426966292135,
    "SPICE": 0.12903225806451615,
    "BLEU_4": 5.371507285148366e-13
  },
  "6": {
    "BLEU_1": 0.1333333333244445,
    "BLEU_2": 3.0860669990287532e-09,
    "ROUGE_L": 0.1659863945578231,
    "CIDEr": 0.0,
    "METEOR": 0.12334801762114536,
    "SPICE": 0.125,
    "BLEU_4": 4.970745472430083e-13
  },
  "7": {
    "BLEU_1": 0.12499999999218755,
    "BLEU_2": 2.8867513457616934e-09,
    "ROUGE_L": 0.16052631578947368,
    "CIDEr": 0.0,
    "METEOR": 0.12095032397408208,
    "SPICE": 0.125,
    "BLEU_4": 4.625799890027289e-13
  },
  "8": {
    "BLEU_1": 0.12499999999218755,
    "BLEU_2": 2.8867513457616934e-09,
    "ROUGE_L": 0.16052631578947368,
    "CIDEr": 0.0,
    "METEOR": 0.11864406779661017,
    "SPICE": 0.125,
    "BLEU_4": 4.625799890027289e-13
  },
  "9": {
    "BLEU_1": 0.12499999999218755,
    "BLEU_2": 2.8867513457616934e-09,
    "ROUGE_L": 0.16052631578947368,
    "CIDEr": 0.0,
    "METEOR": 0.12095032397408208,
    "SPICE": 0.11764705882352941,
    "BLEU_4": 4.625799890027289e-13
  }
}