{
  "0": {
    "BLEU_1": 0.10976232717490052,
    "BLEU_2": 3.8806842931124116e-09,
    "ROUGE_L": 0.1358574610244989,
    "CIDEr": 0.0,
    "METEOR": 0.1157987059448062,
    "SPICE": 0.16666666666666669,
    "BLEU_4": 9.324552513250358e-13
  },
  "1": {
    "BLEU_1": 0.1999999999800001,
    "BLEU_2": 4.714045207412725e-09,
    "ROUGE_L": 0.11338289962825278,
    "CIDEr": 0.0,
    "METEOR": 0.1355610423233268,
    "SPICE": 0.0,
    "BLEU_4": 7.93688092513584e-13
  },
  "2": {
    "BLEU_1": 0.26666666664888894,
    "BLEU_2": 4.3643578044184995e-09,
    "ROUGE_L": 0.18401206636500753,
    "CIDEr": 0.0,
    "METEOR": 0.10714285714285715,
    "SPICE": 0.125,
    "BLEU_4": 5.911245882681416e-13
  },
  "3": {
    "BLEU_1": 0.1999999999800001,
    "BLEU_2": 4.714045207412725e-09,
    "ROUGE_L": 0.22676579925650556,
    "CIDEr": 0.0,
    "METEOR": 0.17663046020198694,
    "SPICE": 0.14285714285714288,
    "BLEU_4": 7.93688092513584e-13
  },
  "4": {
    "BLEU_1": 0.3333333332592594,
    "BLEU_2": 6.454972242199766e-09,
    "ROUGE_L": 0.31282051282051276,
    "CIDEr": 0.0,
    "METEOR": 0.14038680732937142,
    "SPICE": 0.2222222222222222,
    "BLEU_4": 9.980099401403394e-13
  },
  "5": {
    "BLEU_1": 0.09999999999000012,
    "BLEU_2": 3.333333332981484e-09,
    "ROUGE_L": 0.11338289962825278,
    "CIDEr": 0.0,
    "METEOR": 0.019704433497536946,
    "SPICE": 0.07142857142857144,
    "BLEU_4": 6.674094718242315e-13
  },
  "6": {
    "BLEU_1": 0.12499999996875016,
    "BLEU_2": 4.225771272548414e-09,
    "ROUGE_L": 0.125,
    "CIDEr": 0.0,
    "METEOR": 0.020304568527918784,
    "SPICE": 0.07692307692307691,
    "BLEU_4": 8.783602617222665e-13
  },
  "7": {
    "BLEU_1": 0.24999999993750016,
    "BLEU_2": 5.976143045124577e-09,
    "ROUGE_L": 0.125,
    "CIDEr": 0.0,
    "METEOR": 0.05755395683453238,
    "SPICE": 0.07407407407407408,
    "BLEU_4": 1.0445522727757714e-12
  },
  "8": {
    "BLEU_1": 0.3749999999062502,
    "BLEU_2": 7.319250545218839e-09,
    "ROUGE_L": 0.21785714285714283,
    "CIDEr": 0.0,
    "METEOR": 0.11510791366906475,
    "SPICE": 0.07407407407407408,
    "BLEU_4": 1.1559871144628244e-12
  },
  "9": {
    "BLEU_1": 0.23076923075147937,
    "BLEU_2": 4.385290096183762e-09,
    "ROUGE_L": 0.19902120717781402,
    "CIDEr": 0.0,
    "METEOR": 0.11531531531531534,
    "SPICE": 0.06451612903225806,
    "BLEU_4": 6.466227686450042e-13
  }
}