{
  "0": {
    "BLEU_1": 1.0108844325174277e-16,
    "BLEU_2": 1.107368413422752e-16,
    "ROUGE_L": 0.0,
    "CIDEr": 0.0,
    "METEOR": 0.0,
    "SPICE": 0.0,
    "BLEU_4": 1.392442061937298e-16
  },
  "1": {
    "BLEU_1": 1.111111110864198e-16,
    "BLEU_2": 1.178511301707504e-16,
    "ROUGE_L": 0.0,
    "CIDEr": 0.0,
    "METEOR": 0.0342042755344418,
    "SPICE": 0.06666666666666667,
    "BLEU_4": 1.3485111856165858e-16
  },
  "2": {
    "BLEU_1": 0.1333333333244445,
    "BLEU_2": 3.0860669990287532e-09,
    "ROUGE_L": 0.08726752503576538,
    "CIDEr": 0.0,
    "METEOR": 0.06929922557836846,
    "SPICE": 0.05555555555555555,
    "BLEU_4": 4.970745472430083e-13
  },
  "3": {
    "BLEU_1": 9.999999998000002e-17,
    "BLEU_2": 1.0540925531727854e-16,
    "ROUGE_L": 0.0,
    "CIDEr": 0.0,
    "METEOR": 0.03486682808716706,
    "SPICE": 0.0,
    "BLEU_4": 1.1868405216912992e-16
  },
  "4": {
    "BLEU_1": 9.999999998000002e-17,
    "BLEU_2": 1.0540925531727854e-16,
    "ROUGE_L": 0.0,
    "CIDEr": 0.0,
    "METEOR": 0.03486682808716706,
    "SPICE": 0.0,
    "BLEU_4": 1.1868405216912992e-16
  },
  "5": {
    "BLEU_1": 9.999999998000002e-17,
    "BLEU_2": 1.0540925531727854e-16,
    "ROUGE_L": 0.0,
    "CIDEr": 0.0,
    "METEOR": 0.03486682808716706,
    "SPICE": 0.06451612903225806,
    "BLEU_4": 1.1868405216912992e-16
  },
  "6": {
    "BLEU_1": 9.090909090082646e-17,
    "BLEU_2": 9.534625891545801e-17,
    "ROUGE_L": 0.0,
    "CIDEr": 0.0,
    "METEOR": 0.034123222748815164,
    "SPICE": 0.0625,
    "BLEU_4": 1.0600313378380957e-16
  },
  "7": {
    "BLEU_1": 0.1111111110864199,
    "BLEU_2": 3.726779961645599e-09,
    "ROUGE_L": 0.1111111111111111,
    "CIDEr": 0.0,
    "METEOR": 0.09504950495049506,
    "SPICE": 0.06666666666666667,
    "BLEU_4": 7.583235671536399e-13
  },
  "8": {
    "BLEU_1": 0.29999999994000015,
    "BLEU_2": 0.1825741857975264,
    "ROUGE_L": 0.31881533101045295,
    "CIDEr": 0.0,
    "METEOR": 0.14703855131754615,
    "SPICE": 0.06666666666666667,
    "BLEU_4": 4.939382736029984e-09
  },
  "9": {
    "BLEU_1": 0.28571428569387763,
    "BLEU_2": 0.14824986332122378,
    "ROUGE_L": 0.271513353115727,
    "CIDEr": 0.0,
    "METEOR": 0.13873519783137883,
    "SPICE": 0.058823529411764705,
    "BLEU_4": 3.592143420053192e-09
  }
}