{
  "0": {
    "BLEU_1": 0.4412484511819858,
    "BLEU_2": 0.2358572181075568,
    "ROUGE_L": 0.232824427480916,
    "CIDEr": 0.0,
    "METEOR": 0.1737210843246926,
    "SPICE": 0.1935483870967742,
    "BLEU_4": 6.164542726677392e-09
  },
  "1": {
    "BLEU_1": 0.36363636360330587,
    "BLEU_2": 0.19069251783091612,
    "ROUGE_L": 0.2036727879799666,
    "CIDEr": 0.0,
    "METEOR": 0.16322006790986338,
    "SPICE": 0.1875,
    "BLEU_4": 4.740604259372055e-09
  },
  "2": {
    "BLEU_1": 0.36363636360330587,
    "BLEU_2": 0.19069251783091612,
    "ROUGE_L": 0.2036727879799666,
    "CIDEr": 0.0,
    "METEOR": 0.16322006790986338,
    "SPICE": 0.18181818181818182,
    "BLEU_4": 4.740604259372055e-09
  },
  "3": {
    "BLEU_1": 0.3999999999200002,
    "BLEU_2": 0.21081851063455723,
    "ROUGE_L": 0.21254355400696867,
    "CIDEr": 0.0,
    "METEOR": 0.16664426513874162,
    "SPICE": 0.1764705882352941,
    "BLEU_4": 5.307712169906119e-09
  },
  "4": {
    "BLEU_1": 0.36363636360330587,
    "BLEU_2": 0.19069251783091612,
    "ROUGE_L": 0.2036727879799666,
    "CIDEr": 0.0,
    "METEOR": 0.16322006790986338,
    "SPICE": 0.1142857142857143,
    "BLEU_4": 4.740604259372055e-09
  },
  "5": {
    "BLEU_1": 0.3999999999200002,
    "BLEU_2": 0.21081851063455723,
    "ROUGE_L": 0.21254355400696867,
    "CIDEr": 0.0,
    "METEOR": 0.16664426513874162,
    "SPICE": 0.1764705882352941,
    "BLEU_4": 5.307712169906119e-09
  },
  "6": {
    "BLEU_1": 0.3999999999200002,
    "BLEU_2": 0.21081851063455723,
    "ROUGE_L": 0.21254355400696867,
    "CIDEr": 0.0,
    "METEOR": 0.16664426513874162,
    "SPICE": 0.1764705882352941,
    "BLEU_4": 5.307712169906119e-09
  },
  "7": {
    "BLEU_1": 0.4412484511819858,
    "BLEU_2": 0.2358572181075568,
    "ROUGE_L": 0.232824427480916,
    "CIDEr": 0.0,
    "METEOR": 0.1641299901722108,
    "SPICE": 0.18181818181818182,
    "BLEU_4": 6.164542726677392e-09
  },
  "8": {
    "BLEU_1": 0.4412484511819858,
    "BLEU_2": 0.2358572181075568,
    "ROUGE_L": 0.232824427480916,
    "CIDEr": 0.0,
    "METEOR": 0.1641299901722108,
    "SPICE": 0.18181818181818182,
    "BLEU_4": 6.164542726677392e-09
  },
  "9": {
    "BLEU_1": 0.4412484511819858,
    "BLEU_2": 0.2358572181075568,
    "ROUGE_L": 0.232824427480916,
    "CIDEr": 0.0,
    "METEOR": 0.1641299901722108,
    "SPICE": 0.18181818181818182,
    "BLEU_4": 6.164542726677392e-09
  }
}